Giorno;00:00-00:15;00:15-00:30;00:30-00:45;00:45-01:00;01:00-01:15;01:15-01:30;01:30-01:45;01:45-02:00;02:00-02:15;02:15-02:30;02:30-02:45;02:45-03:00;03:00-03:15;03:15-03:30;03:30-03:45;03:45-04:00;04:00-04:15;04:15-04:30;04:30-04:45;04:45-05:00;05:00-05:15;05:15-05:30;05:30-05:45;05:45-06:00;06:00-06:15;06:15-06:30;06:30-06:45;06:45-07:00;07:00-07:15;07:15-07:30;07:30-07:45;07:45-08:00;08:00-08:15;08:15-08:30;08:30-08:45;08:45-09:00;09:00-09:15;09:15-09:30;09:30-09:45;09:45-10:00;10:00-10:15;10:15-10:30;10:30-10:45;10:45-11:00;11:00-11:15;11:15-11:30;11:30-11:45;11:45-12:00;12:00-12:15;12:15-12:30;12:30-12:45;12:45-13:00;13:00-13:15;13:15-13:30;13:30-13:45;13:45-14:00;14:00-14:15;14:15-14:30;14:30-14:45;14:45-15:00;15:00-15:15;15:15-15:30;15:30-15:45;15:45-16:00;16:00-16:15;16:15-16:30;16:30-16:45;16:45-17:00;17:00-17:15;17:15-17:30;17:30-17:45;17:45-18:00;18:00-18:15;18:15-18:30;18:30-18:45;18:45-19:00;19:00-19:15;19:15-19:30;19:30-19:45;19:45-20:00;20:00-20:15;20:15-20:30;20:30-20:45;20:45-21:00;21:00-21:15;21:15-21:30;21:30-21:45;21:45-22:00;22:00-22:15;22:15-22:30;22:30-22:45;22:45-23:00;23:00-23:15;23:15-23:30;23:30-23:45;23:45-00:00;ex1;ex2;ex3;ex4
01/01/2024;15,6;14,4;13,8;13,2;14,4;13,8;13,8;13,2;13,8;14,4;12,6;12,0;11,4;12,6;11,4;11,4;12,0;11,4;12,6;13,2;14,4;15,0;16,8;18,6;17,4;27,6;27,0;25,8;0,0;0,0;0,0;0,0;0,0;0,0;0,0;0,0;0,0;0,0;0,0;0,0;0,0;0,0;0,0;0,0;0,0;0,0;0,0;0,0;0,0;0,0;0,0;0,0;0,0;0,0;0,0;0,0;0,0;0,0;0,0;0,0;0,0;0,0;0,0;0,0;0,0;0,0;0,0;0,0;0,0;0,0;0,0;0,0;0,0;0,0;0,0;0,0;0,0;0,0;0,0;0,0;0,0;0,0;0,0;0,0;14,4;14,4;13,2;13,2;12,6;13,8;12,6;12,6;14,4;15,0;13,8;6,9;;;;
02/01/2024;13,8;15,0;13,2;13,8;14,4;13,8;14,4;14,4;12,6;13,8;12,6;12,0;12,6;12,0;13,8;12,0;12,0;11,4;12,6;13,8;15,6;16,2;16,8;19,8;21,6;25,2;30,0;28,8;0,0;0,0;0,0;0,0;0,0;0,0;0,0;0,0;0,0;0,0;0,0;0,0;0,0;0,0;0,0;0,0;0,0;0,0;0,0;0,0;0,0;0,0;0,0;0,0;0,0;0,0;0,0;0,0;0,0;0,0;0,0;0,0;0,0;0,0;0,0;0,0;0,0;0,0;0,0;0,0;0,0;0,0;0,0;0,0;0,0;0,0;0,0;0,0;0,0;0,0;0,0;0,0;0,0;0,0;0,0;0,0;15,0;13,8;13,2;13,8;13,8;13,2;13,8;13,2;16,2;15,6;15,6;7,5;;;;
03/01/2024;15,6;15,6;15,0;14,4;16,2;15,0;14,4;15,6;15,6;15,0;13,8;13,2;13,8;13,8;13,2;13,2;14,4;13,8;13,2;13,2;15,0;16,8;18,0;18,0;23,4;25,2;31,2;27,6;0,0;0,0;0,0;0,0;0,0;0,0;0,0;0,0;0,0;0,0;0,0;0,0;0,0;0,0;0,0;0,0;0,0;0,0;0,0;0,0;0,0;0,0;0,0;0,0;0,0;0,0;0,0;0,0;0,0;0,0;0,0;0,0;0,0;0,0;0,0;0,0;0,0;0,0;0,0;0,0;0,0;0,0;0,0;0,0;0,0;0,0;0,0;0,0;0,0;0,0;0,0;0,0;0,0;0,0;0,0;0,0;15,0;14,4;13,8;14,4;12,6;13,2;13,2;14,4;15,6;15,6;14,4;7,5;;;;
04/01/2024;15,0;14,4;13,8;15,6;13,8;14,4;14,4;15,0;13,8;14,4;12,0;12,6;13,8;12,6;12,6;12,0;13,2;12,6;12,6;13,2;15,6;15,6;16,8;16,8;18,0;23,4;27,6;30,0;0,0;0,0;0,0;0,0;0,0;0,0;0,0;0,0;0,0;0,0;0,0;0,0;0,0;0,0;0,0;0,0;0,0;0,0;0,0;0,0;0,0;0,0;0,0;0,0;0,0;0,0;0,0;0,0;0,0;0,0;0,0;0,0;0,0;0,0;0,0;0,0;0,0;0,0;0,0;0,0;0,0;0,0;0,0;0,0;0,0;0,0;0,0;0,0;0,0;0,0;0,0;0,0;0,0;0,0;0,0;0,0;14,4;14,4;14,4;14,4;12,6;12,6;12,6;13,8;14,4;13,8;13,8;7,2;;;;
05/01/2024;13,2;14,4;13,2;15,0;14,4;13,8;15,0;14,4;13,8;13,2;13,2;12,6;12,0;11,4;13,2;12,0;11,4;12,0;13,2;13,2;16,2;16,2;17,4;18,0;16,8;26,4;27,6;31,8;0,0;0,0;0,0;0,0;0,0;0,0;0,0;0,0;0,0;0,0;0,0;0,0;0,0;0,0;0,0;0,0;0,0;0,0;0,0;0,0;0,0;0,0;0,0;0,0;0,0;0,0;0,0;0,0;0,0;0,0;0,0;0,0;0,0;0,0;0,0;0,0;0,0;0,0;0,0;0,0;0,0;0,0;0,0;0,0;0,0;0,0;0,0;0,0;0,0;0,0;0,0;0,0;0,0;0,0;0,0;0,0;14,4;15,0;13,2;13,2;12,6;13,8;13,2;12,0;14,4;15,6;13,8;6,9;;;;
06/01/2024;13,2;14,4;14,4;13,8;14,4;15,6;14,4;14,4;13,8;15,0;12,0;12,6;13,2;12,0;12,6;12,0;11,4;13,2;12,6;12,6;15,6;17,4;16,8;17,4;16,2;24,6;25,8;29,4;0,0;0,0;0,0;0,0;0,0;0,0;0,0;0,0;0,0;0,0;0,0;0,0;0,0;0,0;0,0;0,0;0,0;0,0;0,0;0,0;0,0;0,0;0,0;0,0;0,0;0,0;0,0;0,0;0,0;0,0;0,0;0,0;0,0;0,0;0,0;0,0;0,0;0,0;0,0;0,0;0,0;0,0;0,0;0,0;0,0;0,0;0,0;0,0;0,0;0,0;0,0;0,0;0,0;0,0;0,0;0,0;14,4;13,2;13,2;13,2;13,2;12,0;12,6;12,6;14,4;13,8;13,2;7,2;;;;
07/01/2024;13,8;14,4;13,8;13,2;14,4;13,8;13,8;14,4;13,8;13,2;12,0;12,0;12,0;11,4;12,0;12,0;12,6;11,4;12,6;12,6;15,6;16,2;16,2;20,4;23,4;24,6;26,4;28,8;0,0;0,0;0,0;0,0;0,0;0,0;0,0;0,0;0,0;0,0;0,0;0,0;0,0;0,0;0,0;0,0;0,0;0,0;0,0;0,0;0,0;0,0;0,0;0,0;0,0;0,0;0,0;0,0;0,0;0,0;0,0;0,0;0,0;0,0;0,0;0,0;0,0;0,0;0,0;0,0;0,0;0,0;0,0;0,0;0,0;0,0;0,0;0,0;0,0;0,0;0,0;0,0;0,0;0,0;0,0;0,0;13,8;13,8;13,2;13,8;12,6;12,6;13,2;13,8;15,0;14,4;13,8;7,2;;;;
08/01/2024;14,4;13,8;13,8;15,0;13,8;13,8;13,8;15,6;14,4;13,8;12,6;13,2;12,6;12,0;12,0;13,8;13,8;13,8;14,4;14,4;16,8;16,2;17,4;19,2;18,6;25,8;30,6;33,6;0,0;0,0;0,0;0,0;0,0;0,0;0,0;0,0;0,0;0,0;0,0;0,0;0,0;0,0;0,0;0,0;0,0;0,0;0,0;0,0;0,0;0,0;0,0;0,0;0,0;0,0;0,0;0,0;0,0;0,0;0,0;0,0;0,0;0,0;0,0;0,0;0,0;0,0;0,0;0,0;0,0;0,0;0,0;0,0;0,0;0,0;0,0;0,0;0,0;0,0;0,0;0,0;0,0;0,0;0,0;0,0;13,8;13,2;13,2;13,2;13,2;12,6;13,8;13,8;13,8;13,2;14,4;6,9;;;;
09/01/2024;13,2;13,8;14,4;12,6;13,8;13,8;13,8;12,6;13,2;13,8;13,2;13,2;13,2;13,8;13,8;12,6;13,2;13,8;13,2;13,2;14,4;16,8;18,6;19,2;22,2;24,0;27,6;28,8;0,0;0,0;0,0;0,0;0,0;0,0;0,0;0,0;0,0;0,0;0,0;0,0;0,0;0,0;0,0;0,0;0,0;0,0;0,0;0,0;0,0;0,0;0,0;0,0;0,0;0,0;0,0;0,0;0,0;0,0;0,0;0,0;0,0;0,0;0,0;0,0;0,0;0,0;0,0;0,0;0,0;0,0;0,0;0,0;0,0;0,0;0,0;0,0;0,0;0,0;0,0;0,0;0,0;0,0;0,0;0,0;15,0;15,0;15,0;13,2;13,2;13,2;13,2;13,8;14,4;14,4;13,8;6,9;;;;
10/01/2024;14,4;14,4;13,8;14,4;14,4;13,8;14,4;14,4;13,2;14,4;13,8;13,2;13,8;13,8;13,8;13,8;13,8;14,4;14,4;14,4;14,4;15,6;16,2;19,8;20,4;21,6;30,0;27,0;0,0;0,0;0,0;0,0;0,0;0,0;0,0;0,0;0,0;0,0;0,0;0,0;0,0;0,0;0,0;0,0;0,0;0,0;0,0;0,0;0,0;0,0;0,0;0,0;0,0;0,0;0,0;0,0;0,0;0,0;0,0;0,0;0,0;0,0;0,0;0,0;0,0;0,0;0,0;0,0;0,0;0,0;0,0;0,0;0,0;0,0;0,0;0,0;0,0;0,0;0,0;0,0;0,0;0,0;0,0;0,0;15,0;14,4;15,6;14,4;13,8;14,4;14,4;13,8;15,0;15,0;15,0;6,9;;;;
11/01/2024;13,8;15,0;15,0;13,8;14,4;15,0;15,0;14,4;13,8;15,0;13,8;13,8;14,4;13,8;14,4;13,2;13,8;15,0;16,2;15,6;15,6;16,2;18,6;23,4;25,8;28,2;31,8;32,4;0,0;0,0;0,0;0,0;0,0;0,0;0,0;0,0;0,0;0,0;0,0;0,0;0,0;0,0;0,0;0,0;0,0;0,0;0,0;0,0;0,0;0,0;0,0;0,0;0,0;0,0;0,0;0,0;0,0;0,0;0,0;0,0;0,0;0,0;0,0;0,0;0,0;0,0;0,0;0,0;0,0;0,0;0,0;0,0;0,0;0,0;0,0;0,0;0,0;0,0;0,0;0,0;0,0;0,0;0,0;0,0;15,0;13,2;14,4;13,8;13,2;13,2;13,2;14,4;13,8;14,4;14,4;7,2;;;;
12/01/2024;14,4;13,2;14,4;14,4;14,4;14,4;14,4;14,4;13,2;13,2;13,8;13,8;14,4;13,8;13,2;13,8;14,4;14,4;13,2;15,0;16,2;16,2;17,4;19,2;22,2;24,6;27,6;30,6;0,0;0,0;0,0;0,0;0,0;0,0;0,0;0,0;0,0;0,0;0,0;0,0;0,0;0,0;0,0;0,0;0,0;0,0;0,0;0,0;0,0;0,0;0,0;0,0;0,0;0,0;0,0;0,0;0,0;0,0;0,0;0,0;0,0;0,0;0,0;0,0;0,0;0,0;0,0;0,0;0,0;0,0;0,0;0,0;0,0;0,0;0,0;0,0;0,0;0,0;0,0;0,0;0,0;0,0;0,0;0,0;13,8;13,2;13,8;13,8;12,6;12,6;12,0;13,8;13,2;13,2;12,6;6,3;;;;
13/01/2024;12,6;12,6;13,2;13,8;13,2;12,6;12,6;13,2;13,2;12,0;13,2;12,6;13,8;13,2;12,6;12,0;13,8;12,6;12,6;13,2;13,8;15,0;16,2;18,6;18,0;25,8;28,8;31,2;0,0;0,0;0,0;0,0;0,0;0,0;0,0;0,0;0,0;0,0;0,0;0,0;0,0;0,0;0,0;0,0;0,0;0,0;0,0;0,0;0,0;0,0;0,0;0,0;0,0;0,0;0,0;0,0;0,0;0,0;0,0;0,0;0,0;0,0;0,0;0,0;0,0;0,0;0,0;0,0;0,0;0,0;0,0;0,0;0,0;0,0;0,0;0,0;0,0;0,0;0,0;0,0;0,0;0,0;0,0;0,0;13,8;14,4;12,6;12,6;12,0;12,6;12,6;12,0;13,8;14,4;13,2;7,2;;;;
14/01/2024;13,2;14,4;13,8;13,2;13,8;14,4;13,2;13,8;13,2;13,8;11,4;11,4;12,0;13,2;13,2;14,4;13,2;13,2;13,8;13,8;13,8;15,0;16,2;19,2;21,6;18,6;27,0;28,2;0,0;0,0;0,0;0,0;0,0;0,0;0,0;0,0;0,0;0,0;0,0;0,0;0,0;0,0;0,0;0,0;0,0;0,0;0,0;0,0;0,0;0,0;0,0;0,0;0,0;0,0;0,0;0,0;0,0;0,0;0,0;0,0;0,0;0,0;0,0;0,0;0,0;0,0;0,0;0,0;0,0;0,0;0,0;0,0;0,0;0,0;0,0;0,0;0,0;0,0;0,0;0,0;0,0;0,0;0,0;0,0;13,8;13,2;14,4;13,2;12,0;12,0;12,6;12,6;13,8;13,8;14,4;6,6;;;;
15/01/2024;13,8;13,2;13,2;13,8;13,8;13,2;15,6;13,2;13,2;13,2;12,0;12,0;12,0;11,4;12,0;12,6;11,4;11,4;11,4;12,6;14,4;15,6;16,2;18,0;16,2;24,0;26,4;28,8;0,0;0,0;0,0;0,0;0,0;0,0;0,0;0,0;0,0;0,0;0,0;0,0;0,0;0,0;0,0;0,0;0,0;0,0;0,0;0,0;0,0;0,0;0,0;0,0;0,0;0,0;0,0;0,0;0,0;0,0;0,0;0,0;0,0;0,0;0,0;0,0;0,0;0,0;0,0;0,0;0,0;0,0;0,0;0,0;0,0;0,0;0,0;0,0;0,0;0,0;0,0;0,0;0,0;0,0;0,0;0,0;15,6;14,4;13,8;13,8;13,8;13,8;13,2;13,8;15,0;15,0;14,4;7,2;;;;
16/01/2024;15,6;15,0;14,4;14,4;14,4;15,0;15,0;15,0;14,4;15,0;13,2;13,8;14,4;13,8;15,0;14,4;13,8;15,6;14,4;15,6;17,4;18,0;18,0;21,6;21,6;26,4;27,0;30,0;0,0;0,0;0,0;0,0;0,0;0,0;0,0;0,0;0,0;0,0;0,0;0,0;0,0;0,0;0,0;0,0;0,0;0,0;0,0;0,0;0,0;0,0;0,0;0,0;0,0;0,0;0,0;0,0;0,0;0,0;0,0;0,0;0,0;0,0;0,0;0,0;0,0;0,0;0,0;0,0;0,0;0,0;0,0;0,0;0,0;0,0;0,0;0,0;0,0;0,0;0,0;0,0;0,0;0,0;0,0;0,0;15,6;15,0;14,4;13,8;13,2;13,2;13,8;13,2;14,4;15,0;14,4;7,2;;;;
17/01/2024;13,8;13,8;15,0;14,4;14,4;13,8;15,6;14,4;14,4;13,2;15,6;14,4;13,2;14,4;13,8;13,8;14,4;13,2;14,4;14,4;14,4;16,2;17,4;18,0;21,0;27,0;27,0;29,4;0,0;0,0;0,0;0,0;0,0;0,0;0,0;0,0;0,0;0,0;0,0;0,0;0,0;0,0;0,0;0,0;0,0;0,0;0,0;0,0;0,0;0,0;0,0;0,0;0,0;0,0;0,0;0,0;0,0;0,0;0,0;0,0;0,0;0,0;0,0;0,0;0,0;0,0;0,0;0,0;0,0;0,0;0,0;0,0;0,0;0,0;0,0;0,0;0,0;0,0;0,0;0,0;0,0;0,0;0,0;0,0;14,4;13,8;13,2;13,2;12,6;13,8;13,2;12,0;14,4;15,6;13,8;6,9;;;;
18/01/2024;14,4;14,4;14,4;13,8;13,8;15,0;13,8;13,8;13,8;14,4;13,2;13,8;13,8;14,4;13,2;13,2;14,4;14,4;13,8;13,2;14,4;16,2;17,4;18,6;21,0;25,8;30,6;33,0;0,0;0,0;0,0;0,0;0,0;0,0;0,0;0,0;0,0;0,0;0,0;0,0;0,0;0,0;0,0;0,0;0,0;0,0;0,0;0,0;0,0;0,0;0,0;0,0;0,0;0,0;0,0;0,0;0,0;0,0;0,0;0,0;0,0;0,0;0,0;0,0;0,0;0,0;0,0;0,0;0,0;0,0;0,0;0,0;0,0;0,0;0,0;0,0;0,0;0,0;0,0;0,0;0,0;0,0;0,0;0,0;13,8;14,4;13,8;12,6;12,6;12,6;13,8;12,6;13,2;13,2;14,4;6,6;;;;
19/01/2024;12,6;12,6;13,2;14,4;13,2;13,2;13,8;13,8;12,6;12,6;13,2;13,2;13,2;12,6;13,2;12,6;13,2;13,2;14,4;14,4;13,8;16,8;17,4;18,6;22,2;28,2;27,6;33,0;0,0;0,0;0,0;0,0;0,0;0,0;0,0;0,0;0,0;0,0;0,0;0,0;0,0;0,0;0,0;0,0;0,0;0,0;0,0;0,0;0,0;0,0;0,0;0,0;0,0;0,0;0,0;0,0;0,0;0,0;0,0;0,0;0,0;0,0;0,0;0,0;0,0;0,0;0,0;0,0;0,0;0,0;0,0;0,0;0,0;0,0;0,0;0,0;0,0;0,0;0,0;0,0;0,0;0,0;0,0;0,0;14,4;13,8;12,6;12,6;12,0;12,6;12,0;12,6;13,8;15,0;13,8;6,9;;;;
20/01/2024;13,8;13,8;14,4;13,8;13,8;13,2;14,4;13,2;13,2;12,6;13,2;11,4;12,0;12,0;11,4;12,6;11,4;10,8;11,4;13,2;13,2;16,2;18,6;18,6;20,4;22,2;24,6;25,2;0,0;0,0;0,0;0,0;0,0;0,0;0,0;0,0;0,0;0,0;0,0;0,0;0,0;0,0;0,0;0,0;0,0;0,0;0,0;0,0;0,0;0,0;0,0;0,0;0,0;0,0;0,0;0,0;0,0;0,0;0,0;0,0;0,0;0,0;0,0;0,0;0,0;0,0;0,0;0,0;0,0;0,0;0,0;0,0;0,0;0,0;0,0;0,0;0,0;0,0;0,0;0,0;0,0;0,0;0,0;0,0;14,4;12,6;12,6;12,6;12,6;11,4;12,0;12,0;14,4;13,8;13,2;6,3;;;;
21/01/2024;13,8;13,2;12,6;13,2;13,8;13,2;13,2;13,2;12,6;12,6;12,0;10,8;12,0;12,0;10,8;10,8;11,4;11,4;12,6;12,0;13,8;15,6;15,6;16,8;18,0;21,6;28,8;27,6;0,0;0,0;0,0;0,0;0,0;0,0;0,0;0,0;0,0;0,0;0,0;0,0;0,0;0,0;0,0;0,0;0,0;0,0;0,0;0,0;0,0;0,0;0,0;0,0;0,0;0,0;0,0;0,0;0,0;0,0;0,0;0,0;0,0;0,0;0,0;0,0;0,0;0,0;0,0;0,0;0,0;0,0;0,0;0,0;0,0;0,0;0,0;0,0;0,0;0,0;0,0;0,0;0,0;0,0;0,0;0,0;13,2;13,2;12,0;13,2;11,4;11,4;10,8;12,6;13,2;13,2;13,2;6,3;;;;
22/01/2024;12,6;13,2;12,6;12,6;13,8;13,2;13,2;12,6;13,2;12,0;12,0;11,4;12,0;10,8;11,4;10,8;10,8;12,0;10,8;13,2;15,0;17,4;16,2;19,8;22,8;24,0;28,2;28,2;0,0;0,0;0,0;0,0;0,0;0,0;0,0;0,0;0,0;0,0;0,0;0,0;0,0;0,0;0,0;0,0;0,0;0,0;0,0;0,0;0,0;0,0;0,0;0,0;0,0;0,0;0,0;0,0;0,0;0,0;0,0;0,0;0,0;0,0;0,0;0,0;0,0;0,0;0,0;0,0;0,0;0,0;0,0;0,0;0,0;0,0;0,0;0,0;0,0;0,0;0,0;0,0;0,0;0,0;0,0;0,0;14,4;13,8;12,6;13,2;12,0;12,6;12,6;12,0;13,2;13,8;14,4;6,6;;;;
23/01/2024;13,8;13,8;13,8;13,2;13,8;13,8;14,4;13,8;13,2;12,6;12,6;12,0;11,4;11,4;12,0;12,6;11,4;12,0;12,0;13,8;15,6;16,8;18,6;21,6;22,2;25,2;25,8;30,0;0,0;0,0;0,0;0,0;0,0;0,0;0,0;0,0;0,0;0,0;0,0;0,0;0,0;0,0;0,0;0,0;0,0;0,0;0,0;0,0;0,0;0,0;0,0;0,0;0,0;0,0;0,0;0,0;0,0;0,0;0,0;0,0;0,0;0,0;0,0;0,0;0,0;0,0;0,0;0,0;0,0;0,0;0,0;0,0;0,0;0,0;0,0;0,0;0,0;0,0;0,0;0,0;0,0;0,0;0,0;0,0;14,4;15,6;13,8;13,2;13,2;13,8;12,6;12,6;14,4;15,0;14,4;6,6;;;;
24/01/2024;14,4;14,4;13,8;13,8;14,4;14,4;14,4;13,2;13,8;14,4;11,4;12,0;12,0;12,0;12,6;12,6;11,4;11,4;13,2;13,2;15,6;15,6;17,4;19,2;21,6;25,8;28,2;26,4;0,0;0,0;0,0;0,0;0,0;0,0;0,0;0,0;0,0;0,0;0,0;0,0;0,0;0,0;0,0;0,0;0,0;0,0;0,0;0,0;0,0;0,0;0,0;0,0;0,0;0,0;0,0;0,0;0,0;0,0;0,0;0,0;0,0;0,0;0,0;0,0;0,0;0,0;0,0;0,0;0,0;0,0;0,0;0,0;0,0;0,0;0,0;0,0;0,0;0,0;0,0;0,0;0,0;0,0;0,0;0,0;13,2;13,2;12,6;12,6;12,6;10,8;11,4;12,0;13,8;13,2;13,8;6,6;;;;
25/01/2024;13,8;13,8;12,0;13,2;14,4;12,6;13,8;12,6;13,2;12,6;10,8;12,0;12,0;10,8;10,8;11,4;11,4;12,0;12,6;12,6;13,8;16,8;16,8;21,0;24,0;28,2;30,0;29,4;0,0;0,0;0,0;0,0;0,0;0,0;0,0;0,0;0,0;0,0;0,0;0,0;0,0;0,0;0,0;0,0;0,0;0,0;0,0;0,0;0,0;0,0;0,0;0,0;0,0;0,0;0,0;0,0;0,0;0,0;0,0;0,0;0,0;0,0;0,0;0,0;0,0;0,0;0,0;0,0;0,0;0,0;0,0;0,0;0,0;0,0;0,0;0,0;0,0;0,0;0,0;0,0;0,0;0,0;0,0;0,0;15,0;13,8;13,8;13,2;13,8;12,0;12,6;12,6;15,6;13,8;13,8;7,2;;;;
26/01/2024;14,4;13,8;13,8;13,2;14,4;14,4;13,2;13,2;13,2;13,2;12,0;11,4;12,6;11,4;11,4;12,0;11,4;12,6;13,2;12,0;14,4;16,8;16,2;19,8;21,6;28,8;27,6;33,0;0,0;0,0;0,0;0,0;0,0;0,0;0,0;0,0;0,0;0,0;0,0;0,0;0,0;0,0;0,0;0,0;0,0;0,0;0,0;0,0;0,0;0,0;0,0;0,0;0,0;0,0;0,0;0,0;0,0;0,0;0,0;0,0;0,0;0,0;0,0;0,0;0,0;0,0;0,0;0,0;0,0;0,0;0,0;0,0;0,0;0,0;0,0;0,0;0,0;0,0;0,0;0,0;0,0;0,0;0,0;0,0;13,2;13,8;14,4;13,8;13,8;13,2;13,2;13,2;13,2;13,2;14,4;6,9;;;;
27/01/2024;13,2;13,2;13,8;13,2;13,2;13,2;14,4;13,8;13,2;12,6;11,4;12,0;11,4;11,4;11,4;12,6;11,4;11,4;12,0;13,8;16,2;16,8;15,6;21,6;21,0;24,6;25,2;28,2;0,0;0,0;0,0;0,0;0,0;0,0;0,0;0,0;0,0;0,0;0,0;0,0;0,0;0,0;0,0;0,0;0,0;0,0;0,0;0,0;0,0;0,0;0,0;0,0;0,0;0,0;0,0;0,0;0,0;0,0;0,0;0,0;0,0;0,0;0,0;0,0;0,0;0,0;0,0;0,0;0,0;0,0;0,0;0,0;0,0;0,0;0,0;0,0;0,0;0,0;0,0;0,0;0,0;0,0;0,0;0,0;14,4;15,6;13,8;13,8;11,4;12,0;12,0;12,0;13,2;13,2;13,2;6,3;;;;
28/01/2024;13,2;12,6;13,8;13,2;12,6;13,2;13,8;13,2;12,0;12,6;12,0;10,8;10,2;10,8;12,0;10,8;10,8;10,2;11,4;12,0;15,6;14,4;15,6;18,6;21,6;22,2;27,6;27,6;0,0;0,0;0,0;0,0;0,0;0,0;0,0;0,0;0,0;0,0;0,0;0,0;0,0;0,0;0,0;0,0;0,0;0,0;0,0;0,0;0,0;0,0;0,0;0,0;0,0;0,0;0,0;0,0;0,0;0,0;0,0;0,0;0,0;0,0;0,0;0,0;0,0;0,0;0,0;0,0;0,0;0,0;0,0;0,0;0,0;0,0;0,0;0,0;0,0;0,0;0,0;0,0;0,0;0,0;0,0;0,0;15,0;13,8;12,0;12,6;12,0;12,0;10,8;13,2;13,2;13,2;13,8;6,9;;;;
29/01/2024;13,2;13,2;12,6;14,4;12,6;13,2;13,2;13,2;13,2;12,6;10,8;12,0;11,4;10,8;11,4;11,4;11,4;11,4;11,4;12,0;15,0;14,4;16,2;16,2;19,2;22,8;26,4;27,6;0,0;0,0;0,0;0,0;0,0;0,0;0,0;0,0;0,0;0,0;0,0;0,0;0,0;0,0;0,0;0,0;0,0;0,0;0,0;0,0;0,0;0,0;0,0;0,0;0,0;0,0;0,0;0,0;0,0;0,0;0,0;0,0;0,0;0,0;0,0;0,0;0,0;0,0;0,0;0,0;0,0;0,0;0,0;0,0;0,0;0,0;0,0;0,0;0,0;0,0;0,0;0,0;0,0;0,0;0,0;0,0;14,4;15,0;12,6;13,2;11,4;12,6;12,6;11,4;13,8;14,4;13,2;6,6;;;;
30/01/2024;12,6;13,8;13,2;13,8;13,2;14,4;13,2;13,2;13,8;13,8;11,4;11,4;12,0;12,6;11,4;11,4;11,4;12,0;12,0;12,6;13,2;15,0;15,6;16,8;18,6;22,8;28,8;27,0;0,0;0,0;0,0;0,0;0,0;0,0;0,0;0,0;0,0;0,0;0,0;0,0;0,0;0,0;0,0;0,0;0,0;0,0;0,0;0,0;0,0;0,0;0,0;0,0;0,0;0,0;0,0;0,0;0,0;0,0;0,0;0,0;0,0;0,0;0,0;0,0;0,0;0,0;0,0;0,0;0,0;0,0;0,0;0,0;0,0;0,0;0,0;0,0;0,0;0,0;0,0;0,0;0,0;0,0;0,0;0,0;12,6;15,0;14,4;12,6;12,0;11,4;12,0;11,4;13,2;12,6;13,8;6,3;;;;
31/01/2024;12,6;12,6;13,2;13,8;13,8;13,2;13,2;12,6;12,0;13,2;11,4;10,8;10,8;10,8;12,0;10,8;10,8;11,4;12,6;13,2;15,0;15,6;16,2;19,8;23,4;24,0;25,2;30,0;0,0;0,0;0,0;0,0;0,0;0,0;0,0;0,0;0,0;0,0;0,0;0,0;0,0;0,0;0,0;0,0;0,0;0,0;0,0;0,0;0,0;0,0;0,0;0,0;0,0;0,0;0,0;0,0;0,0;0,0;0,0;0,0;0,0;0,0;0,0;0,0;0,0;0,0;0,0;0,0;0,0;0,0;0,0;0,0;0,0;0,0;0,0;0,0;0,0;0,0;0,0;0,0;0,0;0,0;0,0;0,0;13,8;15,0;12,6;13,2;12,0;12,6;12,6;12,6;14,4;13,8;13,8;6,9;;;;
01/02/2024;14,4;13,8;13,8;13,8;14,4;13,2;13,2;13,2;14,4;13,2;13,8;13,2;13,8;13,2;11,4;11,4;12,0;12,0;11,4;12,6;12,0;10,8;12,0;12,6;15,6;15,6;17,4;18,0;0,0;0,0;0,0;0,0;0,0;0,0;0,0;0,0;0,0;0,0;0,0;0,0;0,0;0,0;0,0;0,0;0,0;0,0;0,0;0,0;0,0;0,0;0,0;0,0;0,0;0,0;0,0;0,0;0,0;0,0;0,0;0,0;0,0;0,0;0,0;0,0;0,0;0,0;0,0;0,0;0,0;0,0;0,0;0,0;0,0;0,0;0,0;0,0;0,0;0,0;0,0;0,0;0,0;0,0;0,0;0,0;16,8;16,2;15,0;16,2;15,0;13,8;14,4;12,6;12,0;12,6;12,6;6,3;;;;
02/02/2024;13,8;13,2;13,8;13,8;13,8;13,2;14,4;13,2;13,8;13,8;15,0;13,2;13,8;13,2;13,2;11,4;11,4;11,4;12,6;11,4;11,4;12,0;12,6;12,6;15,0;16,2;16,8;18,6;0,0;0,0;0,0;0,0;0,0;0,0;0,0;0,0;0,0;0,0;0,0;0,0;0,0;0,0;0,0;0,0;0,0;0,0;0,0;0,0;0,0;0,0;0,0;0,0;0,0;0,0;0,0;0,0;0,0;0,0;0,0;0,0;0,0;0,0;0,0;0,0;0,0;0,0;0,0;0,0;0,0;0,0;0,0;0,0;0,0;0,0;0,0;0,0;0,0;0,0;0,0;0,0;0,0;0,0;0,0;0,0;15,6;16,2;15,0;16,2;15,0;15,0;13,2;14,4;11,4;11,4;12,0;6,3;;;;
03/02/2024;13,2;13,8;13,2;13,8;13,2;12,6;13,8;13,2;13,2;13,8;14,4;13,2;13,8;12,6;12,0;12,0;11,4;12,0;12,6;10,8;11,4;11,4;12,0;12,0;14,4;14,4;16,2;18,0;0,0;0,0;0,0;0,0;0,0;0,0;0,0;0,0;0,0;0,0;0,0;0,0;0,0;0,0;0,0;0,0;0,0;0,0;0,0;0,0;0,0;0,0;0,0;0,0;0,0;0,0;0,0;0,0;0,0;0,0;0,0;0,0;0,0;0,0;0,0;0,0;0,0;0,0;0,0;0,0;0,0;0,0;0,0;0,0;0,0;0,0;0,0;0,0;0,0;0,0;0,0;0,0;0,0;0,0;0,0;0,0;16,8;14,4;13,8;13,8;14,4;13,2;13,2;12,0;13,2;12,0;12,0;5,7;;;;
04/02/2024;14,4;12,6;13,2;12,6;13,8;12,6;12,6;13,2;13,2;13,2;12,6;13,2;13,2;13,2;10,8;11,4;12,0;10,8;12,0;10,8;12,6;11,4;11,4;12,6;16,2;17,4;16,8;17,4;0,0;0,0;0,0;0,0;0,0;0,0;0,0;0,0;0,0;0,0;0,0;0,0;0,0;0,0;0,0;0,0;0,0;0,0;0,0;0,0;0,0;0,0;0,0;0,0;0,0;0,0;0,0;0,0;0,0;0,0;0,0;0,0;0,0;0,0;0,0;0,0;0,0;0,0;0,0;0,0;0,0;0,0;0,0;0,0;0,0;0,0;0,0;0,0;0,0;0,0;0,0;0,0;0,0;0,0;0,0;0,0;15,6;15,0;15,0;15,0;15,0;13,8;13,8;13,2;11,4;12,6;12,6;6,3;;;;
05/02/2024;14,4;13,2;13,8;13,2;13,2;13,8;13,8;13,2;13,8;14,4;13,2;14,4;13,2;14,4;12,0;13,2;12,0;13,2;11,4;11,4;11,4;12,6;12,6;13,2;16,2;16,8;16,8;20,4;0,0;0,0;0,0;0,0;0,0;0,0;0,0;0,0;0,0;0,0;0,0;0,0;0,0;0,0;0,0;0,0;0,0;0,0;0,0;0,0;0,0;0,0;0,0;0,0;0,0;0,0;0,0;0,0;0,0;0,0;0,0;0,0;0,0;0,0;0,0;0,0;0,0;0,0;0,0;0,0;0,0;0,0;0,0;0,0;0,0;0,0;0,0;0,0;0,0;0,0;0,0;0,0;0,0;0,0;0,0;0,0;16,8;16,8;15,6;15,0;15,6;14,4;12,6;14,4;12,0;12,0;12,0;6,6;;;;
06/02/2024;13,2;13,2;13,2;14,4;14,4;14,4;15,6;13,2;13,2;12,6;14,4;13,2;12,6;12,0;12,0;11,4;11,4;10,8;12,0;11,4;11,4;12,6;12,0;12,0;15,0;15,6;16,2;19,8;0,0;0,0;0,0;0,0;0,0;0,0;0,0;0,0;0,0;0,0;0,0;0,0;0,0;0,0;0,0;0,0;0,0;0,0;0,0;0,0;0,0;0,0;0,0;0,0;0,0;0,0;0,0;0,0;0,0;0,0;0,0;0,0;0,0;0,0;0,0;0,0;0,0;0,0;0,0;0,0;0,0;0,0;0,0;0,0;0,0;0,0;0,0;0,0;0,0;0,0;0,0;0,0;0,0;0,0;0,0;0,0;16,8;14,4;16,2;14,4;13,8;13,2;14,4;13,2;12,6;12,6;12,6;6,0;;;;
07/02/2024;13,8;13,8;14,4;13,8;13,2;13,2;14,4;13,8;12,6;13,8;15,0;13,8;13,8;13,2;12,0;12,0;12,6;12,0;12,0;11,4;11,4;12,6;12,0;13,2;15,0;16,2;15,6;17,4;0,0;0,0;0,0;0,0;0,0;0,0;0,0;0,0;0,0;0,0;0,0;0,0;0,0;0,0;0,0;0,0;0,0;0,0;0,0;0,0;0,0;0,0;0,0;0,0;0,0;0,0;0,0;0,0;0,0;0,0;0,0;0,0;0,0;0,0;0,0;0,0;0,0;0,0;0,0;0,0;0,0;0,0;0,0;0,0;0,0;0,0;0,0;0,0;0,0;0,0;0,0;0,0;0,0;0,0;0,0;0,0;19,8;16,8;16,2;16,2;16,2;13,8;13,8;14,4;13,2;13,8;13,8;7,5;;;;
08/02/2024;15,6;16,2;15,6;15,0;13,8;14,4;15,0;15,0;13,8;14,4;13,8;15,0;13,8;13,8;13,2;13,2;12,0;12,0;12,6;12,6;12,0;13,8;12,0;13,2;15,0;14,4;18,0;18,6;0,0;0,0;0,0;0,0;0,0;0,0;0,0;0,0;0,0;0,0;0,0;0,0;0,0;0,0;0,0;0,0;0,0;0,0;0,0;0,0;0,0;0,0;0,0;0,0;0,0;0,0;0,0;0,0;0,0;0,0;0,0;0,0;0,0;0,0;0,0;0,0;0,0;0,0;0,0;0,0;0,0;0,0;0,0;0,0;0,0;0,0;0,0;0,0;0,0;0,0;0,0;0,0;0,0;0,0;0,0;0,0;16,8;16,8;16,2;15,6;15,0;15,6;14,4;14,4;14,4;14,4;12,6;6,3;;;;
09/02/2024;13,8;14,4;13,8;13,8;13,8;14,4;13,8;13,8;13,8;14,4;13,8;13,8;13,8;13,8;12,6;12,6;12,6;11,4;12,0;12,0;12,0;11,4;12,6;12,0;16,2;14,4;15,6;16,2;0,0;0,0;0,0;0,0;0,0;0,0;0,0;0,0;0,0;0,0;0,0;0,0;0,0;0,0;0,0;0,0;0,0;0,0;0,0;0,0;0,0;0,0;0,0;0,0;0,0;0,0;0,0;0,0;0,0;0,0;0,0;0,0;0,0;0,0;0,0;0,0;0,0;0,0;0,0;0,0;0,0;0,0;0,0;0,0;0,0;0,0;0,0;0,0;0,0;0,0;0,0;0,0;0,0;0,0;0,0;0,0;15,6;13,8;14,4;13,8;13,2;13,2;13,2;13,2;12,0;12,0;12,6;6,0;;;;
10/02/2024;12,6;13,8;13,2;12,6;13,2;14,4;13,2;13,8;12,6;13,8;13,2;13,8;13,2;13,2;12,0;11,4;12,0;12,0;11,4;11,4;11,4;12,0;11,4;11,4;14,4;16,2;15,0;15,6;0,0;0,0;0,0;0,0;0,0;0,0;0,0;0,0;0,0;0,0;0,0;0,0;0,0;0,0;0,0;0,0;0,0;0,0;0,0;0,0;0,0;0,0;0,0;0,0;0,0;0,0;0,0;0,0;0,0;0,0;0,0;0,0;0,0;0,0;0,0;0,0;0,0;0,0;0,0;0,0;0,0;0,0;0,0;0,0;0,0;0,0;0,0;0,0;0,0;0,0;0,0;0,0;0,0;0,0;0,0;0,0;17,4;15,6;15,6;15,6;15,6;14,4;14,4;14,4;13,2;13,2;14,4;6,6;;;;
11/02/2024;15,6;14,4;15,6;14,4;14,4;14,4;16,2;15,0;14,4;14,4;15,6;15,0;15,0;14,4;13,8;13,2;13,2;12,6;13,2;12,6;13,8;13,2;14,4;15,0;15,6;15,0;17,4;19,8;0,0;0,0;0,0;0,0;0,0;0,0;0,0;0,0;0,0;0,0;0,0;0,0;0,0;0,0;0,0;0,0;0,0;0,0;0,0;0,0;0,0;0,0;0,0;0,0;0,0;0,0;0,0;0,0;0,0;0,0;0,0;0,0;0,0;0,0;0,0;0,0;0,0;0,0;0,0;0,0;0,0;0,0;0,0;0,0;0,0;0,0;0,0;0,0;0,0;0,0;0,0;0,0;0,0;0,0;0,0;0,0;15,6;14,4;15,0;13,8;13,2;14,4;12,0;12,0;12,6;12,6;13,8;6,3;;;;
12/02/2024;15,0;15,0;13,2;13,8;13,2;12,0;12,6;12,6;12,0;12,0;13,8;12,6;12,0;12,0;11,4;10,8;10,8;10,2;11,4;10,2;11,4;12,0;12,6;13,2;13,8;13,8;15,6;18,0;0,0;0,0;0,0;0,0;0,0;0,0;0,0;0,0;0,0;0,0;0,0;0,0;0,0;0,0;0,0;0,0;0,0;0,0;0,0;0,0;0,0;0,0;0,0;0,0;0,0;0,0;0,0;0,0;0,0;0,0;0,0;0,0;0,0;0,0;0,0;0,0;0,0;0,0;0,0;0,0;0,0;0,0;0,0;0,0;0,0;0,0;0,0;0,0;0,0;0,0;0,0;0,0;0,0;0,0;0,0;0,0;16,2;14,4;14,4;15,6;15,0;13,2;12,6;12,6;11,4;12,6;12,0;6,0;;;;
13/02/2024;13,8;15,6;13,2;13,8;12,6;14,4;13,2;13,8;13,8;13,8;13,2;13,8;13,2;13,2;13,8;12,6;13,2;13,2;12,6;14,4;12,6;13,8;12,0;13,2;15,0;15,0;15,0;19,8;0,0;0,0;0,0;0,0;0,0;0,0;0,0;0,0;0,0;0,0;0,0;0,0;0,0;0,0;0,0;0,0;0,0;0,0;0,0;0,0;0,0;0,0;0,0;0,0;0,0;0,0;0,0;0,0;0,0;0,0;0,0;0,0;0,0;0,0;0,0;0,0;0,0;0,0;0,0;0,0;0,0;0,0;0,0;0,0;0,0;0,0;0,0;0,0;0,0;0,0;0,0;0,0;0,0;0,0;0,0;0,0;17,4;16,2;15,6;15,0;15,0;15,0;14,4;14,4;13,8;13,8;13,2;6,9;;;;
14/02/2024;15,0;15,0;15,0;13,8;14,4;15,0;15,6;14,4;15,0;13,2;14,4;13,8;12,6;12,6;15,0;14,4;13,8;13,2;13,2;13,2;13,2;15,0;15,6;14,4;14,4;14,4;16,2;16,8;0,0;0,0;0,0;0,0;0,0;0,0;0,0;0,0;0,0;0,0;0,0;0,0;0,0;0,0;0,0;0,0;0,0;0,0;0,0;0,0;0,0;0,0;0,0;0,0;0,0;0,0;0,0;0,0;0,0;0,0;0,0;0,0;0,0;0,0;0,0;0,0;0,0;0,0;0,0;0,0;0,0;0,0;0,0;0,0;0,0;0,0;0,0;0,0;0,0;0,0;0,0;0,0;0,0;0,0;0,0;0,0;15,6;14,4;14,4;15,6;15,6;15,0;13,8;14,4;13,2;13,8;13,8;6,9;;;;
15/02/2024;15,0;16,2;15,0;13,2;13,8;14,4;13,2;13,8;14,4;13,8;13,8;13,8;13,2;14,4;13,8;13,2;13,8;13,8;13,2;12,6;13,8;13,8;13,8;13,8;14,4;15,0;16,8;18,0;0,0;0,0;0,0;0,0;0,0;0,0;0,0;0,0;0,0;0,0;0,0;0,0;0,0;0,0;0,0;0,0;0,0;0,0;0,0;0,0;0,0;0,0;0,0;0,0;0,0;0,0;0,0;0,0;0,0;0,0;0,0;0,0;0,0;0,0;0,0;0,0;0,0;0,0;0,0;0,0;0,0;0,0;0,0;0,0;0,0;0,0;0,0;0,0;0,0;0,0;0,0;0,0;0,0;0,0;0,0;0,0;16,2;15,0;13,8;14,4;13,8;13,8;13,2;13,2;13,2;12,0;12,0;6,0;;;;
16/02/2024;14,4;13,8;12,6;13,2;13,8;13,2;13,2;13,2;13,8;13,2;13,2;13,8;13,8;13,2;11,4;11,4;12,0;11,4;10,8;11,4;12,0;11,4;12,6;13,2;14,4;16,8;14,4;16,8;0,0;0,0;0,0;0,0;0,0;0,0;0,0;0,0;0,0;0,0;0,0;0,0;0,0;0,0;0,0;0,0;0,0;0,0;0,0;0,0;0,0;0,0;0,0;0,0;0,0;0,0;0,0;0,0;0,0;0,0;0,0;0,0;0,0;0,0;0,0;0,0;0,0;0,0;0,0;0,0;0,0;0,0;0,0;0,0;0,0;0,0;0,0;0,0;0,0;0,0;0,0;0,0;0,0;0,0;0,0;0,0;15,0;15,0;14,4;14,4;14,4;15,6;13,2;13,2;12,6;13,2;13,2;6,3;;;;
17/02/2024;14,4;14,4;14,4;14,4;13,8;15,0;13,2;13,8;13,8;14,4;14,4;13,2;13,8;13,8;12,6;12,0;12,0;12,6;12,0;12,0;12,6;13,2;12,6;12,6;15,6;17,4;16,8;19,2;0,0;0,0;0,0;0,0;0,0;0,0;0,0;0,0;0,0;0,0;0,0;0,0;0,0;0,0;0,0;0,0;0,0;0,0;0,0;0,0;0,0;0,0;0,0;0,0;0,0;0,0;0,0;0,0;0,0;0,0;0,0;0,0;0,0;0,0;0,0;0,0;0,0;0,0;0,0;0,0;0,0;0,0;0,0;0,0;0,0;0,0;0,0;0,0;0,0;0,0;0,0;0,0;0,0;0,0;0,0;0,0;16,2;15,6;15,6;15,0;15,0;15,0;12,6;13,2;11,4;12,0;12,0;6,6;;;;
18/02/2024;14,4;13,8;14,4;14,4;15,0;13,8;14,4;15,0;12,6;12,6;13,2;13,8;12,6;13,2;11,4;12,0;11,4;10,8;11,4;11,4;11,4;11,4;12,0;13,2;15,6;15,0;16,2;17,4;0,0;0,0;0,0;0,0;0,0;0,0;0,0;0,0;0,0;0,0;0,0;0,0;0,0;0,0;0,0;0,0;0,0;0,0;0,0;0,0;0,0;0,0;0,0;0,0;0,0;0,0;0,0;0,0;0,0;0,0;0,0;0,0;0,0;0,0;0,0;0,0;0,0;0,0;0,0;0,0;0,0;0,0;0,0;0,0;0,0;0,0;0,0;0,0;0,0;0,0;0,0;0,0;0,0;0,0;0,0;0,0;16,8;15,6;15,0;15,0;13,8;14,4;12,6;12,6;12,6;13,2;12,6;6,3;;;;
19/02/2024;15,0;14,4;13,2;13,2;14,4;13,2;13,8;13,2;15,0;13,2;13,2;14,4;13,2;13,2;12,6;13,8;12,0;12,0;12,0;12,6;11,4;12,0;12,6;14,4;16,2;16,8;19,8;20,4;0,0;0,0;0,0;0,0;0,0;0,0;0,0;0,0;0,0;0,0;0,0;0,0;0,0;0,0;0,0;0,0;0,0;0,0;0,0;0,0;0,0;0,0;0,0;0,0;0,0;0,0;0,0;0,0;0,0;0,0;0,0;0,0;0,0;0,0;0,0;0,0;0,0;0,0;0,0;0,0;0,0;0,0;0,0;0,0;0,0;0,0;0,0;0,0;0,0;0,0;0,0;0,0;0,0;0,0;0,0;0,0;18,0;15,6;14,4;14,4;15,0;14,4;13,8;13,2;13,8;13,2;13,2;6,6;;;;
20/02/2024;15,6;14,4;14,4;14,4;14,4;13,8;13,8;15,0;13,8;13,8;13,2;15,6;14,4;14,4;12,6;13,8;11,4;12,0;12,0;12,0;12,6;13,2;12,0;13,2;15,0;15,6;16,2;21,0;0,0;0,0;0,0;0,0;0,0;0,0;0,0;0,0;0,0;0,0;0,0;0,0;0,0;0,0;0,0;0,0;0,0;0,0;0,0;0,0;0,0;0,0;0,0;0,0;0,0;0,0;0,0;0,0;0,0;0,0;0,0;0,0;0,0;0,0;0,0;0,0;0,0;0,0;0,0;0,0;0,0;0,0;0,0;0,0;0,0;0,0;0,0;0,0;0,0;0,0;0,0;0,0;0,0;0,0;0,0;0,0;16,2;14,4;14,4;15,0;14,4;13,8;13,2;14,4;12,6;12,6;12,6;6,6;;;;
21/02/2024;14,4;13,2;13,8;15,0;13,8;13,8;13,8;14,4;12,6;13,8;15,0;13,2;13,2;13,8;12,6;12,0;11,4;13,2;12,6;12,0;13,2;13,2;12,0;13,2;15,0;16,2;16,2;19,2;0,0;0,0;0,0;0,0;0,0;0,0;0,0;0,0;0,0;0,0;0,0;0,0;0,0;0,0;0,0;0,0;0,0;0,0;0,0;0,0;0,0;0,0;0,0;0,0;0,0;0,0;0,0;0,0;0,0;0,0;0,0;0,0;0,0;0,0;0,0;0,0;0,0;0,0;0,0;0,0;0,0;0,0;0,0;0,0;0,0;0,0;0,0;0,0;0,0;0,0;0,0;0,0;0,0;0,0;0,0;0,0;15,6;15,0;15,6;13,8;13,8;14,4;14,4;13,2;12,0;13,2;13,2;6,0;;;;
22/02/2024;13,8;13,8;13,8;13,8;13,2;15,0;13,8;13,8;13,8;15,0;13,8;13,8;12,6;13,8;12,6;12,0;11,4;12,6;12,0;11,4;12,0;13,2;13,2;12,6;16,2;16,8;16,2;19,2;0,0;0,0;0,0;0,0;0,0;0,0;0,0;0,0;0,0;0,0;0,0;0,0;0,0;0,0;0,0;0,0;0,0;0,0;0,0;0,0;0,0;0,0;0,0;0,0;0,0;0,0;0,0;0,0;0,0;0,0;0,0;0,0;0,0;0,0;0,0;0,0;0,0;0,0;0,0;0,0;0,0;0,0;0,0;0,0;0,0;0,0;0,0;0,0;0,0;0,0;0,0;0,0;0,0;0,0;0,0;0,0;15,6;14,4;15,6;15,6;15,0;15,0;13,8;13,2;12,6;13,2;12,6;6,6;;;;
23/02/2024;14,4;14,4;13,8;13,8;14,4;15,6;13,8;14,4;14,4;14,4;13,8;14,4;14,4;13,2;12,6;12,0;13,2;12,0;12,0;12,6;13,2;13,2;13,2;13,2;16,2;17,4;15,6;18,0;0,0;0,0;0,0;0,0;0,0;0,0;0,0;0,0;0,0;0,0;0,0;0,0;0,0;0,0;0,0;0,0;0,0;0,0;0,0;0,0;0,0;0,0;0,0;0,0;0,0;0,0;0,0;0,0;0,0;0,0;0,0;0,0;0,0;0,0;0,0;0,0;0,0;0,0;0,0;0,0;0,0;0,0;0,0;0,0;0,0;0,0;0,0;0,0;0,0;0,0;0,0;0,0;0,0;0,0;0,0;0,0;15,6;15,0;13,8;15,6;13,8;12,6;12,6;13,2;11,4;12,0;12,0;6,3;;;;
24/02/2024;13,2;13,2;13,8;13,2;12,0;13,2;13,2;12,6;12,6;13,2;13,8;13,2;12,6;13,2;12,0;10,8;10,8;12,0;10,8;10,8;12,0;12,6;11,4;12,0;13,8;15,6;16,2;16,8;0,0;0,0;0,0;0,0;0,0;0,0;0,0;0,0;0,0;0,0;0,0;0,0;0,0;0,0;0,0;0,0;0,0;0,0;0,0;0,0;0,0;0,0;0,0;0,0;0,0;0,0;0,0;0,0;0,0;0,0;0,0;0,0;0,0;0,0;0,0;0,0;0,0;0,0;0,0;0,0;0,0;0,0;0,0;0,0;0,0;0,0;0,0;0,0;0,0;0,0;0,0;0,0;0,0;0,0;0,0;0,0;16,8;15,0;15,0;13,2;13,2;14,4;12,0;12,6;11,4;12,0;11,4;6,0;;;;
25/02/2024;12,6;13,2;12,6;12,6;14,4;13,2;13,2;12,0;13,8;12,6;12,6;12,6;13,2;12,0;10,8;11,4;12,0;11,4;11,4;12,6;10,8;12,0;11,4;12,6;16,2;16,2;16,8;18,6;0,0;0,0;0,0;0,0;0,0;0,0;0,0;0,0;0,0;0,0;0,0;0,0;0,0;0,0;0,0;0,0;0,0;0,0;0,0;0,0;0,0;0,0;0,0;0,0;0,0;0,0;0,0;0,0;0,0;0,0;0,0;0,0;0,0;0,0;0,0;0,0;0,0;0,0;0,0;0,0;0,0;0,0;0,0;0,0;0,0;0,0;0,0;0,0;0,0;0,0;0,0;0,0;0,0;0,0;0,0;0,0;17,4;15,6;13,8;14,4;14,4;15,6;13,8;13,2;13,2;12,0;12,6;6,6;;;;
26/02/2024;14,4;13,2;12,6;13,8;14,4;14,4;13,8;14,4;13,8;14,4;14,4;14,4;13,2;13,2;13,2;12,0;12,6;12,0;12,6;12,0;12,0;12,0;13,2;14,4;15,0;16,2;17,4;16,2;0,0;0,0;0,0;0,0;0,0;0,0;0,0;0,0;0,0;0,0;0,0;0,0;0,0;0,0;0,0;0,0;0,0;0,0;0,0;0,0;0,0;0,0;0,0;0,0;0,0;0,0;0,0;0,0;0,0;0,0;0,0;0,0;0,0;0,0;0,0;0,0;0,0;0,0;0,0;0,0;0,0;0,0;0,0;0,0;0,0;0,0;0,0;0,0;0,0;0,0;0,0;0,0;0,0;0,0;0,0;0,0;16,8;13,8;13,8;14,4;13,8;13,2;13,8;12,6;12,6;11,4;13,2;6,0;;;;
27/02/2024;13,2;13,2;13,2;13,2;12,6;13,2;13,2;13,2;13,2;14,4;13,8;13,2;13,8;12,6;10,8;11,4;12,0;11,4;11,4;10,8;13,2;10,8;12,0;12,0;16,8;15,6;16,8;18,0;0,0;0,0;0,0;0,0;0,0;0,0;0,0;0,0;0,0;0,0;0,0;0,0;0,0;0,0;0,0;0,0;0,0;0,0;0,0;0,0;0,0;0,0;0,0;0,0;0,0;0,0;0,0;0,0;0,0;0,0;0,0;0,0;0,0;0,0;0,0;0,0;0,0;0,0;0,0;0,0;0,0;0,0;0,0;0,0;0,0;0,0;0,0;0,0;0,0;0,0;0,0;0,0;0,0;0,0;0,0;0,0;17,4;15,0;15,0;15,6;13,2;13,2;13,8;13,8;12,0;12,0;13,2;6,0;;;;
28/02/2024;13,2;13,2;13,2;13,2;13,2;13,2;13,8;13,8;12,6;14,4;13,2;12,6;12,6;13,8;11,4;11,4;12,0;12,0;11,4;11,4;12,0;11,4;11,4;12,6;16,8;15,0;14,4;18,0;0,0;0,0;0,0;0,0;0,0;0,0;0,0;0,0;0,0;0,0;0,0;0,0;0,0;0,0;0,0;0,0;0,0;0,0;0,0;0,0;0,0;0,0;0,0;0,0;0,0;0,0;0,0;0,0;0,0;0,0;0,0;0,0;0,0;0,0;0,0;0,0;0,0;0,0;0,0;0,0;0,0;0,0;0,0;0,0;0,0;0,0;0,0;0,0;0,0;0,0;0,0;0,0;0,0;0,0;0,0;0,0;15,0;15,0;14,4;14,4;13,8;15,0;13,2;13,2;12,6;12,0;11,4;6,0;;;;
01/03/2024;14,4;13,2;13,2;13,2;13,8;13,8;13,2;13,8;13,2;13,2;13,8;13,8;13,8;12,6;12,6;12,0;11,4;11,4;12,0;12,0;11,4;12,6;13,2;13,8;15,6;16,2;18,6;18,0;0,0;0,0;0,0;0,0;0,0;0,0;0,0;0,0;0,0;0,0;0,0;0,0;0,0;0,0;0,0;0,0;0,0;0,0;0,0;0,0;0,0;0,0;0,0;0,0;0,0;0,0;0,0;0,0;0,0;0,0;0,0;0,0;0,0;0,0;0,0;0,0;0,0;0,0;0,0;0,0;0,0;0,0;0,0;0,0;0,0;0,0;0,0;0,0;0,0;0,0;0,0;0,0;0,0;0,0;0,0;0,0;16,2;14,4;13,8;13,8;14,4;12,6;12,6;12,0;12,0;11,4;11,4;5,7;;;;
02/03/2024;13,2;12,6;12,0;13,2;12,6;13,2;13,2;13,2;12,6;12,0;12,6;13,8;12,0;12,0;10,8;12,0;10,8;10,8;11,4;12,6;12,0;13,2;13,2;14,4;16,8;15,6;18,0;18,0;0,0;0,0;0,0;0,0;0,0;0,0;0,0;0,0;0,0;0,0;0,0;0,0;0,0;0,0;0,0;0,0;0,0;0,0;0,0;0,0;0,0;0,0;0,0;0,0;0,0;0,0;0,0;0,0;0,0;0,0;0,0;0,0;0,0;0,0;0,0;0,0;0,0;0,0;0,0;0,0;0,0;0,0;0,0;0,0;0,0;0,0;0,0;0,0;0,0;0,0;0,0;0,0;0,0;0,0;0,0;0,0;16,8;16,2;13,8;13,2;13,2;13,8;12,6;12,6;12,0;12,6;11,4;6,0;;;;
03/03/2024;13,8;12,6;13,2;12,6;13,8;13,2;12,6;13,2;13,2;12,6;12,6;12,6;12,6;12,0;10,8;11,4;12,0;10,8;11,4;10,8;11,4;12,6;13,8;12,6;15,6;15,6;17,4;17,4;0,0;0,0;0,0;0,0;0,0;0,0;0,0;0,0;0,0;0,0;0,0;0,0;0,0;0,0;0,0;0,0;0,0;0,0;0,0;0,0;0,0;0,0;0,0;0,0;0,0;0,0;0,0;0,0;0,0;0,0;0,0;0,0;0,0;0,0;0,0;0,0;0,0;0,0;0,0;0,0;0,0;0,0;0,0;0,0;0,0;0,0;0,0;0,0;0,0;0,0;0,0;0,0;0,0;0,0;0,0;0,0;16,8;15,6;16,2;15,6;15,0;14,4;13,2;14,4;12,6;12,6;12,6;6,9;;;;
04/03/2024;13,2;14,4;13,8;15,0;13,8;15,0;15,0;15,6;13,8;13,8;15,0;14,4;13,8;15,0;14,4;13,2;13,8;12,6;12,6;12,0;12,0;14,4;12,6;13,8;13,8;16,8;16,8;18,0;0,0;0,0;0,0;0,0;0,0;0,0;0,0;0,0;0,0;0,0;0,0;0,0;0,0;0,0;0,0;0,0;0,0;0,0;0,0;0,0;0,0;0,0;0,0;0,0;0,0;0,0;0,0;0,0;0,0;0,0;0,0;0,0;0,0;0,0;0,0;0,0;0,0;0,0;0,0;0,0;0,0;0,0;0,0;0,0;0,0;0,0;0,0;0,0;0,0;0,0;0,0;0,0;0,0;0,0;0,0;0,0;16,2;13,8;14,4;13,8;13,8;12,6;12,0;12,6;12,6;12,0;12,0;6,3;;;;
05/03/2024;13,2;13,2;12,6;12,6;14,4;13,2;13,2;12,6;13,8;12,6;13,2;12,6;13,2;13,2;11,4;11,4;12,6;10,8;11,4;10,8;12,0;11,4;10,8;11,4;14,4;15,0;16,2;16,8;0,0;0,0;0,0;0,0;0,0;0,0;0,0;0,0;0,0;0,0;0,0;0,0;0,0;0,0;0,0;0,0;0,0;0,0;0,0;0,0;0,0;0,0;0,0;0,0;0,0;0,0;0,0;0,0;0,0;0,0;0,0;0,0;0,0;0,0;0,0;0,0;0,0;0,0;0,0;0,0;0,0;0,0;0,0;0,0;0,0;0,0;0,0;0,0;0,0;0,0;0,0;0,0;0,0;0,0;0,0;0,0;15,0;15,0;14,4;14,4;13,8;13,8;13,2;13,2;12,0;13,2;12,6;6,0;;;;
06/03/2024;13,8;13,8;13,2;12,6;12,6;13,8;13,2;13,2;13,2;13,8;13,2;13,8;13,2;13,2;11,4;11,4;10,8;11,4;12,0;11,4;11,4;11,4;12,6;12,0;13,8;15,6;14,4;21,0;0,0;0,0;0,0;0,0;0,0;0,0;0,0;0,0;0,0;0,0;0,0;0,0;0,0;0,0;0,0;0,0;0,0;0,0;0,0;0,0;0,0;0,0;0,0;0,0;0,0;0,0;0,0;0,0;0,0;0,0;0,0;0,0;0,0;0,0;0,0;0,0;0,0;0,0;0,0;0,0;0,0;0,0;0,0;0,0;0,0;0,0;0,0;0,0;0,0;0,0;0,0;0,0;0,0;0,0;0,0;0,0;15,6;15,0;14,4;14,4;13,2;15,0;13,8;13,2;13,2;13,8;12,6;6,0;;;;
07/03/2024;14,4;14,4;13,2;13,2;13,2;13,8;14,4;13,8;13,2;13,8;14,4;13,8;13,8;13,2;12,6;12,0;12,0;12,0;12,0;13,2;12,0;13,2;12,6;14,4;16,2;15,6;17,4;18,0;0,0;0,0;0,0;0,0;0,0;0,0;0,0;0,0;0,0;0,0;0,0;0,0;0,0;0,0;0,0;0,0;0,0;0,0;0,0;0,0;0,0;0,0;0,0;0,0;0,0;0,0;0,0;0,0;0,0;0,0;0,0;0,0;0,0;0,0;0,0;0,0;0,0;0,0;0,0;0,0;0,0;0,0;0,0;0,0;0,0;0,0;0,0;0,0;0,0;0,0;0,0;0,0;0,0;0,0;0,0;0,0;15,6;15,0;13,2;13,8;13,8;12,6;12,6;12,0;12,0;11,4;11,4;6,0;;;;
08/03/2024;13,8;12,6;12,6;13,2;13,2;13,2;12,6;13,2;13,2;12,6;13,2;12,6;12,6;13,2;10,8;11,4;12,0;11,4;10,8;11,4;11,4;11,4;12,6;12,6;13,2;15,0;15,6;16,2;0,0;0,0;0,0;0,0;0,0;0,0;0,0;0,0;0,0;0,0;0,0;0,0;0,0;0,0;0,0;0,0;0,0;0,0;0,0;0,0;0,0;0,0;0,0;0,0;0,0;0,0;0,0;0,0;0,0;0,0;0,0;0,0;0,0;0,0;0,0;0,0;0,0;0,0;0,0;0,0;0,0;0,0;0,0;0,0;0,0;0,0;0,0;0,0;0,0;0,0;0,0;0,0;0,0;0,0;0,0;0,0;15,0;15,0;15,0;14,4;15,0;14,4;14,4;13,2;13,8;13,2;13,8;6,6;;;;
09/03/2024;14,4;14,4;15,0;13,8;14,4;14,4;13,8;14,4;14,4;13,8;15,0;15,0;14,4;13,8;12,6;13,2;13,2;12,0;12,6;12,0;13,8;12,6;12,6;13,2;15,6;15,6;16,2;16,2;0,0;0,0;0,0;0,0;0,0;0,0;0,0;0,0;0,0;0,0;0,0;0,0;0,0;0,0;0,0;0,0;0,0;0,0;0,0;0,0;0,0;0,0;0,0;0,0;0,0;0,0;0,0;0,0;0,0;0,0;0,0;0,0;0,0;0,0;0,0;0,0;0,0;0,0;0,0;0,0;0,0;0,0;0,0;0,0;0,0;0,0;0,0;0,0;0,0;0,0;0,0;0,0;0,0;0,0;0,0;0,0;17,4;16,8;16,2;15,6;15,6;14,4;12,6;13,2;12,6;13,8;12,0;6,0;;;;
10/03/2024;13,8;16,2;13,8;13,2;13,2;14,4;14,4;13,8;12,6;13,2;14,4;13,8;13,2;13,2;12,0;12,0;11,4;11,4;12,0;13,8;13,2;12,0;11,4;13,2;14,4;14,4;16,2;16,2;0,0;0,0;0,0;0,0;0,0;0,0;0,0;0,0;0,0;0,0;0,0;0,0;0,0;0,0;0,0;0,0;0,0;0,0;0,0;0,0;0,0;0,0;0,0;0,0;0,0;0,0;0,0;0,0;0,0;0,0;0,0;0,0;0,0;0,0;0,0;0,0;0,0;0,0;0,0;0,0;0,0;0,0;0,0;0,0;0,0;0,0;0,0;0,0;0,0;0,0;0,0;0,0;0,0;0,0;0,0;0,0;17,4;14,4;14,4;14,4;14,4;15,0;13,2;12,6;12,6;13,2;12,6;6,6;;;;
11/03/2024;13,2;13,8;15,0;13,2;14,4;13,8;14,4;13,8;13,8;14,4;13,8;15,0;13,8;13,8;12,6;13,2;12,0;12,0;12,6;12,6;13,2;12,0;13,8;12,6;16,8;16,2;16,2;18,0;0,0;0,0;0,0;0,0;0,0;0,0;0,0;0,0;0,0;0,0;0,0;0,0;0,0;0,0;0,0;0,0;0,0;0,0;0,0;0,0;0,0;0,0;0,0;0,0;0,0;0,0;0,0;0,0;0,0;0,0;0,0;0,0;0,0;0,0;0,0;0,0;0,0;0,0;0,0;0,0;0,0;0,0;0,0;0,0;0,0;0,0;0,0;0,0;0,0;0,0;0,0;0,0;0,0;0,0;0,0;0,0;15,0;15,0;15,6;15,0;13,2;13,2;13,8;12,6;12,6;12,6;12,6;6,6;;;;
12/03/2024;13,8;13,2;13,2;13,8;13,2;13,2;13,2;13,8;14,4;13,8;13,8;13,2;14,4;13,2;12,0;12,0;12,0;11,4;12,0;12,6;12,0;12,0;13,2;12,0;14,4;15,6;14,4;15,6;0,0;0,0;0,0;0,0;0,0;0,0;0,0;0,0;0,0;0,0;0,0;0,0;0,0;0,0;0,0;0,0;0,0;0,0;0,0;0,0;0,0;0,0;0,0;0,0;0,0;0,0;0,0;0,0;0,0;0,0;0,0;0,0;0,0;0,0;0,0;0,0;0,0;0,0;0,0;0,0;0,0;0,0;0,0;0,0;0,0;0,0;0,0;0,0;0,0;0,0;0,0;0,0;0,0;0,0;0,0;0,0;15,6;13,8;14,4;15,6;14,4;13,2;12,6;13,2;12,0;12,6;12,0;6,9;;;;
13/03/2024;13,8;13,8;12,6;14,4;13,2;13,2;12,6;13,2;13,8;13,2;13,2;13,2;14,4;12,6;11,4;12,0;12,0;12,0;12,0;11,4;12,0;13,2;11,4;13,8;13,8;15,0;15,0;17,4;0,0;0,0;0,0;0,0;0,0;0,0;0,0;0,0;0,0;0,0;0,0;0,0;0,0;0,0;0,0;0,0;0,0;0,0;0,0;0,0;0,0;0,0;0,0;0,0;0,0;0,0;0,0;0,0;0,0;0,0;0,0;0,0;0,0;0,0;0,0;0,0;0,0;0,0;0,0;0,0;0,0;0,0;0,0;0,0;0,0;0,0;0,0;0,0;0,0;0,0;0,0;0,0;0,0;0,0;0,0;0,0;15,0;15,0;15,0;13,8;13,8;14,4;13,2;12,6;12,0;12,6;11,4;6,0;;;;
14/03/2024;13,8;15,0;13,2;13,2;13,8;13,8;13,8;13,2;13,2;13,8;13,2;13,2;13,8;13,2;12,6;11,4;12,0;11,4;12,6;11,4;12,0;12,0;12,0;13,8;14,4;15,6;15,0;16,8;0,0;0,0;0,0;0,0;0,0;0,0;0,0;0,0;0,0;0,0;0,0;0,0;0,0;0,0;0,0;0,0;0,0;0,0;0,0;0,0;0,0;0,0;0,0;0,0;0,0;0,0;0,0;0,0;0,0;0,0;0,0;0,0;0,0;0,0;0,0;0,0;0,0;0,0;0,0;0,0;0,0;0,0;0,0;0,0;0,0;0,0;0,0;0,0;0,0;0,0;0,0;0,0;0,0;0,0;0,0;0,0;16,8;15,6;14,4;14,4;13,8;14,4;14,4;13,8;12,6;12,0;13,2;6,0;;;;
15/03/2024;13,8;13,8;13,8;14,4;13,2;14,4;13,2;14,4;13,2;13,8;13,8;13,2;15,0;13,8;12,6;12,0;13,2;12,6;11,4;12,0;11,4;13,8;12,6;14,4;15,6;19,2;18,6;16,2;0,0;0,0;0,0;0,0;0,0;0,0;0,0;0,0;0,0;0,0;0,0;0,0;0,0;0,0;0,0;0,0;0,0;0,0;0,0;0,0;0,0;0,0;0,0;0,0;0,0;0,0;0,0;0,0;0,0;0,0;0,0;0,0;0,0;0,0;0,0;0,0;0,0;0,0;0,0;0,0;0,0;0,0;0,0;0,0;0,0;0,0;0,0;0,0;0,0;0,0;0,0;0,0;0,0;0,0;0,0;0,0;19,2;16,8;16,2;17,4;16,8;14,4;15,0;15,0;14,4;13,8;13,2;6,9;;;;
16/03/2024;14,4;14,4;13,8;15,6;15,0;13,8;13,8;13,8;13,8;19,2;22,8;15,6;13,2;15,0;13,2;12,6;13,2;12,6;13,2;12,6;13,8;13,8;15,0;13,2;15,0;15,0;15,6;16,2;0,0;0,0;0,0;0,0;0,0;0,0;0,0;0,0;0,0;0,0;0,0;0,0;0,0;0,0;0,0;0,0;0,0;0,0;0,0;0,0;0,0;0,0;0,0;0,0;0,0;0,0;0,0;0,0;0,0;0,0;0,0;0,0;0,0;0,0;0,0;0,0;0,0;0,0;0,0;0,0;0,0;0,0;0,0;0,0;0,0;0,0;0,0;0,0;0,0;0,0;0,0;0,0;0,0;0,0;0,0;0,0;18,0;15,0;14,4;16,2;13,8;13,8;13,8;13,8;12,0;12,6;13,2;6,0;;;;
17/03/2024;14,4;13,2;13,8;13,2;15,0;14,4;13,2;13,2;14,4;13,2;13,8;13,8;13,8;14,4;12,6;13,2;12,0;13,2;11,4;12,0;12,0;12,6;12,0;12,0;15,0;16,2;18,0;17,4;0,0;0,0;0,0;0,0;0,0;0,0;0,0;0,0;0,0;0,0;0,0;0,0;0,0;0,0;0,0;0,0;0,0;0,0;0,0;0,0;0,0;0,0;0,0;0,0;0,0;0,0;0,0;0,0;0,0;0,0;0,0;0,0;0,0;0,0;0,0;0,0;0,0;0,0;0,0;0,0;0,0;0,0;0,0;0,0;0,0;0,0;0,0;0,0;0,0;0,0;0,0;0,0;0,0;0,0;0,0;0,0;15,6;14,4;13,8;14,4;14,4;13,2;13,2;12,6;12,0;11,4;11,4;5,7;;;;
18/03/2024;14,4;13,2;12,6;12,6;13,8;12,6;13,2;13,2;13,2;12,6;13,2;13,2;14,4;12,6;12,0;12,6;12,6;11,4;11,4;12,0;12,0;12,0;10,8;12,0;15,6;15,0;14,4;15,6;0,0;0,0;0,0;0,0;0,0;0,0;0,0;0,0;0,0;0,0;0,0;0,0;0,0;0,0;0,0;0,0;0,0;0,0;0,0;0,0;0,0;0,0;0,0;0,0;0,0;0,0;0,0;0,0;0,0;0,0;0,0;0,0;0,0;0,0;0,0;0,0;0,0;0,0;0,0;0,0;0,0;0,0;0,0;0,0;0,0;0,0;0,0;0,0;0,0;0,0;0,0;0,0;0,0;0,0;0,0;0,0;16,8;15,6;14,4;15,0;15,0;14,4;13,2;12,6;13,2;12,0;12,0;6,0;;;;
19/03/2024;15,0;13,2;13,2;13,2;14,4;13,2;13,2;13,2;14,4;13,2;13,8;13,8;13,2;14,4;12,0;12,0;12,6;12,6;11,4;12,0;12,0;12,0;12,6;12,0;14,4;15,0;15,0;16,2;0,0;0,0;0,0;0,0;0,0;0,0;0,0;0,0;0,0;0,0;0,0;0,0;0,0;0,0;0,0;0,0;0,0;0,0;0,0;0,0;0,0;0,0;0,0;0,0;0,0;0,0;0,0;0,0;0,0;0,0;0,0;0,0;0,0;0,0;0,0;0,0;0,0;0,0;0,0;0,0;0,0;0,0;0,0;0,0;0,0;0,0;0,0;0,0;0,0;0,0;0,0;0,0;0,0;0,0;0,0;0,0;15,6;15,0;14,4;15,0;14,4;13,8;12,6;13,8;11,4;11,4;12,0;6,0;;;;
20/03/2024;14,4;13,2;13,2;14,4;13,8;13,2;13,2;13,2;13,8;13,8;13,8;13,2;13,2;13,8;12,6;12,0;12,6;12,6;13,2;11,4;12,0;11,4;12,6;14,4;15,0;16,8;15,0;16,2;0,0;0,0;0,0;0,0;0,0;0,0;0,0;0,0;0,0;0,0;0,0;0,0;0,0;0,0;0,0;0,0;0,0;0,0;0,0;0,0;0,0;0,0;0,0;0,0;0,0;0,0;0,0;0,0;0,0;0,0;0,0;0,0;0,0;0,0;0,0;0,0;0,0;0,0;0,0;0,0;0,0;0,0;0,0;0,0;0,0;0,0;0,0;0,0;0,0;0,0;0,0;0,0;0,0;0,0;0,0;0,0;14,4;14,4;14,4;12,6;12,6;13,2;13,2;11,4;11,4;10,2;11,4;5,7;;;;
21/03/2024;13,2;12,6;12,6;12,6;12,6;12,0;12,6;13,2;12,6;12,6;12,6;12,0;12,6;12,6;11,4;11,4;12,0;11,4;10,8;10,8;10,8;12,0;11,4;12,0;13,8;15,0;15,0;15,0;0,0;0,0;0,0;0,0;0,0;0,0;0,0;0,0;0,0;0,0;0,0;0,0;0,0;0,0;0,0;0,0;0,0;0,0;0,0;0,0;0,0;0,0;0,0;0,0;0,0;0,0;0,0;0,0;0,0;0,0;0,0;0,0;0,0;0,0;0,0;0,0;0,0;0,0;0,0;0,0;0,0;0,0;0,0;0,0;0,0;0,0;0,0;0,0;0,0;0,0;0,0;0,0;0,0;0,0;0,0;0,0;15,0;14,4;15,0;15,6;15,0;14,4;14,4;14,4;13,2;12,6;13,8;6,9;;;;
22/03/2024;15,0;14,4;14,4;15,0;15,0;14,4;14,4;15,0;13,8;13,8;13,8;14,4;14,4;15,6;12,0;12,0;12,6;12,0;12,0;11,4;12,0;11,4;11,4;13,2;16,2;13,8;16,8;17,4;0,0;0,0;0,0;0,0;0,0;0,0;0,0;0,0;0,0;0,0;0,0;0,0;0,0;0,0;0,0;0,0;0,0;0,0;0,0;0,0;0,0;0,0;0,0;0,0;0,0;0,0;0,0;0,0;0,0;0,0;0,0;0,0;0,0;0,0;0,0;0,0;0,0;0,0;0,0;0,0;0,0;0,0;0,0;0,0;0,0;0,0;0,0;0,0;0,0;0,0;0,0;0,0;0,0;0,0;0,0;0,0;16,2;13,8;14,4;15,6;13,8;13,8;12,6;13,2;12,0;12,0;12,0;5,7;;;;
23/03/2024;13,8;13,2;13,2;13,2;14,4;13,2;13,2;13,2;13,8;13,2;13,2;13,2;13,2;13,8;12,0;12,0;12,0;12,0;12,0;12,0;11,4;12,0;12,6;12,0;15,6;14,4;15,6;18,0;0,0;0,0;0,0;0,0;0,0;0,0;0,0;0,0;0,0;0,0;0,0;0,0;0,0;0,0;0,0;0,0;0,0;0,0;0,0;0,0;0,0;0,0;0,0;0,0;0,0;0,0;0,0;0,0;0,0;0,0;0,0;0,0;0,0;0,0;0,0;0,0;0,0;0,0;0,0;0,0;0,0;0,0;0,0;0,0;0,0;0,0;0,0;0,0;0,0;0,0;0,0;0,0;0,0;0,0;0,0;0,0;17,4;15,0;13,8;14,4;14,4;13,8;13,8;13,2;13,8;12,6;12,6;6,3;;;;
24/03/2024;13,2;14,4;13,2;13,2;13,8;13,8;13,2;13,2;13,2;14,4;13,2;13,2;12,6;13,8;12,0;12,6;12,6;13,2;12,0;11,4;11,4;12,6;12,0;12,0;16,2;15,0;16,2;18,0;0,0;0,0;0,0;0,0;0,0;0,0;0,0;0,0;0,0;0,0;0,0;0,0;0,0;0,0;0,0;0,0;0,0;0,0;0,0;0,0;0,0;0,0;0,0;0,0;0,0;0,0;0,0;0,0;0,0;0,0;0,0;0,0;0,0;0,0;0,0;0,0;0,0;0,0;0,0;0,0;0,0;0,0;0,0;0,0;0,0;0,0;0,0;0,0;0,0;0,0;0,0;0,0;0,0;0,0;0,0;0,0;16,8;13,8;14,4;14,4;14,4;13,8;12,6;12,6;13,2;12,0;12,6;6,0;;;;
25/03/2024;14,4;13,2;13,2;13,2;13,8;13,2;13,8;13,8;13,8;13,8;13,2;13,8;13,2;13,8;12,0;12,6;13,2;12,6;11,4;12,0;12,6;12,6;12,0;12,0;15,0;15,0;14,4;15,6;0,0;0,0;0,0;0,0;0,0;0,0;0,0;0,0;0,0;0,0;0,0;0,0;0,0;0,0;0,0;0,0;0,0;0,0;0,0;0,0;0,0;0,0;0,0;0,0;0,0;0,0;0,0;0,0;0,0;0,0;0,0;0,0;0,0;0,0;0,0;0,0;0,0;0,0;0,0;0,0;0,0;0,0;0,0;0,0;0,0;0,0;0,0;0,0;0,0;0,0;0,0;0,0;0,0;0,0;0,0;0,0;15,6;15,0;13,2;14,4;13,8;13,8;12,6;12,6;11,4;12,6;11,4;6,0;;;;
26/03/2024;13,2;13,8;12,6;12,0;12,6;13,2;12,6;12,6;12,6;13,2;12,0;12,6;12,0;13,2;11,4;10,8;11,4;12,6;10,8;10,2;10,8;11,4;12,0;11,4;14,4;13,8;13,8;15,0;0,0;0,0;0,0;0,0;0,0;0,0;0,0;0,0;0,0;0,0;0,0;0,0;0,0;0,0;0,0;0,0;0,0;0,0;0,0;0,0;0,0;0,0;0,0;0,0;0,0;0,0;0,0;0,0;0,0;0,0;0,0;0,0;0,0;0,0;0,0;0,0;0,0;0,0;0,0;0,0;0,0;0,0;0,0;0,0;0,0;0,0;0,0;0,0;0,0;0,0;0,0;0,0;0,0;0,0;0,0;0,0;15,0;15,0;13,8;13,8;15,0;13,2;13,2;12,6;12,6;11,4;11,4;5,7;;;;
27/03/2024;13,8;12,6;12,6;12,6;13,2;12,0;12,6;13,2;12,6;12,6;12,0;13,8;12,6;12,6;12,0;12,6;12,0;11,4;12,0;10,8;10,8;10,8;13,2;10,8;14,4;15,6;15,0;15,6;0,0;0,0;0,0;0,0;0,0;0,0;0,0;0,0;0,0;0,0;0,0;0,0;0,0;0,0;0,0;0,0;0,0;0,0;0,0;0,0;0,0;0,0;0,0;0,0;0,0;0,0;0,0;0,0;0,0;0,0;0,0;0,0;0,0;0,0;0,0;0,0;0,0;0,0;0,0;0,0;0,0;0,0;0,0;0,0;0,0;0,0;0,0;0,0;0,0;0,0;0,0;0,0;0,0;0,0;0,0;0,0;15,0;13,8;15,0;13,8;13,2;13,2;13,2;12,0;12,0;12,0;12,6;6,0;;;;
28/03/2024;13,2;13,2;13,8;13,2;12,6;13,2;13,2;12,6;13,2;13,8;12,6;11,4;12,0;13,2;12,6;13,2;12,6;13,8;12,6;13,2;13,8;16,2;16,2;17,4;22,8;25,8;25,8;27,0;0,0;0,0;0,0;0,0;0,0;0,0;0,0;0,0;0,0;0,0;0,0;0,0;0,0;0,0;0,0;0,0;0,0;0,0;0,0;0,0;0,0;0,0;0,0;0,0;0,0;0,0;0,0;0,0;0,0;0,0;0,0;0,0;0,0;0,0;0,0;0,0;0,0;0,0;0,0;0,0;0,0;0,0;0,0;0,0;0,0;0,0;0,0;0,0;0,0;0,0;0,0;0,0;0,0;0,0;0,0;0,0;13,2;13,2;13,8;12,6;12,0;12,0;12,0;11,4;0,0;0,0;0,0;;;;;
29/03/2024;13,2;14,4;13,2;13,8;13,2;14,4;13,2;13,2;13,2;13,8;13,2;13,2;13,2;12,6;12,0;12,6;13,2;12,6;10,8;12,0;12,6;11,4;12,0;13,2;14,4;16,2;16,2;19,2;0,0;0,0;0,0;0,0;0,0;0,0;0,0;0,0;0,0;0,0;0,0;0,0;0,0;0,0;0,0;0,0;0,0;0,0;0,0;0,0;0,0;0,0;0,0;0,0;0,0;0,0;0,0;0,0;0,0;0,0;0,0;0,0;0,0;0,0;0,0;0,0;0,0;0,0;0,0;0,0;0,0;0,0;0,0;0,0;0,0;0,0;0,0;0,0;0,0;0,0;0,0;0,0;0,0;0,0;0,0;0,0;15,0;14,4;14,4;13,8;14,4;13,2;12,6;12,6;12,6;11,4;10,8;6,0;;;;
30/03/2024;13,2;13,2;12,6;13,8;12,6;13,2;13,2;13,2;13,2;12,6;13,8;13,2;12,0;13,2;12,6;11,4;12,0;11,4;12,6;11,4;12,6;12,0;12,6;11,4;14,4;15,6;16,8;16,8;0,0;0,0;0,0;0,0;0,0;0,0;0,0;0,0;0,0;0,0;0,0;0,0;0,0;0,0;0,0;0,0;0,0;0,0;0,0;0,0;0,0;0,0;0,0;0,0;0,0;0,0;0,0;0,0;0,0;0,0;0,0;0,0;0,0;0,0;0,0;0,0;0,0;0,0;0,0;0,0;0,0;0,0;0,0;0,0;0,0;0,0;0,0;0,0;0,0;0,0;0,0;0,0;0,0;0,0;0,0;0,0;15,0;14,4;14,4;14,4;14,4;13,8;14,4;13,2;12,6;12,6;13,2;6,0;;;;
31/03/2024;13,2;13,8;13,2;12,6;13,2;13,8;13,8;13,2;14,4;12,6;13,2;14,4;14,4;13,2;12,0;13,2;13,2;11,4;12,0;12,6;11,4;12,6;12,0;12,6;14,4;14,4;15,0;16,8;0,0;0,0;0,0;0,0;0,0;0,0;0,0;0,0;0,0;0,0;0,0;0,0;0,0;0,0;0,0;0,0;0,0;0,0;0,0;0,0;0,0;0,0;0,0;0,0;0,0;0,0;0,0;0,0;0,0;0,0;0,0;0,0;0,0;0,0;0,0;0,0;0,0;0,0;0,0;0,0;0,0;0,0;0,0;0,0;0,0;0,0;0,0;0,0;0,0;0,0;0,0;0,0;0,0;0,0;0,0;0,0;15,6;15,6;14,4;13,8;14,4;13,2;12,6;12,6;12,6;11,4;12,0;6,6;;;;
01/04/2024;12,6;13,2;12,6;14,4;13,2;13,2;13,8;13,2;13,2;12,6;13,8;13,2;12,6;12,6;12,6;12,0;11,4;13,2;11,4;12,0;12,6;14,4;12,0;12,6;16,2;15,6;15,0;16,8;0,0;0,0;0,0;0,0;0,0;0,0;0,0;0,0;0,0;0,0;0,0;0,0;0,0;0,0;0,0;0,0;0,0;0,0;0,0;0,0;0,0;0,0;0,0;0,0;0,0;0,0;0,0;0,0;0,0;0,0;0,0;0,0;0,0;0,0;0,0;0,0;0,0;0,0;0,0;0,0;0,0;0,0;0,0;0,0;0,0;0,0;0,0;0,0;0,0;0,0;0,0;0,0;0,0;0,0;0,0;0,0;14,4;15,6;13,8;13,8;14,4;13,8;12,6;13,2;13,2;12,0;12,0;6,6;;;;
02/04/2024;14,4;12,6;13,8;13,8;13,2;13,8;14,4;13,2;13,8;13,2;14,4;13,8;13,2;13,2;12,6;12,0;12,6;12,6;11,4;12,0;11,4;13,2;11,4;13,8;17,4;16,2;16,2;19,2;0,0;0,0;0,0;0,0;0,0;0,0;0,0;0,0;0,0;0,0;0,0;0,0;0,0;0,0;0,0;0,0;0,0;0,0;0,0;0,0;0,0;0,0;0,0;0,0;0,0;0,0;0,0;0,0;0,0;0,0;0,0;0,0;0,0;0,0;0,0;0,0;0,0;0,0;0,0;0,0;0,0;0,0;0,0;0,0;0,0;0,0;0,0;0,0;0,0;0,0;0,0;0,0;0,0;0,0;0,0;0,0;16,2;14,4;15,0;13,2;13,8;13,2;13,2;12,6;12,0;12,6;12,6;6,0;;;;
03/04/2024;14,4;12,6;13,2;13,2;13,2;13,2;13,2;13,8;12,6;13,2;13,2;13,2;13,8;12,6;13,2;12,6;12,6;12,6;12,6;11,4;11,4;13,2;12,0;13,2;15,0;15,6;16,2;19,2;0,0;0,0;0,0;0,0;0,0;0,0;0,0;0,0;0,0;0,0;0,0;0,0;0,0;0,0;0,0;0,0;0,0;0,0;0,0;0,0;0,0;0,0;0,0;0,0;0,0;0,0;0,0;0,0;0,0;0,0;0,0;0,0;0,0;0,0;0,0;0,0;0,0;0,0;0,0;0,0;0,0;0,0;0,0;0,0;0,0;0,0;0,0;0,0;0,0;0,0;0,0;0,0;0,0;0,0;0,0;0,0;16,2;15,6;15,0;15,0;15,6;14,4;13,8;12,6;13,2;12,0;11,4;6,3;;;;
04/04/2024;13,2;13,2;13,2;13,8;13,2;12,6;13,8;13,8;13,2;13,2;14,4;13,2;13,8;12,6;13,2;11,4;12,0;12,0;13,2;11,4;11,4;12,6;12,0;12,6;15,0;16,8;18,0;16,8;0,0;0,0;0,0;0,0;0,0;0,0;0,0;0,0;0,0;0,0;0,0;0,0;0,0;0,0;0,0;0,0;0,0;0,0;0,0;0,0;0,0;0,0;0,0;0,0;0,0;0,0;0,0;0,0;0,0;0,0;0,0;0,0;0,0;0,0;0,0;0,0;0,0;0,0;0,0;0,0;0,0;0,0;0,0;0,0;0,0;0,0;0,0;0,0;0,0;0,0;0,0;0,0;0,0;0,0;0,0;0,0;14,4;15,6;13,8;13,8;14,4;13,8;12,6;12,6;13,2;11,4;11,4;5,7;;;;
05/04/2024;13,8;13,2;13,2;13,2;13,8;13,2;13,2;15,0;13,2;13,2;14,4;13,2;13,2;13,2;13,2;12,0;12,0;12,6;12,6;12,0;12,0;12,6;12,0;13,2;14,4;15,6;15,6;16,2;0,0;0,0;0,0;0,0;0,0;0,0;0,0;0,0;0,0;0,0;0,0;0,0;0,0;0,0;0,0;0,0;0,0;0,0;0,0;0,0;0,0;0,0;0,0;0,0;0,0;0,0;0,0;0,0;0,0;0,0;0,0;0,0;0,0;0,0;0,0;0,0;0,0;0,0;0,0;0,0;0,0;0,0;0,0;0,0;0,0;0,0;0,0;0,0;0,0;0,0;0,0;0,0;0,0;0,0;0,0;0,0;16,2;13,8;14,4;14,4;13,8;13,2;13,2;13,2;12,0;12,0;11,4;6,3;;;;
06/04/2024;13,2;13,2;13,8;13,8;13,8;13,2;14,4;13,2;13,8;13,8;15,0;13,2;13,8;13,2;12,6;12,0;12,0;13,2;11,4;12,0;11,4;13,2;12,0;12,6;14,4;15,6;15,6;16,8;0,0;0,0;0,0;0,0;0,0;0,0;0,0;0,0;0,0;0,0;0,0;0,0;0,0;0,0;0,0;0,0;0,0;0,0;0,0;0,0;0,0;0,0;0,0;0,0;0,0;0,0;0,0;0,0;0,0;0,0;0,0;0,0;0,0;0,0;0,0;0,0;0,0;0,0;0,0;0,0;0,0;0,0;0,0;0,0;0,0;0,0;0,0;0,0;0,0;0,0;0,0;0,0;0,0;0,0;0,0;0,0;16,2;13,8;14,4;13,2;12,6;12,6;12,6;12,0;10,8;11,4;12,0;5,7;;;;
07/04/2024;13,2;12,6;13,8;12,6;12,6;12,6;13,8;12,0;12,6;12,0;13,2;12,0;12,0;12,0;12,0;11,4;10,8;10,8;12,0;10,8;12,0;10,8;13,2;12,0;13,8;13,8;15,6;15,6;0,0;0,0;0,0;0,0;0,0;0,0;0,0;0,0;0,0;0,0;0,0;0,0;0,0;0,0;0,0;0,0;0,0;0,0;0,0;0,0;0,0;0,0;0,0;0,0;0,0;0,0;0,0;0,0;0,0;0,0;0,0;0,0;0,0;0,0;0,0;0,0;0,0;0,0;0,0;0,0;0,0;0,0;0,0;0,0;0,0;0,0;0,0;0,0;0,0;0,0;0,0;0,0;0,0;0,0;0,0;0,0;15,6;15,0;14,4;14,4;14,4;12,6;11,4;12,0;11,4;11,4;10,8;5,4;;;;
08/04/2024;12,6;12,6;12,6;12,0;12,6;12,0;12,6;12,6;13,2;12,6;12,6;12,6;12,0;13,2;10,8;12,6;11,4;12,6;10,8;11,4;12,0;12,6;12,0;12,0;14,4;14,4;17,4;18,6;0,0;0,0;0,0;0,0;0,0;0,0;0,0;0,0;0,0;0,0;0,0;0,0;0,0;0,0;0,0;0,0;0,0;0,0;0,0;0,0;0,0;0,0;0,0;0,0;0,0;0,0;0,0;0,0;0,0;0,0;0,0;0,0;0,0;0,0;0,0;0,0;0,0;0,0;0,0;0,0;0,0;0,0;0,0;0,0;0,0;0,0;0,0;0,0;0,0;0,0;0,0;0,0;0,0;0,0;0,0;0,0;15,6;14,4;13,8;13,2;13,8;13,8;12,6;12,0;11,4;12,6;11,4;5,7;;;;
09/04/2024;13,2;14,4;13,2;13,2;12,6;13,8;13,2;13,2;13,8;13,8;13,2;13,2;13,8;13,2;12,0;12,0;12,6;12,0;11,4;12,0;12,6;12,6;11,4;12,0;15,0;15,0;15,0;17,4;0,0;0,0;0,0;0,0;0,0;0,0;0,0;0,0;0,0;0,0;0,0;0,0;0,0;0,0;0,0;0,0;0,0;0,0;0,0;0,0;0,0;0,0;0,0;0,0;0,0;0,0;0,0;0,0;0,0;0,0;0,0;0,0;0,0;0,0;0,0;0,0;0,0;0,0;0,0;0,0;0,0;0,0;0,0;0,0;0,0;0,0;0,0;0,0;0,0;0,0;0,0;0,0;0,0;0,0;0,0;0,0;16,8;14,4;15,6;15,0;13,8;13,8;13,8;12,6;11,4;12,0;12,0;5,7;;;;
10/04/2024;13,2;13,2;13,8;13,2;13,2;13,2;13,8;13,2;12,6;13,2;13,8;13,8;12,6;13,2;12,6;12,6;12,6;12,0;12,6;11,4;12,0;12,6;12,6;12,0;14,4;15,6;17,4;17,4;0,0;0,0;0,0;0,0;0,0;0,0;0,0;0,0;0,0;0,0;0,0;0,0;0,0;0,0;0,0;0,0;0,0;0,0;0,0;0,0;0,0;0,0;0,0;0,0;0,0;0,0;0,0;0,0;0,0;0,0;0,0;0,0;0,0;0,0;0,0;0,0;0,0;0,0;0,0;0,0;0,0;0,0;0,0;0,0;0,0;0,0;0,0;0,0;0,0;0,0;0,0;0,0;0,0;0,0;0,0;0,0;16,8;15,6;15,6;16,2;14,4;14,4;14,4;14,4;13,2;13,2;13,8;6,9;;;;
11/04/2024;14,4;15,0;15,0;15,6;14,4;14,4;15,6;14,4;14,4;13,8;15,0;14,4;14,4;14,4;14,4;13,2;13,2;13,2;13,2;13,2;13,2;12,6;14,4;13,2;16,2;15,6;17,4;18,0;0,0;0,0;0,0;0,0;0,0;0,0;0,0;0,0;0,0;0,0;0,0;0,0;0,0;0,0;0,0;0,0;0,0;0,0;0,0;0,0;0,0;0,0;0,0;0,0;0,0;0,0;0,0;0,0;0,0;0,0;0,0;0,0;0,0;0,0;0,0;0,0;0,0;0,0;0,0;0,0;0,0;0,0;0,0;0,0;0,0;0,0;0,0;0,0;0,0;0,0;0,0;0,0;0,0;0,0;0,0;0,0;17,4;17,4;15,6;15,6;15,0;15,6;13,8;14,4;13,2;13,8;13,2;6,6;;;;
12/04/2024;15,0;15,6;14,4;15,0;14,4;14,4;13,8;14,4;15,6;14,4;14,4;15,0;15,0;15,0;13,8;15,0;13,8;13,2;13,2;13,8;13,2;12,6;14,4;16,8;16,2;16,2;18,0;19,2;0,0;0,0;0,0;0,0;0,0;0,0;0,0;0,0;0,0;0,0;0,0;0,0;0,0;0,0;0,0;0,0;0,0;0,0;0,0;0,0;0,0;0,0;0,0;0,0;0,0;0,0;0,0;0,0;0,0;0,0;0,0;0,0;0,0;0,0;0,0;0,0;0,0;0,0;0,0;0,0;0,0;0,0;0,0;0,0;0,0;0,0;0,0;0,0;0,0;0,0;0,0;0,0;0,0;0,0;0,0;0,0;17,4;15,6;14,4;13,8;14,4;14,4;12,0;12,0;10,8;12,0;11,4;5,7;;;;
13/04/2024;12,0;13,8;13,8;12,6;12,6;13,2;12,6;12,6;12,0;14,4;12,6;13,2;12,6;13,8;12,0;12,0;12,0;12,0;11,4;10,8;11,4;12,6;13,2;12,0;15,0;15,0;15,6;16,2;0,0;0,0;0,0;0,0;0,0;0,0;0,0;0,0;0,0;0,0;0,0;0,0;0,0;0,0;0,0;0,0;0,0;0,0;0,0;0,0;0,0;0,0;0,0;0,0;0,0;0,0;0,0;0,0;0,0;0,0;0,0;0,0;0,0;0,0;0,0;0,0;0,0;0,0;0,0;0,0;0,0;0,0;0,0;0,0;0,0;0,0;0,0;0,0;0,0;0,0;0,0;0,0;0,0;0,0;0,0;0,0;16,2;15,6;15,0;14,4;15,0;15,0;13,2;13,2;13,2;12,6;12,0;6,3;;;;
14/04/2024;14,4;13,2;13,8;13,2;14,4;13,2;13,8;13,2;15,0;13,8;13,8;13,2;14,4;13,2;12,6;13,8;12,6;12,0;11,4;12,6;12,0;12,6;13,2;12,6;15,6;15,0;15,6;17,4;0,0;0,0;0,0;0,0;0,0;0,0;0,0;0,0;0,0;0,0;0,0;0,0;0,0;0,0;0,0;0,0;0,0;0,0;0,0;0,0;0,0;0,0;0,0;0,0;0,0;0,0;0,0;0,0;0,0;0,0;0,0;0,0;0,0;0,0;0,0;0,0;0,0;0,0;0,0;0,0;0,0;0,0;0,0;0,0;0,0;0,0;0,0;0,0;0,0;0,0;0,0;0,0;0,0;0,0;0,0;0,0;15,6;15,0;14,4;15,0;15,0;13,8;13,2;13,8;12,0;12,0;12,0;6,6;;;;
15/04/2024;16,2;15,0;13,8;13,8;15,6;13,8;15,0;14,4;15,6;13,8;13,2;13,8;13,2;13,2;12,0;12,6;13,2;12,6;12,6;12,0;13,2;12,0;13,2;14,4;18,0;15,0;15,6;17,4;0,0;0,0;0,0;0,0;0,0;0,0;0,0;0,0;0,0;0,0;0,0;0,0;0,0;0,0;0,0;0,0;0,0;0,0;0,0;0,0;0,0;0,0;0,0;0,0;0,0;0,0;0,0;0,0;0,0;0,0;0,0;0,0;0,0;0,0;0,0;0,0;0,0;0,0;0,0;0,0;0,0;0,0;0,0;0,0;0,0;0,0;0,0;0,0;0,0;0,0;0,0;0,0;0,0;0,0;0,0;0,0;18,0;14,4;14,4;14,4;14,4;14,4;12,6;13,8;12,0;12,0;12,0;6,6;;;;
16/04/2024;13,2;13,2;13,8;14,4;14,4;13,8;13,8;13,8;14,4;13,2;13,8;15,0;13,8;13,2;12,6;13,8;12,0;12,6;11,4;13,2;12,0;12,0;12,0;13,8;15,6;14,4;16,8;17,4;0,0;0,0;0,0;0,0;0,0;0,0;0,0;0,0;0,0;0,0;0,0;0,0;0,0;0,0;0,0;0,0;0,0;0,0;0,0;0,0;0,0;0,0;0,0;0,0;0,0;0,0;0,0;0,0;0,0;0,0;0,0;0,0;0,0;0,0;0,0;0,0;0,0;0,0;0,0;0,0;0,0;0,0;0,0;0,0;0,0;0,0;0,0;0,0;0,0;0,0;0,0;0,0;0,0;0,0;0,0;0,0;15,6;16,2;14,4;14,4;14,4;15,0;12,6;12,6;12,6;12,6;12,0;6,3;;;;
17/04/2024;13,8;14,4;13,8;13,8;13,2;14,4;14,4;13,2;14,4;13,8;13,8;13,2;13,8;13,2;12,6;12,0;13,8;12,6;11,4;12,0;12,6;11,4;13,2;12,6;15,0;15,6;15,6;16,2;0,0;0,0;0,0;0,0;0,0;0,0;0,0;0,0;0,0;0,0;0,0;0,0;0,0;0,0;0,0;0,0;0,0;0,0;0,0;0,0;0,0;0,0;0,0;0,0;0,0;0,0;0,0;0,0;0,0;0,0;0,0;0,0;0,0;0,0;0,0;0,0;0,0;0,0;0,0;0,0;0,0;0,0;0,0;0,0;0,0;0,0;0,0;0,0;0,0;0,0;0,0;0,0;0,0;0,0;0,0;0,0;15,6;15,0;14,4;15,0;14,4;14,4;13,2;14,4;12,6;12,6;12,0;6,6;;;;
18/04/2024;13,2;13,2;13,2;13,2;13,8;13,2;12,6;14,4;13,2;13,2;13,2;13,2;13,2;12,6;12,6;13,2;12,0;11,4;12,6;11,4;11,4;11,4;13,2;12,6;14,4;15,0;16,8;17,4;0,0;0,0;0,0;0,0;0,0;0,0;0,0;0,0;0,0;0,0;0,0;0,0;0,0;0,0;0,0;0,0;0,0;0,0;0,0;0,0;0,0;0,0;0,0;0,0;0,0;0,0;0,0;0,0;0,0;0,0;0,0;0,0;0,0;0,0;0,0;0,0;0,0;0,0;0,0;0,0;0,0;0,0;0,0;0,0;0,0;0,0;0,0;0,0;0,0;0,0;0,0;0,0;0,0;0,0;0,0;0,0;15,0;15,0;14,4;13,8;12,6;14,4;12,0;12,6;11,4;11,4;10,8;5,7;;;;
19/04/2024;12,6;12,6;13,2;12,6;13,2;12,6;12,6;12,6;13,2;12,6;12,6;12,6;12,6;12,0;12,0;12,6;11,4;11,4;10,8;12,6;10,8;12,0;13,2;13,2;13,8;15,0;16,2;18,0;0,0;0,0;0,0;0,0;0,0;0,0;0,0;0,0;0,0;0,0;0,0;0,0;0,0;0,0;0,0;0,0;0,0;0,0;0,0;0,0;0,0;0,0;0,0;0,0;0,0;0,0;0,0;0,0;0,0;0,0;0,0;0,0;0,0;0,0;0,0;0,0;0,0;0,0;0,0;0,0;0,0;0,0;0,0;0,0;0,0;0,0;0,0;0,0;0,0;0,0;0,0;0,0;0,0;0,0;0,0;0,0;16,2;15,0;15,0;14,4;13,8;13,2;13,8;12,6;12,0;12,0;12,6;6,0;;;;
20/04/2024;13,8;14,4;13,8;13,2;13,8;13,8;13,8;13,2;14,4;14,4;13,8;13,8;15,0;13,8;12,0;12,6;13,8;12,0;12,0;12,0;12,6;12,6;12,0;12,6;14,4;15,0;14,4;16,8;0,0;0,0;0,0;0,0;0,0;0,0;0,0;0,0;0,0;0,0;0,0;0,0;0,0;0,0;0,0;0,0;0,0;0,0;0,0;0,0;0,0;0,0;0,0;0,0;0,0;0,0;0,0;0,0;0,0;0,0;0,0;0,0;0,0;0,0;0,0;0,0;0,0;0,0;0,0;0,0;0,0;0,0;0,0;0,0;0,0;0,0;0,0;0,0;0,0;0,0;0,0;0,0;0,0;0,0;0,0;0,0;16,2;13,8;13,8;15,0;13,8;14,4;12,6;12,6;12,6;12,0;12,0;6,0;;;;
21/04/2024;14,4;12,6;13,2;13,2;13,8;13,2;13,8;13,2;14,4;13,8;13,2;13,8;13,2;12,6;12,0;12,6;12,0;11,4;11,4;12,0;11,4;11,4;12,0;13,8;15,0;15,0;15,6;16,2;0,0;0,0;0,0;0,0;0,0;0,0;0,0;0,0;0,0;0,0;0,0;0,0;0,0;0,0;0,0;0,0;0,0;0,0;0,0;0,0;0,0;0,0;0,0;0,0;0,0;0,0;0,0;0,0;0,0;0,0;0,0;0,0;0,0;0,0;0,0;0,0;0,0;0,0;0,0;0,0;0,0;0,0;0,0;0,0;0,0;0,0;0,0;0,0;0,0;0,0;0,0;0,0;0,0;0,0;0,0;0,0;15,6;14,4;16,2;14,4;13,2;13,8;13,2;12,6;12,0;12,0;11,4;6,0;;;;
22/04/2024;13,2;13,2;13,8;13,2;13,2;13,8;13,2;13,2;13,8;14,4;13,8;13,2;12,6;13,8;11,4;12,0;13,2;11,4;12,0;11,4;12,6;12,0;12,6;13,8;16,8;15,6;15,6;16,8;0,0;0,0;0,0;0,0;0,0;0,0;0,0;0,0;0,0;0,0;0,0;0,0;0,0;0,0;0,0;0,0;0,0;0,0;0,0;0,0;0,0;0,0;0,0;0,0;0,0;0,0;0,0;0,0;0,0;0,0;0,0;0,0;0,0;0,0;0,0;0,0;0,0;0,0;0,0;0,0;0,0;0,0;0,0;0,0;0,0;0,0;0,0;0,0;0,0;0,0;0,0;0,0;0,0;0,0;0,0;0,0;15,6;13,8;13,8;14,4;14,4;14,4;15,0;14,4;12,0;12,0;11,4;6,6;;;;
23/04/2024;13,2;13,2;13,8;12,6;13,2;12,0;13,8;12,6;12,6;13,8;12,6;13,2;12,0;13,8;11,4;12,0;12,6;12,0;10,8;12,0;12,0;12,0;10,8;12,0;15,6;15,6;16,8;18,0;0,0;0,0;0,0;0,0;0,0;0,0;0,0;0,0;0,0;0,0;0,0;0,0;0,0;0,0;0,0;0,0;0,0;0,0;0,0;0,0;0,0;0,0;0,0;0,0;0,0;0,0;0,0;0,0;0,0;0,0;0,0;0,0;0,0;0,0;0,0;0,0;0,0;0,0;0,0;0,0;0,0;0,0;0,0;0,0;0,0;0,0;0,0;0,0;0,0;0,0;0,0;0,0;0,0;0,0;0,0;0,0;16,2;15,6;15,6;15,0;13,8;15,0;13,2;13,2;12,0;13,2;12,6;6,3;;;;
24/04/2024;15,0;13,8;13,8;14,4;15,0;14,4;14,4;14,4;14,4;14,4;13,8;15,0;13,2;13,8;13,2;13,2;13,2;12,6;13,8;12,6;12,6;14,4;12,6;13,2;16,2;18,6;19,8;20,4;0,0;0,0;0,0;0,0;0,0;0,0;0,0;0,0;0,0;0,0;0,0;0,0;0,0;0,0;0,0;0,0;0,0;0,0;0,0;0,0;0,0;0,0;0,0;0,0;0,0;0,0;0,0;0,0;0,0;0,0;0,0;0,0;0,0;0,0;0,0;0,0;0,0;0,0;0,0;0,0;0,0;0,0;0,0;0,0;0,0;0,0;0,0;0,0;0,0;0,0;0,0;0,0;0,0;0,0;0,0;0,0;15,0;15,0;13,8;13,2;12,6;13,2;13,2;11,4;11,4;11,4;11,4;5,4;;;;
25/04/2024;13,8;12,6;13,2;12,6;13,8;13,2;12,6;13,8;13,2;12,6;13,2;13,8;12,0;13,2;12,0;11,4;11,4;11,4;10,8;11,4;10,8;13,2;11,4;12,0;14,4;15,0;15,6;16,8;0,0;0,0;0,0;0,0;0,0;0,0;0,0;0,0;0,0;0,0;0,0;0,0;0,0;0,0;0,0;0,0;0,0;0,0;0,0;0,0;0,0;0,0;0,0;0,0;0,0;0,0;0,0;0,0;0,0;0,0;0,0;0,0;0,0;0,0;0,0;0,0;0,0;0,0;0,0;0,0;0,0;0,0;0,0;0,0;0,0;0,0;0,0;0,0;0,0;0,0;0,0;0,0;0,0;0,0;0,0;0,0;14,4;14,4;15,0;15,0;14,4;14,4;13,2;12,6;12,6;12,0;12,0;6,3;;;;
26/04/2024;13,8;13,2;13,8;13,8;13,2;13,2;13,8;13,2;13,2;12,6;14,4;13,2;12,6;14,4;12,0;12,6;12,0;13,2;11,4;11,4;12,6;11,4;12,0;12,6;16,2;13,8;15,0;16,8;0,0;0,0;0,0;0,0;0,0;0,0;0,0;0,0;0,0;0,0;0,0;0,0;0,0;0,0;0,0;0,0;0,0;0,0;0,0;0,0;0,0;0,0;0,0;0,0;0,0;0,0;0,0;0,0;0,0;0,0;0,0;0,0;0,0;0,0;0,0;0,0;0,0;0,0;0,0;0,0;0,0;0,0;0,0;0,0;0,0;0,0;0,0;0,0;0,0;0,0;0,0;0,0;0,0;0,0;0,0;0,0;15,6;14,4;15,0;15,6;13,8;14,4;13,8;14,4;12,0;12,6;12,0;6,6;;;;
27/04/2024;15,0;13,8;15,0;13,8;13,8;13,8;15,0;13,8;14,4;13,2;15,0;13,8;13,2;14,4;12,6;13,2;13,2;13,2;12,6;12,0;13,2;12,6;12,6;12,6;16,2;15,0;15,6;18,0;0,0;0,0;0,0;0,0;0,0;0,0;0,0;0,0;0,0;0,0;0,0;0,0;0,0;0,0;0,0;0,0;0,0;0,0;0,0;0,0;0,0;0,0;0,0;0,0;0,0;0,0;0,0;0,0;0,0;0,0;0,0;0,0;0,0;0,0;0,0;0,0;0,0;0,0;0,0;0,0;0,0;0,0;0,0;0,0;0,0;0,0;0,0;0,0;0,0;0,0;0,0;0,0;0,0;0,0;0,0;0,0;15,0;14,4;13,8;14,4;13,2;13,2;12,6;12,6;12,0;11,4;10,8;6,0;;;;
28/04/2024;12,6;12,6;12,6;13,2;12,0;12,6;13,2;12,6;12,6;12,6;14,4;12,6;12,6;13,8;12,0;11,4;12,0;12,0;10,8;11,4;12,0;10,8;10,8;12,0;14,4;13,8;15,0;17,4;0,0;0,0;0,0;0,0;0,0;0,0;0,0;0,0;0,0;0,0;0,0;0,0;0,0;0,0;0,0;0,0;0,0;0,0;0,0;0,0;0,0;0,0;0,0;0,0;0,0;0,0;0,0;0,0;0,0;0,0;0,0;0,0;0,0;0,0;0,0;0,0;0,0;0,0;0,0;0,0;0,0;0,0;0,0;0,0;0,0;0,0;0,0;0,0;0,0;0,0;0,0;0,0;0,0;0,0;0,0;0,0;16,8;13,8;15,0;13,2;13,8;13,8;12,6;12,6;12,0;12,6;11,4;6,0;;;;
29/04/2024;13,8;13,2;13,8;13,2;13,8;13,2;12,6;13,2;14,4;13,2;12,6;13,8;13,2;12,0;12,0;13,2;12,0;12,0;12,0;12,0;12,0;12,0;12,6;12,0;15,0;15,6;15,6;15,0;0,0;0,0;0,0;0,0;0,0;0,0;0,0;0,0;0,0;0,0;0,0;0,0;0,0;0,0;0,0;0,0;0,0;0,0;0,0;0,0;0,0;0,0;0,0;0,0;0,0;0,0;0,0;0,0;0,0;0,0;0,0;0,0;0,0;0,0;0,0;0,0;0,0;0,0;0,0;0,0;0,0;0,0;0,0;0,0;0,0;0,0;0,0;0,0;0,0;0,0;0,0;0,0;0,0;0,0;0,0;0,0;17,4;15,6;16,2;15,0;15,6;14,4;13,8;13,2;13,8;12,6;12,6;6,3;;;;
30/04/2024;15,0;13,8;13,8;13,8;15,0;13,8;14,4;15,0;14,4;14,4;13,8;15,6;13,8;13,2;13,2;13,8;12,6;13,2;12,6;13,2;12,6;13,8;13,2;13,2;15,0;14,4;16,8;16,8;0,0;0,0;0,0;0,0;0,0;0,0;0,0;0,0;0,0;0,0;0,0;0,0;0,0;0,0;0,0;0,0;0,0;0,0;0,0;0,0;0,0;0,0;0,0;0,0;0,0;0,0;0,0;0,0;0,0;0,0;0,0;0,0;0,0;0,0;0,0;0,0;0,0;0,0;0,0;0,0;0,0;0,0;0,0;0,0;0,0;0,0;0,0;0,0;0,0;0,0;0,0;0,0;0,0;0,0;0,0;0,0;16,8;15,0;15,0;15,6;15,0;13,8;15,0;13,8;12,6;12,0;13,2;6,0;;;;
01/05/2024;13,8;13,8;13,2;13,2;13,8;13,2;13,2;12,6;13,8;13,2;13,2;14,4;13,2;12,6;12,6;12,6;12,6;12,0;12,0;12,0;11,4;12,6;13,8;15,0;14,4;17,4;17,4;19,2;0,0;0,0;0,0;0,0;0,0;0,0;0,0;0,0;0,0;0,0;0,0;0,0;0,0;0,0;0,0;0,0;0,0;0,0;0,0;0,0;0,0;0,0;0,0;0,0;0,0;0,0;0,0;0,0;0,0;0,0;0,0;0,0;0,0;0,0;0,0;0,0;0,0;0,0;0,0;0,0;0,0;0,0;0,0;0,0;0,0;0,0;0,0;0,0;0,0;0,0;0,0;0,0;0,0;0,0;0,0;0,0;15,0;14,4;15,0;14,4;13,8;13,8;14,4;13,8;12,6;13,8;12,6;6,3;;;;
02/05/2024;13,8;15,6;14,4;13,2;14,4;13,8;14,4;13,8;14,4;14,4;14,4;15,0;15,0;13,8;13,8;14,4;13,2;13,2;13,2;14,4;12,6;13,2;12,6;14,4;15,6;15,6;18,6;22,8;0,0;0,0;0,0;0,0;0,0;0,0;0,0;0,0;0,0;0,0;0,0;0,0;0,0;0,0;0,0;0,0;0,0;0,0;0,0;0,0;0,0;0,0;0,0;0,0;0,0;0,0;0,0;0,0;0,0;0,0;0,0;0,0;0,0;0,0;0,0;0,0;0,0;0,0;0,0;0,0;0,0;0,0;0,0;0,0;0,0;0,0;0,0;0,0;0,0;0,0;0,0;0,0;0,0;0,0;0,0;0,0;14,4;13,8;15,0;13,2;13,8;13,8;13,2;12,6;11,4;13,2;11,4;5,7;;;;
03/05/2024;13,8;13,8;13,2;13,2;13,2;13,8;13,2;12,6;13,2;13,8;13,8;13,2;12,6;13,8;12,0;12,0;12,0;13,2;11,4;12,0;13,8;11,4;12,6;12,0;14,4;15,0;16,2;16,8;0,0;0,0;0,0;0,0;0,0;0,0;0,0;0,0;0,0;0,0;0,0;0,0;0,0;0,0;0,0;0,0;0,0;0,0;0,0;0,0;0,0;0,0;0,0;0,0;0,0;0,0;0,0;0,0;0,0;0,0;0,0;0,0;0,0;0,0;0,0;0,0;0,0;0,0;0,0;0,0;0,0;0,0;0,0;0,0;0,0;0,0;0,0;0,0;0,0;0,0;0,0;0,0;0,0;0,0;0,0;0,0;15,6;15,0;13,8;15,0;13,8;13,2;13,2;12,6;12,0;12,0;12,6;6,0;;;;
04/05/2024;13,2;13,8;14,4;12,6;13,8;13,8;15,6;20,4;18,0;21,0;18,0;20,4;18,0;20,4;16,8;19,2;18,6;19,2;18,0;17,4;18,6;17,4;18,6;16,8;23,4;19,2;22,2;21,6;0,0;0,0;0,0;0,0;0,0;0,0;0,0;0,0;0,0;0,0;0,0;0,0;0,0;0,0;0,0;0,0;0,0;0,0;0,0;0,0;0,0;0,0;0,0;0,0;0,0;0,0;0,0;0,0;0,0;0,0;0,0;0,0;0,0;0,0;0,0;0,0;0,0;0,0;0,0;0,0;0,0;0,0;0,0;0,0;0,0;0,0;0,0;0,0;0,0;0,0;0,0;0,0;0,0;0,0;0,0;0,0;21,6;22,2;19,8;22,8;19,2;22,2;19,2;19,8;18,0;19,2;17,4;9,6;;;;
05/05/2024;18,6;21,0;18,6;19,8;18,0;21,0;18,0;20,4;18,6;21,0;18,6;20,4;19,2;20,4;17,4;19,2;19,2;19,2;16,8;19,8;18,0;18,6;16,8;20,4;21,0;22,2;20,4;24,0;0,0;0,0;0,0;0,0;0,0;0,0;0,0;0,0;0,0;0,0;0,0;0,0;0,0;0,0;0,0;0,0;0,0;0,0;0,0;0,0;0,0;0,0;0,0;0,0;0,0;0,0;0,0;0,0;0,0;0,0;0,0;0,0;0,0;0,0;0,0;0,0;0,0;0,0;0,0;0,0;0,0;0,0;0,0;0,0;0,0;0,0;0,0;0,0;0,0;0,0;0,0;0,0;0,0;0,0;0,0;0,0;19,8;22,2;19,8;22,2;19,8;21,6;19,2;19,8;18,0;19,8;17,4;9,6;;;;
06/05/2024;19,8;19,8;19,2;20,4;20,4;20,4;19,2;20,4;19,8;20,4;18,6;21,0;19,8;20,4;17,4;19,8;19,2;19,2;18,0;19,8;18,6;20,4;18,0;21,0;21,6;22,8;21,0;23,4;0,0;0,0;0,0;0,0;0,0;0,0;0,0;0,0;0,0;0,0;0,0;0,0;0,0;0,0;0,0;0,0;0,0;0,0;0,0;0,0;0,0;0,0;0,0;0,0;0,0;0,0;0,0;0,0;0,0;0,0;0,0;0,0;0,0;0,0;0,0;0,0;0,0;0,0;0,0;0,0;0,0;0,0;0,0;0,0;0,0;0,0;0,0;0,0;0,0;0,0;0,0;0,0;0,0;0,0;0,0;0,0;22,2;20,4;21,0;19,8;19,8;19,2;19,8;18,6;18,0;18,0;19,2;8,4;;;;
07/05/2024;19,8;19,2;19,8;18,6;19,8;19,8;19,2;18,6;20,4;18,0;19,2;18,0;19,8;18,6;18,0;18,0;18,0;18,6;17,4;18,6;18,0;19,2;18,0;22,2;19,8;20,4;21,0;23,4;0,0;0,0;0,0;0,0;0,0;0,0;0,0;0,0;0,0;0,0;0,0;0,0;0,0;0,0;0,0;0,0;0,0;0,0;0,0;0,0;0,0;0,0;0,0;0,0;0,0;0,0;0,0;0,0;0,0;0,0;0,0;0,0;0,0;0,0;0,0;0,0;0,0;0,0;0,0;0,0;0,0;0,0;0,0;0,0;0,0;0,0;0,0;0,0;0,0;0,0;0,0;0,0;0,0;0,0;0,0;0,0;23,4;21,6;19,8;21,6;19,8;20,4;19,2;19,8;16,8;18,6;17,4;9,0;;;;
08/05/2024;18,0;19,2;19,8;19,2;18,0;20,4;18,6;19,2;18,0;19,8;18,6;18,6;19,8;19,2;18,6;18,0;19,2;17,4;18,0;17,4;19,2;18,0;18,6;19,8;22,2;19,8;22,2;27,0;0,0;0,0;0,0;0,0;0,0;0,0;0,0;0,0;0,0;0,0;0,0;0,0;0,0;0,0;0,0;0,0;0,0;0,0;0,0;0,0;0,0;0,0;0,0;0,0;0,0;0,0;0,0;0,0;0,0;0,0;0,0;0,0;0,0;0,0;0,0;0,0;0,0;0,0;0,0;0,0;0,0;0,0;0,0;0,0;0,0;0,0;0,0;0,0;0,0;0,0;0,0;0,0;0,0;0,0;0,0;0,0;22,8;21,6;22,2;19,8;20,4;21,0;19,8;20,4;18,6;19,8;18,0;9,9;;;;
09/05/2024;20,4;20,4;19,2;21,6;19,2;20,4;19,8;21,6;19,8;20,4;20,4;21,0;19,8;21,0;19,2;19,8;18,6;19,8;19,2;18,0;19,2;18,6;21,0;19,2;22,2;19,8;21,6;22,2;0,0;0,0;0,0;0,0;0,0;0,0;0,0;0,0;0,0;0,0;0,0;0,0;0,0;0,0;0,0;0,0;0,0;0,0;0,0;0,0;0,0;0,0;0,0;0,0;0,0;0,0;0,0;0,0;0,0;0,0;0,0;0,0;0,0;0,0;0,0;0,0;0,0;0,0;0,0;0,0;0,0;0,0;0,0;0,0;0,0;0,0;0,0;0,0;0,0;0,0;0,0;0,0;0,0;0,0;0,0;0,0;22,8;19,8;21,6;19,8;21,0;19,8;19,8;18,6;19,8;18,6;18,6;9,6;;;;
10/05/2024;19,2;20,4;20,4;20,4;18,6;21,0;19,2;19,8;19,8;20,4;18,6;19,8;19,8;19,8;18,0;19,8;17,4;19,2;17,4;19,2;18,0;18,6;19,2;18,6;20,4;19,2;22,2;21,0;0,0;0,0;0,0;0,0;0,0;0,0;0,0;0,0;0,0;0,0;0,0;0,0;0,0;0,0;0,0;0,0;0,0;0,0;0,0;0,0;0,0;0,0;0,0;0,0;0,0;0,0;0,0;0,0;0,0;0,0;0,0;0,0;0,0;0,0;0,0;0,0;0,0;0,0;0,0;0,0;0,0;0,0;0,0;0,0;0,0;0,0;0,0;0,0;0,0;0,0;0,0;0,0;0,0;0,0;0,0;0,0;23,4;20,4;21,6;19,8;21,0;19,8;19,2;18,6;18,6;18,6;17,4;9,3;;;;
11/05/2024;19,2;19,8;18,6;21,0;18,6;19,8;18,6;20,4;19,2;19,8;19,8;19,8;18,6;20,4;18,6;19,2;17,4;19,8;17,4;18,0;18,0;18,0;18,6;18,6;22,2;21,0;22,2;22,2;0,0;0,0;0,0;0,0;0,0;0,0;0,0;0,0;0,0;0,0;0,0;0,0;0,0;0,0;0,0;0,0;0,0;0,0;0,0;0,0;0,0;0,0;0,0;0,0;0,0;0,0;0,0;0,0;0,0;0,0;0,0;0,0;0,0;0,0;0,0;0,0;0,0;0,0;0,0;0,0;0,0;0,0;0,0;0,0;0,0;0,0;0,0;0,0;0,0;0,0;0,0;0,0;0,0;0,0;0,0;0,0;22,8;20,4;22,2;19,8;20,4;20,4;19,2;19,2;17,4;19,2;18,0;9,3;;;;
12/05/2024;20,4;19,8;18,6;20,4;19,8;19,8;19,2;20,4;18,6;20,4;19,2;21,0;19,2;19,8;19,2;19,2;18,6;18,0;19,2;17,4;18,6;18,0;19,2;18,6;21,6;18,6;22,2;21,0;0,0;0,0;0,0;0,0;0,0;0,0;0,0;0,0;0,0;0,0;0,0;0,0;0,0;0,0;0,0;0,0;0,0;0,0;0,0;0,0;0,0;0,0;0,0;0,0;0,0;0,0;0,0;0,0;0,0;0,0;0,0;0,0;0,0;0,0;0,0;0,0;0,0;0,0;0,0;0,0;0,0;0,0;0,0;0,0;0,0;0,0;0,0;0,0;0,0;0,0;0,0;0,0;0,0;0,0;0,0;0,0;21,0;21,0;19,8;22,2;19,8;20,4;19,2;19,8;17,4;18,6;18,0;9,6;;;;
13/05/2024;19,2;20,4;19,2;20,4;19,2;21,0;18,0;19,8;19,2;19,2;19,8;18,6;20,4;18,6;19,2;18,0;19,8;17,4;18,6;18,0;20,4;18,0;18,6;19,8;21,0;19,8;22,2;22,2;0,0;0,0;0,0;0,0;0,0;0,0;0,0;0,0;0,0;0,0;0,0;0,0;0,0;0,0;0,0;0,0;0,0;0,0;0,0;0,0;0,0;0,0;0,0;0,0;0,0;0,0;0,0;0,0;0,0;0,0;0,0;0,0;0,0;0,0;0,0;0,0;0,0;0,0;0,0;0,0;0,0;0,0;0,0;0,0;0,0;0,0;0,0;0,0;0,0;0,0;0,0;0,0;0,0;0,0;0,0;0,0;22,2;22,2;20,4;21,6;20,4;22,2;19,8;21,0;19,8;20,4;19,8;10,2;;;;
14/05/2024;20,4;20,4;19,8;19,8;21,6;19,2;20,4;19,8;20,4;19,8;20,4;19,8;20,4;19,2;22,2;19,8;20,4;19,8;21,6;19,8;21,0;20,4;20,4;20,4;21,6;23,4;21,0;25,2;0,0;0,0;0,0;0,0;0,0;0,0;0,0;0,0;0,0;0,0;0,0;0,0;0,0;0,0;0,0;0,0;0,0;0,0;0,0;0,0;0,0;0,0;0,0;0,0;0,0;0,0;0,0;0,0;0,0;0,0;0,0;0,0;0,0;0,0;0,0;0,0;0,0;0,0;0,0;0,0;0,0;0,0;0,0;0,0;0,0;0,0;0,0;0,0;0,0;0,0;0,0;0,0;0,0;0,0;0,0;0,0;21,6;21,0;19,8;20,4;20,4;19,2;19,8;19,8;19,8;19,2;19,8;9,9;;;;
15/05/2024;20,4;19,2;20,4;20,4;20,4;18,6;21,0;19,2;19,8;19,2;20,4;19,2;19,2;20,4;20,4;21,0;19,8;21,0;21,0;21,0;19,8;21,6;20,4;22,2;21,0;22,2;21,0;24,6;0,0;0,0;0,0;0,0;0,0;0,0;0,0;0,0;0,0;0,0;0,0;0,0;0,0;0,0;0,0;0,0;0,0;0,0;0,0;0,0;0,0;0,0;0,0;0,0;0,0;0,0;0,0;0,0;0,0;0,0;0,0;0,0;0,0;0,0;0,0;0,0;0,0;0,0;0,0;0,0;0,0;0,0;0,0;0,0;0,0;0,0;0,0;0,0;0,0;0,0;0,0;0,0;0,0;0,0;0,0;0,0;21,6;20,4;21,6;19,2;21,0;19,8;20,4;19,2;20,4;20,4;20,4;10,2;;;;
16/05/2024;19,8;21,6;19,2;21,0;20,4;21,0;19,2;20,4;20,4;20,4;19,2;20,4;19,8;20,4;19,2;21,6;19,2;20,4;19,2;21,0;20,4;19,2;21,0;20,4;20,4;19,8;25,2;25,8;0,0;0,0;0,0;0,0;0,0;0,0;0,0;0,0;0,0;0,0;0,0;0,0;0,0;0,0;0,0;0,0;0,0;0,0;0,0;0,0;0,0;0,0;0,0;0,0;0,0;0,0;0,0;0,0;0,0;0,0;0,0;0,0;0,0;0,0;0,0;0,0;0,0;0,0;0,0;0,0;0,0;0,0;0,0;0,0;0,0;0,0;0,0;0,0;0,0;0,0;0,0;0,0;0,0;0,0;0,0;0,0;22,8;22,8;19,8;22,2;19,2;20,4;19,8;21,6;18,6;20,4;19,2;10,2;;;;
17/05/2024;18,6;19,8;19,8;19,8;19,2;20,4;19,2;19,2;20,4;20,4;19,8;18,6;20,4;19,8;20,4;18,6;20,4;18,6;19,8;18,6;20,4;19,2;19,8;18,6;22,2;20,4;21,0;23,4;0,0;0,0;0,0;0,0;0,0;0,0;0,0;0,0;0,0;0,0;0,0;0,0;0,0;0,0;0,0;0,0;0,0;0,0;0,0;0,0;0,0;0,0;0,0;0,0;0,0;0,0;0,0;0,0;0,0;0,0;0,0;0,0;0,0;0,0;0,0;0,0;0,0;0,0;0,0;0,0;0,0;0,0;0,0;0,0;0,0;0,0;0,0;0,0;0,0;0,0;0,0;0,0;0,0;0,0;0,0;0,0;22,2;22,8;21,6;21,6;20,4;21,0;21,6;19,2;22,2;19,2;21,0;9,6;;;;
18/05/2024;21,0;19,2;20,4;20,4;21,6;19,2;20,4;19,8;21,0;19,2;20,4;20,4;20,4;19,8;19,8;21,0;19,2;20,4;19,2;21,0;19,2;20,4;21,6;20,4;21,0;21,0;21,6;21,6;0,0;0,0;0,0;0,0;0,0;0,0;0,0;0,0;0,0;0,0;0,0;0,0;0,0;0,0;0,0;0,0;0,0;0,0;0,0;0,0;0,0;0,0;0,0;0,0;0,0;0,0;0,0;0,0;0,0;0,0;0,0;0,0;0,0;0,0;0,0;0,0;0,0;0,0;0,0;0,0;0,0;0,0;0,0;0,0;0,0;0,0;0,0;0,0;0,0;0,0;0,0;0,0;0,0;0,0;0,0;0,0;19,8;18,6;18,6;17,4;18,0;16,2;16,8;16,2;17,4;15,6;15,6;8,4;;;;
19/05/2024;15,6;16,8;15,6;16,8;16,2;16,8;15,6;17,4;15,6;17,4;15,6;17,4;15,0;16,8;15,6;18,0;15,6;16,2;16,8;15,6;16,8;16,2;18,6;17,4;18,0;18,6;20,4;21,0;0,0;0,0;0,0;0,0;0,0;0,0;0,0;0,0;0,0;0,0;0,0;0,0;0,0;0,0;0,0;0,0;0,0;0,0;0,0;0,0;0,0;0,0;0,0;0,0;0,0;0,0;0,0;0,0;0,0;0,0;0,0;0,0;0,0;0,0;0,0;0,0;0,0;0,0;0,0;0,0;0,0;0,0;0,0;0,0;0,0;0,0;0,0;0,0;0,0;0,0;0,0;0,0;0,0;0,0;0,0;0,0;21,6;19,2;18,0;19,8;17,4;18,0;16,8;19,2;17,4;18,6;16,8;9,6;;;;
20/05/2024;16,8;16,8;18,0;17,4;17,4;16,2;18,0;16,8;17,4;16,8;18,6;16,2;18,0;16,2;18,6;16,8;17,4;16,2;19,2;16,2;17,4;17,4;17,4;17,4;16,2;18,0;18,6;19,8;0,0;0,0;0,0;0,0;0,0;0,0;0,0;0,0;0,0;0,0;0,0;0,0;0,0;0,0;0,0;0,0;0,0;0,0;0,0;0,0;0,0;0,0;0,0;0,0;0,0;0,0;0,0;0,0;0,0;0,0;0,0;0,0;0,0;0,0;0,0;0,0;0,0;0,0;0,0;0,0;0,0;0,0;0,0;0,0;0,0;0,0;0,0;0,0;0,0;0,0;0,0;0,0;0,0;0,0;0,0;0,0;20,4;17,4;19,8;18,0;18,0;17,4;19,2;16,8;18,0;16,8;18,0;8,7;;;;
21/05/2024;17,4;18,0;17,4;17,4;16,8;19,2;16,2;18,0;16,8;19,2;17,4;17,4;16,8;19,2;16,8;18,0;17,4;18,0;16,2;18,0;18,0;17,4;18,0;16,8;19,2;16,2;19,2;19,8;0,0;0,0;0,0;0,0;0,0;0,0;0,0;0,0;0,0;0,0;0,0;0,0;0,0;0,0;0,0;0,0;0,0;0,0;0,0;0,0;0,0;0,0;0,0;0,0;0,0;0,0;0,0;0,0;0,0;0,0;0,0;0,0;0,0;0,0;0,0;0,0;0,0;0,0;0,0;0,0;0,0;0,0;0,0;0,0;0,0;0,0;0,0;0,0;0,0;0,0;0,0;0,0;0,0;0,0;0,0;0,0;19,2;18,6;18,0;18,6;18,0;18,0;16,2;18,0;17,4;18,0;16,8;9,0;;;;
22/05/2024;17,4;17,4;16,8;17,4;18,6;16,8;18,0;16,8;18,6;16,8;18,6;16,8;18,6;16,8;18,0;16,8;19,2;16,2;18,0;16,2;18,6;16,8;18,0;17,4;18,0;18,6;18,6;20,4;0,0;0,0;0,0;0,0;0,0;0,0;0,0;0,0;0,0;0,0;0,0;0,0;0,0;0,0;0,0;0,0;0,0;0,0;0,0;0,0;0,0;0,0;0,0;0,0;0,0;0,0;0,0;0,0;0,0;0,0;0,0;0,0;0,0;0,0;0,0;0,0;0,0;0,0;0,0;0,0;0,0;0,0;0,0;0,0;0,0;0,0;0,0;0,0;0,0;0,0;0,0;0,0;0,0;0,0;0,0;0,0;19,8;18,6;19,2;18,6;18,6;19,2;19,2;17,4;18,6;18,6;18,6;9,0;;;;
23/05/2024;18,6;17,4;18,0;17,4;18,6;16,8;18,0;17,4;18,0;18,0;17,4;18,0;18,0;18,0;16,8;18,0;18,0;18,6;16,2;18,6;17,4;18,6;17,4;18,0;18,0;17,4;18,0;19,2;0,0;0,0;0,0;0,0;0,0;0,0;0,0;0,0;0,0;0,0;0,0;0,0;0,0;0,0;0,0;0,0;0,0;0,0;0,0;0,0;0,0;0,0;0,0;0,0;0,0;0,0;0,0;0,0;0,0;0,0;0,0;0,0;0,0;0,0;0,0;0,0;0,0;0,0;0,0;0,0;0,0;0,0;0,0;0,0;0,0;0,0;0,0;0,0;0,0;0,0;0,0;0,0;0,0;0,0;0,0;0,0;18,6;18,0;17,4;18,0;16,8;18,6;16,2;17,4;16,2;18,0;16,8;8,4;;;;
24/05/2024;17,4;17,4;16,8;16,8;17,4;18,0;16,2;18,0;16,2;16,8;16,8;17,4;17,4;16,2;17,4;17,4;17,4;15,6;17,4;16,8;16,8;16,8;18,0;16,8;18,0;16,2;18,6;20,4;0,0;0,0;0,0;0,0;0,0;0,0;0,0;0,0;0,0;0,0;0,0;0,0;0,0;0,0;0,0;0,0;0,0;0,0;0,0;0,0;0,0;0,0;0,0;0,0;0,0;0,0;0,0;0,0;0,0;0,0;0,0;0,0;0,0;0,0;0,0;0,0;0,0;0,0;0,0;0,0;0,0;0,0;0,0;0,0;0,0;0,0;0,0;0,0;0,0;0,0;0,0;0,0;0,0;0,0;0,0;0,0;19,2;19,8;18,6;18,6;16,8;17,4;18,0;16,2;17,4;16,2;18,0;7,8;;;;
25/05/2024;17,4;15,6;17,4;16,2;16,8;15,6;18,0;16,8;16,8;16,8;18,0;16,2;17,4;16,8;18,0;16,2;16,2;16,8;16,8;17,4;16,2;18,0;17,4;19,8;16,8;17,4;17,4;20,4;0,0;0,0;0,0;0,0;0,0;0,0;0,0;0,0;0,0;0,0;0,0;0,0;0,0;0,0;0,0;0,0;0,0;0,0;0,0;0,0;0,0;0,0;0,0;0,0;0,0;0,0;0,0;0,0;0,0;0,0;0,0;0,0;0,0;0,0;0,0;0,0;0,0;0,0;0,0;0,0;0,0;0,0;0,0;0,0;0,0;0,0;0,0;0,0;0,0;0,0;0,0;0,0;0,0;0,0;0,0;0,0;14,4;12,0;12,6;12,6;12,6;11,4;12,0;11,4;12,6;11,4;11,4;5,4;;;;
26/05/2024;12,0;11,4;10,8;11,4;11,4;11,4;10,8;11,4;12,0;11,4;10,8;12,0;12,0;12,0;11,4;11,4;12,6;12,0;11,4;10,8;11,4;12,0;11,4;12,0;10,8;12,0;11,4;13,8;0,0;0,0;0,0;0,0;0,0;0,0;0,0;0,0;0,0;0,0;0,0;0,0;0,0;0,0;0,0;0,0;0,0;0,0;0,0;0,0;0,0;0,0;0,0;0,0;0,0;0,0;0,0;0,0;0,0;0,0;0,0;0,0;0,0;0,0;0,0;0,0;0,0;0,0;0,0;0,0;0,0;0,0;0,0;0,0;0,0;0,0;0,0;0,0;0,0;0,0;0,0;0,0;0,0;0,0;0,0;0,0;12,0;12,6;10,8;10,2;11,4;10,8;10,8;10,2;10,8;10,2;10,8;5,1;;;;
27/05/2024;11,4;9,6;10,8;10,2;10,2;10,2;10,2;10,8;10,2;10,2;10,2;11,4;10,2;10,2;9,6;11,4;10,2;10,8;9,6;11,4;10,8;10,2;10,2;10,8;10,2;11,4;11,4;12,6;0,0;0,0;0,0;0,0;0,0;0,0;0,0;0,0;0,0;0,0;0,0;0,0;0,0;0,0;0,0;0,0;0,0;0,0;0,0;0,0;0,0;0,0;0,0;0,0;0,0;0,0;0,0;0,0;0,0;0,0;0,0;0,0;0,0;0,0;0,0;0,0;0,0;0,0;0,0;0,0;0,0;0,0;0,0;0,0;0,0;0,0;0,0;0,0;0,0;0,0;0,0;0,0;0,0;0,0;0,0;0,0;12,6;13,2;11,4;12,0;12,6;11,4;10,8;10,8;11,4;10,8;10,2;5,7;;;;
28/05/2024;10,8;10,8;10,8;11,4;10,2;10,2;11,4;10,8;10,8;10,2;11,4;11,4;10,8;10,8;11,4;11,4;10,8;10,2;10,2;12,0;11,4;12,0;13,2;11,4;12,0;12,6;13,8;13,2;0,0;0,0;0,0;0,0;0,0;0,0;0,0;0,0;0,0;0,0;0,0;0,0;0,0;0,0;0,0;0,0;0,0;0,0;0,0;0,0;0,0;0,0;0,0;0,0;0,0;0,0;0,0;0,0;0,0;0,0;0,0;0,0;0,0;0,0;0,0;0,0;0,0;0,0;0,0;0,0;0,0;0,0;0,0;0,0;0,0;0,0;0,0;0,0;0,0;0,0;0,0;0,0;0,0;0,0;0,0;0,0;12,6;12,6;11,4;11,4;11,4;10,8;9,6;10,8;11,4;10,2;10,2;5,399;;;;
29/05/2024;10,8;9,6;10,8;10,8;10,8;10,2;11,4;10,8;10,2;10,8;10,8;10,8;10,2;11,4;10,2;9,6;10,8;10,8;10,2;10,2;10,2;10,8;12,0;10,2;10,8;10,8;11,4;12,6;0,0;0,0;0,0;0,0;0,0;0,0;0,0;0,0;0,0;0,0;0,0;0,0;0,0;0,0;0,0;0,0;0,0;0,0;0,0;0,0;0,0;0,0;0,0;0,0;0,0;0,0;0,0;0,0;0,0;0,0;0,0;0,0;0,0;0,0;0,0;0,0;0,0;0,0;0,0;0,0;0,0;0,0;0,0;0,0;0,0;0,0;0,0;0,0;0,0;0,0;0,0;0,0;0,0;0,0;0,0;0,0;12,0;13,2;11,4;11,4;12,0;10,8;10,8;10,8;12,0;10,8;10,8;6,0;;;;
30/05/2024;10,8;10,8;12,0;11,4;10,8;11,4;12,0;10,8;11,4;10,8;11,4;10,8;10,2;11,4;10,8;10,8;10,8;11,4;10,2;10,8;10,2;12,0;11,4;10,2;10,8;11,4;10,8;13,2;0,0;0,0;0,0;0,0;0,0;0,0;0,0;0,0;0,0;0,0;0,0;0,0;0,0;0,0;0,0;0,0;0,0;0,0;0,0;0,0;0,0;0,0;0,0;0,0;0,0;0,0;0,0;0,0;0,0;0,0;0,0;0,0;0,0;0,0;0,0;0,0;0,0;0,0;0,0;0,0;0,0;0,0;0,0;0,0;0,0;0,0;0,0;0,0;0,0;0,0;0,0;0,0;0,0;0,0;0,0;0,0;13,2;10,8;10,8;12,0;10,2;10,2;10,2;10,8;9,6;10,2;10,8;5,1;;;;
31/05/2024;9,6;10,8;10,2;10,2;9,6;10,8;10,2;10,2;10,8;9,6;10,2;9,6;10,8;9,6;9,6;10,2;10,2;10,2;9,6;10,8;9,6;10,8;12,0;10,8;11,4;11,4;12,0;13,2;0,0;0,0;0,0;0,0;0,0;0,0;0,0;0,0;0,0;0,0;0,0;0,0;0,0;0,0;0,0;0,0;0,0;0,0;0,0;0,0;0,0;0,0;0,0;0,0;0,0;0,0;0,0;0,0;0,0;0,0;0,0;0,0;0,0;0,0;0,0;0,0;0,0;0,0;0,0;0,0;0,0;0,0;0,0;0,0;0,0;0,0;0,0;0,0;0,0;0,0;0,0;0,0;0,0;0,0;0,0;0,0;12,6;12,6;11,4;11,4;12,0;10,8;11,4;10,8;11,4;10,2;10,2;5,7;;;;
01/06/2024;10,8;10,8;11,4;10,8;10,8;11,4;11,4;10,8;10,2;11,4;10,8;10,8;10,2;11,4;10,2;10,2;10,8;11,4;10,2;10,8;11,4;10,8;12,0;12,0;13,2;11,4;12,6;14,4;0,0;0,0;0,0;0,0;0,0;0,0;0,0;0,0;0,0;0,0;0,0;0,0;0,0;0,0;0,0;0,0;0,0;0,0;0,0;0,0;0,0;0,0;0,0;0,0;0,0;0,0;0,0;0,0;0,0;0,0;0,0;0,0;0,0;0,0;0,0;0,0;0,0;0,0;0,0;0,0;0,0;0,0;0,0;0,0;0,0;0,0;0,0;0,0;0,0;0,0;0,0;0,0;0,0;0,0;0,0;0,0;12,0;10,8;11,4;12,0;10,8;10,2;11,4;10,2;10,2;10,2;11,4;5,101;;;;
02/06/2024;10,2;11,4;10,8;10,2;10,2;11,4;10,2;10,8;10,8;9,6;10,2;10,2;10,8;10,2;10,2;10,8;9,6;10,8;10,2;10,8;10,2;10,8;12,0;10,8;10,8;11,4;12,0;12,6;0,0;0,0;0,0;0,0;0,0;0,0;0,0;0,0;0,0;0,0;0,0;0,0;0,0;0,0;0,0;0,0;0,0;0,0;0,0;0,0;0,0;0,0;0,0;0,0;0,0;0,0;0,0;0,0;0,0;0,0;0,0;0,0;0,0;0,0;0,0;0,0;0,0;0,0;0,0;0,0;0,0;0,0;0,0;0,0;0,0;0,0;0,0;0,0;0,0;0,0;0,0;0,0;0,0;0,0;0,0;0,0;13,2;13,2;13,2;12,0;11,4;12,6;11,4;10,2;11,4;11,4;10,8;5,4;;;;
03/06/2024;11,4;10,8;10,8;10,8;11,4;10,2;10,8;11,4;10,8;10,2;12,0;10,2;11,4;10,2;12,0;10,8;10,2;12,0;10,2;10,8;10,8;11,4;11,4;10,8;12,0;12,0;16,8;15,6;0,0;0,0;0,0;0,0;0,0;0,0;0,0;0,0;0,0;0,0;0,0;0,0;0,0;0,0;0,0;0,0;0,0;0,0;0,0;0,0;0,0;0,0;0,0;0,0;0,0;0,0;0,0;0,0;0,0;0,0;0,0;0,0;0,0;0,0;0,0;0,0;0,0;0,0;0,0;0,0;0,0;0,0;0,0;0,0;0,0;0,0;0,0;0,0;0,0;0,0;0,0;0,0;0,0;0,0;0,0;0,0;14,4;11,4;11,4;12,0;10,8;10,8;10,8;10,8;10,2;10,2;10,8;5,1;;;;
04/06/2024;10,2;10,8;10,8;10,2;11,4;9,6;10,8;10,2;10,8;10,2;9,6;10,8;10,2;10,2;10,2;10,2;9,6;10,8;10,2;10,2;9,6;10,8;10,2;10,2;12,0;10,8;12,0;13,2;0,0;0,0;0,0;0,0;0,0;0,0;0,0;0,0;0,0;0,0;0,0;0,0;0,0;0,0;0,0;0,0;0,0;0,0;0,0;0,0;0,0;0,0;0,0;0,0;0,0;0,0;0,0;0,0;0,0;0,0;0,0;0,0;0,0;0,0;0,0;0,0;0,0;0,0;0,0;0,0;0,0;0,0;0,0;0,0;0,0;0,0;0,0;0,0;0,0;0,0;0,0;0,0;0,0;0,0;0,0;0,0;13,8;12,6;11,4;12,0;11,4;10,2;10,8;11,4;10,8;10,2;11,4;5,1;;;;
05/06/2024;9,6;10,8;9,6;9,6;10,2;10,2;10,2;10,8;9,6;9,6;10,8;10,2;10,2;10,2;10,2;10,8;10,2;10,8;10,2;11,4;11,4;10,8;9,6;10,8;10,8;10,8;12,0;12,6;0,0;0,0;0,0;0,0;0,0;0,0;0,0;0,0;0,0;0,0;0,0;0,0;0,0;0,0;0,0;0,0;0,0;0,0;0,0;0,0;0,0;0,0;0,0;0,0;0,0;0,0;0,0;0,0;0,0;0,0;0,0;0,0;0,0;0,0;0,0;0,0;0,0;0,0;0,0;0,0;0,0;0,0;0,0;0,0;0,0;0,0;0,0;0,0;0,0;0,0;0,0;0,0;0,0;0,0;0,0;0,0;14,4;11,4;11,4;12,0;11,4;10,8;12,0;11,4;10,8;12,0;11,4;5,7;;;;
06/06/2024;11,4;11,4;10,8;11,4;10,8;11,4;10,8;10,8;10,8;10,8;10,8;10,8;10,2;11,4;10,8;10,8;10,8;11,4;10,8;11,4;10,8;11,4;11,4;11,4;11,4;15,0;16,2;18,0;0,0;0,0;0,0;0,0;0,0;0,0;0,0;0,0;0,0;0,0;0,0;0,0;0,0;0,0;0,0;0,0;0,0;0,0;0,0;0,0;0,0;0,0;0,0;0,0;0,0;0,0;0,0;0,0;0,0;0,0;0,0;0,0;0,0;0,0;0,0;0,0;0,0;0,0;0,0;0,0;0,0;0,0;0,0;0,0;0,0;0,0;0,0;0,0;0,0;0,0;0,0;0,0;0,0;0,0;0,0;0,0;13,2;13,2;13,2;12,0;13,2;12,0;12,0;13,2;12,0;12,0;12,6;5,7;;;;
07/06/2024;12,0;12,6;11,4;11,4;12,6;11,4;11,4;12,0;11,4;11,4;12,6;11,4;12,0;12,0;12,0;11,4;12,6;11,4;12,0;12,6;11,4;11,4;13,2;12,0;11,4;12,0;15,0;18,0;0,0;0,0;0,0;0,0;0,0;0,0;0,0;0,0;0,0;0,0;0,0;0,0;0,0;0,0;0,0;0,0;0,0;0,0;0,0;0,0;0,0;0,0;0,0;0,0;0,0;0,0;0,0;0,0;0,0;0,0;0,0;0,0;0,0;0,0;0,0;0,0;0,0;0,0;0,0;0,0;0,0;0,0;0,0;0,0;0,0;0,0;0,0;0,0;0,0;0,0;0,0;0,0;0,0;0,0;0,0;0,0;13,8;12,6;11,4;11,4;12,0;10,8;10,2;12,0;10,8;11,4;11,4;5,1;;;;
08/06/2024;10,8;11,4;10,8;9,6;12,0;10,8;10,8;11,4;10,8;10,8;12,0;10,8;11,4;12,0;11,4;11,4;11,4;10,8;11,4;11,4;11,4;10,8;12,0;10,8;10,8;12,0;12,0;13,2;0,0;0,0;0,0;0,0;0,0;0,0;0,0;0,0;0,0;0,0;0,0;0,0;0,0;0,0;0,0;0,0;0,0;0,0;0,0;0,0;0,0;0,0;0,0;0,0;0,0;0,0;0,0;0,0;0,0;0,0;0,0;0,0;0,0;0,0;0,0;0,0;0,0;0,0;0,0;0,0;0,0;0,0;0,0;0,0;0,0;0,0;0,0;0,0;0,0;0,0;0,0;0,0;0,0;0,0;0,0;0,0;12,6;12,0;12,0;12,6;11,4;10,8;12,0;11,4;10,8;12,0;10,8;5,4;;;;
09/06/2024;11,4;10,8;10,2;11,4;10,2;10,2;10,8;10,8;9,6;10,8;10,8;10,2;10,2;10,8;10,2;10,2;10,8;9,6;10,2;10,2;10,8;9,6;10,2;10,8;10,2;10,2;11,4;13,2;0,0;0,0;0,0;0,0;0,0;0,0;0,0;0,0;0,0;0,0;0,0;0,0;0,0;0,0;0,0;0,0;0,0;0,0;0,0;0,0;0,0;0,0;0,0;0,0;0,0;0,0;0,0;0,0;0,0;0,0;0,0;0,0;0,0;0,0;0,0;0,0;0,0;0,0;0,0;0,0;0,0;0,0;0,0;0,0;0,0;0,0;0,0;0,0;0,0;0,0;0,0;0,0;0,0;0,0;0,0;0,0;14,4;13,2;12,6;12,6;12,0;12,6;12,0;11,4;12,6;11,4;11,4;6,3;;;;
10/06/2024;11,4;10,8;12,0;10,8;10,8;12,0;10,8;10,8;11,4;12,0;10,8;10,8;12,0;10,2;10,8;12,0;11,4;10,8;10,8;11,4;11,4;10,2;11,4;9,6;10,2;10,8;11,4;12,6;0,0;0,0;0,0;0,0;0,0;0,0;0,0;0,0;0,0;0,0;0,0;0,0;0,0;0,0;0,0;0,0;0,0;0,0;0,0;0,0;0,0;0,0;0,0;0,0;0,0;0,0;0,0;0,0;0,0;0,0;0,0;0,0;0,0;0,0;0,0;0,0;0,0;0,0;0,0;0,0;0,0;0,0;0,0;0,0;0,0;0,0;0,0;0,0;0,0;0,0;0,0;0,0;0,0;0,0;0,0;0,0;15,0;13,8;13,8;13,2;12,6;14,4;12,6;12,6;12,6;12,0;12,0;6,3;;;;
11/06/2024;12,0;12,0;13,2;11,4;11,4;12,6;11,4;12,0;12,0;11,4;12,0;12,6;10,8;12,0;12,6;12,0;11,4;12,0;13,2;10,8;11,4;12,6;10,8;10,8;10,8;10,8;12,0;13,2;0,0;0,0;0,0;0,0;0,0;0,0;0,0;0,0;0,0;0,0;0,0;0,0;0,0;0,0;0,0;0,0;0,0;0,0;0,0;0,0;0,0;0,0;0,0;0,0;0,0;0,0;0,0;0,0;0,0;0,0;0,0;0,0;0,0;0,0;0,0;0,0;0,0;0,0;0,0;0,0;0,0;0,0;0,0;0,0;0,0;0,0;0,0;0,0;0,0;0,0;0,0;0,0;0,0;0,0;0,0;0,0;14,4;12,6;12,6;12,6;11,4;12,0;12,0;11,4;11,4;12,0;10,8;5,4;;;;
12/06/2024;11,4;10,8;10,8;12,0;10,2;10,8;12,0;10,8;10,8;11,4;10,2;10,8;10,8;10,8;10,8;11,4;10,2;11,4;11,4;11,4;11,4;11,4;11,4;12,0;11,4;10,2;12,0;14,4;0,0;0,0;0,0;0,0;0,0;0,0;0,0;0,0;0,0;0,0;0,0;0,0;0,0;0,0;0,0;0,0;0,0;0,0;0,0;0,0;0,0;0,0;0,0;0,0;0,0;0,0;0,0;0,0;0,0;0,0;0,0;0,0;0,0;0,0;0,0;0,0;0,0;0,0;0,0;0,0;0,0;0,0;0,0;0,0;0,0;0,0;0,0;0,0;0,0;0,0;0,0;0,0;0,0;0,0;0,0;0,0;15,0;15,0;15,0;14,4;15,0;13,2;13,8;15,0;12,6;12,6;13,2;6,301;;;;
13/06/2024;12,6;13,2;12,0;12,0;12,6;12,0;12,6;12,0;11,4;12,0;12,0;11,4;12,0;12,6;11,4;12,0;12,0;10,8;12,0;12,0;11,4;13,2;13,8;11,4;12,0;12,6;13,2;12,0;0,0;0,0;0,0;0,0;0,0;0,0;0,0;0,0;0,0;0,0;0,0;0,0;0,0;0,0;0,0;0,0;0,0;0,0;0,0;0,0;0,0;0,0;0,0;0,0;0,0;0,0;0,0;0,0;0,0;0,0;0,0;0,0;0,0;0,0;0,0;0,0;0,0;0,0;0,0;0,0;0,0;0,0;0,0;0,0;0,0;0,0;0,0;0,0;0,0;0,0;0,0;0,0;0,0;0,0;0,0;0,0;20,4;21,6;22,8;26,4;24,6;25,8;25,8;24,6;25,8;24,6;24,0;12,6;;;;
14/06/2024;21,0;19,2;21,0;19,2;19,2;18,6;19,2;20,4;19,8;19,2;20,4;19,2;19,2;20,4;18,6;18,6;19,8;18,6;19,2;19,2;18,0;19,2;19,8;16,2;19,2;20,4;18,6;20,4;0,0;0,0;0,0;0,0;0,0;0,0;0,0;0,0;0,0;0,0;0,0;0,0;0,0;0,0;0,0;0,0;0,0;0,0;0,0;0,0;0,0;0,0;0,0;0,0;0,0;0,0;0,0;0,0;0,0;0,0;0,0;0,0;0,0;0,0;0,0;0,0;0,0;0,0;0,0;0,0;0,0;0,0;0,0;0,0;0,0;0,0;0,0;0,0;0,0;0,0;0,0;0,0;0,0;0,0;0,0;0,0;28,2;24,0;25,2;24,0;22,8;24,0;22,2;23,4;18,0;19,2;18,0;9,6;;;;
15/06/2024;18,6;18,6;19,2;18,6;19,8;18,0;18,6;18,6;18,6;18,6;18,0;18,0;18,6;17,4;18,0;16,8;17,4;18,0;16,8;17,4;17,4;16,2;18,0;16,8;15,6;16,8;17,4;17,4;0,0;0,0;0,0;0,0;0,0;0,0;0,0;0,0;0,0;0,0;0,0;0,0;0,0;0,0;0,0;0,0;0,0;0,0;0,0;0,0;0,0;0,0;0,0;0,0;0,0;0,0;0,0;0,0;0,0;0,0;0,0;0,0;0,0;0,0;0,0;0,0;0,0;0,0;0,0;0,0;0,0;0,0;0,0;0,0;0,0;0,0;0,0;0,0;0,0;0,0;0,0;0,0;0,0;0,0;0,0;0,0;20,4;22,8;20,4;21,0;21,0;20,4;21,0;19,8;19,8;17,4;18,6;8,7;;;;
16/06/2024;17,4;16,8;16,2;17,4;15,0;16,8;15,6;16,2;16,2;15,6;18,6;17,4;19,2;17,4;19,2;18,0;18,0;19,2;17,4;18,6;17,4;18,0;15,6;15,6;16,8;16,8;18,0;18,6;0,0;0,0;0,0;0,0;0,0;0,0;0,0;0,0;0,0;0,0;0,0;0,0;0,0;0,0;0,0;0,0;0,0;0,0;0,0;0,0;0,0;0,0;0,0;0,0;0,0;0,0;0,0;0,0;0,0;0,0;0,0;0,0;0,0;0,0;0,0;0,0;0,0;0,0;0,0;0,0;0,0;0,0;0,0;0,0;0,0;0,0;0,0;0,0;0,0;0,0;0,0;0,0;0,0;0,0;0,0;0,0;20,4;21,0;19,8;20,4;19,8;19,2;19,2;19,8;18,0;19,2;18,0;9,6;;;;
17/06/2024;16,8;19,2;18,0;18,0;18,6;17,4;18,6;16,8;18,0;17,4;17,4;15,6;16,2;13,8;14,4;13,8;13,8;15,6;21,0;19,8;20,4;19,8;19,8;19,8;16,8;16,2;13,2;15,6;0,0;0,0;0,0;0,0;0,0;0,0;0,0;0,0;0,0;0,0;0,0;0,0;0,0;0,0;0,0;0,0;0,0;0,0;0,0;0,0;0,0;0,0;0,0;0,0;0,0;0,0;0,0;0,0;0,0;0,0;0,0;0,0;0,0;0,0;0,0;0,0;0,0;0,0;0,0;0,0;0,0;0,0;0,0;0,0;0,0;0,0;0,0;0,0;0,0;0,0;0,0;0,0;0,0;0,0;0,0;0,0;24,0;19,8;18,6;18,0;16,2;16,8;16,2;16,8;16,8;15,6;16,8;7,5;;;;
18/06/2024;16,2;15,6;15,6;15,6;15,0;15,6;15,0;15,6;15,0;15,0;15,0;15,6;14,4;15,6;14,4;15,0;15,0;15,0;14,4;15,6;14,4;15,6;15,0;15,0;14,4;13,2;15,0;15,6;0,0;0,0;0,0;0,0;0,0;0,0;0,0;0,0;0,0;0,0;0,0;0,0;0,0;0,0;0,0;0,0;0,0;0,0;0,0;0,0;0,0;0,0;0,0;0,0;0,0;0,0;0,0;0,0;0,0;0,0;0,0;0,0;0,0;0,0;0,0;0,0;0,0;0,0;0,0;0,0;0,0;0,0;0,0;0,0;0,0;0,0;0,0;0,0;0,0;0,0;0,0;0,0;0,0;0,0;0,0;0,0;19,8;20,4;19,2;19,8;18,0;18,6;17,4;17,4;18,0;16,8;16,8;8,4;;;;
19/06/2024;17,4;16,2;18,0;16,8;16,8;16,2;16,2;16,8;16,2;16,8;16,2;16,2;16,8;16,2;16,2;16,2;16,8;16,2;15,0;16,8;15,6;16,2;17,4;15,0;15,0;13,2;15,6;21,0;0,0;0,0;0,0;0,0;0,0;0,0;0,0;0,0;0,0;0,0;0,0;0,0;0,0;0,0;0,0;0,0;0,0;0,0;0,0;0,0;0,0;0,0;0,0;0,0;0,0;0,0;0,0;0,0;0,0;0,0;0,0;0,0;0,0;0,0;0,0;0,0;0,0;0,0;0,0;0,0;0,0;0,0;0,0;0,0;0,0;0,0;0,0;0,0;0,0;0,0;0,0;0,0;0,0;0,0;0,0;0,0;19,2;18,0;18,0;17,4;16,8;16,2;16,8;16,8;15,6;16,8;16,2;8,1;;;;
20/06/2024;15,6;16,8;15,6;15,6;16,8;15,6;15,6;15,6;15,6;15,6;15,6;15,6;16,8;15,6;16,2;15,6;16,2;15,6;15,0;16,2;15,0;15,6;14,4;13,2;12,6;12,0;15,0;15,0;0,0;0,0;0,0;0,0;0,0;0,0;0,0;0,0;0,0;0,0;0,0;0,0;0,0;0,0;0,0;0,0;0,0;0,0;0,0;0,0;0,0;0,0;0,0;0,0;0,0;0,0;0,0;0,0;0,0;0,0;0,0;0,0;0,0;0,0;0,0;0,0;0,0;0,0;0,0;0,0;0,0;0,0;0,0;0,0;0,0;0,0;0,0;0,0;0,0;0,0;0,0;0,0;0,0;0,0;0,0;0,0;17,4;17,4;16,2;17,4;15,6;16,2;15,6;15,0;15,6;15,6;15,6;7,2;;;;
21/06/2024;14,4;15,6;15,0;16,2;14,4;15,0;15,0;15,0;15,6;14,4;14,4;15,0;14,4;15,6;14,4;14,4;15,0;14,4;13,8;15,6;14,4;14,4;14,4;13,8;13,8;13,8;13,2;15,6;0,0;0,0;0,0;0,0;0,0;0,0;0,0;0,0;0,0;0,0;0,0;0,0;0,0;0,0;0,0;0,0;0,0;0,0;0,0;0,0;0,0;0,0;0,0;0,0;0,0;0,0;0,0;0,0;0,0;0,0;0,0;0,0;0,0;0,0;0,0;0,0;0,0;0,0;0,0;0,0;0,0;0,0;0,0;0,0;0,0;0,0;0,0;0,0;0,0;0,0;0,0;0,0;0,0;0,0;0,0;0,0;26,4;22,8;19,2;19,2;19,8;17,4;19,2;18,0;18,0;18,0;16,8;9,3;;;;
22/06/2024;17,4;16,8;18,0;16,8;17,4;16,8;17,4;16,8;16,8;16,8;16,2;16,8;16,2;16,8;16,8;16,2;16,8;16,2;16,8;15,0;14,4;13,2;12,6;12,0;12,6;10,8;12,6;13,2;0,0;0,0;0,0;0,0;0,0;0,0;0,0;0,0;0,0;0,0;0,0;0,0;0,0;0,0;0,0;0,0;0,0;0,0;0,0;0,0;0,0;0,0;0,0;0,0;0,0;0,0;0,0;0,0;0,0;0,0;0,0;0,0;0,0;0,0;0,0;0,0;0,0;0,0;0,0;0,0;0,0;0,0;0,0;0,0;0,0;0,0;0,0;0,0;0,0;0,0;0,0;0,0;0,0;0,0;0,0;0,0;24,0;22,2;21,0;21,0;19,8;19,2;20,4;18,6;19,2;19,2;18,6;9,6;;;;
23/06/2024;18,0;16,8;16,8;15,0;15,6;16,2;15,6;15,6;15,6;15,6;15,0;13,8;14,4;15,6;13,2;14,4;14,4;13,8;14,4;15,0;13,8;13,8;14,4;13,8;13,2;13,8;12,6;14,4;0,0;0,0;0,0;0,0;0,0;0,0;0,0;0,0;0,0;0,0;0,0;0,0;0,0;0,0;0,0;0,0;0,0;0,0;0,0;0,0;0,0;0,0;0,0;0,0;0,0;0,0;0,0;0,0;0,0;0,0;0,0;0,0;0,0;0,0;0,0;0,0;0,0;0,0;0,0;0,0;0,0;0,0;0,0;0,0;0,0;0,0;0,0;0,0;0,0;0,0;0,0;0,0;0,0;0,0;0,0;0,0;22,8;19,8;21,0;21,0;19,8;19,8;20,4;19,2;18,0;15,0;14,4;7,8;;;;
24/06/2024;14,4;14,4;15,6;13,2;14,4;14,4;13,8;13,8;14,4;13,8;13,8;13,8;13,2;13,2;13,8;13,2;13,8;13,2;13,2;13,8;12,6;12,0;13,8;13,2;12,0;12,6;13,2;13,8;0,0;0,0;0,0;0,0;0,0;0,0;0,0;0,0;0,0;0,0;0,0;0,0;0,0;0,0;0,0;0,0;0,0;0,0;0,0;0,0;0,0;0,0;0,0;0,0;0,0;0,0;0,0;0,0;0,0;0,0;0,0;0,0;0,0;0,0;0,0;0,0;0,0;0,0;0,0;0,0;0,0;0,0;0,0;0,0;0,0;0,0;0,0;0,0;0,0;0,0;0,0;0,0;0,0;0,0;0,0;0,0;19,8;18,0;17,4;18,0;18,0;16,8;18,0;16,8;16,2;18,0;16,8;7,8;;;;
25/06/2024;15,6;14,4;15,0;15,0;14,4;14,4;15,6;14,4;14,4;15,0;13,8;14,4;14,4;14,4;13,8;15,0;13,8;13,8;15,0;13,8;13,8;13,2;12,0;10,8;11,4;11,4;12,0;12,6;0,0;0,0;0,0;0,0;0,0;0,0;0,0;0,0;0,0;0,0;0,0;0,0;0,0;0,0;0,0;0,0;0,0;0,0;0,0;0,0;0,0;0,0;0,0;0,0;0,0;0,0;0,0;0,0;0,0;0,0;0,0;0,0;0,0;0,0;0,0;0,0;0,0;0,0;0,0;0,0;0,0;0,0;0,0;0,0;0,0;0,0;0,0;0,0;0,0;0,0;0,0;0,0;0,0;0,0;0,0;0,0;16,2;14,4;14,4;16,8;15,6;15,6;16,8;16,2;16,8;15,6;15,0;8,4;;;;
26/06/2024;15,6;15,6;16,2;13,8;15,0;13,8;13,8;14,4;13,2;14,4;13,8;13,8;14,4;13,2;13,8;13,8;13,2;14,4;13,2;13,2;13,8;12,6;13,2;13,2;13,8;13,8;13,2;15,0;0,0;0,0;0,0;0,0;0,0;0,0;0,0;0,0;0,0;0,0;0,0;0,0;0,0;0,0;0,0;0,0;0,0;0,0;0,0;0,0;0,0;0,0;0,0;0,0;0,0;0,0;0,0;0,0;0,0;0,0;0,0;0,0;0,0;0,0;0,0;0,0;0,0;0,0;0,0;0,0;0,0;0,0;0,0;0,0;0,0;0,0;0,0;0,0;0,0;0,0;0,0;0,0;0,0;0,0;0,0;0,0;24,6;19,8;19,8;19,8;19,2;17,4;15,6;14,4;16,2;15,0;14,4;7,8;;;;
27/06/2024;14,4;14,4;13,8;11,4;12,6;11,4;12,0;12,0;10,8;12,0;12,0;12,0;11,4;12,6;11,4;11,4;12,0;10,8;10,8;11,4;10,8;10,8;10,8;11,4;10,2;12,0;11,4;12,0;0,0;0,0;0,0;0,0;0,0;0,0;0,0;0,0;0,0;0,0;0,0;0,0;0,0;0,0;0,0;0,0;0,0;0,0;0,0;0,0;0,0;0,0;0,0;0,0;0,0;0,0;0,0;0,0;0,0;0,0;0,0;0,0;0,0;0,0;0,0;0,0;0,0;0,0;0,0;0,0;0,0;0,0;0,0;0,0;0,0;0,0;0,0;0,0;0,0;0,0;0,0;0,0;0,0;0,0;0,0;0,0;24,6;22,8;22,2;23,4;22,2;23,4;22,8;23,4;22,2;21,0;19,2;9,3;;;;
28/06/2024;19,8;15,6;16,2;15,6;15,6;16,8;15,6;15,0;16,8;15,0;15,6;15,0;15,0;16,2;15,0;14,4;16,2;15,0;14,4;15,6;15,0;15,0;15,6;14,4;16,2;15,6;15,0;18,0;0,0;0,0;0,0;0,0;0,0;0,0;0,0;0,0;0,0;0,0;0,0;0,0;0,0;0,0;0,0;0,0;0,0;0,0;0,0;0,0;0,0;0,0;0,0;0,0;0,0;0,0;0,0;0,0;0,0;0,0;0,0;0,0;0,0;0,0;0,0;0,0;0,0;0,0;0,0;0,0;0,0;0,0;0,0;0,0;0,0;0,0;0,0;0,0;0,0;0,0;0,0;0,0;0,0;0,0;0,0;0,0;27,0;24,0;25,2;24,6;25,2;24,6;24,0;24,6;24,0;24,6;21,6;11,7;;;;
29/06/2024;22,8;21,0;20,4;19,8;21,0;20,4;20,4;20,4;20,4;20,4;20,4;19,8;21,0;20,4;19,8;20,4;19,2;20,4;18,6;21,0;20,4;20,4;20,4;20,4;21,6;19,2;21,6;21,6;0,0;0,0;0,0;0,0;0,0;0,0;0,0;0,0;0,0;0,0;0,0;0,0;0,0;0,0;0,0;0,0;0,0;0,0;0,0;0,0;0,0;0,0;0,0;0,0;0,0;0,0;0,0;0,0;0,0;0,0;0,0;0,0;0,0;0,0;0,0;0,0;0,0;0,0;0,0;0,0;0,0;0,0;0,0;0,0;0,0;0,0;0,0;0,0;0,0;0,0;0,0;0,0;0,0;0,0;0,0;0,0;23,4;22,8;21,6;21,0;21,0;20,4;20,4;19,2;20,4;20,4;19,2;9,9;;;;
30/06/2024;19,2;19,8;19,2;20,4;19,8;19,8;19,8;19,2;19,8;18,6;19,8;19,2;19,2;18,6;19,2;18,0;19,2;19,2;18,6;19,8;19,2;20,4;19,2;19,2;15,0;14,4;13,2;16,8;0,0;0,0;0,0;0,0;0,0;0,0;0,0;0,0;0,0;0,0;0,0;0,0;0,0;0,0;0,0;0,0;0,0;0,0;0,0;0,0;0,0;0,0;0,0;0,0;0,0;0,0;0,0;0,0;0,0;0,0;0,0;0,0;0,0;0,0;0,0;0,0;0,0;0,0;0,0;0,0;0,0;0,0;0,0;0,0;0,0;0,0;0,0;0,0;0,0;0,0;0,0;0,0;0,0;0,0;0,0;0,0;22,8;19,2;21,0;18,6;18,6;18,0;19,2;15,6;13,8;13,8;13,8;6,9;;;;
01/07/2024;13,8;13,8;14,4;13,2;14,4;13,2;14,4;13,2;13,2;13,2;14,4;13,2;14,4;13,8;13,8;13,2;13,8;13,8;13,2;13,8;13,8;13,8;12,6;13,8;12,6;14,4;13,8;15,0;0,0;0,0;0,0;0,0;0,0;0,0;0,0;0,0;0,0;0,0;0,0;0,0;0,0;0,0;0,0;0,0;0,0;0,0;0,0;0,0;0,0;0,0;0,0;0,0;0,0;0,0;0,0;0,0;0,0;0,0;0,0;0,0;0,0;0,0;0,0;0,0;0,0;0,0;0,0;0,0;0,0;0,0;0,0;0,0;0,0;0,0;0,0;0,0;0,0;0,0;0,0;0,0;0,0;0,0;0,0;0,0;24,0;22,2;23,4;22,2;22,8;21,6;22,2;22,2;21,6;21,6;21,0;11,1;;;;
02/07/2024;21,0;22,2;21,0;20,4;20,4;20,4;20,4;19,2;20,4;19,2;19,8;19,2;19,8;19,2;19,2;18,0;19,2;18,0;19,2;18,0;19,2;17,4;17,4;14,4;12,6;12,6;13,2;13,8;0,0;0,0;0,0;0,0;0,0;0,0;0,0;0,0;0,0;0,0;0,0;0,0;0,0;0,0;0,0;0,0;0,0;0,0;0,0;0,0;0,0;0,0;0,0;0,0;0,0;0,0;0,0;0,0;0,0;0,0;0,0;0,0;0,0;0,0;0,0;0,0;0,0;0,0;0,0;0,0;0,0;0,0;0,0;0,0;0,0;0,0;0,0;0,0;0,0;0,0;0,0;0,0;0,0;0,0;0,0;0,0;24,0;22,8;24,0;22,8;22,2;22,2;20,4;21,6;18,0;17,4;17,4;8,4;;;;
03/07/2024;16,8;17,4;17,4;16,2;17,4;16,8;17,4;16,8;17,4;16,2;18,0;16,2;17,4;16,8;18,0;16,2;16,8;16,8;16,8;15,6;16,2;16,2;16,2;13,2;14,4;12,6;15,6;19,2;0,0;0,0;0,0;0,0;0,0;0,0;0,0;0,0;0,0;0,0;0,0;0,0;0,0;0,0;0,0;0,0;0,0;0,0;0,0;0,0;0,0;0,0;0,0;0,0;0,0;0,0;0,0;0,0;0,0;0,0;0,0;0,0;0,0;0,0;0,0;0,0;0,0;0,0;0,0;0,0;0,0;0,0;0,0;0,0;0,0;0,0;0,0;0,0;0,0;0,0;0,0;0,0;0,0;0,0;0,0;0,0;23,4;22,2;22,2;22,8;21,6;22,2;20,4;21,6;19,8;21,6;19,8;10,5;;;;
04/07/2024;19,2;20,4;20,4;19,8;19,8;21,0;19,8;20,4;20,4;19,8;20,4;19,8;19,8;20,4;19,8;19,8;19,8;19,8;19,2;19,8;18,6;20,4;16,8;17,4;15,6;13,2;12,6;13,8;0,0;0,0;0,0;0,0;0,0;0,0;0,0;0,0;0,0;0,0;0,0;0,0;0,0;0,0;0,0;0,0;0,0;0,0;0,0;0,0;0,0;0,0;0,0;0,0;0,0;0,0;0,0;0,0;0,0;0,0;0,0;0,0;0,0;0,0;0,0;0,0;0,0;0,0;0,0;0,0;0,0;0,0;0,0;0,0;0,0;0,0;0,0;0,0;0,0;0,0;0,0;0,0;0,0;0,0;0,0;0,0;18,0;19,2;17,4;18,6;18,0;18,0;17,4;16,8;18,0;16,2;18,0;8,1;;;;
05/07/2024;15,0;15,6;14,4;15,6;14,4;15,6;14,4;15,0;15,0;14,4;15,6;14,4;14,4;12,6;12,6;13,8;12,6;13,2;12,6;12,6;11,4;11,4;11,4;10,8;10,2;12,0;11,4;13,2;0,0;0,0;0,0;0,0;0,0;0,0;0,0;0,0;0,0;0,0;0,0;0,0;0,0;0,0;0,0;0,0;0,0;0,0;0,0;0,0;0,0;0,0;0,0;0,0;0,0;0,0;0,0;0,0;0,0;0,0;0,0;0,0;0,0;0,0;0,0;0,0;0,0;0,0;0,0;0,0;0,0;0,0;0,0;0,0;0,0;0,0;0,0;0,0;0,0;0,0;0,0;0,0;0,0;0,0;0,0;0,0;18,0;18,6;16,8;17,4;16,8;16,2;16,8;16,2;15,6;16,8;15,6;8,1;;;;
06/07/2024;16,2;15,6;16,8;16,2;15,6;16,2;15,6;13,8;14,4;13,8;13,8;14,4;13,8;12,0;10,8;10,8;10,2;11,4;10,2;10,2;11,4;10,8;11,4;11,4;10,8;11,4;12,6;13,8;0,0;0,0;0,0;0,0;0,0;0,0;0,0;0,0;0,0;0,0;0,0;0,0;0,0;0,0;0,0;0,0;0,0;0,0;0,0;0,0;0,0;0,0;0,0;0,0;0,0;0,0;0,0;0,0;0,0;0,0;0,0;0,0;0,0;0,0;0,0;0,0;0,0;0,0;0,0;0,0;0,0;0,0;0,0;0,0;0,0;0,0;0,0;0,0;0,0;0,0;0,0;0,0;0,0;0,0;0,0;0,0;22,8;22,2;21,0;19,2;20,4;19,2;19,8;19,8;18,6;20,4;18,6;9,9;;;;
07/07/2024;19,2;18,0;19,8;18,6;19,2;19,2;18,6;18,6;18,0;19,2;17,4;18,6;15,6;16,2;16,2;15,6;16,2;15,0;16,2;16,2;14,4;13,2;13,2;11,4;11,4;13,2;11,4;15,6;0,0;0,0;0,0;0,0;0,0;0,0;0,0;0,0;0,0;0,0;0,0;0,0;0,0;0,0;0,0;0,0;0,0;0,0;0,0;0,0;0,0;0,0;0,0;0,0;0,0;0,0;0,0;0,0;0,0;0,0;0,0;0,0;0,0;0,0;0,0;0,0;0,0;0,0;0,0;0,0;0,0;0,0;0,0;0,0;0,0;0,0;0,0;0,0;0,0;0,0;0,0;0,0;0,0;0,0;0,0;0,0;22,2;20,4;20,4;19,8;20,4;19,2;19,8;19,2;19,2;19,8;19,2;9,9;;;;
08/07/2024;18,0;19,2;18,6;18,6;19,2;18,6;18,6;18,0;18,0;18,6;15,6;16,8;15,6;16,2;16,2;15,0;16,8;16,2;14,4;14,4;13,8;15,6;13,2;12,6;12,0;11,4;13,2;13,2;0,0;0,0;0,0;0,0;0,0;0,0;0,0;0,0;0,0;0,0;0,0;0,0;0,0;0,0;0,0;0,0;0,0;0,0;0,0;0,0;0,0;0,0;0,0;0,0;0,0;0,0;0,0;0,0;0,0;0,0;0,0;0,0;0,0;0,0;0,0;0,0;0,0;0,0;0,0;0,0;0,0;0,0;0,0;0,0;0,0;0,0;0,0;0,0;0,0;0,0;0,0;0,0;0,0;0,0;0,0;0,0;13,8;14,4;12,6;13,2;12,6;13,2;11,4;12,6;12,0;13,2;12,0;6,3;;;;
09/07/2024;11,4;13,2;12,0;12,0;12,0;12,0;12,6;11,4;12,0;12,0;13,2;11,4;12,6;12,0;12,6;11,4;12,0;12,0;12,0;12,0;12,0;12,6;12,0;12,0;12,0;13,8;13,2;13,8;0,0;0,0;0,0;0,0;0,0;0,0;0,0;0,0;0,0;0,0;0,0;0,0;0,0;0,0;0,0;0,0;0,0;0,0;0,0;0,0;0,0;0,0;0,0;0,0;0,0;0,0;0,0;0,0;0,0;0,0;0,0;0,0;0,0;0,0;0,0;0,0;0,0;0,0;0,0;0,0;0,0;0,0;0,0;0,0;0,0;0,0;0,0;0,0;0,0;0,0;0,0;0,0;0,0;0,0;0,0;0,0;21,0;18,0;19,8;18,0;16,8;16,2;16,8;17,4;16,2;16,2;12,6;6,6;;;;
10/07/2024;13,2;13,2;13,2;13,2;13,2;13,2;13,2;12,0;10,2;11,4;10,2;11,4;9,6;10,8;10,8;10,2;11,4;9,6;11,4;10,2;10,8;10,8;9,6;12,0;10,8;11,4;10,2;15,6;0,0;0,0;0,0;0,0;0,0;0,0;0,0;0,0;0,0;0,0;0,0;0,0;0,0;0,0;0,0;0,0;0,0;0,0;0,0;0,0;0,0;0,0;0,0;0,0;0,0;0,0;0,0;0,0;0,0;0,0;0,0;0,0;0,0;0,0;0,0;0,0;0,0;0,0;0,0;0,0;0,0;0,0;0,0;0,0;0,0;0,0;0,0;0,0;0,0;0,0;0,0;0,0;0,0;0,0;0,0;0,0;18,6;20,4;19,2;19,2;19,2;18,6;18,6;16,8;16,2;16,2;16,2;7,2;;;;
11/07/2024;15,0;15,6;16,2;15,6;16,2;15,6;16,8;15,6;16,2;15,6;15,6;16,2;15,0;16,2;15,6;16,8;15,6;15,6;16,2;15,6;15,0;13,2;14,4;14,4;13,8;15,0;18,0;20,4;0,0;0,0;0,0;0,0;0,0;0,0;0,0;0,0;0,0;0,0;0,0;0,0;0,0;0,0;0,0;0,0;0,0;0,0;0,0;0,0;0,0;0,0;0,0;0,0;0,0;0,0;0,0;0,0;0,0;0,0;0,0;0,0;0,0;0,0;0,0;0,0;0,0;0,0;0,0;0,0;0,0;0,0;0,0;0,0;0,0;0,0;0,0;0,0;0,0;0,0;0,0;0,0;0,0;0,0;0,0;0,0;20,4;20,4;20,4;19,2;18,6;19,2;18,0;18,6;18,6;19,2;18,0;9,3;;;;
12/07/2024;17,4;18,0;16,8;17,4;16,2;16,8;16,8;15,6;17,4;15,6;16,8;15,6;16,8;16,8;15,6;16,2;16,2;16,2;16,8;16,2;16,8;17,4;15,6;13,8;15,6;14,4;15,6;16,2;0,0;0,0;0,0;0,0;0,0;0,0;0,0;0,0;0,0;0,0;0,0;0,0;0,0;0,0;0,0;0,0;0,0;0,0;0,0;0,0;0,0;0,0;0,0;0,0;0,0;0,0;0,0;0,0;0,0;0,0;0,0;0,0;0,0;0,0;0,0;0,0;0,0;0,0;0,0;0,0;0,0;0,0;0,0;0,0;0,0;0,0;0,0;0,0;0,0;0,0;0,0;0,0;0,0;0,0;0,0;0,0;23,4;22,8;23,4;22,8;21,6;22,8;21,0;21,6;21,6;21,0;19,2;9,6;;;;
13/07/2024;21,6;19,2;20,4;19,8;19,8;18,6;19,8;19,2;19,2;19,2;19,2;18,6;18,6;19,8;17,4;19,2;18,6;20,4;18,6;19,2;19,2;18,6;16,2;11,4;10,8;12,0;12,0;15,6;0,0;0,0;0,0;0,0;0,0;0,0;0,0;0,0;0,0;0,0;0,0;0,0;0,0;0,0;0,0;0,0;0,0;0,0;0,0;0,0;0,0;0,0;0,0;0,0;0,0;0,0;0,0;0,0;0,0;0,0;0,0;0,0;0,0;0,0;0,0;0,0;0,0;0,0;0,0;0,0;0,0;0,0;0,0;0,0;0,0;0,0;0,0;0,0;0,0;0,0;0,0;0,0;0,0;0,0;0,0;0,0;19,8;18,0;18,0;16,8;17,4;16,2;12,6;13,8;12,6;13,8;12,6;6,3;;;;
14/07/2024;12,6;12,0;12,0;12,0;12,0;12,0;13,2;11,4;12,6;12,0;11,4;12,6;11,4;12,0;12,6;12,0;12,0;12,6;11,4;12,6;11,4;12,6;12,6;10,8;11,4;13,8;11,4;14,4;0,0;0,0;0,0;0,0;0,0;0,0;0,0;0,0;0,0;0,0;0,0;0,0;0,0;0,0;0,0;0,0;0,0;0,0;0,0;0,0;0,0;0,0;0,0;0,0;0,0;0,0;0,0;0,0;0,0;0,0;0,0;0,0;0,0;0,0;0,0;0,0;0,0;0,0;0,0;0,0;0,0;0,0;0,0;0,0;0,0;0,0;0,0;0,0;0,0;0,0;0,0;0,0;0,0;0,0;0,0;0,0;20,4;18,0;17,4;17,4;16,2;16,2;16,2;16,8;15,6;16,2;16,2;7,8;;;;
15/07/2024;16,2;16,2;16,2;15,6;16,2;16,2;16,2;15,6;15,0;15,0;15,0;15,0;14,4;14,4;14,4;15,0;13,8;14,4;15,0;13,8;15,0;13,8;15,6;14,4;13,8;12,6;13,2;15,6;0,0;0,0;0,0;0,0;0,0;0,0;0,0;0,0;0,0;0,0;0,0;0,0;0,0;0,0;0,0;0,0;0,0;0,0;0,0;0,0;0,0;0,0;0,0;0,0;0,0;0,0;0,0;0,0;0,0;0,0;0,0;0,0;0,0;0,0;0,0;0,0;0,0;0,0;0,0;0,0;0,0;0,0;0,0;0,0;0,0;0,0;0,0;0,0;0,0;0,0;0,0;0,0;0,0;0,0;0,0;0,0;16,2;13,2;13,2;13,8;12,6;12,6;12,6;12,0;13,2;11,4;11,4;6,301;;;;
16/07/2024;11,4;11,4;12,0;12,0;11,4;12,0;11,4;12,0;12,0;10,8;12,0;11,4;11,4;12,0;10,8;12,0;12,0;10,8;12,0;11,4;11,4;11,4;11,4;11,4;12,6;9,6;11,4;14,4;0,0;0,0;0,0;0,0;0,0;0,0;0,0;0,0;0,0;0,0;0,0;0,0;0,0;0,0;0,0;0,0;0,0;0,0;0,0;0,0;0,0;0,0;0,0;0,0;0,0;0,0;0,0;0,0;0,0;0,0;0,0;0,0;0,0;0,0;0,0;0,0;0,0;0,0;0,0;0,0;0,0;0,0;0,0;0,0;0,0;0,0;0,0;0,0;0,0;0,0;0,0;0,0;0,0;0,0;0,0;0,0;17,4;16,8;18,0;15,6;15,6;16,2;16,2;16,2;15,6;16,2;17,4;7,8;;;;
17/07/2024;16,2;17,4;16,2;16,8;16,8;16,2;16,8;15,6;15,6;17,4;15,6;15,6;16,8;15,0;15,6;16,2;15,0;16,2;15,6;15,6;16,2;15,6;15,6;13,8;11,4;12,0;13,2;18,0;0,0;0,0;0,0;0,0;0,0;0,0;0,0;0,0;0,0;0,0;0,0;0,0;0,0;0,0;0,0;0,0;0,0;0,0;0,0;0,0;0,0;0,0;0,0;0,0;0,0;0,0;0,0;0,0;0,0;0,0;0,0;0,0;0,0;0,0;0,0;0,0;0,0;0,0;0,0;0,0;0,0;0,0;0,0;0,0;0,0;0,0;0,0;0,0;0,0;0,0;0,0;0,0;0,0;0,0;0,0;0,0;19,2;20,4;18,0;18,0;17,4;18,0;16,8;16,8;16,8;17,4;16,2;8,4;;;;
18/07/2024;17,4;16,2;17,4;16,8;17,4;16,8;16,8;16,2;16,8;15,0;17,4;15,6;16,2;15,6;15,6;16,2;14,4;15,6;15,0;13,2;12,6;12,0;13,2;12,0;13,8;12,0;12,0;16,8;0,0;0,0;0,0;0,0;0,0;0,0;0,0;0,0;0,0;0,0;0,0;0,0;0,0;0,0;0,0;0,0;0,0;0,0;0,0;0,0;0,0;0,0;0,0;0,0;0,0;0,0;0,0;0,0;0,0;0,0;0,0;0,0;0,0;0,0;0,0;0,0;0,0;0,0;0,0;0,0;0,0;0,0;0,0;0,0;0,0;0,0;0,0;0,0;0,0;0,0;0,0;0,0;0,0;0,0;0,0;0,0;21,0;20,4;20,4;19,2;19,2;19,2;18,0;19,2;19,2;18,0;17,4;8,7;;;;
19/07/2024;16,8;17,4;16,2;16,8;15,6;15,6;13,2;14,4;13,2;13,8;13,2;13,8;14,4;13,2;12,0;11,4;11,4;10,8;11,4;11,4;10,8;10,8;12,0;12,0;12,6;10,8;12,6;15,6;0,0;0,0;0,0;0,0;0,0;0,0;0,0;0,0;0,0;0,0;0,0;0,0;0,0;0,0;0,0;0,0;0,0;0,0;0,0;0,0;0,0;0,0;0,0;0,0;0,0;0,0;0,0;0,0;0,0;0,0;0,0;0,0;0,0;0,0;0,0;0,0;0,0;0,0;0,0;0,0;0,0;0,0;0,0;0,0;0,0;0,0;0,0;0,0;0,0;0,0;0,0;0,0;0,0;0,0;0,0;0,0;22,8;22,8;22,2;23,4;21,0;21,0;21,0;20,4;21,0;20,4;20,4;9,6;;;;
20/07/2024;19,8;20,4;19,2;21,0;19,2;20,4;19,2;20,4;18,6;19,8;19,2;19,8;18,6;19,8;16,2;17,4;13,2;13,8;12,6;13,2;13,2;13,2;12,6;13,8;12,0;13,8;13,8;17,4;0,0;0,0;0,0;0,0;0,0;0,0;0,0;0,0;0,0;0,0;0,0;0,0;0,0;0,0;0,0;0,0;0,0;0,0;0,0;0,0;0,0;0,0;0,0;0,0;0,0;0,0;0,0;0,0;0,0;0,0;0,0;0,0;0,0;0,0;0,0;0,0;0,0;0,0;0,0;0,0;0,0;0,0;0,0;0,0;0,0;0,0;0,0;0,0;0,0;0,0;0,0;0,0;0,0;0,0;0,0;0,0;24,6;24,0;23,4;25,2;24,0;22,8;24,0;23,4;21,6;22,8;21,6;11,1;;;;
21/07/2024;20,4;21,6;21,6;19,8;21,0;20,4;20,4;21,0;19,8;21,6;19,8;21,0;20,4;21,6;19,8;19,8;21,0;19,8;20,4;19,2;18,6;13,2;12,6;12,0;12,6;12,6;13,8;14,4;0,0;0,0;0,0;0,0;0,0;0,0;0,0;0,0;0,0;0,0;0,0;0,0;0,0;0,0;0,0;0,0;0,0;0,0;0,0;0,0;0,0;0,0;0,0;0,0;0,0;0,0;0,0;0,0;0,0;0,0;0,0;0,0;0,0;0,0;0,0;0,0;0,0;0,0;0,0;0,0;0,0;0,0;0,0;0,0;0,0;0,0;0,0;0,0;0,0;0,0;0,0;0,0;0,0;0,0;0,0;0,0;24,6;24,0;22,8;24,0;23,4;21,0;21,6;21,6;21,6;21,6;20,4;11,1;;;;
22/07/2024;21,6;21,0;21,6;21,0;21,6;21,6;21,0;22,2;21,0;21,0;21,0;21,0;21,0;20,4;21,6;21,0;22,2;20,4;21,6;20,4;21,6;16,8;18,0;17,4;18,6;18,0;18,0;22,2;0,0;0,0;0,0;0,0;0,0;0,0;0,0;0,0;0,0;0,0;0,0;0,0;0,0;0,0;0,0;0,0;0,0;0,0;0,0;0,0;0,0;0,0;0,0;0,0;0,0;0,0;0,0;0,0;0,0;0,0;0,0;0,0;0,0;0,0;0,0;0,0;0,0;0,0;0,0;0,0;0,0;0,0;0,0;0,0;0,0;0,0;0,0;0,0;0,0;0,0;0,0;0,0;0,0;0,0;0,0;0,0;22,8;19,8;22,2;21,0;20,4;18,6;19,8;19,2;19,2;19,2;18,0;9,6;;;;
23/07/2024;19,2;18,6;18,6;18,0;18,0;18,6;18,0;18,0;18,0;17,4;18,0;16,2;18,0;16,2;18,0;14,4;14,4;14,4;13,8;13,2;13,8;12,6;12,6;12,0;12,6;12,6;13,2;13,8;0,0;0,0;0,0;0,0;0,0;0,0;0,0;0,0;0,0;0,0;0,0;0,0;0,0;0,0;0,0;0,0;0,0;0,0;0,0;0,0;0,0;0,0;0,0;0,0;0,0;0,0;0,0;0,0;0,0;0,0;0,0;0,0;0,0;0,0;0,0;0,0;0,0;0,0;0,0;0,0;0,0;0,0;0,0;0,0;0,0;0,0;0,0;0,0;0,0;0,0;0,0;0,0;0,0;0,0;0,0;0,0;22,8;21,6;20,4;21,0;20,4;18,6;20,4;21,0;20,4;21,0;19,8;9,9;;;;
24/07/2024;19,8;18,6;20,4;19,2;19,2;19,8;19,2;19,8;20,4;19,2;19,2;20,4;19,8;19,8;19,2;20,4;18,6;18,6;19,8;17,4;16,2;15,0;15,0;15,0;14,4;16,2;15,0;20,4;0,0;0,0;0,0;0,0;0,0;0,0;0,0;0,0;0,0;0,0;0,0;0,0;0,0;0,0;0,0;0,0;0,0;0,0;0,0;0,0;0,0;0,0;0,0;0,0;0,0;0,0;0,0;0,0;0,0;0,0;0,0;0,0;0,0;0,0;0,0;0,0;0,0;0,0;0,0;0,0;0,0;0,0;0,0;0,0;0,0;0,0;0,0;0,0;0,0;0,0;0,0;0,0;0,0;0,0;0,0;0,0;24,0;24,0;24,6;23,4;22,8;22,8;22,8;22,8;22,2;21,6;22,2;11,4;;;;
25/07/2024;20,4;22,8;21,6;21,0;21,6;21,0;20,4;21,6;20,4;20,4;21,6;19,8;21,6;21,0;20,4;22,2;20,4;21,6;21,0;20,4;21,6;19,8;21,6;21,0;21,6;21,0;20,4;27,6;0,0;0,0;0,0;0,0;0,0;0,0;0,0;0,0;0,0;0,0;0,0;0,0;0,0;0,0;0,0;0,0;0,0;0,0;0,0;0,0;0,0;0,0;0,0;0,0;0,0;0,0;0,0;0,0;0,0;0,0;0,0;0,0;0,0;0,0;0,0;0,0;0,0;0,0;0,0;0,0;0,0;0,0;0,0;0,0;0,0;0,0;0,0;0,0;0,0;0,0;0,0;0,0;0,0;0,0;0,0;0,0;25,8;24,0;23,4;24,6;22,8;23,4;22,2;21,6;22,2;22,2;22,8;10,2;;;;
26/07/2024;22,8;21,6;20,4;21,6;22,8;20,4;21,0;22,2;19,2;20,4;20,4;20,4;19,8;21,0;19,8;20,4;19,8;21,6;19,8;21,0;18,6;15,6;16,2;16,8;15,6;14,4;14,4;16,2;0,0;0,0;0,0;0,0;0,0;0,0;0,0;0,0;0,0;0,0;0,0;0,0;0,0;0,0;0,0;0,0;0,0;0,0;0,0;0,0;0,0;0,0;0,0;0,0;0,0;0,0;0,0;0,0;0,0;0,0;0,0;0,0;0,0;0,0;0,0;0,0;0,0;0,0;0,0;0,0;0,0;0,0;0,0;0,0;0,0;0,0;0,0;0,0;0,0;0,0;0,0;0,0;0,0;0,0;0,0;0,0;20,4;18,6;14,4;14,4;13,2;13,2;12,6;12,6;12,0;12,6;12,0;6,6;;;;
27/07/2024;12,0;12,6;12,0;12,0;12,6;11,4;12,6;11,4;11,4;11,4;10,8;12,0;10,8;12,0;10,8;12,0;10,8;10,8;12,6;10,8;12,0;10,8;11,4;12,0;12,6;13,8;12,0;15,6;0,0;0,0;0,0;0,0;0,0;0,0;0,0;0,0;0,0;0,0;0,0;0,0;0,0;0,0;0,0;0,0;0,0;0,0;0,0;0,0;0,0;0,0;0,0;0,0;0,0;0,0;0,0;0,0;0,0;0,0;0,0;0,0;0,0;0,0;0,0;0,0;0,0;0,0;0,0;0,0;0,0;0,0;0,0;0,0;0,0;0,0;0,0;0,0;0,0;0,0;0,0;0,0;0,0;0,0;0,0;0,0;22,8;21,0;21,6;24,0;21,6;22,8;21,6;22,2;21,6;20,4;20,4;10,2;;;;
28/07/2024;19,8;20,4;19,8;20,4;19,2;19,8;19,8;20,4;19,8;19,2;21,0;18,6;19,8;19,2;20,4;18,6;19,2;16,2;16,2;16,2;16,8;15,6;16,2;17,4;15,0;14,4;14,4;16,8;0,0;0,0;0,0;0,0;0,0;0,0;0,0;0,0;0,0;0,0;0,0;0,0;0,0;0,0;0,0;0,0;0,0;0,0;0,0;0,0;0,0;0,0;0,0;0,0;0,0;0,0;0,0;0,0;0,0;0,0;0,0;0,0;0,0;0,0;0,0;0,0;0,0;0,0;0,0;0,0;0,0;0,0;0,0;0,0;0,0;0,0;0,0;0,0;0,0;0,0;0,0;0,0;0,0;0,0;0,0;0,0;15,6;14,4;14,4;13,2;13,8;12,6;13,2;12,6;13,2;12,6;13,2;6,0;;;;
29/07/2024;13,2;12,6;12,6;12,6;12,0;12,0;12,0;12,6;12,0;12,6;11,4;12,6;12,0;11,4;13,2;11,4;12,6;11,4;12,6;12,0;12,0;12,6;13,2;12,6;12,6;13,2;12,6;13,8;0,0;0,0;0,0;0,0;0,0;0,0;0,0;0,0;0,0;0,0;0,0;0,0;0,0;0,0;0,0;0,0;0,0;0,0;0,0;0,0;0,0;0,0;0,0;0,0;0,0;0,0;0,0;0,0;0,0;0,0;0,0;0,0;0,0;0,0;0,0;0,0;0,0;0,0;0,0;0,0;0,0;0,0;0,0;0,0;0,0;0,0;0,0;0,0;0,0;0,0;0,0;0,0;0,0;0,0;0,0;0,0;20,4;19,8;18,6;19,2;18,6;18,6;16,8;17,4;17,4;16,8;18,0;8,7;;;;
30/07/2024;16,2;17,4;17,4;16,8;18,0;16,8;16,8;16,8;16,2;16,8;17,4;15,6;16,2;15,6;15,0;16,2;14,4;16,2;15,6;14,4;16,2;16,2;15,0;15,6;13,8;15,6;16,2;16,8;0,0;0,0;0,0;0,0;0,0;0,0;0,0;0,0;0,0;0,0;0,0;0,0;0,0;0,0;0,0;0,0;0,0;0,0;0,0;0,0;0,0;0,0;0,0;0,0;0,0;0,0;0,0;0,0;0,0;0,0;0,0;0,0;0,0;0,0;0,0;0,0;0,0;0,0;0,0;0,0;0,0;0,0;0,0;0,0;0,0;0,0;0,0;0,0;0,0;0,0;0,0;0,0;0,0;0,0;0,0;0,0;18,6;17,4;18,0;17,4;17,4;16,8;16,8;15,6;16,8;16,8;15,6;8,1;;;;
31/07/2024;16,2;15,6;14,4;15,6;14,4;15,0;15,6;15,0;14,4;15,6;15,0;14,4;15,0;15,6;14,4;15,0;15,0;14,4;14,4;15,6;14,4;13,2;13,2;12,0;12,0;16,2;17,4;19,8;0,0;0,0;0,0;0,0;0,0;0,0;0,0;0,0;0,0;0,0;0,0;0,0;0,0;0,0;0,0;0,0;0,0;0,0;0,0;0,0;0,0;0,0;0,0;0,0;0,0;0,0;0,0;0,0;0,0;0,0;0,0;0,0;0,0;0,0;0,0;0,0;0,0;0,0;0,0;0,0;0,0;0,0;0,0;0,0;0,0;0,0;0,0;0,0;0,0;0,0;0,0;0,0;0,0;0,0;0,0;0,0;18,6;17,4;18,0;16,8;17,4;16,8;15,6;16,2;16,2;15,0;16,2;7,5;;;;
01/08/2024;16,2;15,6;15,0;15,0;15,0;15,6;14,4;15,6;16,2;14,4;15,6;15,0;16,2;15,6;16,2;15,0;14,4;14,4;14,4;14,4;14,4;13,8;13,8;10,8;12,0;12,6;12,6;17,4;0,0;0,0;0,0;0,0;0,0;0,0;0,0;0,0;0,0;0,0;0,0;0,0;0,0;0,0;0,0;0,0;0,0;0,0;0,0;0,0;0,0;0,0;0,0;0,0;0,0;0,0;0,0;0,0;0,0;0,0;0,0;0,0;0,0;0,0;0,0;0,0;0,0;0,0;0,0;0,0;0,0;0,0;0,0;0,0;0,0;0,0;0,0;0,0;0,0;0,0;0,0;0,0;0,0;0,0;0,0;0,0;19,8;18,6;17,4;16,8;17,4;15,6;16,8;16,2;16,2;16,8;15,6;8,7;;;;
02/08/2024;15,0;16,8;16,2;16,2;16,2;15,6;16,2;15,0;16,2;16,2;15,6;15,6;15,0;15,6;15,6;16,8;15,6;15,0;16,2;15,0;16,2;15,0;14,4;11,4;12,6;12,0;12,0;14,4;0,0;0,0;0,0;0,0;0,0;0,0;0,0;0,0;0,0;0,0;0,0;0,0;0,0;0,0;0,0;0,0;0,0;0,0;0,0;0,0;0,0;0,0;0,0;0,0;0,0;0,0;0,0;0,0;0,0;0,0;0,0;0,0;0,0;0,0;0,0;0,0;0,0;0,0;0,0;0,0;0,0;0,0;0,0;0,0;0,0;0,0;0,0;0,0;0,0;0,0;0,0;0,0;0,0;0,0;0,0;0,0;16,2;16,8;15,6;16,2;15,6;14,4;15,6;15,0;14,4;15,0;13,2;7,2;;;;
03/08/2024;12,6;13,8;13,2;13,8;13,8;12,6;13,8;12,0;13,8;13,2;12,6;13,2;12,0;13,2;12,0;13,2;12,0;13,2;12,0;12,6;12,6;12,0;12,6;13,2;12,0;10,8;12,6;13,2;0,0;0,0;0,0;0,0;0,0;0,0;0,0;0,0;0,0;0,0;0,0;0,0;0,0;0,0;0,0;0,0;0,0;0,0;0,0;0,0;0,0;0,0;0,0;0,0;0,0;0,0;0,0;0,0;0,0;0,0;0,0;0,0;0,0;0,0;0,0;0,0;0,0;0,0;0,0;0,0;0,0;0,0;0,0;0,0;0,0;0,0;0,0;0,0;0,0;0,0;0,0;0,0;0,0;0,0;0,0;0,0;13,8;13,8;13,2;12,0;12,6;11,4;12,0;10,2;11,4;10,8;10,8;6,0;;;;
04/08/2024;11,4;11,4;10,8;11,4;11,4;10,8;12,0;10,8;10,8;11,4;10,8;11,4;10,2;10,2;11,4;10,8;10,8;10,8;10,2;11,4;10,2;12,0;12,0;11,4;12,6;12,6;12,6;13,8;0,0;0,0;0,0;0,0;0,0;0,0;0,0;0,0;0,0;0,0;0,0;0,0;0,0;0,0;0,0;0,0;0,0;0,0;0,0;0,0;0,0;0,0;0,0;0,0;0,0;0,0;0,0;0,0;0,0;0,0;0,0;0,0;0,0;0,0;0,0;0,0;0,0;0,0;0,0;0,0;0,0;0,0;0,0;0,0;0,0;0,0;0,0;0,0;0,0;0,0;0,0;0,0;0,0;0,0;0,0;0,0;14,4;13,8;12,0;12,6;11,4;11,4;11,4;10,8;12,0;12,0;12,6;6,6;;;;
05/08/2024;12,0;12,6;12,6;12,0;12,0;12,0;10,8;12,6;11,4;11,4;11,4;10,8;10,8;12,0;10,8;10,8;10,8;10,8;10,2;11,4;11,4;10,2;12,0;12,0;12,0;12,0;11,4;13,2;0,0;0,0;0,0;0,0;0,0;0,0;0,0;0,0;0,0;0,0;0,0;0,0;0,0;0,0;0,0;0,0;0,0;0,0;0,0;0,0;0,0;0,0;0,0;0,0;0,0;0,0;0,0;0,0;0,0;0,0;0,0;0,0;0,0;0,0;0,0;0,0;0,0;0,0;0,0;0,0;0,0;0,0;0,0;0,0;0,0;0,0;0,0;0,0;0,0;0,0;0,0;0,0;0,0;0,0;0,0;0,0;18,6;15,6;15,0;15,6;13,8;15,0;13,8;13,2;15,0;13,2;13,8;6,899;;;;
06/08/2024;13,8;13,8;13,2;13,8;13,8;13,2;13,2;13,2;13,2;13,8;12,6;13,8;12,6;12,6;13,2;12,6;12,0;13,8;12,6;13,2;12,6;13,8;13,2;12,6;13,2;13,8;15,0;15,6;0,0;0,0;0,0;0,0;0,0;0,0;0,0;0,0;0,0;0,0;0,0;0,0;0,0;0,0;0,0;0,0;0,0;0,0;0,0;0,0;0,0;0,0;0,0;0,0;0,0;0,0;0,0;0,0;0,0;0,0;0,0;0,0;0,0;0,0;0,0;0,0;0,0;0,0;0,0;0,0;0,0;0,0;0,0;0,0;0,0;0,0;0,0;0,0;0,0;0,0;0,0;0,0;0,0;0,0;0,0;0,0;20,4;18,0;19,2;18,0;19,2;18,0;19,2;17,4;18,0;18,6;17,4;9,3;;;;
07/08/2024;18,0;17,4;18,0;17,4;18,0;16,8;15,6;15,0;13,8;13,8;15,6;15,0;16,8;15,6;16,8;14,4;13,2;14,4;14,4;16,2;15,0;16,2;16,8;13,8;15,0;16,2;14,4;20,4;0,0;0,0;0,0;0,0;0,0;0,0;0,0;0,0;0,0;0,0;0,0;0,0;0,0;0,0;0,0;0,0;0,0;0,0;0,0;0,0;0,0;0,0;0,0;0,0;0,0;0,0;0,0;0,0;0,0;0,0;0,0;0,0;0,0;0,0;0,0;0,0;0,0;0,0;0,0;0,0;0,0;0,0;0,0;0,0;0,0;0,0;0,0;0,0;0,0;0,0;0,0;0,0;0,0;0,0;0,0;0,0;15,6;15,6;14,4;15,6;14,4;14,4;14,4;13,2;15,6;15,6;16,2;7,8;;;;
08/08/2024;15,6;15,0;15,0;15,6;14,4;15,0;15,0;14,4;15,0;14,4;15,0;14,4;13,8;14,4;14,4;15,0;15,0;13,8;15,6;13,8;15,0;14,4;13,8;14,4;14,4;14,4;13,2;14,4;0,0;0,0;0,0;0,0;0,0;0,0;0,0;0,0;0,0;0,0;0,0;0,0;0,0;0,0;0,0;0,0;0,0;0,0;0,0;0,0;0,0;0,0;0,0;0,0;0,0;0,0;0,0;0,0;0,0;0,0;0,0;0,0;0,0;0,0;0,0;0,0;0,0;0,0;0,0;0,0;0,0;0,0;0,0;0,0;0,0;0,0;0,0;0,0;0,0;0,0;0,0;0,0;0,0;0,0;0,0;0,0;20,4;16,8;15,6;15,0;15,0;16,2;13,8;15,6;14,4;15,0;13,8;7,8;;;;
09/08/2024;14,4;13,8;15,0;13,8;15,0;13,8;14,4;13,8;13,8;14,4;13,8;14,4;13,8;14,4;13,8;13,8;15,0;13,8;15,0;13,2;13,8;13,8;13,2;13,2;13,8;13,2;11,4;14,4;0,0;0,0;0,0;0,0;0,0;0,0;0,0;0,0;0,0;0,0;0,0;0,0;0,0;0,0;0,0;0,0;0,0;0,0;0,0;0,0;0,0;0,0;0,0;0,0;0,0;0,0;0,0;0,0;0,0;0,0;0,0;0,0;0,0;0,0;0,0;0,0;0,0;0,0;0,0;0,0;0,0;0,0;0,0;0,0;0,0;0,0;0,0;0,0;0,0;0,0;0,0;0,0;0,0;0,0;0,0;0,0;18,0;18,0;18,6;17,4;18,0;16,8;16,2;16,2;16,2;15,0;16,8;7,8;;;;
10/08/2024;15,6;16,8;15,6;15,6;15,6;15,6;15,6;15,6;14,4;15,6;15,0;16,2;15,6;15,0;15,6;14,4;15,6;15,0;15,0;15,0;14,4;15,6;15,0;15,6;14,4;12,6;13,8;14,4;0,0;0,0;0,0;0,0;0,0;0,0;0,0;0,0;0,0;0,0;0,0;0,0;0,0;0,0;0,0;0,0;0,0;0,0;0,0;0,0;0,0;0,0;0,0;0,0;0,0;0,0;0,0;0,0;0,0;0,0;0,0;0,0;0,0;0,0;0,0;0,0;0,0;0,0;0,0;0,0;0,0;0,0;0,0;0,0;0,0;0,0;0,0;0,0;0,0;0,0;0,0;0,0;0,0;0,0;0,0;0,0;21,0;18,0;18,6;18,0;18,6;17,4;16,8;16,8;16,8;16,8;16,8;8,4;;;;
11/08/2024;16,2;16,2;15,6;15,6;15,0;15,0;15,6;15,0;15,6;15,0;15,6;15,0;15,0;15,6;15,0;15,0;15,0;15,0;14,4;15,0;15,6;15,0;15,0;13,2;13,8;16,2;13,8;15,6;0,0;0,0;0,0;0,0;0,0;0,0;0,0;0,0;0,0;0,0;0,0;0,0;0,0;0,0;0,0;0,0;0,0;0,0;0,0;0,0;0,0;0,0;0,0;0,0;0,0;0,0;0,0;0,0;0,0;0,0;0,0;0,0;0,0;0,0;0,0;0,0;0,0;0,0;0,0;0,0;0,0;0,0;0,0;0,0;0,0;0,0;0,0;0,0;0,0;0,0;0,0;0,0;0,0;0,0;0,0;0,0;24,0;21,6;21,0;22,2;21,6;21,0;21,0;21,0;21,0;21,0;20,4;10,2;;;;
12/08/2024;21,6;20,4;20,4;20,4;20,4;19,2;19,8;18,6;18,6;18,6;18,0;18,6;18,0;18,6;18,0;18,0;18,0;18,0;18,6;17,4;18,0;16,8;16,8;17,4;16,2;18,0;18,0;20,4;0,0;0,0;0,0;0,0;0,0;0,0;0,0;0,0;0,0;0,0;0,0;0,0;0,0;0,0;0,0;0,0;0,0;0,0;0,0;0,0;0,0;0,0;0,0;0,0;0,0;0,0;0,0;0,0;0,0;0,0;0,0;0,0;0,0;0,0;0,0;0,0;0,0;0,0;0,0;0,0;0,0;0,0;0,0;0,0;0,0;0,0;0,0;0,0;0,0;0,0;0,0;0,0;0,0;0,0;0,0;0,0;22,8;22,8;22,8;23,4;22,2;22,2;21,6;22,2;22,2;21,6;21,6;10,5;;;;
13/08/2024;21,6;20,4;21,0;19,8;18,0;18,0;18,6;18,0;18,0;19,2;18,0;18,6;18,0;19,2;18,0;19,2;18,0;18,6;18,0;18,0;18,0;18,6;16,8;18,6;18,0;18,0;17,4;19,2;0,0;0,0;0,0;0,0;0,0;0,0;0,0;0,0;0,0;0,0;0,0;0,0;0,0;0,0;0,0;0,0;0,0;0,0;0,0;0,0;0,0;0,0;0,0;0,0;0,0;0,0;0,0;0,0;0,0;0,0;0,0;0,0;0,0;0,0;0,0;0,0;0,0;0,0;0,0;0,0;0,0;0,0;0,0;0,0;0,0;0,0;0,0;0,0;0,0;0,0;0,0;0,0;0,0;0,0;0,0;0,0;28,2;24,0;24,6;24,0;23,4;24,0;22,8;22,8;22,2;20,4;20,4;10,2;;;;
14/08/2024;19,2;19,8;19,8;19,2;19,2;19,8;18,6;18,6;18,6;18,6;18,6;18,6;19,2;18,6;18,0;18,6;18,0;18,6;18,6;18,0;17,4;16,8;16,2;17,4;16,2;16,8;17,4;18,6;0,0;0,0;0,0;0,0;0,0;0,0;0,0;0,0;0,0;0,0;0,0;0,0;0,0;0,0;0,0;0,0;0,0;0,0;0,0;0,0;0,0;0,0;0,0;0,0;0,0;0,0;0,0;0,0;0,0;0,0;0,0;0,0;0,0;0,0;0,0;0,0;0,0;0,0;0,0;0,0;0,0;0,0;0,0;0,0;0,0;0,0;0,0;0,0;0,0;0,0;0,0;0,0;0,0;0,0;0,0;0,0;27,0;24,0;24,6;23,4;24,0;23,4;23,4;23,4;22,8;24,0;21,6;12,0;;;;
15/08/2024;23,4;22,2;22,8;20,4;21,6;21,0;21,6;22,8;22,2;22,2;22,2;22,8;21,0;22,2;21,6;21,6;20,4;21,6;21,0;21,6;21,6;20,4;20,4;20,4;22,2;19,2;19,8;16,8;0,0;0,0;0,0;0,0;0,0;0,0;0,0;0,0;0,0;0,0;0,0;0,0;0,0;0,0;0,0;0,0;0,0;0,0;0,0;0,0;0,0;0,0;0,0;0,0;0,0;0,0;0,0;0,0;0,0;0,0;0,0;0,0;0,0;0,0;0,0;0,0;0,0;0,0;0,0;0,0;0,0;0,0;0,0;0,0;0,0;0,0;0,0;0,0;0,0;0,0;0,0;0,0;0,0;0,0;0,0;0,0;27,6;25,8;26,4;24,6;24,6;25,2;24,0;24,6;23,4;24,6;22,2;11,7;;;;
16/08/2024;23,4;22,8;22,8;23,4;23,4;22,2;24,0;22,8;24,0;22,8;23,4;22,8;22,8;22,8;22,8;22,2;24,0;22,8;24,0;21,6;23,4;22,8;19,8;15,6;16,2;15,0;15,6;16,2;0,0;0,0;0,0;0,0;0,0;0,0;0,0;0,0;0,0;0,0;0,0;0,0;0,0;0,0;0,0;0,0;0,0;0,0;0,0;0,0;0,0;0,0;0,0;0,0;0,0;0,0;0,0;0,0;0,0;0,0;0,0;0,0;0,0;0,0;0,0;0,0;0,0;0,0;0,0;0,0;0,0;0,0;0,0;0,0;0,0;0,0;0,0;0,0;0,0;0,0;0,0;0,0;0,0;0,0;0,0;0,0;25,8;25,2;23,4;24,0;22,8;22,2;22,8;20,4;21,6;20,4;20,4;10,2;;;;
17/08/2024;21,0;20,4;20,4;19,8;20,4;19,2;19,2;18,0;17,4;16,2;16,8;15,6;16,8;16,2;15,6;15,0;15,6;15,0;16,2;15,6;15,0;16,2;14,4;15,0;12,6;14,4;15,6;15,6;0,0;0,0;0,0;0,0;0,0;0,0;0,0;0,0;0,0;0,0;0,0;0,0;0,0;0,0;0,0;0,0;0,0;0,0;0,0;0,0;0,0;0,0;0,0;0,0;0,0;0,0;0,0;0,0;0,0;0,0;0,0;0,0;0,0;0,0;0,0;0,0;0,0;0,0;0,0;0,0;0,0;0,0;0,0;0,0;0,0;0,0;0,0;0,0;0,0;0,0;0,0;0,0;0,0;0,0;0,0;0,0;22,2;19,8;20,4;19,2;19,8;18,0;19,2;19,2;18,6;19,2;18,0;9,6;;;;
18/08/2024;18,6;18,0;18,6;18,0;18,6;17,4;18,6;17,4;17,4;18,0;17,4;18,0;17,4;16,8;18,0;16,8;17,4;16,2;17,4;18,0;16,2;17,4;16,2;17,4;16,8;15,0;15,6;16,2;0,0;0,0;0,0;0,0;0,0;0,0;0,0;0,0;0,0;0,0;0,0;0,0;0,0;0,0;0,0;0,0;0,0;0,0;0,0;0,0;0,0;0,0;0,0;0,0;0,0;0,0;0,0;0,0;0,0;0,0;0,0;0,0;0,0;0,0;0,0;0,0;0,0;0,0;0,0;0,0;0,0;0,0;0,0;0,0;0,0;0,0;0,0;0,0;0,0;0,0;0,0;0,0;0,0;0,0;0,0;0,0;19,8;21,6;21,0;20,4;20,4;20,4;20,4;19,2;20,4;19,8;19,2;9,9;;;;
19/08/2024;19,8;20,4;19,2;19,2;19,2;16,2;16,8;15,6;14,4;14,4;13,8;13,8;13,8;13,2;14,4;13,2;13,8;14,4;13,8;13,8;14,4;13,8;14,4;12,6;15,0;15,0;14,4;14,4;0,0;0,0;0,0;0,0;0,0;0,0;0,0;0,0;0,0;0,0;0,0;0,0;0,0;0,0;0,0;0,0;0,0;0,0;0,0;0,0;0,0;0,0;0,0;0,0;0,0;0,0;0,0;0,0;0,0;0,0;0,0;0,0;0,0;0,0;0,0;0,0;0,0;0,0;0,0;0,0;0,0;0,0;0,0;0,0;0,0;0,0;0,0;0,0;0,0;0,0;0,0;0,0;0,0;0,0;0,0;0,0;21,0;18,0;19,2;18,0;19,2;18,0;18,6;18,0;18,0;18,6;17,4;8,701;;;;
20/08/2024;17,4;17,4;16,8;17,4;16,2;16,8;16,2;16,2;15,6;16,2;16,2;15,6;16,8;15,6;15,6;16,2;16,8;17,4;18,0;16,2;17,4;16,8;17,4;17,4;18,0;18,6;19,8;21,0;0,0;0,0;0,0;0,0;0,0;0,0;0,0;0,0;0,0;0,0;0,0;0,0;0,0;0,0;0,0;0,0;0,0;0,0;0,0;0,0;0,0;0,0;0,0;0,0;0,0;0,0;0,0;0,0;0,0;0,0;0,0;0,0;0,0;0,0;0,0;0,0;0,0;0,0;0,0;0,0;0,0;0,0;0,0;0,0;0,0;0,0;0,0;0,0;0,0;0,0;0,0;0,0;0,0;0,0;0,0;0,0;22,8;21,0;21,6;19,8;21,6;20,4;19,8;19,8;20,4;20,4;19,2;9,6;;;;
21/08/2024;19,2;19,2;19,2;18,6;19,8;18,0;18,0;19,2;17,4;18,6;18,0;18,0;19,2;18,0;18,0;18,6;17,4;18,6;17,4;18,0;18,6;17,4;18,0;17,4;14,4;15,6;15,0;14,4;0,0;0,0;0,0;0,0;0,0;0,0;0,0;0,0;0,0;0,0;0,0;0,0;0,0;0,0;0,0;0,0;0,0;0,0;0,0;0,0;0,0;0,0;0,0;0,0;0,0;0,0;0,0;0,0;0,0;0,0;0,0;0,0;0,0;0,0;0,0;0,0;0,0;0,0;0,0;0,0;0,0;0,0;0,0;0,0;0,0;0,0;0,0;0,0;0,0;0,0;0,0;0,0;0,0;0,0;0,0;0,0;22,8;21,0;21,6;20,4;21,6;19,8;19,8;19,8;19,2;19,8;19,2;9,9;;;;
22/08/2024;18,6;19,8;18,6;19,2;15,6;15,0;15,0;15,0;15,0;14,4;15,0;14,4;15,0;14,4;15,6;14,4;15,0;15,0;15,6;14,4;15,0;15,6;15,0;15,6;15,6;16,2;14,4;16,2;0,0;0,0;0,0;0,0;0,0;0,0;0,0;0,0;0,0;0,0;0,0;0,0;0,0;0,0;0,0;0,0;0,0;0,0;0,0;0,0;0,0;0,0;0,0;0,0;0,0;0,0;0,0;0,0;0,0;0,0;0,0;0,0;0,0;0,0;0,0;0,0;0,0;0,0;0,0;0,0;0,0;0,0;0,0;0,0;0,0;0,0;0,0;0,0;0,0;0,0;0,0;0,0;0,0;0,0;0,0;0,0;23,4;22,8;21,6;22,2;20,4;21,0;20,4;19,2;18,6;19,8;18,0;9,3;;;;
23/08/2024;18,0;18,6;18,0;18,6;18,0;18,6;17,4;18,6;17,4;18,0;17,4;18,6;18,0;18,6;18,0;18,6;18,6;18,0;18,6;17,4;18,6;17,4;15,6;12,6;12,6;12,0;13,8;13,8;0,0;0,0;0,0;0,0;0,0;0,0;0,0;0,0;0,0;0,0;0,0;0,0;0,0;0,0;0,0;0,0;0,0;0,0;0,0;0,0;0,0;0,0;0,0;0,0;0,0;0,0;0,0;0,0;0,0;0,0;0,0;0,0;0,0;0,0;0,0;0,0;0,0;0,0;0,0;0,0;0,0;0,0;0,0;0,0;0,0;0,0;0,0;0,0;0,0;0,0;0,0;0,0;0,0;0,0;0,0;0,0;22,8;22,2;21,0;20,4;20,4;19,8;20,4;19,2;19,8;18,6;18,6;9,3;;;;
24/08/2024;18,0;18,0;18,0;18,0;16,8;17,4;18,0;17,4;17,4;16,8;16,2;17,4;15,6;15,0;13,2;14,4;14,4;13,2;15,0;13,8;15,0;13,8;15,0;15,6;14,4;15,0;15,0;15,0;0,0;0,0;0,0;0,0;0,0;0,0;0,0;0,0;0,0;0,0;0,0;0,0;0,0;0,0;0,0;0,0;0,0;0,0;0,0;0,0;0,0;0,0;0,0;0,0;0,0;0,0;0,0;0,0;0,0;0,0;0,0;0,0;0,0;0,0;0,0;0,0;0,0;0,0;0,0;0,0;0,0;0,0;0,0;0,0;0,0;0,0;0,0;0,0;0,0;0,0;0,0;0,0;0,0;0,0;0,0;0,0;19,2;17,4;18,6;19,2;20,4;19,2;19,2;19,8;19,2;19,8;19,8;9,3;;;;
25/08/2024;19,2;18,6;19,2;17,4;16,8;18,0;16,2;16,2;15,6;15,0;15,6;14,4;14,4;15,0;14,4;15,0;14,4;14,4;15,0;14,4;15,6;14,4;14,4;15,6;15,6;16,8;17,4;17,4;0,0;0,0;0,0;0,0;0,0;0,0;0,0;0,0;0,0;0,0;0,0;0,0;0,0;0,0;0,0;0,0;0,0;0,0;0,0;0,0;0,0;0,0;0,0;0,0;0,0;0,0;0,0;0,0;0,0;0,0;0,0;0,0;0,0;0,0;0,0;0,0;0,0;0,0;0,0;0,0;0,0;0,0;0,0;0,0;0,0;0,0;0,0;0,0;0,0;0,0;0,0;0,0;0,0;0,0;0,0;0,0;18,0;17,4;16,2;16,2;15,6;15,0;15,6;13,8;15,6;14,4;14,4;7,5;;;;
26/08/2024;14,4;15,6;14,4;13,8;15,0;14,4;14,4;13,8;13,8;14,4;13,8;13,8;15,6;13,8;13,8;14,4;13,8;14,4;13,8;13,8;15,0;13,2;14,4;15,0;14,4;14,4;15,0;15,0;0,0;0,0;0,0;0,0;0,0;0,0;0,0;0,0;0,0;0,0;0,0;0,0;0,0;0,0;0,0;0,0;0,0;0,0;0,0;0,0;0,0;0,0;0,0;0,0;0,0;0,0;0,0;0,0;0,0;0,0;0,0;0,0;0,0;0,0;0,0;0,0;0,0;0,0;0,0;0,0;0,0;0,0;0,0;0,0;0,0;0,0;0,0;0,0;0,0;0,0;0,0;0,0;0,0;0,0;0,0;0,0;17,4;18,0;15,6;16,8;16,2;15,0;15,6;15,0;16,2;14,4;15,0;7,8;;;;
27/08/2024;14,4;13,2;12,0;12,6;12,6;12,0;13,8;11,4;12,6;13,2;12,0;14,4;12,0;12,6;13,2;12,6;12,0;13,2;11,4;12,6;13,2;12,6;12,6;12,0;13,2;15,6;13,2;14,4;0,0;0,0;0,0;0,0;0,0;0,0;0,0;0,0;0,0;0,0;0,0;0,0;0,0;0,0;0,0;0,0;0,0;0,0;0,0;0,0;0,0;0,0;0,0;0,0;0,0;0,0;0,0;0,0;0,0;0,0;0,0;0,0;0,0;0,0;0,0;0,0;0,0;0,0;0,0;0,0;0,0;0,0;0,0;0,0;0,0;0,0;0,0;0,0;0,0;0,0;0,0;0,0;0,0;0,0;0,0;0,0;13,8;12,6;12,6;12,6;12,0;12,0;11,4;13,2;12,0;12,0;12,6;5,7;;;;
28/08/2024;12,6;12,0;12,0;12,6;12,0;13,2;11,4;12,6;13,2;11,4;12,0;12,0;11,4;12,6;11,4;12,0;12,0;12,0;12,0;12,0;11,4;12,6;11,4;12,6;12,6;12,0;14,4;17,4;0,0;0,0;0,0;0,0;0,0;0,0;0,0;0,0;0,0;0,0;0,0;0,0;0,0;0,0;0,0;0,0;0,0;0,0;0,0;0,0;0,0;0,0;0,0;0,0;0,0;0,0;0,0;0,0;0,0;0,0;0,0;0,0;0,0;0,0;0,0;0,0;0,0;0,0;0,0;0,0;0,0;0,0;0,0;0,0;0,0;0,0;0,0;0,0;0,0;0,0;0,0;0,0;0,0;0,0;0,0;0,0;13,2;13,2;11,4;10,8;11,4;10,8;10,2;10,8;10,2;10,8;9,6;5,4;;;;
29/08/2024;10,2;10,2;9,6;10,8;9,6;9,6;9,6;10,2;10,2;9,6;10,2;10,2;9,6;9,6;9,6;10,2;9,6;10,2;9,6;10,2;10,8;10,8;10,8;10,2;10,8;10,8;12,6;12,6;0,0;0,0;0,0;0,0;0,0;0,0;0,0;0,0;0,0;0,0;0,0;0,0;0,0;0,0;0,0;0,0;0,0;0,0;0,0;0,0;0,0;0,0;0,0;0,0;0,0;0,0;0,0;0,0;0,0;0,0;0,0;0,0;0,0;0,0;0,0;0,0;0,0;0,0;0,0;0,0;0,0;0,0;0,0;0,0;0,0;0,0;0,0;0,0;0,0;0,0;0,0;0,0;0,0;0,0;0,0;0,0;15,6;13,8;13,2;12,6;13,2;11,4;11,4;13,2;11,4;12,0;11,4;5,4;;;;
30/08/2024;12,0;10,8;11,4;11,4;11,4;10,8;12,0;11,4;10,8;12,0;11,4;11,4;12,0;10,8;12,0;10,8;11,4;11,4;10,8;11,4;11,4;10,8;11,4;13,2;12,6;13,2;13,2;15,0;0,0;0,0;0,0;0,0;0,0;0,0;0,0;0,0;0,0;0,0;0,0;0,0;0,0;0,0;0,0;0,0;0,0;0,0;0,0;0,0;0,0;0,0;0,0;0,0;0,0;0,0;0,0;0,0;0,0;0,0;0,0;0,0;0,0;0,0;0,0;0,0;0,0;0,0;0,0;0,0;0,0;0,0;0,0;0,0;0,0;0,0;0,0;0,0;0,0;0,0;0,0;0,0;0,0;0,0;0,0;0,0;13,8;12,6;12,0;12,6;10,8;12,0;12,0;10,8;12,0;10,2;10,8;5,7;;;;
31/08/2024;10,8;9,6;10,8;10,8;10,8;10,2;10,2;10,8;9,6;10,2;10,8;10,8;10,2;10,2;10,2;11,4;10,2;9,6;11,4;10,2;10,8;11,4;10,8;10,8;11,4;11,4;11,4;14,4;0,0;0,0;0,0;0,0;0,0;0,0;0,0;0,0;0,0;0,0;0,0;0,0;0,0;0,0;0,0;0,0;0,0;0,0;0,0;0,0;0,0;0,0;0,0;0,0;0,0;0,0;0,0;0,0;0,0;0,0;0,0;0,0;0,0;0,0;0,0;0,0;0,0;0,0;0,0;0,0;0,0;0,0;0,0;0,0;0,0;0,0;0,0;0,0;0,0;0,0;0,0;0,0;0,0;0,0;0,0;0,0;14,4;13,2;13,8;13,2;12,6;12,6;12,0;11,4;13,2;10,8;12,6;5,7;;;;
01/09/2024;11,4;12,0;11,4;12,0;10,8;10,8;11,4;10,8;10,8;11,4;10,8;12,0;10,8;10,8;11,4;10,8;10,8;11,4;10,8;11,4;11,4;10,8;10,8;12,0;10,8;13,2;13,2;13,8;0,0;0,0;0,0;0,0;0,0;0,0;0,0;0,0;0,0;0,0;0,0;0,0;0,0;0,0;0,0;0,0;0,0;0,0;0,0;0,0;0,0;0,0;0,0;0,0;0,0;0,0;0,0;0,0;0,0;0,0;0,0;0,0;0,0;0,0;0,0;0,0;0,0;0,0;0,0;0,0;0,0;0,0;0,0;0,0;0,0;0,0;0,0;0,0;0,0;0,0;0,0;0,0;0,0;0,0;0,0;0,0;15,0;13,2;14,4;13,2;13,2;12,6;12,6;13,2;12,0;12,0;13,2;6,0;;;;
02/09/2024;12,6;12,0;12,0;13,2;12,0;12,0;13,2;12,6;12,6;12,0;12,0;13,2;12,0;12,0;12,0;11,4;13,2;10,8;12,6;13,2;12,0;12,6;12,0;12,6;14,4;13,2;13,8;16,8;0,0;0,0;0,0;0,0;0,0;0,0;0,0;0,0;0,0;0,0;0,0;0,0;0,0;0,0;0,0;0,0;0,0;0,0;0,0;0,0;0,0;0,0;0,0;0,0;0,0;0,0;0,0;0,0;0,0;0,0;0,0;0,0;0,0;0,0;0,0;0,0;0,0;0,0;0,0;0,0;0,0;0,0;0,0;0,0;0,0;0,0;0,0;0,0;0,0;0,0;0,0;0,0;0,0;0,0;0,0;0,0;21,0;16,8;16,8;14,4;15,6;15,0;13,8;15,0;15,0;13,8;13,8;7,2;;;;
03/09/2024;14,4;12,6;13,2;13,8;12,6;14,4;13,2;13,8;13,8;14,4;13,8;14,4;13,8;12,6;13,8;12,6;15,6;13,8;13,8;13,2;13,2;13,2;13,8;13,8;13,2;13,2;13,2;15,0;0,0;0,0;0,0;0,0;0,0;0,0;0,0;0,0;0,0;0,0;0,0;0,0;0,0;0,0;0,0;0,0;0,0;0,0;0,0;0,0;0,0;0,0;0,0;0,0;0,0;0,0;0,0;0,0;0,0;0,0;0,0;0,0;0,0;0,0;0,0;0,0;0,0;0,0;0,0;0,0;0,0;0,0;0,0;0,0;0,0;0,0;0,0;0,0;0,0;0,0;0,0;0,0;0,0;0,0;0,0;0,0;15,0;14,4;12,6;13,2;12,0;11,4;11,4;10,8;11,4;12,0;11,4;5,7;;;;
04/09/2024;10,2;10,8;11,4;10,2;10,2;12,0;10,2;10,8;10,8;10,2;11,4;10,2;10,2;11,4;10,2;10,2;10,8;9,6;10,8;10,2;10,8;11,4;11,4;10,8;11,4;10,8;12,6;17,4;0,0;0,0;0,0;0,0;0,0;0,0;0,0;0,0;0,0;0,0;0,0;0,0;0,0;0,0;0,0;0,0;0,0;0,0;0,0;0,0;0,0;0,0;0,0;0,0;0,0;0,0;0,0;0,0;0,0;0,0;0,0;0,0;0,0;0,0;0,0;0,0;0,0;0,0;0,0;0,0;0,0;0,0;0,0;0,0;0,0;0,0;0,0;0,0;0,0;0,0;0,0;0,0;0,0;0,0;0,0;0,0;16,8;13,2;13,2;13,2;12,6;13,2;12,0;11,4;13,2;12,0;11,4;6,3;;;;
05/09/2024;11,4;12,0;11,4;10,8;12,0;11,4;11,4;12,0;10,8;12,0;11,4;10,8;12,6;10,8;11,4;12,6;11,4;11,4;11,4;11,4;11,4;11,4;11,4;12,0;11,4;15,0;16,2;17,4;0,0;0,0;0,0;0,0;0,0;0,0;0,0;0,0;0,0;0,0;0,0;0,0;0,0;0,0;0,0;0,0;0,0;0,0;0,0;0,0;0,0;0,0;0,0;0,0;0,0;0,0;0,0;0,0;0,0;0,0;0,0;0,0;0,0;0,0;0,0;0,0;0,0;0,0;0,0;0,0;0,0;0,0;0,0;0,0;0,0;0,0;0,0;0,0;0,0;0,0;0,0;0,0;0,0;0,0;0,0;0,0;17,4;14,4;12,6;11,4;12,0;10,8;12,0;12,0;10,8;11,4;10,8;6,3;;;;
06/09/2024;10,8;10,8;12,0;11,4;11,4;10,2;10,2;12,0;10,8;10,2;11,4;10,8;11,4;10,2;10,8;10,8;10,8;11,4;10,8;10,8;11,4;10,2;12,0;11,4;11,4;11,4;12,6;15,0;0,0;0,0;0,0;0,0;0,0;0,0;0,0;0,0;0,0;0,0;0,0;0,0;0,0;0,0;0,0;0,0;0,0;0,0;0,0;0,0;0,0;0,0;0,0;0,0;0,0;0,0;0,0;0,0;0,0;0,0;0,0;0,0;0,0;0,0;0,0;0,0;0,0;0,0;0,0;0,0;0,0;0,0;0,0;0,0;0,0;0,0;0,0;0,0;0,0;0,0;0,0;0,0;0,0;0,0;0,0;0,0;20,4;18,6;17,4;16,8;19,2;16,8;17,4;16,2;16,2;17,4;16,2;8,1;;;;
07/09/2024;16,2;15,6;16,2;15,6;15,0;16,8;15,0;16,2;15,6;15,0;14,4;13,8;13,8;15,0;13,2;14,4;13,8;13,2;15,0;13,2;13,2;13,8;13,2;15,0;14,4;15,0;15,0;17,4;0,0;0,0;0,0;0,0;0,0;0,0;0,0;0,0;0,0;0,0;0,0;0,0;0,0;0,0;0,0;0,0;0,0;0,0;0,0;0,0;0,0;0,0;0,0;0,0;0,0;0,0;0,0;0,0;0,0;0,0;0,0;0,0;0,0;0,0;0,0;0,0;0,0;0,0;0,0;0,0;0,0;0,0;0,0;0,0;0,0;0,0;0,0;0,0;0,0;0,0;0,0;0,0;0,0;0,0;0,0;0,0;19,2;18,0;16,2;17,4;15,6;16,2;15,6;16,2;15,6;15,6;15,6;8,1;;;;
08/09/2024;15,0;16,2;14,4;14,4;13,2;15,6;13,2;13,8;13,2;13,8;12,6;13,8;13,2;13,8;12,6;13,8;12,6;13,8;12,0;13,8;13,2;13,8;12,6;14,4;13,8;15,0;14,4;16,2;0,0;0,0;0,0;0,0;0,0;0,0;0,0;0,0;0,0;0,0;0,0;0,0;0,0;0,0;0,0;0,0;0,0;0,0;0,0;0,0;0,0;0,0;0,0;0,0;0,0;0,0;0,0;0,0;0,0;0,0;0,0;0,0;0,0;0,0;0,0;0,0;0,0;0,0;0,0;0,0;0,0;0,0;0,0;0,0;0,0;0,0;0,0;0,0;0,0;0,0;0,0;0,0;0,0;0,0;0,0;0,0;18,6;16,8;16,8;17,4;16,8;15,6;16,8;15,6;15,6;15,6;14,4;7,2;;;;
09/09/2024;13,8;13,2;13,8;13,8;12,6;14,4;13,2;13,2;13,8;13,2;14,4;13,2;13,2;14,4;13,2;12,6;14,4;12,6;12,6;13,8;13,2;13,2;14,4;12,6;13,8;15,6;15,6;16,8;0,0;0,0;0,0;0,0;0,0;0,0;0,0;0,0;0,0;0,0;0,0;0,0;0,0;0,0;0,0;0,0;0,0;0,0;0,0;0,0;0,0;0,0;0,0;0,0;0,0;0,0;0,0;0,0;0,0;0,0;0,0;0,0;0,0;0,0;0,0;0,0;0,0;0,0;0,0;0,0;0,0;0,0;0,0;0,0;0,0;0,0;0,0;0,0;0,0;0,0;0,0;0,0;0,0;0,0;0,0;0,0;16,2;14,4;14,4;15,0;12,0;12,6;12,6;11,4;12,6;16,8;15,6;6,3;;;;
10/09/2024;11,4;11,4;11,4;11,4;11,4;11,4;11,4;11,4;10,8;11,4;11,4;11,4;10,8;12,0;10,2;11,4;11,4;11,4;12,0;10,8;12,0;12,0;12,0;12,0;14,4;12,6;13,2;15,0;0,0;0,0;0,0;0,0;0,0;0,0;0,0;0,0;0,0;0,0;0,0;0,0;0,0;0,0;0,0;0,0;0,0;0,0;0,0;0,0;0,0;0,0;0,0;0,0;0,0;0,0;0,0;0,0;0,0;0,0;0,0;0,0;0,0;0,0;0,0;0,0;0,0;0,0;0,0;0,0;0,0;0,0;0,0;0,0;0,0;0,0;0,0;0,0;0,0;0,0;0,0;0,0;0,0;0,0;0,0;0,0;15,6;14,4;13,8;13,2;13,8;12,0;13,2;12,0;12,0;12,6;11,4;6,0;;;;
11/09/2024;12,0;11,4;12,6;11,4;10,8;12,0;10,8;10,8;12,0;10,8;11,4;12,0;10,8;11,4;11,4;10,8;12,0;10,8;10,8;10,8;9,6;10,2;11,4;10,8;10,8;12,0;11,4;15,6;0,0;0,0;0,0;0,0;0,0;0,0;0,0;0,0;0,0;0,0;0,0;0,0;0,0;0,0;0,0;0,0;0,0;0,0;0,0;0,0;0,0;0,0;0,0;0,0;0,0;0,0;0,0;0,0;0,0;0,0;0,0;0,0;0,0;0,0;0,0;0,0;0,0;0,0;0,0;0,0;0,0;0,0;0,0;0,0;0,0;0,0;0,0;0,0;0,0;0,0;0,0;0,0;0,0;0,0;0,0;0,0;14,4;13,2;13,8;11,4;12,6;11,4;12,0;12,0;11,4;12,0;11,4;5,7;;;;
12/09/2024;12,6;10,8;11,4;12,0;10,8;12,0;10,8;11,4;12,6;12,0;12,0;13,2;12,0;12,6;12,0;12,0;13,2;12,6;12,0;12,6;11,4;12,0;13,2;12,0;12,6;12,6;13,8;15,6;0,0;0,0;0,0;0,0;0,0;0,0;0,0;0,0;0,0;0,0;0,0;0,0;0,0;0,0;0,0;0,0;0,0;0,0;0,0;0,0;0,0;0,0;0,0;0,0;0,0;0,0;0,0;0,0;0,0;0,0;0,0;0,0;0,0;0,0;0,0;0,0;0,0;0,0;0,0;0,0;0,0;0,0;0,0;0,0;0,0;0,0;0,0;0,0;0,0;0,0;0,0;0,0;0,0;0,0;0,0;0,0;18,6;16,8;16,8;16,2;15,0;15,0;15,6;14,4;15,6;15,0;14,4;7,5;;;;
13/09/2024;15,0;15,0;13,8;13,2;13,2;13,2;12,6;13,8;12,6;13,8;13,2;12,6;13,8;13,2;13,8;13,2;13,8;13,8;12,6;13,8;13,2;12,6;13,8;12,6;15,0;13,8;14,4;15,6;0,0;0,0;0,0;0,0;0,0;0,0;0,0;0,0;0,0;0,0;0,0;0,0;0,0;0,0;0,0;0,0;0,0;0,0;0,0;0,0;0,0;0,0;0,0;0,0;0,0;0,0;0,0;0,0;0,0;0,0;0,0;0,0;0,0;0,0;0,0;0,0;0,0;0,0;0,0;0,0;0,0;0,0;0,0;0,0;0,0;0,0;0,0;0,0;0,0;0,0;0,0;0,0;0,0;0,0;0,0;0,0;20,4;19,2;16,8;18,0;17,4;17,4;17,4;15,6;17,4;16,8;15,6;9,0;;;;
14/09/2024;16,2;17,4;16,8;16,2;17,4;15,6;17,4;16,8;16,2;16,8;15,6;16,8;16,2;16,2;16,2;16,2;16,8;16,8;15,6;16,8;15,6;16,2;16,2;15,6;16,8;16,8;17,4;24,6;0,0;0,0;0,0;0,0;0,0;0,0;0,0;0,0;0,0;0,0;0,0;0,0;0,0;0,0;0,0;0,0;0,0;0,0;0,0;0,0;0,0;0,0;0,0;0,0;0,0;0,0;0,0;0,0;0,0;0,0;0,0;0,0;0,0;0,0;0,0;0,0;0,0;0,0;0,0;0,0;0,0;0,0;0,0;0,0;0,0;0,0;0,0;0,0;0,0;0,0;0,0;0,0;0,0;0,0;0,0;0,0;22,8;16,8;16,2;15,6;15,6;15,0;15,6;14,4;15,0;15,6;15,0;7,8;;;;
15/09/2024;15,0;15,0;14,4;14,4;14,4;15,0;13,2;14,4;14,4;13,8;15,0;13,8;14,4;14,4;15,0;13,8;15,6;13,8;15,6;14,4;14,4;14,4;14,4;15,6;13,2;18,0;18,6;19,8;0,0;0,0;0,0;0,0;0,0;0,0;0,0;0,0;0,0;0,0;0,0;0,0;0,0;0,0;0,0;0,0;0,0;0,0;0,0;0,0;0,0;0,0;0,0;0,0;0,0;0,0;0,0;0,0;0,0;0,0;0,0;0,0;0,0;0,0;0,0;0,0;0,0;0,0;0,0;0,0;0,0;0,0;0,0;0,0;0,0;0,0;0,0;0,0;0,0;0,0;0,0;0,0;0,0;0,0;0,0;0,0;15,0;13,8;13,8;12,6;13,8;12,0;13,2;12,6;12,6;12,6;12,6;6,6;;;;
16/09/2024;12,6;12,0;12,6;12,0;12,0;12,0;12,0;11,4;11,4;12,0;12,0;12,0;11,4;11,4;12,6;12,0;12,6;12,0;12,0;12,0;12,0;12,0;12,0;12,0;13,8;12,6;12,6;15,6;0,0;0,0;0,0;0,0;0,0;0,0;0,0;0,0;0,0;0,0;0,0;0,0;0,0;0,0;0,0;0,0;0,0;0,0;0,0;0,0;0,0;0,0;0,0;0,0;0,0;0,0;0,0;0,0;0,0;0,0;0,0;0,0;0,0;0,0;0,0;0,0;0,0;0,0;0,0;0,0;0,0;0,0;0,0;0,0;0,0;0,0;0,0;0,0;0,0;0,0;0,0;0,0;0,0;0,0;0,0;0,0;13,8;12,6;12,6;12,0;12,6;12,0;13,2;11,4;11,4;12,6;12,0;6,0;;;;
17/09/2024;11,4;12,0;12,0;10,8;12,0;10,8;11,4;11,4;10,8;12,0;11,4;10,8;12,0;12,0;12,0;11,4;11,4;12,6;11,4;11,4;12,6;11,4;12,0;12,0;12,0;12,0;12,0;13,8;0,0;0,0;0,0;0,0;0,0;0,0;0,0;0,0;0,0;0,0;0,0;0,0;0,0;0,0;0,0;0,0;0,0;0,0;0,0;0,0;0,0;0,0;0,0;0,0;0,0;0,0;0,0;0,0;0,0;0,0;0,0;0,0;0,0;0,0;0,0;0,0;0,0;0,0;0,0;0,0;0,0;0,0;0,0;0,0;0,0;0,0;0,0;0,0;0,0;0,0;0,0;0,0;0,0;0,0;0,0;0,0;15,6;13,2;12,6;12,6;12,0;12,0;10,8;12,0;11,4;11,4;11,4;5,7;;;;
18/09/2024;12,0;11,4;12,0;10,8;12,0;10,2;11,4;11,4;10,8;11,4;10,8;11,4;10,8;10,8;11,4;11,4;11,4;10,2;10,8;12,0;11,4;12,0;10,8;12,0;11,4;12,0;13,8;15,6;0,0;0,0;0,0;0,0;0,0;0,0;0,0;0,0;0,0;0,0;0,0;0,0;0,0;0,0;0,0;0,0;0,0;0,0;0,0;0,0;0,0;0,0;0,0;0,0;0,0;0,0;0,0;0,0;0,0;0,0;0,0;0,0;0,0;0,0;0,0;0,0;0,0;0,0;0,0;0,0;0,0;0,0;0,0;0,0;0,0;0,0;0,0;0,0;0,0;0,0;0,0;0,0;0,0;0,0;0,0;0,0;15,0;12,0;11,4;12,0;11,4;11,4;10,8;11,4;9,6;10,2;11,4;5,1;;;;
19/09/2024;10,8;10,2;11,4;10,8;10,2;11,4;10,2;12,0;10,2;10,8;10,2;10,2;10,8;10,2;11,4;10,2;11,4;9,6;10,8;10,8;9,6;11,4;11,4;11,4;11,4;12,0;13,8;12,6;0,0;0,0;0,0;0,0;0,0;0,0;0,0;0,0;0,0;0,0;0,0;0,0;0,0;0,0;0,0;0,0;0,0;0,0;0,0;0,0;0,0;0,0;0,0;0,0;0,0;0,0;0,0;0,0;0,0;0,0;0,0;0,0;0,0;0,0;0,0;0,0;0,0;0,0;0,0;0,0;0,0;0,0;0,0;0,0;0,0;0,0;0,0;0,0;0,0;0,0;0,0;0,0;0,0;0,0;0,0;0,0;13,8;14,4;12,6;12,0;12,0;11,4;11,4;11,4;10,2;10,8;11,4;5,4;;;;
20/09/2024;10,2;12,0;10,8;10,2;12,0;10,8;10,8;10,8;10,8;10,8;10,8;10,8;10,2;10,8;10,8;10,8;10,8;10,2;11,4;10,2;10,2;10,8;12,0;10,8;11,4;12,6;12,6;16,2;0,0;0,0;0,0;0,0;0,0;0,0;0,0;0,0;0,0;0,0;0,0;0,0;0,0;0,0;0,0;0,0;0,0;0,0;0,0;0,0;0,0;0,0;0,0;0,0;0,0;0,0;0,0;0,0;0,0;0,0;0,0;0,0;0,0;0,0;0,0;0,0;0,0;0,0;0,0;0,0;0,0;0,0;0,0;0,0;0,0;0,0;0,0;0,0;0,0;0,0;0,0;0,0;0,0;0,0;0,0;0,0;15,0;12,0;12,6;13,2;12,0;10,8;12,0;11,4;10,8;10,8;12,0;5,7;;;;
21/09/2024;10,8;10,8;10,8;10,8;10,8;11,4;10,8;10,8;11,4;11,4;10,8;10,8;11,4;10,2;10,2;10,8;11,4;10,2;10,8;10,8;10,8;10,8;10,8;12,0;12,0;13,2;13,8;14,4;0,0;0,0;0,0;0,0;0,0;0,0;0,0;0,0;0,0;0,0;0,0;0,0;0,0;0,0;0,0;0,0;0,0;0,0;0,0;0,0;0,0;0,0;0,0;0,0;0,0;0,0;0,0;0,0;0,0;0,0;0,0;0,0;0,0;0,0;0,0;0,0;0,0;0,0;0,0;0,0;0,0;0,0;0,0;0,0;0,0;0,0;0,0;0,0;0,0;0,0;0,0;0,0;0,0;0,0;0,0;0,0;13,2;12,0;12,0;12,0;12,0;11,4;12,6;10,8;11,4;12,0;10,8;5,1;;;;
22/09/2024;12,0;11,4;10,8;10,8;12,6;10,8;10,8;10,8;12,0;10,8;11,4;12,0;10,8;10,8;10,8;11,4;11,4;10,8;11,4;11,4;11,4;10,8;12,0;10,8;11,4;14,4;18,6;18,6;0,0;0,0;0,0;0,0;0,0;0,0;0,0;0,0;0,0;0,0;0,0;0,0;0,0;0,0;0,0;0,0;0,0;0,0;0,0;0,0;0,0;0,0;0,0;0,0;0,0;0,0;0,0;0,0;0,0;0,0;0,0;0,0;0,0;0,0;0,0;0,0;0,0;0,0;0,0;0,0;0,0;0,0;0,0;0,0;0,0;0,0;0,0;0,0;0,0;0,0;0,0;0,0;0,0;0,0;0,0;0,0;17,4;12,6;12,0;11,4;12,0;12,0;10,8;10,8;12,0;10,8;10,8;5,7;;;;
23/09/2024;10,8;10,2;10,2;10,8;10,2;10,8;11,4;10,2;10,2;10,8;10,2;10,8;10,2;11,4;10,2;10,8;11,4;10,8;10,8;10,8;10,8;10,2;10,2;11,4;12,0;11,4;12,0;14,4;0,0;0,0;0,0;0,0;0,0;0,0;0,0;0,0;0,0;0,0;0,0;0,0;0,0;0,0;0,0;0,0;0,0;0,0;0,0;0,0;0,0;0,0;0,0;0,0;0,0;0,0;0,0;0,0;0,0;0,0;0,0;0,0;0,0;0,0;0,0;0,0;0,0;0,0;0,0;0,0;0,0;0,0;0,0;0,0;0,0;0,0;0,0;0,0;0,0;0,0;0,0;0,0;0,0;0,0;0,0;0,0;13,8;12,6;12,0;13,2;11,4;12,0;11,4;10,8;11,4;11,4;11,4;5,399;;;;
24/09/2024;10,8;12,0;10,8;10,8;10,8;11,4;10,8;11,4;11,4;10,2;10,8;10,8;12,0;10,2;11,4;11,4;10,8;11,4;10,2;12,0;10,8;11,4;11,4;11,4;13,2;11,4;13,8;13,2;0,0;0,0;0,0;0,0;0,0;0,0;0,0;0,0;0,0;0,0;0,0;0,0;0,0;0,0;0,0;0,0;0,0;0,0;0,0;0,0;0,0;0,0;0,0;0,0;0,0;0,0;0,0;0,0;0,0;0,0;0,0;0,0;0,0;0,0;0,0;0,0;0,0;0,0;0,0;0,0;0,0;0,0;0,0;0,0;0,0;0,0;0,0;0,0;0,0;0,0;0,0;0,0;0,0;0,0;0,0;0,0;13,8;13,2;12,0;10,8;12,0;11,4;11,4;11,4;11,4;10,8;11,4;6,0;;;;
25/09/2024;11,4;10,8;11,4;10,8;10,2;11,4;10,8;10,2;10,8;11,4;10,8;10,2;12,0;10,8;10,8;10,8;10,8;10,8;10,8;11,4;11,4;10,8;11,4;10,8;11,4;13,2;12,0;14,4;0,0;0,0;0,0;0,0;0,0;0,0;0,0;0,0;0,0;0,0;0,0;0,0;0,0;0,0;0,0;0,0;0,0;0,0;0,0;0,0;0,0;0,0;0,0;0,0;0,0;0,0;0,0;0,0;0,0;0,0;0,0;0,0;0,0;0,0;0,0;0,0;0,0;0,0;0,0;0,0;0,0;0,0;0,0;0,0;0,0;0,0;0,0;0,0;0,0;0,0;0,0;0,0;0,0;0,0;0,0;0,0;16,2;12,0;11,4;13,2;10,8;10,8;10,2;11,4;10,8;10,8;11,4;5,4;;;;
26/09/2024;11,4;11,4;10,2;10,8;11,4;10,8;10,8;11,4;11,4;10,2;10,8;11,4;10,2;10,8;10,8;10,8;10,8;11,4;10,2;10,8;10,8;10,8;10,2;11,4;12,0;11,4;13,2;16,2;0,0;0,0;0,0;0,0;0,0;0,0;0,0;0,0;0,0;0,0;0,0;0,0;0,0;0,0;0,0;0,0;0,0;0,0;0,0;0,0;0,0;0,0;0,0;0,0;0,0;0,0;0,0;0,0;0,0;0,0;0,0;0,0;0,0;0,0;0,0;0,0;0,0;0,0;0,0;0,0;0,0;0,0;0,0;0,0;0,0;0,0;0,0;0,0;0,0;0,0;0,0;0,0;0,0;0,0;0,0;0,0;12,0;13,2;11,4;11,4;11,4;11,4;10,8;10,8;10,8;10,2;10,8;5,1;;;;
27/09/2024;10,8;10,2;11,4;10,2;10,2;11,4;10,2;10,8;11,4;10,2;10,8;10,8;10,8;10,2;10,2;10,8;10,2;10,2;11,4;10,2;10,2;11,4;10,8;10,8;12,0;10,8;13,2;14,4;0,0;0,0;0,0;0,0;0,0;0,0;0,0;0,0;0,0;0,0;0,0;0,0;0,0;0,0;0,0;0,0;0,0;0,0;0,0;0,0;0,0;0,0;0,0;0,0;0,0;0,0;0,0;0,0;0,0;0,0;0,0;0,0;0,0;0,0;0,0;0,0;0,0;0,0;0,0;0,0;0,0;0,0;0,0;0,0;0,0;0,0;0,0;0,0;0,0;0,0;0,0;0,0;0,0;0,0;0,0;0,0;12,6;11,4;12,6;11,4;11,4;11,4;10,8;10,2;11,4;10,8;10,2;6,0;;;;
28/09/2024;10,8;10,8;10,8;11,4;10,8;10,8;11,4;10,8;10,8;10,2;10,8;10,2;11,4;10,2;10,2;10,8;10,2;10,2;10,8;11,4;9,6;10,2;10,8;11,4;10,8;12,0;13,2;15,0;0,0;0,0;0,0;0,0;0,0;0,0;0,0;0,0;0,0;0,0;0,0;0,0;0,0;0,0;0,0;0,0;0,0;0,0;0,0;0,0;0,0;0,0;0,0;0,0;0,0;0,0;0,0;0,0;0,0;0,0;0,0;0,0;0,0;0,0;0,0;0,0;0,0;0,0;0,0;0,0;0,0;0,0;0,0;0,0;0,0;0,0;0,0;0,0;0,0;0,0;0,0;0,0;0,0;0,0;0,0;0,0;12,6;12,0;12,6;11,4;11,4;12,0;11,4;10,8;11,4;11,4;10,8;6,0;;;;
29/09/2024;10,8;11,4;12,0;11,4;11,4;12,0;11,4;10,8;11,4;10,8;10,8;12,0;10,8;10,8;11,4;10,8;11,4;12,0;10,2;10,8;12,0;10,8;11,4;11,4;12,6;12,6;13,8;14,4;0,0;0,0;0,0;0,0;0,0;0,0;0,0;0,0;0,0;0,0;0,0;0,0;0,0;0,0;0,0;0,0;0,0;0,0;0,0;0,0;0,0;0,0;0,0;0,0;0,0;0,0;0,0;0,0;0,0;0,0;0,0;0,0;0,0;0,0;0,0;0,0;0,0;0,0;0,0;0,0;0,0;0,0;0,0;0,0;0,0;0,0;0,0;0,0;0,0;0,0;0,0;0,0;0,0;0,0;0,0;0,0;13,2;12,6;12,6;12,6;11,4;11,4;10,8;11,4;12,0;10,8;11,4;5,7;;;;
30/09/2024;10,8;11,4;10,2;10,8;10,8;10,2;10,8;11,4;10,2;10,2;10,8;10,2;9,6;11,4;10,2;10,2;10,8;10,8;10,2;10,8;10,8;10,8;10,8;12,6;10,8;12,0;14,4;19,2;0,0;0,0;0,0;0,0;0,0;0,0;0,0;0,0;0,0;0,0;0,0;0,0;0,0;0,0;0,0;0,0;0,0;0,0;0,0;0,0;0,0;0,0;0,0;0,0;0,0;0,0;0,0;0,0;0,0;0,0;0,0;0,0;0,0;0,0;0,0;0,0;0,0;0,0;0,0;0,0;0,0;0,0;0,0;0,0;0,0;0,0;0,0;0,0;0,0;0,0;0,0;0,0;0,0;0,0;0,0;0,0;13,8;15,0;12,6;12,0;10,8;11,4;10,8;10,2;10,8;10,2;10,2;5,4;;;;
01/10/2024;10,2;10,2;10,8;11,4;10,8;10,2;10,8;10,2;10,8;10,8;9,6;10,8;10,2;11,4;9,6;10,2;10,8;10,2;9,6;9,6;10,2;10,2;9,6;10,8;10,8;11,4;13,2;13,2;0,0;0,0;0,0;0,0;0,0;0,0;0,0;0,0;0,0;0,0;0,0;0,0;0,0;0,0;0,0;0,0;0,0;0,0;0,0;0,0;0,0;0,0;0,0;0,0;0,0;0,0;0,0;0,0;0,0;0,0;0,0;0,0;0,0;0,0;0,0;0,0;0,0;0,0;0,0;0,0;0,0;0,0;0,0;0,0;0,0;0,0;0,0;0,0;0,0;0,0;0,0;0,0;0,0;0,0;0,0;0,0;15,6;13,2;10,8;12,0;10,8;10,8;10,8;10,2;10,2;10,8;10,2;5,1;;;;
02/10/2024;10,2;10,8;10,2;10,2;10,8;10,2;9,6;10,2;10,8;9,6;9,6;11,4;9,6;9,6;10,8;10,2;10,2;9,6;10,8;10,2;10,2;11,4;10,2;12,0;12,0;12,0;12,6;13,2;0,0;0,0;0,0;0,0;0,0;0,0;0,0;0,0;0,0;0,0;0,0;0,0;0,0;0,0;0,0;0,0;0,0;0,0;0,0;0,0;0,0;0,0;0,0;0,0;0,0;0,0;0,0;0,0;0,0;0,0;0,0;0,0;0,0;0,0;0,0;0,0;0,0;0,0;0,0;0,0;0,0;0,0;0,0;0,0;0,0;0,0;0,0;0,0;0,0;0,0;0,0;0,0;0,0;0,0;0,0;0,0;13,8;15,6;12,0;12,0;12,0;10,8;11,4;11,4;10,2;10,8;10,8;5,4;;;;
03/10/2024;10,2;10,8;12,0;10,2;10,2;12,0;10,2;10,2;10,2;11,4;9,6;10,8;10,8;10,8;9,6;10,8;11,4;10,8;9,6;10,8;10,8;11,4;10,8;11,4;10,8;10,8;12,0;13,2;0,0;0,0;0,0;0,0;0,0;0,0;0,0;0,0;0,0;0,0;0,0;0,0;0,0;0,0;0,0;0,0;0,0;0,0;0,0;0,0;0,0;0,0;0,0;0,0;0,0;0,0;0,0;0,0;0,0;0,0;0,0;0,0;0,0;0,0;0,0;0,0;0,0;0,0;0,0;0,0;0,0;0,0;0,0;0,0;0,0;0,0;0,0;0,0;0,0;0,0;0,0;0,0;0,0;0,0;0,0;0,0;13,2;12,0;11,4;10,8;9,6;10,2;10,2;10,2;10,2;10,8;9,6;4,8;;;;
04/10/2024;10,2;9,6;10,2;9,6;9,6;9,6;9,0;10,2;9,0;9,6;9,6;9,6;9,6;9,6;10,2;9,0;9,0;10,8;9,0;9,0;10,2;9,6;10,2;10,2;10,8;12,0;12,0;13,8;0,0;0,0;0,0;0,0;0,0;0,0;0,0;0,0;0,0;0,0;0,0;0,0;0,0;0,0;0,0;0,0;0,0;0,0;0,0;0,0;0,0;0,0;0,0;0,0;0,0;0,0;0,0;0,0;0,0;0,0;0,0;0,0;0,0;0,0;0,0;0,0;0,0;0,0;0,0;0,0;0,0;0,0;0,0;0,0;0,0;0,0;0,0;0,0;0,0;0,0;0,0;0,0;0,0;0,0;0,0;0,0;15,0;13,2;11,4;10,8;10,8;11,4;10,2;10,8;10,8;10,8;10,2;5,1;;;;
05/10/2024;10,2;10,2;10,2;10,2;9,6;10,2;10,8;10,2;10,2;10,2;10,8;10,2;10,2;11,4;10,2;10,2;10,8;10,8;10,2;10,2;10,2;10,2;9,6;11,4;10,8;11,4;13,2;18,6;0,0;0,0;0,0;0,0;0,0;0,0;0,0;0,0;0,0;0,0;0,0;0,0;0,0;0,0;0,0;0,0;0,0;0,0;0,0;0,0;0,0;0,0;0,0;0,0;0,0;0,0;0,0;0,0;0,0;0,0;0,0;0,0;0,0;0,0;0,0;0,0;0,0;0,0;0,0;0,0;0,0;0,0;0,0;0,0;0,0;0,0;0,0;0,0;0,0;0,0;0,0;0,0;0,0;0,0;0,0;0,0;16,8;16,2;12,0;13,2;13,2;12,0;12,0;12,0;12,0;10,8;12,0;6,0;;;;
06/10/2024;11,4;10,8;12,0;11,4;11,4;11,4;11,4;11,4;12,0;10,8;11,4;10,8;11,4;11,4;10,8;12,0;10,8;11,4;12,0;10,8;10,8;12,0;10,8;11,4;12,6;13,2;14,4;13,8;0,0;0,0;0,0;0,0;0,0;0,0;0,0;0,0;0,0;0,0;0,0;0,0;0,0;0,0;0,0;0,0;0,0;0,0;0,0;0,0;0,0;0,0;0,0;0,0;0,0;0,0;0,0;0,0;0,0;0,0;0,0;0,0;0,0;0,0;0,0;0,0;0,0;0,0;0,0;0,0;0,0;0,0;0,0;0,0;0,0;0,0;0,0;0,0;0,0;0,0;0,0;0,0;0,0;0,0;0,0;0,0;16,2;15,0;12,0;12,0;12,6;11,4;11,4;11,4;12,6;11,4;10,8;6,0;;;;
07/10/2024;10,8;10,8;10,8;11,4;10,8;10,8;11,4;10,8;10,8;10,8;11,4;10,8;10,8;11,4;12,0;11,4;11,4;12,0;10,8;10,8;10,2;12,0;10,8;10,8;12,0;14,4;12,6;13,8;0,0;0,0;0,0;0,0;0,0;0,0;0,0;0,0;0,0;0,0;0,0;0,0;0,0;0,0;0,0;0,0;0,0;0,0;0,0;0,0;0,0;0,0;0,0;0,0;0,0;0,0;0,0;0,0;0,0;0,0;0,0;0,0;0,0;0,0;0,0;0,0;0,0;0,0;0,0;0,0;0,0;0,0;0,0;0,0;0,0;0,0;0,0;0,0;0,0;0,0;0,0;0,0;0,0;0,0;0,0;0,0;21,6;16,8;13,2;14,4;12,0;12,0;12,6;13,2;11,4;11,4;13,2;5,7;;;;
08/10/2024;12,0;11,4;12,6;11,4;11,4;12,0;12,0;12,0;12,0;12,0;11,4;11,4;12,0;12,0;10,8;11,4;12,0;11,4;12,0;12,0;12,6;12,6;12,0;14,4;15,6;14,4;15,0;18,6;0,0;0,0;0,0;0,0;0,0;0,0;0,0;0,0;0,0;0,0;0,0;0,0;0,0;0,0;0,0;0,0;0,0;0,0;0,0;0,0;0,0;0,0;0,0;0,0;0,0;0,0;0,0;0,0;0,0;0,0;0,0;0,0;0,0;0,0;0,0;0,0;0,0;0,0;0,0;0,0;0,0;0,0;0,0;0,0;0,0;0,0;0,0;0,0;0,0;0,0;0,0;0,0;0,0;0,0;0,0;0,0;19,8;15,6;15,0;13,8;12,6;13,2;13,2;12,6;12,0;13,2;12,0;6,0;;;;
09/10/2024;12,0;13,2;12,6;12,0;12,6;12,6;12,0;12,6;12,6;12,0;12,0;12,6;12,0;12,6;13,2;13,8;12,0;13,8;13,8;13,2;12,6;12,6;14,4;13,2;13,2;14,4;16,2;16,8;0,0;0,0;0,0;0,0;0,0;0,0;0,0;0,0;0,0;0,0;0,0;0,0;0,0;0,0;0,0;0,0;0,0;0,0;0,0;0,0;0,0;0,0;0,0;0,0;0,0;0,0;0,0;0,0;0,0;0,0;0,0;0,0;0,0;0,0;0,0;0,0;0,0;0,0;0,0;0,0;0,0;0,0;0,0;0,0;0,0;0,0;0,0;0,0;0,0;0,0;0,0;0,0;0,0;0,0;0,0;0,0;21,0;13,2;13,2;13,2;11,4;12,0;12,0;12,0;10,8;11,4;12,0;5,7;;;;
10/10/2024;10,8;10,8;12,6;11,4;10,8;11,4;11,4;10,8;10,8;12,0;11,4;11,4;10,8;12,0;10,8;10,8;10,8;12,0;11,4;10,8;11,4;12,0;12,6;12,6;13,2;13,2;13,2;15,6;0,0;0,0;0,0;0,0;0,0;0,0;0,0;0,0;0,0;0,0;0,0;0,0;0,0;0,0;0,0;0,0;0,0;0,0;0,0;0,0;0,0;0,0;0,0;0,0;0,0;0,0;0,0;0,0;0,0;0,0;0,0;0,0;0,0;0,0;0,0;0,0;0,0;0,0;0,0;0,0;0,0;0,0;0,0;0,0;0,0;0,0;0,0;0,0;0,0;0,0;0,0;0,0;0,0;0,0;0,0;0,0;24,0;16,2;13,8;13,8;12,6;12,6;12,0;15,0;14,4;12,6;12,6;6,3;;;;
11/10/2024;12,6;12,0;12,6;12,0;12,0;13,2;12,6;12,6;12,0;13,2;12,0;11,4;12,6;12,0;12,0;12,0;13,2;13,8;12,0;12,6;12,6;12,0;12,6;13,2;12,6;13,8;13,2;15,0;0,0;0,0;0,0;0,0;0,0;0,0;0,0;0,0;0,0;0,0;0,0;0,0;0,0;0,0;0,0;0,0;0,0;0,0;0,0;0,0;0,0;0,0;0,0;0,0;0,0;0,0;0,0;0,0;0,0;0,0;0,0;0,0;0,0;0,0;0,0;0,0;0,0;0,0;0,0;0,0;0,0;0,0;0,0;0,0;0,0;0,0;0,0;0,0;0,0;0,0;0,0;0,0;0,0;0,0;0,0;0,0;21,0;21,0;15,6;14,4;15,0;13,8;13,8;13,8;14,4;13,8;13,2;7,5;;;;
12/10/2024;14,4;13,8;13,8;14,4;13,2;13,2;15,0;13,8;14,4;14,4;14,4;15,0;13,8;14,4;13,2;14,4;13,8;13,2;13,2;13,8;13,2;13,2;13,2;12,6;14,4;13,8;13,8;20,4;0,0;0,0;0,0;0,0;0,0;0,0;0,0;0,0;0,0;0,0;0,0;0,0;0,0;0,0;0,0;0,0;0,0;0,0;0,0;0,0;0,0;0,0;0,0;0,0;0,0;0,0;0,0;0,0;0,0;0,0;0,0;0,0;0,0;0,0;0,0;0,0;0,0;0,0;0,0;0,0;0,0;0,0;0,0;0,0;0,0;0,0;0,0;0,0;0,0;0,0;0,0;0,0;0,0;0,0;0,0;0,0;21,0;16,2;13,8;15,0;15,0;13,2;12,0;13,2;12,0;12,0;12,6;6,0;;;;
13/10/2024;11,4;12,0;13,2;12,6;11,4;12,6;11,4;12,0;12,0;12,0;11,4;11,4;12,0;12,0;11,4;12,6;12,0;11,4;12,6;12,6;11,4;12,0;14,4;13,2;14,4;14,4;15,0;15,6;0,0;0,0;0,0;0,0;0,0;0,0;0,0;0,0;0,0;0,0;0,0;0,0;0,0;0,0;0,0;0,0;0,0;0,0;0,0;0,0;0,0;0,0;0,0;0,0;0,0;0,0;0,0;0,0;0,0;0,0;0,0;0,0;0,0;0,0;0,0;0,0;0,0;0,0;0,0;0,0;0,0;0,0;0,0;0,0;0,0;0,0;0,0;0,0;0,0;0,0;0,0;0,0;0,0;0,0;0,0;0,0;18,0;15,6;15,0;13,8;13,2;13,8;13,8;13,8;13,2;14,4;12,6;6,3;;;;
14/10/2024;15,0;12,0;12,6;12,6;13,8;12,0;12,6;13,2;12,6;12,6;13,2;13,2;12,0;12,6;12,6;12,0;12,0;13,2;12,0;12,6;12,6;13,8;13,2;13,2;15,0;14,4;13,8;16,2;0,0;0,0;0,0;0,0;0,0;0,0;0,0;0,0;0,0;0,0;0,0;0,0;0,0;0,0;0,0;0,0;0,0;0,0;0,0;0,0;0,0;0,0;0,0;0,0;0,0;0,0;0,0;0,0;0,0;0,0;0,0;0,0;0,0;0,0;0,0;0,0;0,0;0,0;0,0;0,0;0,0;0,0;0,0;0,0;0,0;0,0;0,0;0,0;0,0;0,0;0,0;0,0;0,0;0,0;0,0;0,0;15,6;13,8;13,8;14,4;13,2;12,6;13,2;12,6;13,2;12,6;12,0;6,6;;;;
15/10/2024;12,0;12,6;12,6;12,0;13,2;12,0;12,0;13,2;12,0;12,6;12,6;11,4;13,2;12,6;12,0;13,2;12,6;12,6;13,2;12,0;13,2;12,6;12,6;13,2;12,0;14,4;14,4;15,6;0,0;0,0;0,0;0,0;0,0;0,0;0,0;0,0;0,0;0,0;0,0;0,0;0,0;0,0;0,0;0,0;0,0;0,0;0,0;0,0;0,0;0,0;0,0;0,0;0,0;0,0;0,0;0,0;0,0;0,0;0,0;0,0;0,0;0,0;0,0;0,0;0,0;0,0;0,0;0,0;0,0;0,0;0,0;0,0;0,0;0,0;0,0;0,0;0,0;0,0;0,0;0,0;0,0;0,0;0,0;0,0;15,6;13,2;13,2;13,2;12,6;12,0;12,0;12,0;12,0;11,4;13,2;5,4;;;;
16/10/2024;12,0;12,0;12,0;11,4;11,4;12,0;11,4;12,0;12,0;12,0;11,4;11,4;13,2;12,6;13,2;13,8;11,4;11,4;12,0;12,6;12,6;12,0;13,8;13,2;13,2;14,4;15,0;16,2;0,0;0,0;0,0;0,0;0,0;0,0;0,0;0,0;0,0;0,0;0,0;0,0;0,0;0,0;0,0;0,0;0,0;0,0;0,0;0,0;0,0;0,0;0,0;0,0;0,0;0,0;0,0;0,0;0,0;0,0;0,0;0,0;0,0;0,0;0,0;0,0;0,0;0,0;0,0;0,0;0,0;0,0;0,0;0,0;0,0;0,0;0,0;0,0;0,0;0,0;0,0;0,0;0,0;0,0;0,0;0,0;15,6;15,0;13,8;13,8;13,8;13,2;12,0;14,4;12,6;13,8;13,2;6,3;;;;
17/10/2024;13,2;12,6;13,2;13,2;12,0;13,2;12,0;13,2;12,6;12,6;15,0;13,8;13,2;12,0;13,2;13,2;12,6;13,2;12,6;13,2;13,2;13,2;13,8;13,2;14,4;13,8;14,4;15,6;0,0;0,0;0,0;0,0;0,0;0,0;0,0;0,0;0,0;0,0;0,0;0,0;0,0;0,0;0,0;0,0;0,0;0,0;0,0;0,0;0,0;0,0;0,0;0,0;0,0;0,0;0,0;0,0;0,0;0,0;0,0;0,0;0,0;0,0;0,0;0,0;0,0;0,0;0,0;0,0;0,0;0,0;0,0;0,0;0,0;0,0;0,0;0,0;0,0;0,0;0,0;0,0;0,0;0,0;0,0;0,0;19,2;14,4;14,4;14,4;13,8;12,6;13,2;14,4;12,6;12,6;13,2;6,6;;;;
18/10/2024;12,6;13,2;12,6;13,2;13,8;14,4;13,8;13,8;14,4;13,8;13,2;13,8;14,4;13,8;13,2;14,4;13,2;12,6;12,6;13,2;12,6;12,0;12,6;13,2;13,2;15,0;15,0;19,2;0,0;0,0;0,0;0,0;0,0;0,0;0,0;0,0;0,0;0,0;0,0;0,0;0,0;0,0;0,0;0,0;0,0;0,0;0,0;0,0;0,0;0,0;0,0;0,0;0,0;0,0;0,0;0,0;0,0;0,0;0,0;0,0;0,0;0,0;0,0;0,0;0,0;0,0;0,0;0,0;0,0;0,0;0,0;0,0;0,0;0,0;0,0;0,0;0,0;0,0;0,0;0,0;0,0;0,0;0,0;0,0;17,4;13,8;12,6;13,8;13,2;12,0;12,0;13,2;12,0;11,4;13,2;6,3;;;;
19/10/2024;12,0;12,6;12,6;12,0;12,0;13,2;11,4;11,4;12,6;11,4;12,0;12,0;13,2;12,0;12,0;13,2;12,0;12,0;11,4;13,2;12,0;12,0;12,6;12,0;14,4;14,4;14,4;15,6;0,0;0,0;0,0;0,0;0,0;0,0;0,0;0,0;0,0;0,0;0,0;0,0;0,0;0,0;0,0;0,0;0,0;0,0;0,0;0,0;0,0;0,0;0,0;0,0;0,0;0,0;0,0;0,0;0,0;0,0;0,0;0,0;0,0;0,0;0,0;0,0;0,0;0,0;0,0;0,0;0,0;0,0;0,0;0,0;0,0;0,0;0,0;0,0;0,0;0,0;0,0;0,0;0,0;0,0;0,0;0,0;20,4;15,6;13,2;13,8;12,6;13,2;13,2;13,2;13,2;12,0;12,0;6,6;;;;
20/10/2024;12,6;12,6;12,0;13,2;12,6;13,2;12,6;12,6;12,0;12,6;12,6;12,0;12,6;12,0;12,6;12,0;12,6;12,6;12,0;12,0;12,0;13,8;12,0;14,4;13,2;13,8;14,4;15,0;0,0;0,0;0,0;0,0;0,0;0,0;0,0;0,0;0,0;0,0;0,0;0,0;0,0;0,0;0,0;0,0;0,0;0,0;0,0;0,0;0,0;0,0;0,0;0,0;0,0;0,0;0,0;0,0;0,0;0,0;0,0;0,0;0,0;0,0;0,0;0,0;0,0;0,0;0,0;0,0;0,0;0,0;0,0;0,0;0,0;0,0;0,0;0,0;0,0;0,0;0,0;0,0;0,0;0,0;0,0;0,0;19,2;15,0;15,0;13,8;13,2;14,4;13,2;12,6;12,6;13,2;12,6;6,3;;;;
21/10/2024;13,2;12,0;13,2;13,2;13,2;12,0;12,0;13,2;12,6;12,6;12,6;12,6;12,0;12,0;13,2;12,6;12,0;13,2;13,2;12,6;13,2;14,4;12,6;13,8;13,8;14,4;13,8;16,2;0,0;0,0;0,0;0,0;0,0;0,0;0,0;0,0;0,0;0,0;0,0;0,0;0,0;0,0;0,0;0,0;0,0;0,0;0,0;0,0;0,0;0,0;0,0;0,0;0,0;0,0;0,0;0,0;0,0;0,0;0,0;0,0;0,0;0,0;0,0;0,0;0,0;0,0;0,0;0,0;0,0;0,0;0,0;0,0;0,0;0,0;0,0;0,0;0,0;0,0;0,0;0,0;0,0;0,0;0,0;0,0;18,0;14,4;13,2;13,8;12,6;13,8;12,6;12,6;12,6;12,0;13,2;6,0;;;;
22/10/2024;12,0;13,8;11,4;12,0;12,6;13,2;12,0;12,6;12,6;12,6;11,4;11,4;13,2;12,0;12,0;12,6;12,0;12,0;11,4;13,2;12,0;12,0;12,6;14,4;12,6;13,8;15,0;15,6;0,0;0,0;0,0;0,0;0,0;0,0;0,0;0,0;0,0;0,0;0,0;0,0;0,0;0,0;0,0;0,0;0,0;0,0;0,0;0,0;0,0;0,0;0,0;0,0;0,0;0,0;0,0;0,0;0,0;0,0;0,0;0,0;0,0;0,0;0,0;0,0;0,0;0,0;0,0;0,0;0,0;0,0;0,0;0,0;0,0;0,0;0,0;0,0;0,0;0,0;0,0;0,0;0,0;0,0;0,0;0,0;15,6;13,8;13,8;13,8;13,2;12,6;13,2;12,6;12,0;12,6;12,6;6,3;;;;
23/10/2024;12,0;12,0;13,2;12,0;12,6;12,6;12,6;12,6;12,6;13,8;12,6;12,0;12,6;13,8;12,0;12,0;12,6;12,6;13,2;13,8;13,2;13,8;13,2;15,0;15,0;15,6;15,6;18,0;0,0;0,0;0,0;0,0;0,0;0,0;0,0;0,0;0,0;0,0;0,0;0,0;0,0;0,0;0,0;0,0;0,0;0,0;0,0;0,0;0,0;0,0;0,0;0,0;0,0;0,0;0,0;0,0;0,0;0,0;0,0;0,0;0,0;0,0;0,0;0,0;0,0;0,0;0,0;0,0;0,0;0,0;0,0;0,0;0,0;0,0;0,0;0,0;0,0;0,0;0,0;0,0;0,0;0,0;0,0;0,0;16,8;13,8;13,8;13,8;13,2;13,8;13,2;13,2;13,8;12,6;14,4;6,0;;;;
24/10/2024;13,2;13,2;13,8;13,2;12,6;14,4;12,0;12,0;12,0;13,2;11,4;12,0;11,4;13,2;12,0;12,0;12,6;11,4;12,6;12,6;13,2;12,0;13,2;13,2;13,8;13,8;14,4;16,8;0,0;0,0;0,0;0,0;0,0;0,0;0,0;0,0;0,0;0,0;0,0;0,0;0,0;0,0;0,0;0,0;0,0;0,0;0,0;0,0;0,0;0,0;0,0;0,0;0,0;0,0;0,0;0,0;0,0;0,0;0,0;0,0;0,0;0,0;0,0;0,0;0,0;0,0;0,0;0,0;0,0;0,0;0,0;0,0;0,0;0,0;0,0;0,0;0,0;0,0;0,0;0,0;0,0;0,0;0,0;0,0;21,6;18,6;16,2;13,8;12,6;13,2;12,6;13,8;14,4;12,6;12,0;6,0;;;;
25/10/2024;13,2;12,0;12,6;12,0;13,8;12,6;12,0;13,2;12,6;12,6;12,6;13,2;12,0;12,6;12,6;12,6;12,0;13,2;12,6;12,6;12,0;12,6;12,6;12,0;13,8;13,2;13,8;16,8;0,0;0,0;0,0;0,0;0,0;0,0;0,0;0,0;0,0;0,0;0,0;0,0;0,0;0,0;0,0;0,0;0,0;0,0;0,0;0,0;0,0;0,0;0,0;0,0;0,0;0,0;0,0;0,0;0,0;0,0;0,0;0,0;0,0;0,0;0,0;0,0;0,0;0,0;0,0;0,0;0,0;0,0;0,0;0,0;0,0;0,0;0,0;0,0;0,0;0,0;0,0;0,0;0,0;0,0;0,0;0,0;16,2;13,8;13,8;13,8;14,4;12,6;12,6;14,4;13,2;12,0;13,2;6,9;;;;
26/10/2024;12,6;12,0;12,6;13,2;12,6;12,6;12,6;13,8;12,6;12,6;12,6;13,2;12,0;12,0;12,0;13,8;12,0;12,0;12,0;13,2;11,4;12,0;12,0;13,8;15,0;14,4;15,6;19,2;0,0;0,0;0,0;0,0;0,0;0,0;0,0;0,0;0,0;0,0;0,0;0,0;0,0;0,0;0,0;0,0;0,0;0,0;0,0;0,0;0,0;0,0;0,0;0,0;0,0;0,0;0,0;0,0;0,0;0,0;0,0;0,0;0,0;0,0;0,0;0,0;0,0;0,0;0,0;0,0;0,0;0,0;0,0;0,0;0,0;0,0;0,0;0,0;0,0;0,0;0,0;0,0;0,0;0,0;0,0;0,0;20,4;18,0;16,8;18,0;16,8;16,2;13,8;13,8;12,6;13,8;12,6;6,6;;;;
27/10/2024;13,8;12,6;12,6;12,6;13,8;13,2;12,6;12,0;14,4;12,6;12,6;13,2;14,4;13,2;12,6;13,8;13,2;12,6;12,6;14,4;12,6;13,2;13,2;15,0;13,2;13,2;13,8;16,2;0,0;0,0;0,0;0,0;0,0;0,0;0,0;0,0;0,0;0,0;0,0;0,0;0,0;0,0;0,0;0,0;0,0;0,0;0,0;0,0;0,0;0,0;0,0;0,0;0,0;0,0;0,0;0,0;0,0;0,0;0,0;0,0;0,0;0,0;0,0;0,0;0,0;0,0;0,0;0,0;0,0;0,0;0,0;0,0;0,0;0,0;0,0;0,0;0,0;0,0;0,0;0,0;0,0;0,0;0,0;0,0;16,8;15,0;15,0;13,8;13,2;15,0;13,2;13,2;13,2;13,8;12,6;6,6;;;;
28/10/2024;14,4;12,6;12,6;13,2;13,2;13,2;13,2;14,4;13,2;13,2;13,8;13,2;13,8;13,2;13,2;13,2;13,2;14,4;13,2;13,2;15,0;14,4;13,8;14,4;15,0;15,6;13,8;16,8;0,0;0,0;0,0;0,0;0,0;0,0;0,0;0,0;0,0;0,0;0,0;0,0;0,0;0,0;0,0;0,0;0,0;0,0;0,0;0,0;0,0;0,0;0,0;0,0;0,0;0,0;0,0;0,0;0,0;0,0;0,0;0,0;0,0;0,0;0,0;0,0;0,0;0,0;0,0;0,0;0,0;0,0;0,0;0,0;0,0;0,0;0,0;0,0;0,0;0,0;0,0;0,0;0,0;0,0;0,0;0,0;14,4;12,0;12,0;12,0;12,0;11,4;11,4;12,6;13,2;13,2;13,2;5,7;;;;
29/10/2024;11,4;11,4;12,0;10,8;11,4;10,8;10,8;11,4;11,4;11,4;10,8;12,0;12,6;11,4;10,8;10,8;10,8;10,8;11,4;11,4;13,2;13,2;13,2;13,2;14,4;14,4;14,4;17,4;0,0;0,0;0,0;0,0;0,0;0,0;0,0;0,0;0,0;0,0;0,0;0,0;0,0;0,0;0,0;0,0;0,0;0,0;0,0;0,0;0,0;0,0;0,0;0,0;0,0;0,0;0,0;0,0;0,0;0,0;0,0;0,0;0,0;0,0;0,0;0,0;0,0;0,0;0,0;0,0;0,0;0,0;0,0;0,0;0,0;0,0;0,0;0,0;0,0;0,0;0,0;0,0;0,0;0,0;0,0;0,0;15,6;14,4;13,8;13,8;13,2;13,2;12,6;13,2;13,2;13,2;13,2;6,3;;;;
30/10/2024;13,2;12,6;13,8;12,6;12,6;11,4;12,0;10,8;11,4;11,4;11,4;11,4;10,8;10,8;11,4;11,4;10,8;10,8;11,4;11,4;10,8;12,0;11,4;12,0;13,2;13,2;13,2;15,6;0,0;0,0;0,0;0,0;0,0;0,0;0,0;0,0;0,0;0,0;0,0;0,0;0,0;0,0;0,0;0,0;0,0;0,0;0,0;0,0;0,0;0,0;0,0;0,0;0,0;0,0;0,0;0,0;0,0;0,0;0,0;0,0;0,0;0,0;0,0;0,0;0,0;0,0;0,0;0,0;0,0;0,0;0,0;0,0;0,0;0,0;0,0;0,0;0,0;0,0;0,0;0,0;0,0;0,0;0,0;0,0;20,4;18,0;18,6;17,4;16,2;15,6;14,4;13,8;13,2;13,2;11,4;6,0;;;;
31/10/2024;12,6;12,6;12,6;12,0;12,0;12,0;12,0;12,6;12,0;12,0;12,6;12,0;12,6;12,6;11,4;12,0;12,0;12,0;11,4;12,6;12,0;12,0;12,0;12,6;13,2;12,6;12,6;13,8;0,0;0,0;0,0;0,0;0,0;0,0;0,0;0,0;0,0;0,0;0,0;0,0;0,0;0,0;0,0;0,0;0,0;0,0;0,0;0,0;0,0;0,0;0,0;0,0;0,0;0,0;0,0;0,0;0,0;0,0;0,0;0,0;0,0;0,0;0,0;0,0;0,0;0,0;0,0;0,0;0,0;0,0;0,0;0,0;0,0;0,0;0,0;0,0;0,0;0,0;0,0;0,0;0,0;0,0;0,0;0,0;20,4;19,2;20,4;19,8;18,6;18,6;18,0;15,6;15,6;13,8;13,2;6,9;6,9;6,3;6,0;6,6
01/11/2024;12,0;12,0;12,0;12,0;12,0;12,0;12,0;12,6;12,6;12,0;12,6;12,6;12,0;12,6;12,6;12,0;12,0;12,0;12,0;12,6;13,2;13,2;13,8;13,8;13,8;13,8;16,2;16,2;0,0;0,0;0,0;0,0;0,0;0,0;0,0;0,0;0,0;0,0;0,0;0,0;0,0;0,0;0,0;0,0;0,0;0,0;0,0;0,0;0,0;0,0;0,0;0,0;0,0;0,0;0,0;0,0;0,0;0,0;0,0;0,0;0,0;0,0;0,0;0,0;0,0;0,0;0,0;0,0;0,0;0,0;0,0;0,0;0,0;0,0;0,0;0,0;0,0;0,0;0,0;0,0;0,0;0,0;0,0;0,0;14,4;12,6;12,0;12,6;12,0;11,4;11,4;12,0;12,0;12,0;11,4;6,0;;;;
02/11/2024;11,4;10,8;12,0;11,4;11,4;10,8;11,4;11,4;10,8;11,4;11,4;11,4;11,4;11,4;10,8;11,4;10,8;10,8;11,4;11,4;12,6;12,6;13,2;13,2;12,0;14,4;15,6;16,2;0,0;0,0;0,0;0,0;0,0;0,0;0,0;0,0;0,0;0,0;0,0;0,0;0,0;0,0;0,0;0,0;0,0;0,0;0,0;0,0;0,0;0,0;0,0;0,0;0,0;0,0;0,0;0,0;0,0;0,0;0,0;0,0;0,0;0,0;0,0;0,0;0,0;0,0;0,0;0,0;0,0;0,0;0,0;0,0;0,0;0,0;0,0;0,0;0,0;0,0;0,0;0,0;0,0;0,0;0,0;0,0;13,2;13,2;13,2;12,0;12,6;12,0;12,0;12,6;12,0;10,8;10,8;5,4;;;;
03/11/2024;9,6;10,2;10,2;10,8;10,2;10,8;10,2;9,6;10,8;10,8;10,2;10,2;10,2;10,8;10,8;11,4;10,2;10,2;10,8;11,4;12,6;12,0;12,6;13,8;12,6;13,2;14,4;16,2;0,0;0,0;0,0;0,0;0,0;0,0;0,0;0,0;0,0;0,0;0,0;0,0;0,0;0,0;0,0;0,0;0,0;0,0;0,0;0,0;0,0;0,0;0,0;0,0;0,0;0,0;0,0;0,0;0,0;0,0;0,0;0,0;0,0;0,0;0,0;0,0;0,0;0,0;0,0;0,0;0,0;0,0;0,0;0,0;0,0;0,0;0,0;0,0;0,0;0,0;0,0;0,0;0,0;0,0;0,0;0,0;17,4;15,0;13,2;13,2;12,6;13,2;12,6;12,0;12,6;12,6;12,6;6,3;;;;
04/11/2024;12,0;12,6;12,0;12,0;12,0;12,6;12,0;12,6;12,6;12,0;12,6;12,0;11,4;12,0;12,0;12,0;12,0;12,6;12,0;12,6;13,8;13,2;13,2;14,4;15,6;15,0;16,2;16,8;0,0;0,0;0,0;0,0;0,0;0,0;0,0;0,0;0,0;0,0;0,0;0,0;0,0;0,0;0,0;0,0;0,0;0,0;0,0;0,0;0,0;0,0;0,0;0,0;0,0;0,0;0,0;0,0;0,0;0,0;0,0;0,0;0,0;0,0;0,0;0,0;0,0;0,0;0,0;0,0;0,0;0,0;0,0;0,0;0,0;0,0;0,0;0,0;0,0;0,0;0,0;0,0;0,0;0,0;0,0;0,0;16,2;13,8;13,2;13,8;13,8;13,8;13,2;13,2;13,8;13,2;12,6;6,6;;;;
05/11/2024;13,2;12,6;12,6;12,6;12,6;13,2;12,6;12,6;12,6;12,6;12,0;12,6;12,0;13,2;12,6;12,6;12,0;12,6;12,6;13,2;12,6;13,8;12,0;13,2;14,4;14,4;15,0;16,8;0,0;0,0;0,0;0,0;0,0;0,0;0,0;0,0;0,0;0,0;0,0;0,0;0,0;0,0;0,0;0,0;0,0;0,0;0,0;0,0;0,0;0,0;0,0;0,0;0,0;0,0;0,0;0,0;0,0;0,0;0,0;0,0;0,0;0,0;0,0;0,0;0,0;0,0;0,0;0,0;0,0;0,0;0,0;0,0;0,0;0,0;0,0;0,0;0,0;0,0;0,0;0,0;0,0;0,0;0,0;0,0;12,6;11,4;12,0;12,0;10,8;10,8;12,0;10,8;11,4;12,0;12,0;5,7;;;;
06/11/2024;12,0;12,0;12,6;12,0;11,4;12,0;12,0;12,0;12,0;12,0;10,8;10,8;10,8;10,2;11,4;10,2;10,2;10,8;11,4;10,8;10,2;11,4;11,4;10,8;12,0;15,0;15,6;15,6;0,0;0,0;0,0;0,0;0,0;0,0;0,0;0,0;0,0;0,0;0,0;0,0;0,0;0,0;0,0;0,0;0,0;0,0;0,0;0,0;0,0;0,0;0,0;0,0;0,0;0,0;0,0;0,0;0,0;0,0;0,0;0,0;0,0;0,0;0,0;0,0;0,0;0,0;0,0;0,0;0,0;0,0;0,0;0,0;0,0;0,0;0,0;0,0;0,0;0,0;0,0;0,0;0,0;0,0;0,0;0,0;13,8;12,6;12,0;11,4;12,0;12,0;12,0;10,8;12,6;12,0;12,6;6,0;;;;
07/11/2024;11,4;12,0;12,6;12,0;12,0;12,0;12,0;12,0;12,0;12,0;10,8;11,4;10,8;10,2;10,8;10,2;10,8;10,2;10,8;11,4;11,4;10,8;10,8;11,4;13,2;13,2;13,8;15,0;0,0;0,0;0,0;0,0;0,0;0,0;0,0;0,0;0,0;0,0;0,0;0,0;0,0;0,0;0,0;0,0;0,0;0,0;0,0;0,0;0,0;0,0;0,0;0,0;0,0;0,0;0,0;0,0;0,0;0,0;0,0;0,0;0,0;0,0;0,0;0,0;0,0;0,0;0,0;0,0;0,0;0,0;0,0;0,0;0,0;0,0;0,0;0,0;0,0;0,0;0,0;0,0;0,0;0,0;0,0;0,0;13,8;12,0;12,6;12,0;12,0;11,4;11,4;12,0;13,2;13,2;12,6;6,3;;;;
08/11/2024;13,2;12,0;13,2;12,6;12,0;12,6;12,6;12,0;12,6;12,6;10,8;10,8;10,8;10,8;10,8;10,8;10,2;11,4;11,4;10,8;10,8;10,8;10,8;12,0;13,8;14,4;15,6;17,4;0,0;0,0;0,0;0,0;0,0;0,0;0,0;0,0;0,0;0,0;0,0;0,0;0,0;0,0;0,0;0,0;0,0;0,0;0,0;0,0;0,0;0,0;0,0;0,0;0,0;0,0;0,0;0,0;0,0;0,0;0,0;0,0;0,0;0,0;0,0;0,0;0,0;0,0;0,0;0,0;0,0;0,0;0,0;0,0;0,0;0,0;0,0;0,0;0,0;0,0;0,0;0,0;0,0;0,0;0,0;0,0;13,8;10,8;10,8;10,2;10,8;10,2;9,6;10,2;12,0;12,0;12,0;6,0;;;;
09/11/2024;11,4;12,0;11,4;11,4;11,4;10,8;11,4;11,4;12,0;12,0;9,6;9,6;9,6;9,0;9,6;9,6;9,6;10,2;10,2;10,8;10,8;11,4;12,6;13,8;14,4;14,4;15,6;18,6;0,0;0,0;0,0;0,0;0,0;0,0;0,0;0,0;0,0;0,0;0,0;0,0;0,0;0,0;0,0;0,0;0,0;0,0;0,0;0,0;0,0;0,0;0,0;0,0;0,0;0,0;0,0;0,0;0,0;0,0;0,0;0,0;0,0;0,0;0,0;0,0;0,0;0,0;0,0;0,0;0,0;0,0;0,0;0,0;0,0;0,0;0,0;0,0;0,0;0,0;0,0;0,0;0,0;0,0;0,0;0,0;16,8;15,6;11,4;10,8;11,4;11,4;10,2;10,2;10,2;10,2;10,2;5,1;;;;
10/11/2024;12,0;12,0;12,0;12,0;12,0;11,4;12,6;11,4;12,6;12,0;12,0;12,6;12,0;12,0;12,0;12,0;10,2;10,2;10,2;10,2;10,2;9,6;10,2;10,8;15,0;13,2;13,2;13,8;0,0;0,0;0,0;0,0;0,0;0,0;0,0;0,0;0,0;0,0;0,0;0,0;0,0;0,0;0,0;0,0;0,0;0,0;0,0;0,0;0,0;0,0;0,0;0,0;0,0;0,0;0,0;0,0;0,0;0,0;0,0;0,0;0,0;0,0;0,0;0,0;0,0;0,0;0,0;0,0;0,0;0,0;0,0;0,0;0,0;0,0;0,0;0,0;0,0;0,0;0,0;0,0;0,0;0,0;0,0;0,0;13,8;12,6;11,4;12,0;12,0;11,4;10,8;11,4;11,4;10,8;10,8;5,4;;;;
11/11/2024;13,2;12,0;12,6;13,2;12,6;12,0;12,0;12,6;12,0;12,0;12,0;12,0;12,6;12,0;12,0;12,0;10,8;10,2;10,8;11,4;10,2;10,8;11,4;12,6;14,4;15,0;14,4;15,6;0,0;0,0;0,0;0,0;0,0;0,0;0,0;0,0;0,0;0,0;0,0;0,0;0,0;0,0;0,0;0,0;0,0;0,0;0,0;0,0;0,0;0,0;0,0;0,0;0,0;0,0;0,0;0,0;0,0;0,0;0,0;0,0;0,0;0,0;0,0;0,0;0,0;0,0;0,0;0,0;0,0;0,0;0,0;0,0;0,0;0,0;0,0;0,0;0,0;0,0;0,0;0,0;0,0;0,0;0,0;0,0;15,0;14,4;11,4;11,4;12,0;11,4;12,0;11,4;12,0;10,8;11,4;5,7;;;;
12/11/2024;12,0;13,2;12,0;13,2;12,6;12,6;12,0;12,6;12,0;12,6;12,0;12,0;12,0;11,4;12,6;12,0;10,8;10,8;10,8;10,8;10,8;9,6;11,4;12,0;13,8;13,2;15,0;16,2;0,0;0,0;0,0;0,0;0,0;0,0;0,0;0,0;0,0;0,0;0,0;0,0;0,0;0,0;0,0;0,0;0,0;0,0;0,0;0,0;0,0;0,0;0,0;0,0;0,0;0,0;0,0;0,0;0,0;0,0;0,0;0,0;0,0;0,0;0,0;0,0;0,0;0,0;0,0;0,0;0,0;0,0;0,0;0,0;0,0;0,0;0,0;0,0;0,0;0,0;0,0;0,0;0,0;0,0;0,0;0,0;18,6;15,6;13,2;12,6;12,0;12,0;11,4;12,0;11,4;11,4;10,8;6,0;;;;
13/11/2024;13,2;13,2;13,2;13,2;13,2;12,6;13,2;13,2;12,6;12,6;13,2;13,2;13,2;12,6;12,6;13,2;11,4;10,8;11,4;11,4;12,0;11,4;12,6;13,2;14,4;14,4;16,2;21,0;0,0;0,0;0,0;0,0;0,0;0,0;0,0;0,0;0,0;0,0;0,0;0,0;0,0;0,0;0,0;0,0;0,0;0,0;0,0;0,0;0,0;0,0;0,0;0,0;0,0;0,0;0,0;0,0;0,0;0,0;0,0;0,0;0,0;0,0;0,0;0,0;0,0;0,0;0,0;0,0;0,0;0,0;0,0;0,0;0,0;0,0;0,0;0,0;0,0;0,0;0,0;0,0;0,0;0,0;0,0;0,0;15,6;13,8;12,0;12,0;10,8;11,4;12,0;11,4;10,8;12,0;11,4;5,4;;;;
14/11/2024;12,6;12,6;12,6;12,6;12,6;12,6;12,6;13,2;12,6;12,6;12,6;12,6;12,0;12,6;12,6;12,6;11,4;10,2;11,4;12,0;11,4;11,4;11,4;12,0;15,0;15,6;15,0;18,0;0,0;0,0;0,0;0,0;0,0;0,0;0,0;0,0;0,0;0,0;0,0;0,0;0,0;0,0;0,0;0,0;0,0;0,0;0,0;0,0;0,0;0,0;0,0;0,0;0,0;0,0;0,0;0,0;0,0;0,0;0,0;0,0;0,0;0,0;0,0;0,0;0,0;0,0;0,0;0,0;0,0;0,0;0,0;0,0;0,0;0,0;0,0;0,0;0,0;0,0;0,0;0,0;0,0;0,0;0,0;0,0;13,8;13,8;10,8;10,8;10,2;10,2;10,2;10,2;9,6;9,6;9,6;4,8;;;;
15/11/2024;11,4;12,0;12,0;12,0;11,4;12,0;11,4;11,4;12,0;11,4;11,4;11,4;11,4;11,4;11,4;12,6;9,6;9,6;10,2;9,6;9,6;10,2;11,4;10,8;13,8;15,0;13,2;15,0;0,0;0,0;0,0;0,0;0,0;0,0;0,0;0,0;0,0;0,0;0,0;0,0;0,0;0,0;0,0;0,0;0,0;0,0;0,0;0,0;0,0;0,0;0,0;0,0;0,0;0,0;0,0;0,0;0,0;0,0;0,0;0,0;0,0;0,0;0,0;0,0;0,0;0,0;0,0;0,0;0,0;0,0;0,0;0,0;0,0;0,0;0,0;0,0;0,0;0,0;0,0;0,0;0,0;0,0;0,0;0,0;15,0;14,4;12,0;12,0;12,0;10,8;12,0;11,4;11,4;11,4;10,8;5,7;;;;
16/11/2024;12,0;12,0;13,2;12,0;12,0;12,0;12,6;12,6;11,4;12,6;12,0;12,0;12,0;12,6;12,6;12,0;10,2;11,4;10,8;10,8;12,0;10,8;11,4;10,8;13,8;12,6;13,8;17,4;0,0;0,0;0,0;0,0;0,0;0,0;0,0;0,0;0,0;0,0;0,0;0,0;0,0;0,0;0,0;0,0;0,0;0,0;0,0;0,0;0,0;0,0;0,0;0,0;0,0;0,0;0,0;0,0;0,0;0,0;0,0;0,0;0,0;0,0;0,0;0,0;0,0;0,0;0,0;0,0;0,0;0,0;0,0;0,0;0,0;0,0;0,0;0,0;0,0;0,0;0,0;0,0;0,0;0,0;0,0;0,0;16,8;15,6;13,8;13,8;12,0;12,6;12,0;12,0;11,4;12,6;11,4;6,0;;;;
17/11/2024;13,2;13,8;13,2;13,2;13,8;13,2;13,2;12,0;13,2;12,6;12,6;13,2;12,6;13,2;12,6;12,6;11,4;11,4;11,4;10,8;10,8;12,0;11,4;12,0;14,4;15,6;15,6;18,0;0,0;0,0;0,0;0,0;0,0;0,0;0,0;0,0;0,0;0,0;0,0;0,0;0,0;0,0;0,0;0,0;0,0;0,0;0,0;0,0;0,0;0,0;0,0;0,0;0,0;0,0;0,0;0,0;0,0;0,0;0,0;0,0;0,0;0,0;0,0;0,0;0,0;0,0;0,0;0,0;0,0;0,0;0,0;0,0;0,0;0,0;0,0;0,0;0,0;0,0;0,0;0,0;0,0;0,0;0,0;0,0;14,4;13,2;11,4;11,4;10,8;11,4;10,2;10,8;10,8;10,8;10,8;5,1;;;;
18/11/2024;12,0;12,0;12,0;11,4;12,6;12,0;11,4;12,0;12,0;12,0;12,0;12,0;12,0;12,0;12,0;12,0;10,8;11,4;10,2;10,8;10,8;12,0;10,8;12,0;14,4;14,4;14,4;18,0;0,0;0,0;0,0;0,0;0,0;0,0;0,0;0,0;0,0;0,0;0,0;0,0;0,0;0,0;0,0;0,0;0,0;0,0;0,0;0,0;0,0;0,0;0,0;0,0;0,0;0,0;0,0;0,0;0,0;0,0;0,0;0,0;0,0;0,0;0,0;0,0;0,0;0,0;0,0;0,0;0,0;0,0;0,0;0,0;0,0;0,0;0,0;0,0;0,0;0,0;0,0;0,0;0,0;0,0;0,0;0,0;15,0;13,2;11,4;12,0;12,0;11,4;11,4;11,4;10,8;10,8;10,8;5,4;;;;
19/11/2024;12,6;12,6;12,0;12,0;13,2;12,0;12,0;12,0;12,0;12,0;12,0;12,6;12,0;12,0;12,6;12,0;11,4;10,8;10,8;10,8;10,2;11,4;10,2;12,0;12,6;15,0;13,2;15,6;0,0;0,0;0,0;0,0;0,0;0,0;0,0;0,0;0,0;0,0;0,0;0,0;0,0;0,0;0,0;0,0;0,0;0,0;0,0;0,0;0,0;0,0;0,0;0,0;0,0;0,0;0,0;0,0;0,0;0,0;0,0;0,0;0,0;0,0;0,0;0,0;0,0;0,0;0,0;0,0;0,0;0,0;0,0;0,0;0,0;0,0;0,0;0,0;0,0;0,0;0,0;0,0;0,0;0,0;0,0;0,0;14,4;13,2;12,0;12,0;10,8;10,8;10,8;10,8;10,8;10,8;10,2;5,4;;;;
20/11/2024;12,0;12,6;13,2;12,6;12,6;12,6;12,0;12,6;12,0;12,0;12,0;12,0;12,0;12,0;12,0;12,0;10,8;10,8;10,8;10,2;10,8;10,2;11,4;12,0;13,8;13,2;13,2;15,6;0,0;0,0;0,0;0,0;0,0;0,0;0,0;0,0;0,0;0,0;0,0;0,0;0,0;0,0;0,0;0,0;0,0;0,0;0,0;0,0;0,0;0,0;0,0;0,0;0,0;0,0;0,0;0,0;0,0;0,0;0,0;0,0;0,0;0,0;0,0;0,0;0,0;0,0;0,0;0,0;0,0;0,0;0,0;0,0;0,0;0,0;0,0;0,0;0,0;0,0;0,0;0,0;0,0;0,0;0,0;0,0;16,2;13,2;10,8;10,8;10,8;9,6;9,0;9,6;9,6;9,0;9,6;4,8;;;;
21/11/2024;11,4;10,2;11,4;10,8;10,8;10,2;11,4;10,8;10,8;10,8;10,8;10,2;10,8;10,2;10,8;10,8;9,6;9,6;9,0;9,6;10,2;9,0;10,8;10,8;13,8;13,8;13,8;16,2;0,0;0,0;0,0;0,0;0,0;0,0;0,0;0,0;0,0;0,0;0,0;0,0;0,0;0,0;0,0;0,0;0,0;0,0;0,0;0,0;0,0;0,0;0,0;0,0;0,0;0,0;0,0;0,0;0,0;0,0;0,0;0,0;0,0;0,0;0,0;0,0;0,0;0,0;0,0;0,0;0,0;0,0;0,0;0,0;0,0;0,0;0,0;0,0;0,0;0,0;0,0;0,0;0,0;0,0;0,0;0,0;15,6;13,8;12,6;12,6;12,0;12,0;12,0;12,0;11,4;12,0;12,0;6,0;;;;
22/11/2024;13,2;12,6;13,2;13,2;13,2;13,2;13,2;13,2;13,2;12,6;12,6;12,6;13,2;13,2;12,6;13,2;10,8;12,6;12,6;12,0;12,0;12,0;13,2;12,6;16,2;16,8;14,4;16,8;0,0;0,0;0,0;0,0;0,0;0,0;0,0;0,0;0,0;0,0;0,0;0,0;0,0;0,0;0,0;0,0;0,0;0,0;0,0;0,0;0,0;0,0;0,0;0,0;0,0;0,0;0,0;0,0;0,0;0,0;0,0;0,0;0,0;0,0;0,0;0,0;0,0;0,0;0,0;0,0;0,0;0,0;0,0;0,0;0,0;0,0;0,0;0,0;0,0;0,0;0,0;0,0;0,0;0,0;0,0;0,0;15,0;13,8;12,6;12,0;11,4;12,0;11,4;12,6;11,4;11,4;10,8;5,7;;;;
23/11/2024;13,8;13,2;13,2;13,2;14,4;13,2;13,8;12,6;13,8;14,4;13,2;13,8;12,6;13,2;12,6;13,2;12,0;11,4;12,0;12,0;11,4;10,8;10,8;12,0;13,8;15,6;13,8;17,4;0,0;0,0;0,0;0,0;0,0;0,0;0,0;0,0;0,0;0,0;0,0;0,0;0,0;0,0;0,0;0,0;0,0;0,0;0,0;0,0;0,0;0,0;0,0;0,0;0,0;0,0;0,0;0,0;0,0;0,0;0,0;0,0;0,0;0,0;0,0;0,0;0,0;0,0;0,0;0,0;0,0;0,0;0,0;0,0;0,0;0,0;0,0;0,0;0,0;0,0;0,0;0,0;0,0;0,0;0,0;0,0;14,4;13,8;12,0;11,4;12,0;11,4;10,8;10,8;10,8;10,8;10,8;5,4;;;;
24/11/2024;12,0;12,6;12,6;11,4;11,4;12,0;12,0;11,4;12,0;12,0;12,0;11,4;12,0;11,4;11,4;12,0;9,6;10,8;10,2;10,2;10,8;9,6;11,4;10,8;13,8;15,0;15,0;17,4;0,0;0,0;0,0;0,0;0,0;0,0;0,0;0,0;0,0;0,0;0,0;0,0;0,0;0,0;0,0;0,0;0,0;0,0;0,0;0,0;0,0;0,0;0,0;0,0;0,0;0,0;0,0;0,0;0,0;0,0;0,0;0,0;0,0;0,0;0,0;0,0;0,0;0,0;0,0;0,0;0,0;0,0;0,0;0,0;0,0;0,0;0,0;0,0;0,0;0,0;0,0;0,0;0,0;0,0;0,0;0,0;14,4;13,2;11,4;11,4;11,4;10,8;10,2;10,8;10,8;10,8;10,8;5,4;;;;
25/11/2024;12,6;12,0;12,0;12,6;12,6;12,0;12,0;12,6;12,6;11,4;12,0;11,4;11,4;12,0;12,0;12,0;10,2;10,2;10,2;10,2;10,8;10,2;10,2;13,8;14,4;13,8;15,6;18,0;0,0;0,0;0,0;0,0;0,0;0,0;0,0;0,0;0,0;0,0;0,0;0,0;0,0;0,0;0,0;0,0;0,0;0,0;0,0;0,0;0,0;0,0;0,0;0,0;0,0;0,0;0,0;0,0;0,0;0,0;0,0;0,0;0,0;0,0;0,0;0,0;0,0;0,0;0,0;0,0;0,0;0,0;0,0;0,0;0,0;0,0;0,0;0,0;0,0;0,0;0,0;0,0;0,0;0,0;0,0;0,0;15,0;14,4;11,4;12,0;11,4;11,4;10,8;10,2;11,4;10,8;10,8;5,4;;;;
26/11/2024;12,6;12,6;12,6;12,6;12,0;12,6;12,6;12,0;12,0;12,6;12,6;11,4;12,6;12,0;12,0;11,4;10,8;10,8;10,8;10,8;11,4;10,8;10,8;12,0;13,2;15,6;15,0;18,0;0,0;0,0;0,0;0,0;0,0;0,0;0,0;0,0;0,0;0,0;0,0;0,0;0,0;0,0;0,0;0,0;0,0;0,0;0,0;0,0;0,0;0,0;0,0;0,0;0,0;0,0;0,0;0,0;0,0;0,0;0,0;0,0;0,0;0,0;0,0;0,0;0,0;0,0;0,0;0,0;0,0;0,0;0,0;0,0;0,0;0,0;0,0;0,0;0,0;0,0;0,0;0,0;0,0;0,0;0,0;0,0;15,0;12,6;10,8;11,4;10,2;10,2;9,6;10,8;10,2;10,2;9,6;5,4;;;;
27/11/2024;12,0;12,0;12,0;12,0;11,4;12,0;12,0;12,0;11,4;11,4;12,0;10,8;11,4;11,4;11,4;11,4;10,2;9,0;9,6;10,2;10,2;2,4;11,4;11,4;15,6;13,8;16,2;21,0;0,0;0,0;0,0;0,0;0,0;0,0;0,0;0,0;0,0;0,0;0,0;0,0;0,0;0,0;0,0;0,0;0,0;0,0;0,0;0,0;0,0;0,0;0,0;0,0;0,0;0,0;0,0;0,0;0,0;0,0;0,0;0,0;0,0;0,0;0,0;0,0;0,0;0,0;0,0;0,0;0,0;0,0;0,0;0,0;0,0;0,0;0,0;0,0;0,0;0,0;0,0;0,0;0,0;0,0;0,0;0,0;18,0;18,0;14,4;13,8;12,0;12,0;11,4;11,4;11,4;10,8;10,8;5,7;;;;
28/11/2024;12,6;13,2;13,2;12,6;12,6;13,2;13,2;13,2;12,6;13,8;13,2;12,0;12,0;13,2;12,0;12,0;10,8;12,0;10,8;11,4;10,8;11,4;12,0;12,0;13,2;13,8;15,6;21,6;0,0;0,0;0,0;0,0;0,0;0,0;0,0;0,0;0,0;0,0;0,0;0,0;0,0;0,0;0,0;0,0;0,0;0,0;0,0;0,0;0,0;0,0;0,0;0,0;0,0;0,0;0,0;0,0;0,0;0,0;0,0;0,0;0,0;0,0;0,0;0,0;0,0;0,0;0,0;0,0;0,0;0,0;0,0;0,0;0,0;0,0;0,0;0,0;0,0;0,0;0,0;0,0;0,0;0,0;0,0;0,0;15,6;12,6;11,4;11,4;11,4;11,4;11,4;12,0;10,8;11,4;12,0;5,7;;;;
29/11/2024;14,4;13,2;11,4;12,6;13,2;12,6;13,2;13,2;13,8;12,6;12,6;13,2;12,6;13,2;12,6;13,2;12,0;11,4;10,8;11,4;10,8;11,4;12,0;12,6;13,8;13,8;15,6;16,8;0,0;0,0;0,0;0,0;0,0;0,0;0,0;0,0;0,0;0,0;0,0;0,0;0,0;0,0;0,0;0,0;0,0;0,0;0,0;0,0;0,0;0,0;0,0;0,0;0,0;0,0;0,0;0,0;0,0;0,0;0,0;0,0;0,0;0,0;0,0;0,0;0,0;0,0;0,0;0,0;0,0;0,0;0,0;0,0;0,0;0,0;0,0;0,0;0,0;0,0;0,0;0,0;0,0;0,0;0,0;0,0;19,8;16,8;15,6;12,6;11,4;10,8;12,0;10,8;10,8;12,0;10,8;5,7;;;;
30/11/2024;13,2;13,2;13,2;13,8;13,8;13,8;13,2;14,4;13,2;13,2;13,8;13,8;12,0;12,6;12,0;11,4;12,6;12,0;12,6;12,0;12,6;12,6;10,8;13,8;15,6;13,8;17,4;17,4;0,0;0,0;0,0;0,0;0,0;0,0;0,0;0,0;0,0;0,0;0,0;0,0;0,0;0,0;0,0;0,0;0,0;0,0;0,0;0,0;0,0;0,0;0,0;0,0;0,0;0,0;0,0;0,0;0,0;0,0;0,0;0,0;0,0;0,0;0,0;0,0;0,0;0,0;0,0;0,0;0,0;0,0;0,0;0,0;0,0;0,0;0,0;0,0;0,0;0,0;0,0;0,0;0,0;0,0;0,0;0,0;16,8;13,8;12,6;13,2;13,2;12,6;11,4;12,0;14,4;12,6;12,6;6,9;;;;
01/12/2024;12,6;13,2;13,2;12,6;12,6;13,2;12,6;13,2;13,2;13,2;13,2;12,0;11,4;10,8;11,4;11,4;10,8;12,0;10,8;11,4;10,8;11,4;11,4;12,0;13,8;15,6;15,6;17,4;0,0;0,0;0,0;0,0;0,0;0,0;0,0;0,0;0,0;0,0;0,0;0,0;0,0;0,0;0,0;0,0;0,0;0,0;0,0;0,0;0,0;0,0;0,0;0,0;0,0;0,0;0,0;0,0;0,0;0,0;0,0;0,0;0,0;0,0;0,0;0,0;0,0;0,0;0,0;0,0;0,0;0,0;0,0;0,0;0,0;0,0;0,0;0,0;0,0;0,0;0,0;0,0;0,0;0,0;0,0;0,0;20,4;17,4;14,4;13,2;12,6;11,4;11,4;12,0;15,6;13,2;13,2;6,9;;;;
02/12/2024;13,8;13,8;13,2;14,4;13,2;13,8;13,2;13,2;13,2;13,8;13,2;13,2;12,6;12,0;11,4;12,0;12,0;11,4;11,4;12,6;12,0;12,0;11,4;15,0;15,6;15,0;16,2;19,8;0,0;0,0;0,0;0,0;0,0;0,0;0,0;0,0;0,0;0,0;0,0;0,0;0,0;0,0;0,0;0,0;0,0;0,0;0,0;0,0;0,0;0,0;0,0;0,0;0,0;0,0;0,0;0,0;0,0;0,0;0,0;0,0;0,0;0,0;0,0;0,0;0,0;0,0;0,0;0,0;0,0;0,0;0,0;0,0;0,0;0,0;0,0;0,0;0,0;0,0;0,0;0,0;0,0;0,0;0,0;0,0;18,6;16,8;15,6;13,2;12,0;11,4;11,4;10,8;13,2;13,2;13,2;6,0;;;;
03/12/2024;13,2;12,0;13,2;12,6;12,6;12,6;13,2;12,6;13,2;13,2;12,0;12,0;9,6;11,4;10,8;10,8;10,8;11,4;10,8;10,8;10,8;10,8;12,0;12,0;14,4;14,4;15,6;18,6;0,0;0,0;0,0;0,0;0,0;0,0;0,0;0,0;0,0;0,0;0,0;0,0;0,0;0,0;0,0;0,0;0,0;0,0;0,0;0,0;0,0;0,0;0,0;0,0;0,0;0,0;0,0;0,0;0,0;0,0;0,0;0,0;0,0;0,0;0,0;0,0;0,0;0,0;0,0;0,0;0,0;0,0;0,0;0,0;0,0;0,0;0,0;0,0;0,0;0,0;0,0;0,0;0,0;0,0;0,0;0,0;18,0;13,8;12,6;12,0;12,0;11,4;11,4;10,8;13,2;12,0;13,2;6,3;;;;
04/12/2024;12,6;12,0;13,2;12,6;12,0;12,6;12,6;12,0;12,6;12,0;13,2;12,0;10,8;10,8;10,8;10,8;10,8;11,4;11,4;10,8;10,8;10,2;11,4;12,0;14,4;16,8;15,6;18,0;0,0;0,0;0,0;0,0;0,0;0,0;0,0;0,0;0,0;0,0;0,0;0,0;0,0;0,0;0,0;0,0;0,0;0,0;0,0;0,0;0,0;0,0;0,0;0,0;0,0;0,0;0,0;0,0;0,0;0,0;0,0;0,0;0,0;0,0;0,0;0,0;0,0;0,0;0,0;0,0;0,0;0,0;0,0;0,0;0,0;0,0;0,0;0,0;0,0;0,0;0,0;0,0;0,0;0,0;0,0;0,0;18,6;16,8;14,4;13,8;12,6;11,4;10,8;11,4;13,8;12,6;12,6;6,3;;;;
05/12/2024;13,8;13,2;13,2;13,8;13,2;13,8;12,6;12,6;13,2;12,6;12,6;12,0;11,4;10,8;10,8;11,4;10,2;10,8;10,8;10,8;10,8;10,8;11,4;12,0;15,6;15,6;15,6;16,8;0,0;0,0;0,0;0,0;0,0;0,0;0,0;0,0;0,0;0,0;0,0;0,0;0,0;0,0;0,0;0,0;0,0;0,0;0,0;0,0;0,0;0,0;0,0;0,0;0,0;0,0;0,0;0,0;0,0;0,0;0,0;0,0;0,0;0,0;0,0;0,0;0,0;0,0;0,0;0,0;0,0;0,0;0,0;0,0;0,0;0,0;0,0;0,0;0,0;0,0;0,0;0,0;0,0;0,0;0,0;0,0;18,0;15,0;13,2;11,4;10,8;10,8;10,8;10,8;13,8;13,8;13,2;6,9;;;;
06/12/2024;13,2;12,6;13,2;13,2;13,2;13,8;13,8;13,2;13,8;13,8;12,6;13,2;12,6;13,2;12,0;13,2;13,2;13,2;13,2;13,2;12,0;12,0;12,0;14,4;14,4;14,4;15,6;15,0;0,0;0,0;0,0;0,0;0,0;0,0;0,0;0,0;0,0;0,0;0,0;0,0;0,0;0,0;0,0;0,0;0,0;0,0;0,0;0,0;0,0;0,0;0,0;0,0;0,0;0,0;0,0;0,0;0,0;0,0;0,0;0,0;0,0;0,0;0,0;0,0;0,0;0,0;0,0;0,0;0,0;0,0;0,0;0,0;0,0;0,0;0,0;0,0;0,0;0,0;0,0;0,0;0,0;0,0;0,0;0,0;20,4;17,4;14,4;13,2;12,0;12,6;12,0;11,4;13,8;13,8;13,8;6,6;;;;
07/12/2024;13,2;13,8;13,2;13,2;13,8;13,2;13,8;13,2;13,2;13,2;13,2;13,2;13,2;13,2;13,8;13,2;13,2;13,2;13,8;13,8;13,2;15,0;14,4;13,8;15,6;15,6;16,2;17,4;0,0;0,0;0,0;0,0;0,0;0,0;0,0;0,0;0,0;0,0;0,0;0,0;0,0;0,0;0,0;0,0;0,0;0,0;0,0;0,0;0,0;0,0;0,0;0,0;0,0;0,0;0,0;0,0;0,0;0,0;0,0;0,0;0,0;0,0;0,0;0,0;0,0;0,0;0,0;0,0;0,0;0,0;0,0;0,0;0,0;0,0;0,0;0,0;0,0;0,0;0,0;0,0;0,0;0,0;0,0;0,0;18,0;16,2;12,6;12,0;12,0;11,4;11,4;11,4;13,2;12,6;12,0;6,3;;;;
08/12/2024;12,6;12,6;12,6;12,6;12,0;12,6;13,2;12,0;12,6;12,6;12,0;12,0;10,2;10,8;10,8;10,2;10,8;11,4;10,2;11,4;11,4;11,4;12,6;13,8;14,4;15,0;14,4;16,2;0,0;0,0;0,0;0,0;0,0;0,0;0,0;0,0;0,0;0,0;0,0;0,0;0,0;0,0;0,0;0,0;0,0;0,0;0,0;0,0;0,0;0,0;0,0;0,0;0,0;0,0;0,0;0,0;0,0;0,0;0,0;0,0;0,0;0,0;0,0;0,0;0,0;0,0;0,0;0,0;0,0;0,0;0,0;0,0;0,0;0,0;0,0;0,0;0,0;0,0;0,0;0,0;0,0;0,0;0,0;0,0;15,6;14,4;14,4;13,2;12,0;12,6;12,0;12,0;13,2;12,6;13,2;6,0;;;;
09/12/2024;12,0;12,0;12,0;12,0;12,0;12,6;12,6;12,0;12,0;12,0;11,4;11,4;12,0;12,0;11,4;11,4;12,6;12,0;11,4;12,0;12,0;12,0;12,6;13,2;14,4;15,6;16,2;18,0;0,0;0,0;0,0;0,0;0,0;0,0;0,0;0,0;0,0;0,0;0,0;0,0;0,0;0,0;0,0;0,0;0,0;0,0;0,0;0,0;0,0;0,0;0,0;0,0;0,0;0,0;0,0;0,0;0,0;0,0;0,0;0,0;0,0;0,0;0,0;0,0;0,0;0,0;0,0;0,0;0,0;0,0;0,0;0,0;0,0;0,0;0,0;0,0;0,0;0,0;0,0;0,0;0,0;0,0;0,0;0,0;17,4;16,8;15,0;15,0;15,0;15,0;13,8;14,4;15,6;16,2;16,2;7,5;;;;
10/12/2024;15,0;15,6;15,0;15,6;15,0;15,0;15,0;14,4;15,0;15,6;14,4;14,4;12,6;13,2;12,6;13,2;13,2;13,2;13,2;13,2;12,6;13,2;13,8;15,6;16,2;18,6;16,8;19,2;0,0;0,0;0,0;0,0;0,0;0,0;0,0;0,0;0,0;0,0;0,0;0,0;0,0;0,0;0,0;0,0;0,0;0,0;0,0;0,0;0,0;0,0;0,0;0,0;0,0;0,0;0,0;0,0;0,0;0,0;0,0;0,0;0,0;0,0;0,0;0,0;0,0;0,0;0,0;0,0;0,0;0,0;0,0;0,0;0,0;0,0;0,0;0,0;0,0;0,0;0,0;0,0;0,0;0,0;0,0;0,0;16,8;13,8;12,0;12,6;12,0;11,4;12,0;11,4;13,2;12,6;12,6;6,9;;;;
11/12/2024;13,2;13,8;14,4;13,8;13,2;13,2;12,6;13,8;13,8;14,4;13,8;13,2;12,6;12,6;13,2;13,8;13,2;13,8;13,2;13,8;12,6;12,6;13,8;13,8;13,8;15,0;15,6;16,2;0,0;0,0;0,0;0,0;0,0;0,0;0,0;0,0;0,0;0,0;0,0;0,0;0,0;0,0;0,0;0,0;0,0;0,0;0,0;0,0;0,0;0,0;0,0;0,0;0,0;0,0;0,0;0,0;0,0;0,0;0,0;0,0;0,0;0,0;0,0;0,0;0,0;0,0;0,0;0,0;0,0;0,0;0,0;0,0;0,0;0,0;0,0;0,0;0,0;0,0;0,0;0,0;0,0;0,0;0,0;0,0;18,6;17,4;13,2;13,8;12,6;13,2;13,2;13,2;15,6;15,0;15,0;7,2;;;;
12/12/2024;15,0;14,4;14,4;15,0;14,4;15,0;15,0;15,0;14,4;15,0;14,4;13,8;14,4;15,0;15,0;13,8;14,4;13,8;14,4;13,8;14,4;14,4;13,8;14,4;15,0;16,2;15,6;18,6;0,0;0,0;0,0;0,0;0,0;0,0;0,0;0,0;0,0;0,0;0,0;0,0;0,0;0,0;0,0;0,0;0,0;0,0;0,0;0,0;0,0;0,0;0,0;0,0;0,0;0,0;0,0;0,0;0,0;0,0;0,0;0,0;0,0;0,0;0,0;0,0;0,0;0,0;0,0;0,0;0,0;0,0;0,0;0,0;0,0;0,0;0,0;0,0;0,0;0,0;0,0;0,0;0,0;0,0;0,0;0,0;17,4;15,6;13,8;12,6;12,0;11,4;12,0;11,4;13,2;13,8;12,6;6,6;;;;
13/12/2024;13,2;12,6;13,2;13,2;12,6;13,2;13,2;13,2;13,2;12,6;13,2;12,0;10,8;12,0;11,4;12,0;13,2;13,8;13,8;13,8;13,8;13,8;15,0;15,0;14,4;15,0;16,2;15,6;0,0;0,0;0,0;0,0;0,0;0,0;0,0;0,0;0,0;0,0;0,0;0,0;0,0;0,0;0,0;0,0;0,0;0,0;0,0;0,0;0,0;0,0;0,0;0,0;0,0;0,0;0,0;0,0;0,0;0,0;0,0;0,0;0,0;0,0;0,0;0,0;0,0;0,0;0,0;0,0;0,0;0,0;0,0;0,0;0,0;0,0;0,0;0,0;0,0;0,0;0,0;0,0;0,0;0,0;0,0;0,0;14,4;13,2;12,6;12,0;11,4;10,8;11,4;11,4;12,6;12,6;12,6;6,3;;;;
14/12/2024;12,6;12,0;12,6;12,6;12,0;12,6;12,6;12,6;12,0;12,6;12,6;12,0;10,8;10,2;10,2;10,8;10,2;10,2;10,8;9,6;11,4;12,0;12,6;14,4;16,2;15,0;17,4;18,0;0,0;0,0;0,0;0,0;0,0;0,0;0,0;0,0;0,0;0,0;0,0;0,0;0,0;0,0;0,0;0,0;0,0;0,0;0,0;0,0;0,0;0,0;0,0;0,0;0,0;0,0;0,0;0,0;0,0;0,0;0,0;0,0;0,0;0,0;0,0;0,0;0,0;0,0;0,0;0,0;0,0;0,0;0,0;0,0;0,0;0,0;0,0;0,0;0,0;0,0;0,0;0,0;0,0;0,0;0,0;0,0;16,8;15,6;12,6;12,0;12,0;10,8;10,8;11,4;13,2;12,6;12,6;6,0;;;;
15/12/2024;12,6;12,0;11,4;12,0;12,6;12,6;12,0;12,0;11,4;12,0;12,0;12,0;10,2;10,2;10,8;10,2;10,2;10,2;10,2;10,2;10,8;10,2;10,8;11,4;16,2;14,4;14,4;18,0;0,0;0,0;0,0;0,0;0,0;0,0;0,0;0,0;0,0;0,0;0,0;0,0;0,0;0,0;0,0;0,0;0,0;0,0;0,0;0,0;0,0;0,0;0,0;0,0;0,0;0,0;0,0;0,0;0,0;0,0;0,0;0,0;0,0;0,0;0,0;0,0;0,0;0,0;0,0;0,0;0,0;0,0;0,0;0,0;0,0;0,0;0,0;0,0;0,0;0,0;0,0;0,0;0,0;0,0;0,0;0,0;18,0;16,2;13,8;13,2;12,6;12,6;13,2;13,2;13,8;14,4;13,8;7,2;;;;
16/12/2024;13,8;13,8;13,8;13,2;13,2;13,8;13,2;13,2;13,8;13,2;13,2;13,2;11,4;12,0;12,0;12,0;11,4;12,6;12,0;12,0;11,4;12,0;12,0;12,6;15,0;15,0;15,6;15,6;0,0;0,0;0,0;0,0;0,0;0,0;0,0;0,0;0,0;0,0;0,0;0,0;0,0;0,0;0,0;0,0;0,0;0,0;0,0;0,0;0,0;0,0;0,0;0,0;0,0;0,0;0,0;0,0;0,0;0,0;0,0;0,0;0,0;0,0;0,0;0,0;0,0;0,0;0,0;0,0;0,0;0,0;0,0;0,0;0,0;0,0;0,0;0,0;0,0;0,0;0,0;0,0;0,0;0,0;0,0;0,0;19,8;16,2;13,8;13,2;13,2;12,6;12,6;12,6;13,8;14,4;15,0;6,9;;;;
17/12/2024;13,2;14,4;13,8;13,8;13,8;13,8;13,8;13,8;13,2;13,8;13,2;13,8;12,0;12,0;12,6;13,8;13,2;14,4;13,2;13,2;13,2;13,8;14,4;14,4;16,2;15,0;15,0;17,4;0,0;0,0;0,0;0,0;0,0;0,0;0,0;0,0;0,0;0,0;0,0;0,0;0,0;0,0;0,0;0,0;0,0;0,0;0,0;0,0;0,0;0,0;0,0;0,0;0,0;0,0;0,0;0,0;0,0;0,0;0,0;0,0;0,0;0,0;0,0;0,0;0,0;0,0;0,0;0,0;0,0;0,0;0,0;0,0;0,0;0,0;0,0;0,0;0,0;0,0;0,0;0,0;0,0;0,0;0,0;0,0;17,4;15,6;12,0;13,2;12,0;10,8;11,4;12,6;14,4;13,8;14,4;6,9;;;;
18/12/2024;14,4;14,4;14,4;14,4;14,4;13,8;13,8;13,8;12,6;13,2;14,4;13,2;13,2;14,4;13,2;13,8;13,2;13,8;13,2;12,6;13,2;13,2;13,8;13,8;15,0;16,2;15,6;16,2;0,0;0,0;0,0;0,0;0,0;0,0;0,0;0,0;0,0;0,0;0,0;0,0;0,0;0,0;0,0;0,0;0,0;0,0;0,0;0,0;0,0;0,0;0,0;0,0;0,0;0,0;0,0;0,0;0,0;0,0;0,0;0,0;0,0;0,0;0,0;0,0;0,0;0,0;0,0;0,0;0,0;0,0;0,0;0,0;0,0;0,0;0,0;0,0;0,0;0,0;0,0;0,0;0,0;0,0;0,0;0,0;15,0;14,4;13,8;14,4;13,2;13,8;13,2;13,8;13,2;13,8;13,8;6,6;;;;
19/12/2024;13,8;13,8;14,4;13,8;13,8;13,2;13,8;13,8;14,4;13,8;13,2;13,2;13,2;13,2;13,8;13,8;13,2;13,8;13,8;13,2;13,8;13,8;13,8;14,4;15,6;14,4;15,0;19,8;0,0;0,0;0,0;0,0;0,0;0,0;0,0;0,0;0,0;0,0;0,0;0,0;0,0;0,0;0,0;0,0;0,0;0,0;0,0;0,0;0,0;0,0;0,0;0,0;0,0;0,0;0,0;0,0;0,0;0,0;0,0;0,0;0,0;0,0;0,0;0,0;0,0;0,0;0,0;0,0;0,0;0,0;0,0;0,0;0,0;0,0;0,0;0,0;0,0;0,0;0,0;0,0;0,0;0,0;0,0;0,0;14,4;12,6;12,6;12,0;12,6;12,6;12,6;12,0;12,0;12,6;12,0;5,7;;;;
20/12/2024;12,0;12,0;12,0;12,6;12,0;11,4;12,0;11,4;11,4;12,0;11,4;11,4;12,0;11,4;11,4;10,8;11,4;11,4;10,8;12,0;12,0;12,0;12,0;13,2;14,4;13,2;13,2;15,6;0,0;0,0;0,0;0,0;0,0;0,0;0,0;0,0;0,0;0,0;0,0;0,0;0,0;0,0;0,0;0,0;0,0;0,0;0,0;0,0;0,0;0,0;0,0;0,0;0,0;0,0;0,0;0,0;0,0;0,0;0,0;0,0;0,0;0,0;0,0;0,0;0,0;0,0;0,0;0,0;0,0;0,0;0,0;0,0;0,0;0,0;0,0;0,0;0,0;0,0;0,0;0,0;0,0;0,0;0,0;0,0;16,2;15,0;13,2;13,2;12,6;12,0;11,4;12,6;13,8;14,4;13,2;6,6;;;;
21/12/2024;12,6;12,6;13,2;13,2;13,2;12,6;12,6;12,6;12,6;12,0;13,2;12,6;12,6;12,6;12,6;12,0;10,8;10,8;11,4;11,4;10,8;12,0;12,0;12,0;14,4;13,8;16,2;16,2;0,0;0,0;0,0;0,0;0,0;0,0;0,0;0,0;0,0;0,0;0,0;0,0;0,0;0,0;0,0;0,0;0,0;0,0;0,0;0,0;0,0;0,0;0,0;0,0;0,0;0,0;0,0;0,0;0,0;0,0;0,0;0,0;0,0;0,0;0,0;0,0;0,0;0,0;0,0;0,0;0,0;0,0;0,0;0,0;0,0;0,0;0,0;0,0;0,0;0,0;0,0;0,0;0,0;0,0;0,0;0,0;18,6;15,6;15,0;14,4;14,4;13,2;12,6;13,2;15,0;14,4;13,2;7,2;;;;
22/12/2024;13,8;13,8;14,4;14,4;14,4;13,8;13,8;13,8;14,4;13,8;13,8;14,4;14,4;13,8;13,2;13,8;12,0;12,6;12,6;12,6;13,2;12,6;13,2;13,8;16,8;16,2;16,8;21,0;0,0;0,0;0,0;0,0;0,0;0,0;0,0;0,0;0,0;0,0;0,0;0,0;0,0;0,0;0,0;0,0;0,0;0,0;0,0;0,0;0,0;0,0;0,0;0,0;0,0;0,0;0,0;0,0;0,0;0,0;0,0;0,0;0,0;0,0;0,0;0,0;0,0;0,0;0,0;0,0;0,0;0,0;0,0;0,0;0,0;0,0;0,0;0,0;0,0;0,0;0,0;0,0;0,0;0,0;0,0;0,0;15,6;13,8;12,0;12,6;12,0;12,0;11,4;10,8;13,8;13,2;12,6;6,3;;;;
23/12/2024;13,8;13,8;13,2;13,8;14,4;13,8;14,4;13,2;14,4;15,6;14,4;14,4;15,0;14,4;14,4;13,8;15,0;14,4;15,0;14,4;15,6;13,8;13,8;15,0;15,0;17,4;15,0;18,0;0,0;0,0;0,0;0,0;0,0;0,0;0,0;0,0;0,0;0,0;0,0;0,0;0,0;0,0;0,0;0,0;0,0;0,0;0,0;0,0;0,0;0,0;0,0;0,0;0,0;0,0;0,0;0,0;0,0;0,0;0,0;0,0;0,0;0,0;0,0;0,0;0,0;0,0;0,0;0,0;0,0;0,0;0,0;0,0;0,0;0,0;0,0;0,0;0,0;0,0;0,0;0,0;0,0;0,0;0,0;0,0;17,4;15,0;14,4;13,8;12,6;12,6;12,6;12,0;14,4;13,8;13,8;6,6;;;;
24/12/2024;13,2;14,4;14,4;13,8;14,4;13,8;14,4;13,8;14,4;13,8;13,8;14,4;13,8;14,4;13,2;13,8;12,6;12,0;12,6;12,6;12,0;13,2;12,6;12,6;15,6;15,0;14,4;16,2;0,0;0,0;0,0;0,0;0,0;0,0;0,0;0,0;0,0;0,0;0,0;0,0;0,0;0,0;0,0;0,0;0,0;0,0;0,0;0,0;0,0;0,0;0,0;0,0;0,0;0,0;0,0;0,0;0,0;0,0;0,0;0,0;0,0;0,0;0,0;0,0;0,0;0,0;0,0;0,0;0,0;0,0;0,0;0,0;0,0;0,0;0,0;0,0;0,0;0,0;0,0;0,0;0,0;0,0;0,0;0,0;15,6;13,8;12,6;13,2;12,0;12,6;12,6;12,0;13,2;13,2;12,6;6,3;;;;
25/12/2024;12,6;12,6;12,6;12,6;13,2;13,2;12,0;12,0;12,0;12,6;12,6;12,0;12,0;11,4;11,4;12,0;10,2;10,2;10,8;9,6;10,2;10,2;9,6;12,6;15,0;16,8;15,6;16,8;0,0;0,0;0,0;0,0;0,0;0,0;0,0;0,0;0,0;0,0;0,0;0,0;0,0;0,0;0,0;0,0;0,0;0,0;0,0;0,0;0,0;0,0;0,0;0,0;0,0;0,0;0,0;0,0;0,0;0,0;0,0;0,0;0,0;0,0;0,0;0,0;0,0;0,0;0,0;0,0;0,0;0,0;0,0;0,0;0,0;0,0;0,0;0,0;0,0;0,0;0,0;0,0;0,0;0,0;0,0;0,0;15,0;13,8;13,2;12,0;12,0;12,6;12,0;12,6;14,4;14,4;13,2;6,9;;;;
26/12/2024;12,0;12,6;12,6;12,6;13,2;12,6;13,2;12,6;12,0;12,6;12,6;12,6;12,6;12,6;12,6;12,0;10,8;10,8;10,8;12,0;12,6;12,0;13,8;12,6;15,0;16,2;15,6;16,8;0,0;0,0;0,0;0,0;0,0;0,0;0,0;0,0;0,0;0,0;0,0;0,0;0,0;0,0;0,0;0,0;0,0;0,0;0,0;0,0;0,0;0,0;0,0;0,0;0,0;0,0;0,0;0,0;0,0;0,0;0,0;0,0;0,0;0,0;0,0;0,0;0,0;0,0;0,0;0,0;0,0;0,0;0,0;0,0;0,0;0,0;0,0;0,0;0,0;0,0;0,0;0,0;0,0;0,0;0,0;0,0;16,8;14,4;13,8;13,8;12,6;11,4;12,0;12,0;14,4;13,8;13,8;6,9;;;;
27/12/2024;13,8;13,2;13,2;13,8;13,8;12,6;12,6;12,6;12,6;12,6;12,6;12,6;12,6;13,2;12,0;11,4;11,4;10,8;10,8;10,8;10,8;11,4;12,0;12,6;15,0;15,0;13,8;18,6;0,0;0,0;0,0;0,0;0,0;0,0;0,0;0,0;0,0;0,0;0,0;0,0;0,0;0,0;0,0;0,0;0,0;0,0;0,0;0,0;0,0;0,0;0,0;0,0;0,0;0,0;0,0;0,0;0,0;0,0;0,0;0,0;0,0;0,0;0,0;0,0;0,0;0,0;0,0;0,0;0,0;0,0;0,0;0,0;0,0;0,0;0,0;0,0;0,0;0,0;0,0;0,0;0,0;0,0;0,0;0,0;15,6;13,2;12,6;12,6;12,6;12,6;12,0;10,8;13,8;13,2;13,2;6,6;;;;
28/12/2024;13,2;13,2;12,6;13,2;13,8;13,2;13,8;13,2;13,2;13,8;12,6;13,2;13,2;13,2;13,2;13,2;12,0;10,8;12,0;10,8;12,0;11,4;12,0;12,6;16,2;15,0;16,8;18,0;0,0;0,0;0,0;0,0;0,0;0,0;0,0;0,0;0,0;0,0;0,0;0,0;0,0;0,0;0,0;0,0;0,0;0,0;0,0;0,0;0,0;0,0;0,0;0,0;0,0;0,0;0,0;0,0;0,0;0,0;0,0;0,0;0,0;0,0;0,0;0,0;0,0;0,0;0,0;0,0;0,0;0,0;0,0;0,0;0,0;0,0;0,0;0,0;0,0;0,0;0,0;0,0;0,0;0,0;0,0;0,0;16,8;13,2;12,6;12,6;13,2;12,0;11,4;12,6;13,2;13,2;13,8;6,899;;;;
29/12/2024;13,2;13,8;13,8;13,2;13,8;13,2;13,2;13,2;13,2;13,8;13,2;13,2;12,6;12,6;13,2;13,2;12,0;12,0;12,0;11,4;11,4;11,4;12,0;12,6;15,0;15,0;15,0;16,2;0,0;0,0;0,0;0,0;0,0;0,0;0,0;0,0;0,0;0,0;0,0;0,0;0,0;0,0;0,0;0,0;0,0;0,0;0,0;0,0;0,0;0,0;0,0;0,0;0,0;0,0;0,0;0,0;0,0;0,0;0,0;0,0;0,0;0,0;0,0;0,0;0,0;0,0;0,0;0,0;0,0;0,0;0,0;0,0;0,0;0,0;0,0;0,0;0,0;0,0;0,0;0,0;0,0;0,0;0,0;0,0;14,4;13,8;12,6;12,6;12,6;12,0;12,0;12,6;13,8;13,8;13,8;6,301;;;;
30/12/2024;13,2;12,6;13,2;12,6;12,6;13,2;12,6;12,6;13,2;12,6;12,6;13,2;12,0;13,2;12,6;12,6;11,4;11,4;10,8;10,8;10,8;10,8;12,6;12,6;14,4;15,6;14,4;18,0;0,0;0,0;0,0;0,0;0,0;0,0;0,0;0,0;0,0;0,0;0,0;0,0;0,0;0,0;0,0;0,0;0,0;0,0;0,0;0,0;0,0;0,0;0,0;0,0;0,0;0,0;0,0;0,0;0,0;0,0;0,0;0,0;0,0;0,0;0,0;0,0;0,0;0,0;0,0;0,0;0,0;0,0;0,0;0,0;0,0;0,0;0,0;0,0;0,0;0,0;0,0;0,0;0,0;0,0;0,0;0,0;17,4;14,4;13,2;13,8;12,6;12,6;12,6;13,2;14,4;15,0;13,8;6,9;;;;
31/12/2024;14,4;13,8;13,8;13,8;13,2;13,8;13,8;13,8;13,8;13,8;13,2;13,8;13,8;13,2;13,8;13,2;12,0;11,4;11,4;12,0;11,4;12,0;12,6;12,6;15,0;16,2;15,0;17,4;0,0;0,0;0,0;0,0;0,0;0,0;0,0;0,0;0,0;0,0;0,0;0,0;0,0;0,0;0,0;0,0;0,0;0,0;0,0;0,0;0,0;0,0;0,0;0,0;0,0;0,0;0,0;0,0;0,0;0,0;0,0;0,0;0,0;0,0;0,0;0,0;0,0;0,0;0,0;0,0;0,0;0,0;0,0;0,0;0,0;0,0;0,0;0,0;0,0;0,0;0,0;0,0;0,0;0,0;0,0;0,0;16,2;14,4;12,6;12,6;12,6;12,6;12,6;12,0;15,0;14,4;14,4;6,9;;;;
