Giorno;00:00-00:15;00:15-00:30;00:30-00:45;00:45-01:00;01:00-01:15;01:15-01:30;01:30-01:45;01:45-02:00;02:00-02:15;02:15-02:30;02:30-02:45;02:45-03:00;03:00-03:15;03:15-03:30;03:30-03:45;03:45-04:00;04:00-04:15;04:15-04:30;04:30-04:45;04:45-05:00;05:00-05:15;05:15-05:30;05:30-05:45;05:45-06:00;06:00-06:15;06:15-06:30;06:30-06:45;06:45-07:00;07:00-07:15;07:15-07:30;07:30-07:45;07:45-08:00;08:00-08:15;08:15-08:30;08:30-08:45;08:45-09:00;09:00-09:15;09:15-09:30;09:30-09:45;09:45-10:00;10:00-10:15;10:15-10:30;10:30-10:45;10:45-11:00;11:00-11:15;11:15-11:30;11:30-11:45;11:45-12:00;12:00-12:15;12:15-12:30;12:30-12:45;12:45-13:00;13:00-13:15;13:15-13:30;13:30-13:45;13:45-14:00;14:00-14:15;14:15-14:30;14:30-14:45;14:45-15:00;15:00-15:15;15:15-15:30;15:30-15:45;15:45-16:00;16:00-16:15;16:15-16:30;16:30-16:45;16:45-17:00;17:00-17:15;17:15-17:30;17:30-17:45;17:45-18:00;18:00-18:15;18:15-18:30;18:30-18:45;18:45-19:00;19:00-19:15;19:15-19:30;19:30-19:45;19:45-20:00;20:00-20:15;20:15-20:30;20:30-20:45;20:45-21:00;21:00-21:15;21:15-21:30;21:30-21:45;21:45-22:00;22:00-22:15;22:15-22:30;22:30-22:45;22:45-23:00;23:00-23:15;23:15-23:30;23:30-23:45;23:45-00:00;ex1;ex2;ex3;ex4
01/01/2024;0,0;0,0;0,0;0,0;0,0;0,0;0,0;0,0;0,0;0,0;0,0;0,0;0,0;0,0;0,0;0,0;0,0;0,0;0,0;0,0;0,0;0,0;0,0;0,0;0,0;0,0;0,0;0,0;31,8;30,0;32,4;28,2;32,4;34,2;28,8;31,2;28,8;28,2;25,2;33,6;32,4;28,2;30,0;30,6;29,4;28,2;23,4;28,8;28,8;27,6;29,4;27,6;24,6;29,4;26,4;22,2;21,6;21,6;23,4;23,4;25,2;27,6;27,6;28,8;24,6;26,4;26,4;29,4;28,2;24,0;22,8;25,2;25,8;22,8;22,8;22,8;22,2;21,6;18,6;17,4;0,0;0,0;0,0;0,0;0,0;0,0;0,0;0,0;0,0;0,0;0,0;0,0;0,0;0,0;0,0;6,9;;;;
02/01/2024;0,0;0,0;0,0;0,0;0,0;0,0;0,0;0,0;0,0;0,0;0,0;0,0;0,0;0,0;0,0;0,0;0,0;0,0;0,0;0,0;0,0;0,0;0,0;0,0;0,0;0,0;0,0;0,0;34,2;32,4;31,8;30,6;33,6;27,6;29,4;30,6;32,4;25,8;27,6;28,8;33,0;31,2;30,0;31,8;29,4;28,8;25,8;20,4;26,4;33,0;31,8;32,4;30,6;28,2;28,8;26,4;27,6;28,8;27,6;27,6;25,2;26,4;25,2;25,2;24,0;27,6;25,8;30,0;28,2;25,8;27,6;27,6;25,2;23,4;24,0;22,8;22,2;18,0;18,0;16,2;0,0;0,0;0,0;0,0;0,0;0,0;0,0;0,0;0,0;0,0;0,0;0,0;0,0;0,0;0,0;7,5;;;;
03/01/2024;0,0;0,0;0,0;0,0;0,0;0,0;0,0;0,0;0,0;0,0;0,0;0,0;0,0;0,0;0,0;0,0;0,0;0,0;0,0;0,0;0,0;0,0;0,0;0,0;0,0;0,0;0,0;0,0;27,6;30,0;35,4;31,2;32,4;31,8;30,0;28,2;25,8;25,2;28,2;31,8;30,0;30,6;28,8;31,2;30,0;27,6;27,0;29,4;28,8;28,2;24,6;24,6;22,2;22,8;24,0;24,0;22,2;22,8;24,0;24,0;24,0;23,4;24,0;24,6;25,8;27,6;26,4;27,6;25,8;24,0;27,6;27,0;24,6;24,0;22,2;22,2;23,4;18,0;18,0;18,0;0,0;0,0;0,0;0,0;0,0;0,0;0,0;0,0;0,0;0,0;0,0;0,0;0,0;0,0;0,0;7,5;;;;
04/01/2024;0,0;0,0;0,0;0,0;0,0;0,0;0,0;0,0;0,0;0,0;0,0;0,0;0,0;0,0;0,0;0,0;0,0;0,0;0,0;0,0;0,0;0,0;0,0;0,0;0,0;0,0;0,0;0,0;34,2;35,4;35,4;32,4;34,2;31,8;30,6;36,0;31,8;35,4;28,8;34,8;34,2;36,0;32,4;31,8;39,0;36,0;33,6;35,4;35,4;36,0;34,2;28,2;36,0;33,6;26,4;28,8;27,6;27,6;27,6;27,0;28,2;29,4;29,4;27,6;28,8;31,8;28,8;29,4;28,8;27,0;25,8;27,6;26,4;25,2;25,2;22,8;22,8;19,2;16,8;17,4;0,0;0,0;0,0;0,0;0,0;0,0;0,0;0,0;0,0;0,0;0,0;0,0;0,0;0,0;0,0;7,2;;;;
05/01/2024;0,0;0,0;0,0;0,0;0,0;0,0;0,0;0,0;0,0;0,0;0,0;0,0;0,0;0,0;0,0;0,0;0,0;0,0;0,0;0,0;0,0;0,0;0,0;0,0;0,0;0,0;0,0;0,0;31,8;32,4;30,6;28,8;29,4;38,4;34,8;30,0;36,0;32,4;30,6;31,2;36,0;31,8;33,6;32,4;36,0;37,8;34,8;32,4;31,8;31,2;33,0;31,2;33,0;30,0;26,4;26,4;24,6;25,8;26,4;28,8;30,0;32,4;30,0;30,0;30,6;30,6;27,6;29,4;28,8;24,0;22,8;24,6;25,2;25,8;23,4;22,2;22,2;18,6;19,2;18,0;0,0;0,0;0,0;0,0;0,0;0,0;0,0;0,0;0,0;0,0;0,0;0,0;0,0;0,0;0,0;6,9;;;;
06/01/2024;0,0;0,0;0,0;0,0;0,0;0,0;0,0;0,0;0,0;0,0;0,0;0,0;0,0;0,0;0,0;0,0;0,0;0,0;0,0;0,0;0,0;0,0;0,0;0,0;0,0;0,0;0,0;0,0;30,0;30,0;25,8;28,2;28,2;28,2;35,4;32,4;31,8;34,8;30,6;30,0;31,8;32,4;31,8;29,4;28,2;31,8;31,2;30,6;30,0;33,0;31,8;29,4;28,8;25,8;21,6;21,6;22,2;22,8;22,8;25,2;25,2;24,0;23,4;24,6;25,8;26,4;25,8;28,8;28,8;26,4;24,0;27,6;27,6;24,0;25,2;23,4;23,4;16,2;17,4;18,0;0,0;0,0;0,0;0,0;0,0;0,0;0,0;0,0;0,0;0,0;0,0;0,0;0,0;0,0;0,0;7,2;;;;
07/01/2024;0,0;0,0;0,0;0,0;0,0;0,0;0,0;0,0;0,0;0,0;0,0;0,0;0,0;0,0;0,0;0,0;0,0;0,0;0,0;0,0;0,0;0,0;0,0;0,0;0,0;0,0;0,0;0,0;28,2;27,6;25,2;28,2;29,4;33,6;33,0;29,4;31,8;29,4;30,0;30,0;30,0;30,0;34,8;29,4;31,8;30,0;27,0;31,2;33,0;32,4;31,2;29,4;31,8;28,8;29,4;28,2;25,2;26,4;25,2;27,0;28,8;27,6;27,6;28,2;28,2;29,4;28,2;31,2;28,2;24,6;29,4;27,6;26,4;25,2;24,0;25,2;22,2;19,2;17,4;16,2;0,0;0,0;0,0;0,0;0,0;0,0;0,0;0,0;0,0;0,0;0,0;0,0;0,0;0,0;0,0;7,2;;;;
08/01/2024;0,0;0,0;0,0;0,0;0,0;0,0;0,0;0,0;0,0;0,0;0,0;0,0;0,0;0,0;0,0;0,0;0,0;0,0;0,0;0,0;0,0;0,0;0,0;0,0;0,0;0,0;0,0;0,0;36,6;36,0;34,8;33,6;34,2;30,6;34,2;35,4;30,0;31,8;34,2;31,8;28,2;31,8;30,6;34,8;27,6;34,8;33,0;30,6;30,0;31,8;32,4;31,2;30,0;24,0;24,0;24,0;22,2;22,2;24,6;25,8;25,8;26,4;26,4;28,2;26,4;28,2;27,6;29,4;24,6;22,2;23,4;26,4;24,0;21,6;23,4;25,8;22,2;18,6;18,6;18,0;0,0;0,0;0,0;0,0;0,0;0,0;0,0;0,0;0,0;0,0;0,0;0,0;0,0;0,0;0,0;6,9;;;;
09/01/2024;0,0;0,0;0,0;0,0;0,0;0,0;0,0;0,0;0,0;0,0;0,0;0,0;0,0;0,0;0,0;0,0;0,0;0,0;0,0;0,0;0,0;0,0;0,0;0,0;0,0;0,0;0,0;0,0;32,4;30,6;31,8;24,6;29,4;31,8;27,0;25,8;27,0;28,8;27,0;24,6;26,4;29,4;29,4;28,8;28,2;27,6;27,0;25,2;27,6;28,2;30,6;29,4;22,2;21,6;22,8;22,2;21,0;21,0;22,2;22,2;22,2;23,4;25,8;25,2;24,0;26,4;24,6;27,6;26,4;23,4;26,4;27,0;24,6;24,0;23,4;22,8;22,2;20,4;18,6;17,4;0,0;0,0;0,0;0,0;0,0;0,0;0,0;0,0;0,0;0,0;0,0;0,0;0,0;0,0;0,0;6,9;;;;
10/01/2024;0,0;0,0;0,0;0,0;0,0;0,0;0,0;0,0;0,0;0,0;0,0;0,0;0,0;0,0;0,0;0,0;0,0;0,0;0,0;0,0;0,0;0,0;0,0;0,0;0,0;0,0;0,0;0,0;28,8;27,0;29,4;31,2;31,8;28,2;27,6;29,4;28,8;33,0;30,6;31,2;30,6;29,4;28,8;25,8;27,0;31,2;30,0;25,8;28,2;29,4;27,6;27,0;24,0;22,8;19,2;21,0;19,8;21,0;20,4;20,4;21,6;22,2;24,0;22,8;23,4;27,0;25,2;27,6;24,0;22,8;26,4;27,6;25,2;25,2;24,0;22,8;21,0;17,4;18,0;18,0;0,0;0,0;0,0;0,0;0,0;0,0;0,0;0,0;0,0;0,0;0,0;0,0;0,0;0,0;0,0;6,9;;;;
11/01/2024;0,0;0,0;0,0;0,0;0,0;0,0;0,0;0,0;0,0;0,0;0,0;0,0;0,0;0,0;0,0;0,0;0,0;0,0;0,0;0,0;0,0;0,0;0,0;0,0;0,0;0,0;0,0;0,0;28,8;27,6;33,0;35,4;35,4;33,0;32,4;30,0;30,6;28,8;28,2;30,0;28,8;28,8;27,6;30,6;30,0;30,6;30,6;34,2;30,0;33,6;34,8;29,4;31,8;32,4;31,8;27,0;27,6;28,2;32,4;31,8;30,6;31,8;33,0;33,0;29,4;30,0;28,8;27,6;31,2;30,6;26,4;27,6;24,6;23,4;22,2;21,6;22,8;19,2;18,6;18,6;0,0;0,0;0,0;0,0;0,0;0,0;0,0;0,0;0,0;0,0;0,0;0,0;0,0;0,0;0,0;7,2;;;;
12/01/2024;0,0;0,0;0,0;0,0;0,0;0,0;0,0;0,0;0,0;0,0;0,0;0,0;0,0;0,0;0,0;0,0;0,0;0,0;0,0;0,0;0,0;0,0;0,0;0,0;0,0;0,0;0,0;0,0;35,4;36,6;34,2;33,0;33,0;36,0;33,0;34,8;36,0;31,8;31,2;38,4;34,8;35,4;34,2;37,2;34,8;34,8;30,0;33,6;32,4;34,8;31,2;29,4;30,6;28,8;25,8;28,2;28,2;26,4;23,4;22,8;24,6;25,2;28,2;27,6;27,0;27,6;27,6;31,2;28,2;24,6;25,8;24,0;21,6;23,4;23,4;21,6;20,4;21,6;22,2;17,4;0,0;0,0;0,0;0,0;0,0;0,0;0,0;0,0;0,0;0,0;0,0;0,0;0,0;0,0;0,0;6,3;;;;
13/01/2024;0,0;0,0;0,0;0,0;0,0;0,0;0,0;0,0;0,0;0,0;0,0;0,0;0,0;0,0;0,0;0,0;0,0;0,0;0,0;0,0;0,0;0,0;0,0;0,0;0,0;0,0;0,0;0,0;34,2;34,2;37,2;32,4;30,6;33,6;32,4;33,0;28,8;30,6;32,4;33,6;31,8;36,0;31,8;32,4;30,0;32,4;30,0;28,8;31,2;30,0;25,2;25,8;25,8;22,2;23,4;21,0;21,6;21,0;22,8;22,8;23,4;24,6;27,6;26,4;27,6;31,2;28,2;30,6;24,6;22,8;25,8;25,2;24,0;24,6;22,2;21,6;21,6;21,0;22,2;18,0;0,0;0,0;0,0;0,0;0,0;0,0;0,0;0,0;0,0;0,0;0,0;0,0;0,0;0,0;0,0;7,2;;;;
14/01/2024;0,0;0,0;0,0;0,0;0,0;0,0;0,0;0,0;0,0;0,0;0,0;0,0;0,0;0,0;0,0;0,0;0,0;0,0;0,0;0,0;0,0;0,0;0,0;0,0;0,0;0,0;0,0;0,0;33,0;32,4;34,8;30,6;31,2;28,8;30,0;29,4;29,4;30,0;31,8;32,4;30,6;31,8;32,4;28,2;34,8;33,6;32,4;29,4;30,6;31,8;26,4;31,8;28,2;20,4;21,0;19,8;20,4;20,4;22,2;22,2;22,8;23,4;25,8;25,8;24,6;28,2;28,2;29,4;26,4;24,6;24,6;27,6;27,0;25,2;25,8;23,4;21,6;17,4;16,2;17,4;0,0;0,0;0,0;0,0;0,0;0,0;0,0;0,0;0,0;0,0;0,0;0,0;0,0;0,0;0,0;6,6;;;;
15/01/2024;0,0;0,0;0,0;0,0;0,0;0,0;0,0;0,0;0,0;0,0;0,0;0,0;0,0;0,0;0,0;0,0;0,0;0,0;0,0;0,0;0,0;0,0;0,0;0,0;0,0;0,0;0,0;0,0;31,2;32,4;31,2;29,4;27,6;31,2;28,2;29,4;30,0;28,8;28,2;33,0;30,0;27,0;28,2;31,8;33,0;36,0;28,8;29,4;25,8;27,6;29,4;31,2;27,6;25,8;23,4;22,2;22,8;24,6;24,0;25,8;24,6;24,6;27,0;24,6;26,4;29,4;27,6;30,0;28,8;25,2;25,2;26,4;27,6;24,6;23,4;21,6;23,4;22,2;18,0;18,0;0,0;0,0;0,0;0,0;0,0;0,0;0,0;0,0;0,0;0,0;0,0;0,0;0,0;0,0;0,0;7,2;;;;
16/01/2024;0,0;0,0;0,0;0,0;0,0;0,0;0,0;0,0;0,0;0,0;0,0;0,0;0,0;0,0;0,0;0,0;0,0;0,0;0,0;0,0;0,0;0,0;0,0;0,0;0,0;0,0;0,0;0,0;31,2;30,6;27,6;27,0;28,2;31,2;31,2;31,2;24,6;28,2;24,6;33,0;30,0;26,4;28,2;28,2;30,0;28,8;23,4;25,8;27,0;30,0;31,8;27,0;22,2;24,6;21,6;21,0;22,8;21,6;22,8;21,6;22,8;22,8;24,0;24,0;24,0;24,0;27,6;27,0;28,2;24,0;23,4;24,6;24,0;23,4;24,0;24,6;22,8;20,4;18,0;16,8;0,0;0,0;0,0;0,0;0,0;0,0;0,0;0,0;0,0;0,0;0,0;0,0;0,0;0,0;0,0;7,2;;;;
17/01/2024;0,0;0,0;0,0;0,0;0,0;0,0;0,0;0,0;0,0;0,0;0,0;0,0;0,0;0,0;0,0;0,0;0,0;0,0;0,0;0,0;0,0;0,0;0,0;0,0;0,0;0,0;0,0;0,0;30,0;31,2;34,2;31,8;33,6;30,6;30,0;28,8;25,8;27,0;30,6;30,0;28,8;30,0;29,4;25,2;24,6;28,2;25,8;28,8;28,8;30,6;30,0;25,2;24,0;24,6;24,0;19,2;22,2;23,4;21,6;22,8;22,8;30,0;25,8;25,8;25,2;28,2;25,8;28,2;24,6;22,8;27,6;24,6;24,6;25,8;24,6;24,0;24,0;21,0;19,2;16,8;0,0;0,0;0,0;0,0;0,0;0,0;0,0;0,0;0,0;0,0;0,0;0,0;0,0;0,0;0,0;6,9;;;;
18/01/2024;0,0;0,0;0,0;0,0;0,0;0,0;0,0;0,0;0,0;0,0;0,0;0,0;0,0;0,0;0,0;0,0;0,0;0,0;0,0;0,0;0,0;0,0;0,0;0,0;0,0;0,0;0,0;0,0;31,2;32,4;31,2;27,6;27,6;30,0;31,2;32,4;27,6;25,8;26,4;33,0;31,8;28,2;28,8;32,4;31,8;30,6;27,6;31,8;30,6;27,0;31,8;27,6;27,0;27,0;23,4;22,8;24,0;24,6;24,6;25,2;25,8;26,4;27,0;28,2;28,8;33,6;27,0;31,8;27,6;28,2;28,8;25,2;26,4;22,2;24,0;22,8;22,8;19,8;18,6;17,4;0,0;0,0;0,0;0,0;0,0;0,0;0,0;0,0;0,0;0,0;0,0;0,0;0,0;0,0;0,0;6,6;;;;
19/01/2024;0,0;0,0;0,0;0,0;0,0;0,0;0,0;0,0;0,0;0,0;0,0;0,0;0,0;0,0;0,0;0,0;0,0;0,0;0,0;0,0;0,0;0,0;0,0;0,0;0,0;0,0;0,0;0,0;34,2;33,6;36,6;34,2;29,4;28,8;30,6;34,2;31,2;27,0;33,0;37,8;32,4;33,6;35,4;36,0;33,6;34,8;31,2;33,6;31,2;33,0;31,2;34,2;30,0;26,4;23,4;24,6;25,8;24,0;26,4;25,8;26,4;27,0;28,2;27,6;30,0;31,2;28,8;31,8;28,8;27,6;29,4;24,6;26,4;25,8;23,4;22,2;21,6;19,2;18,0;17,4;0,0;0,0;0,0;0,0;0,0;0,0;0,0;0,0;0,0;0,0;0,0;0,0;0,0;0,0;0,0;6,9;;;;
20/01/2024;0,0;0,0;0,0;0,0;0,0;0,0;0,0;0,0;0,0;0,0;0,0;0,0;0,0;0,0;0,0;0,0;0,0;0,0;0,0;0,0;0,0;0,0;0,0;0,0;0,0;0,0;0,0;0,0;31,8;30,6;31,8;33,6;36,0;33,6;30,0;33,6;28,2;28,2;34,8;37,2;34,8;34,8;32,4;32,4;33,6;35,4;30,6;35,4;29,4;31,8;31,2;25,2;24,0;21,6;24,6;25,2;24,6;25,2;28,2;27,0;25,8;27,6;31,2;28,8;28,8;28,8;30,0;33,6;32,4;25,2;27,0;29,4;25,8;25,2;26,4;24,6;19,2;17,4;17,4;17,4;0,0;0,0;0,0;0,0;0,0;0,0;0,0;0,0;0,0;0,0;0,0;0,0;0,0;0,0;0,0;6,3;;;;
21/01/2024;0,0;0,0;0,0;0,0;0,0;0,0;0,0;0,0;0,0;0,0;0,0;0,0;0,0;0,0;0,0;0,0;0,0;0,0;0,0;0,0;0,0;0,0;0,0;0,0;0,0;0,0;0,0;0,0;33,6;33,0;34,8;29,4;29,4;33,0;34,2;32,4;30,0;30,0;34,8;36,6;33,6;29,4;31,8;33,6;36,0;31,8;30,0;33,6;34,2;33,0;30,6;26,4;28,8;26,4;22,8;26,4;27,6;28,2;28,8;28,2;31,2;30,0;30,6;29,4;29,4;29,4;26,4;29,4;30,0;24,6;25,8;24,0;24,0;22,8;22,2;22,8;22,8;18,6;18,6;17,4;0,0;0,0;0,0;0,0;0,0;0,0;0,0;0,0;0,0;0,0;0,0;0,0;0,0;0,0;0,0;6,3;;;;
22/01/2024;0,0;0,0;0,0;0,0;0,0;0,0;0,0;0,0;0,0;0,0;0,0;0,0;0,0;0,0;0,0;0,0;0,0;0,0;0,0;0,0;0,0;0,0;0,0;0,0;0,0;0,0;0,0;0,0;30,0;30,6;36,0;33,6;30,6;29,4;32,4;30,6;29,4;30,6;32,4;31,2;31,2;34,8;31,2;34,8;31,2;30,6;28,2;31,2;32,4;31,2;30,6;28,8;27,6;29,4;26,4;24,6;24,6;24,6;25,8;25,8;27,0;27,0;27,6;28,2;31,8;30,6;28,2;28,8;25,8;24,0;27,6;25,8;25,8;26,4;27,0;25,8;22,8;19,2;16,8;16,8;0,0;0,0;0,0;0,0;0,0;0,0;0,0;0,0;0,0;0,0;0,0;0,0;0,0;0,0;0,0;6,6;;;;
23/01/2024;0,0;0,0;0,0;0,0;0,0;0,0;0,0;0,0;0,0;0,0;0,0;0,0;0,0;0,0;0,0;0,0;0,0;0,0;0,0;0,0;0,0;0,0;0,0;0,0;0,0;0,0;0,0;0,0;32,4;31,2;28,8;33,0;32,4;31,8;28,2;29,4;26,4;26,4;33,0;30,6;30,0;30,0;28,8;31,8;28,2;30,6;22,8;26,4;26,4;31,2;30,0;29,4;22,8;22,2;21,6;21,6;21,0;24,0;22,2;22,8;22,8;22,8;23,4;25,2;25,2;24,6;22,8;22,8;22,2;22,2;25,8;25,2;24,0;26,4;23,4;19,8;19,2;18,6;17,4;17,4;0,0;0,0;0,0;0,0;0,0;0,0;0,0;0,0;0,0;0,0;0,0;0,0;0,0;0,0;0,0;6,6;;;;
24/01/2024;0,0;0,0;0,0;0,0;0,0;0,0;0,0;0,0;0,0;0,0;0,0;0,0;0,0;0,0;0,0;0,0;0,0;0,0;0,0;0,0;0,0;0,0;0,0;0,0;0,0;0,0;0,0;0,0;30,0;33,0;32,4;30,6;28,2;32,4;31,2;30,0;26,4;27,6;33,0;34,2;28,8;27,6;24,6;34,8;30,0;25,2;23,4;25,8;25,8;27,6;25,8;25,2;25,8;21,6;21,6;21,0;22,2;22,2;20,4;22,8;22,2;22,8;25,2;24,6;23,4;27,0;27,0;27,0;25,8;23,4;26,4;25,8;25,8;24,6;22,8;24,0;21,0;17,4;16,8;17,4;0,0;0,0;0,0;0,0;0,0;0,0;0,0;0,0;0,0;0,0;0,0;0,0;0,0;0,0;0,0;6,6;;;;
25/01/2024;0,0;0,0;0,0;0,0;0,0;0,0;0,0;0,0;0,0;0,0;0,0;0,0;0,0;0,0;0,0;0,0;0,0;0,0;0,0;0,0;0,0;0,0;0,0;0,0;0,0;0,0;0,0;0,0;33,6;35,4;33,0;30,0;33,0;31,8;34,2;33,0;28,2;27,0;28,2;31,2;32,4;33,0;30,0;30,6;27,0;31,2;31,8;31,8;27,0;30,0;27,0;27,6;28,8;22,8;24,6;30,6;28,2;29,4;31,8;29,4;28,2;25,8;26,4;27,0;30,0;32,4;28,8;31,2;29,4;24,6;24,0;25,8;26,4;25,2;24,6;22,2;24,6;22,8;19,8;18,0;0,0;0,0;0,0;0,0;0,0;0,0;0,0;0,0;0,0;0,0;0,0;0,0;0,0;0,0;0,0;7,2;;;;
26/01/2024;0,0;0,0;0,0;0,0;0,0;0,0;0,0;0,0;0,0;0,0;0,0;0,0;0,0;0,0;0,0;0,0;0,0;0,0;0,0;0,0;0,0;0,0;0,0;0,0;0,0;0,0;0,0;0,0;33,0;36,0;31,2;30,0;29,4;31,8;32,4;31,2;31,8;29,4;31,2;33,6;32,4;33,0;28,8;29,4;36,6;30,6;26,4;31,8;28,2;27,0;27,0;26,4;30,6;25,8;27,6;27,6;22,8;24,6;21,6;21,6;22,2;22,8;22,8;22,8;22,2;25,2;24,0;27,0;25,8;24,0;24,6;25,2;23,4;23,4;23,4;21,0;21,6;19,2;19,8;17,4;0,0;0,0;0,0;0,0;0,0;0,0;0,0;0,0;0,0;0,0;0,0;0,0;0,0;0,0;0,0;6,9;;;;
27/01/2024;0,0;0,0;0,0;0,0;0,0;0,0;0,0;0,0;0,0;0,0;0,0;0,0;0,0;0,0;0,0;0,0;0,0;0,0;0,0;0,0;0,0;0,0;0,0;0,0;0,0;0,0;0,0;0,0;31,2;33,0;32,4;30,6;34,8;28,2;31,8;27,6;28,2;34,2;31,8;34,2;31,8;31,2;32,4;38,4;33,0;25,8;27,6;28,2;31,8;32,4;30,0;31,8;30,6;28,8;29,4;27,6;24,0;26,4;31,8;30,0;28,8;27,6;27,6;27,6;28,2;31,2;30,6;27,0;29,4;22,8;25,8;24,6;23,4;22,2;24,6;21,0;20,4;19,2;17,4;17,4;0,0;0,0;0,0;0,0;0,0;0,0;0,0;0,0;0,0;0,0;0,0;0,0;0,0;0,0;0,0;6,3;;;;
28/01/2024;0,0;0,0;0,0;0,0;0,0;0,0;0,0;0,0;0,0;0,0;0,0;0,0;0,0;0,0;0,0;0,0;0,0;0,0;0,0;0,0;0,0;0,0;0,0;0,0;0,0;0,0;0,0;0,0;31,2;32,4;32,4;26,4;26,4;30,0;33,6;32,4;31,2;29,4;37,2;34,2;33,6;33,0;31,2;40,8;30,0;27,0;27,6;30,0;32,4;31,2;28,8;28,8;25,2;27,6;22,8;22,2;22,8;24,0;24,6;24,0;23,4;24,0;23,4;27,0;27,0;24,6;25,8;27,6;30,0;27,6;25,2;26,4;24,6;24,0;22,8;22,8;22,2;19,2;16,8;17,4;0,0;0,0;0,0;0,0;0,0;0,0;0,0;0,0;0,0;0,0;0,0;0,0;0,0;0,0;0,0;6,9;;;;
29/01/2024;0,0;0,0;0,0;0,0;0,0;0,0;0,0;0,0;0,0;0,0;0,0;0,0;0,0;0,0;0,0;0,0;0,0;0,0;0,0;0,0;0,0;0,0;0,0;0,0;0,0;0,0;0,0;0,0;36,6;33,0;33,0;30,6;31,2;33,0;28,8;31,8;30,0;30,0;28,2;34,2;33,0;30,6;35,4;32,4;35,4;27,6;27,0;26,4;27,6;25,8;25,2;29,4;27,6;24,6;24,6;24,6;26,4;25,2;21,0;22,2;21,6;22,8;22,8;24,0;23,4;27,0;24,6;27,6;26,4;26,4;23,4;23,4;23,4;24,0;23,4;22,8;21,6;22,2;21,0;16,8;0,0;0,0;0,0;0,0;0,0;0,0;0,0;0,0;0,0;0,0;0,0;0,0;0,0;0,0;0,0;6,6;;;;
30/01/2024;0,0;0,0;0,0;0,0;0,0;0,0;0,0;0,0;0,0;0,0;0,0;0,0;0,0;0,0;0,0;0,0;0,0;0,0;0,0;0,0;0,0;0,0;0,0;0,0;0,0;0,0;0,0;0,0;31,2;31,2;33,0;27,0;27,6;27,0;26,4;28,2;24,0;28,8;28,8;29,4;27,6;28,2;30,6;29,4;30,6;28,8;25,8;21,0;24,6;28,2;29,4;26,4;26,4;24,0;22,8;19,8;21,6;22,2;21,6;21,0;21,0;22,2;22,2;22,2;25,2;25,2;24,6;26,4;24,0;22,8;27,0;25,2;26,4;25,8;25,2;24,0;22,2;18,6;18,0;17,4;0,0;0,0;0,0;0,0;0,0;0,0;0,0;0,0;0,0;0,0;0,0;0,0;0,0;0,0;0,0;6,3;;;;
31/01/2024;0,0;0,0;0,0;0,0;0,0;0,0;0,0;0,0;0,0;0,0;0,0;0,0;0,0;0,0;0,0;0,0;0,0;0,0;0,0;0,0;0,0;0,0;0,0;0,0;0,0;0,0;0,0;0,0;30,0;30,0;26,4;29,4;32,4;25,8;27,0;28,8;25,2;23,4;22,8;30,0;29,4;24,0;27,6;30,6;27,6;23,4;27,0;28,8;28,8;26,4;25,8;26,4;24,0;21,6;21,0;21,0;19,8;21,6;19,8;19,8;20,4;21,0;20,4;21,0;24,6;27,0;24,0;27,6;24,6;25,8;24,0;23,4;22,2;23,4;22,2;20,4;21,6;21,6;16,8;17,4;0,0;0,0;0,0;0,0;0,0;0,0;0,0;0,0;0,0;0,0;0,0;0,0;0,0;0,0;0,0;6,9;;;;
01/02/2024;0,0;0,0;0,0;0,0;0,0;0,0;0,0;0,0;0,0;0,0;0,0;0,0;0,0;0,0;0,0;0,0;0,0;0,0;0,0;0,0;0,0;0,0;0,0;0,0;0,0;0,0;0,0;0,0;20,4;25,2;29,4;31,8;31,8;30,0;30,6;28,8;30,6;30,0;30,6;28,8;27,6;27,0;30,6;34,2;33,0;28,8;31,8;34,8;36,6;30,6;33,6;37,2;35,4;34,8;30,0;30,6;29,4;30,6;31,8;25,2;26,4;27,6;26,4;27,0;28,8;27,6;27,0;27,6;30,6;31,8;30,0;27,0;28,2;27,0;23,4;26,4;25,2;24,0;25,2;22,8;0,0;0,0;0,0;0,0;0,0;0,0;0,0;0,0;0,0;0,0;0,0;0,0;0,0;0,0;0,0;6,3;;;;
02/02/2024;0,0;0,0;0,0;0,0;0,0;0,0;0,0;0,0;0,0;0,0;0,0;0,0;0,0;0,0;0,0;0,0;0,0;0,0;0,0;0,0;0,0;0,0;0,0;0,0;0,0;0,0;0,0;0,0;20,4;26,4;27,6;28,8;30,0;31,8;30,6;31,2;31,2;28,2;28,2;33,6;30,0;28,2;36,0;35,4;29,4;34,2;30,6;33,6;34,2;31,8;33,0;37,2;29,4;27,0;30,0;31,2;31,2;30,0;26,4;28,8;28,2;28,2;25,2;24,6;23,4;24,0;24,0;25,8;25,2;29,4;28,8;30,6;24,6;24,0;25,2;27,6;26,4;23,4;24,6;22,8;0,0;0,0;0,0;0,0;0,0;0,0;0,0;0,0;0,0;0,0;0,0;0,0;0,0;0,0;0,0;6,3;;;;
03/02/2024;0,0;0,0;0,0;0,0;0,0;0,0;0,0;0,0;0,0;0,0;0,0;0,0;0,0;0,0;0,0;0,0;0,0;0,0;0,0;0,0;0,0;0,0;0,0;0,0;0,0;0,0;0,0;0,0;15,6;20,4;27,0;28,8;33,0;31,2;33,0;31,8;28,8;31,2;32,4;28,8;31,2;29,4;33,0;33,6;31,2;36,0;33,0;32,4;35,4;34,2;33,0;34,2;31,8;33,0;33,6;30,0;25,8;30,0;25,2;25,2;25,8;28,2;27,0;26,4;27,0;30,6;27,0;28,2;28,8;30,0;28,2;33,6;30,6;25,8;24,0;26,4;27,6;24,0;23,4;21,6;0,0;0,0;0,0;0,0;0,0;0,0;0,0;0,0;0,0;0,0;0,0;0,0;0,0;0,0;0,0;5,7;;;;
04/02/2024;0,0;0,0;0,0;0,0;0,0;0,0;0,0;0,0;0,0;0,0;0,0;0,0;0,0;0,0;0,0;0,0;0,0;0,0;0,0;0,0;0,0;0,0;0,0;0,0;0,0;0,0;0,0;0,0;18,0;25,8;27,0;30,0;31,2;32,4;30,0;27,0;32,4;30,0;27,6;30,0;30,0;30,6;28,8;32,4;33,6;28,2;29,4;31,8;37,2;32,4;30,6;29,4;36,0;30,0;25,8;27,0;31,8;25,8;24,6;24,6;23,4;24,6;24,0;24,0;25,2;25,2;24,6;27,0;27,6;30,0;27,6;28,2;27,6;23,4;23,4;25,2;24,6;22,8;24,0;22,8;0,0;0,0;0,0;0,0;0,0;0,0;0,0;0,0;0,0;0,0;0,0;0,0;0,0;0,0;0,0;6,3;;;;
05/02/2024;0,0;0,0;0,0;0,0;0,0;0,0;0,0;0,0;0,0;0,0;0,0;0,0;0,0;0,0;0,0;0,0;0,0;0,0;0,0;0,0;0,0;0,0;0,0;0,0;0,0;0,0;0,0;0,0;20,4;25,2;25,8;27,0;28,8;31,2;33,6;33,0;31,2;30,0;30,6;29,4;31,8;25,8;27,0;33,6;33,6;32,4;28,2;25,8;34,2;31,8;27,0;29,4;32,4;31,2;28,8;34,2;30,6;30,0;27,6;29,4;25,8;23,4;21,6;24,6;26,4;24,0;25,2;25,2;26,4;28,8;27,0;25,8;27,0;22,8;22,2;24,6;24,0;23,4;23,4;23,4;0,0;0,0;0,0;0,0;0,0;0,0;0,0;0,0;0,0;0,0;0,0;0,0;0,0;0,0;0,0;6,6;;;;
06/02/2024;0,0;0,0;0,0;0,0;0,0;0,0;0,0;0,0;0,0;0,0;0,0;0,0;0,0;0,0;0,0;0,0;0,0;0,0;0,0;0,0;0,0;0,0;0,0;0,0;0,0;0,0;0,0;0,0;21,0;26,4;28,2;28,2;30,6;32,4;32,4;28,8;30,0;30,0;30,6;31,8;29,4;31,8;29,4;33,0;33,0;35,4;27,6;28,8;33,6;30,6;27,6;28,2;31,2;31,2;30,6;29,4;28,8;23,4;22,2;24,6;24,0;22,2;22,2;22,8;22,8;24,0;22,8;24,6;25,2;25,2;24,6;26,4;25,8;26,4;24,0;25,2;24,0;23,4;22,8;21,6;0,0;0,0;0,0;0,0;0,0;0,0;0,0;0,0;0,0;0,0;0,0;0,0;0,0;0,0;0,0;6,0;;;;
07/02/2024;0,0;0,0;0,0;0,0;0,0;0,0;0,0;0,0;0,0;0,0;0,0;0,0;0,0;0,0;0,0;0,0;0,0;0,0;0,0;0,0;0,0;0,0;0,0;0,0;0,0;0,0;0,0;0,0;20,4;24,6;26,4;29,4;34,8;33,0;28,8;33,6;34,2;28,2;31,8;30,0;27,0;28,2;27,0;30,0;29,4;29,4;30,6;30,0;29,4;30,0;23,4;28,8;27,0;31,2;28,8;28,8;28,2;26,4;24,6;22,8;22,2;23,4;22,8;22,8;25,2;24,6;25,8;27,0;25,8;28,8;25,2;25,8;24,6;24,0;26,4;25,8;25,2;24,0;22,2;24,0;0,0;0,0;0,0;0,0;0,0;0,0;0,0;0,0;0,0;0,0;0,0;0,0;0,0;0,0;0,0;7,5;;;;
08/02/2024;0,0;0,0;0,0;0,0;0,0;0,0;0,0;0,0;0,0;0,0;0,0;0,0;0,0;0,0;0,0;0,0;0,0;0,0;0,0;0,0;0,0;0,0;0,0;0,0;0,0;0,0;0,0;0,0;17,4;26,4;30,6;33,0;34,8;31,2;27,6;31,2;31,8;28,8;31,8;30,6;27,6;26,4;29,4;33,0;29,4;31,2;28,8;33,0;31,8;26,4;25,8;30,6;28,8;27,6;27,0;29,4;28,8;24,6;22,2;21,6;22,2;22,2;22,2;22,2;22,8;22,2;24,0;23,4;25,2;30,0;26,4;27,6;28,8;22,8;24,0;25,2;24,6;24,6;25,2;22,8;0,0;0,0;0,0;0,0;0,0;0,0;0,0;0,0;0,0;0,0;0,0;0,0;0,0;0,0;0,0;6,3;;;;
09/02/2024;0,0;0,0;0,0;0,0;0,0;0,0;0,0;0,0;0,0;0,0;0,0;0,0;0,0;0,0;0,0;0,0;0,0;0,0;0,0;0,0;0,0;0,0;0,0;0,0;0,0;0,0;0,0;0,0;22,2;27,6;28,8;30,0;31,8;32,4;33,6;31,8;28,8;28,2;33,0;28,8;32,4;30,0;31,8;31,8;34,8;34,2;28,2;28,8;30,0;31,2;31,2;31,2;33,6;30,0;30,0;29,4;32,4;27,0;24,6;28,2;27,0;27,6;27,6;28,2;25,8;23,4;25,8;24,6;28,8;28,8;27,6;28,8;30,0;26,4;26,4;26,4;23,4;23,4;22,8;23,4;0,0;0,0;0,0;0,0;0,0;0,0;0,0;0,0;0,0;0,0;0,0;0,0;0,0;0,0;0,0;6,0;;;;
10/02/2024;0,0;0,0;0,0;0,0;0,0;0,0;0,0;0,0;0,0;0,0;0,0;0,0;0,0;0,0;0,0;0,0;0,0;0,0;0,0;0,0;0,0;0,0;0,0;0,0;0,0;0,0;0,0;0,0;18,0;25,2;27,6;30,6;33,6;34,8;33,6;29,4;31,2;30,6;34,2;33,6;29,4;29,4;31,8;37,8;36,6;35,4;31,2;36,0;33,6;34,8;32,4;31,8;28,2;30,0;32,4;30,0;32,4;25,2;20,4;23,4;22,2;22,8;24,0;22,8;22,8;25,2;25,8;24,6;27,0;27,0;27,6;27,6;24,6;23,4;25,8;25,2;22,8;22,2;24,0;22,2;0,0;0,0;0,0;0,0;0,0;0,0;0,0;0,0;0,0;0,0;0,0;0,0;0,0;0,0;0,0;6,6;;;;
11/02/2024;0,0;0,0;0,0;0,0;0,0;0,0;0,0;0,0;0,0;0,0;0,0;0,0;0,0;0,0;0,0;0,0;0,0;0,0;0,0;0,0;0,0;0,0;0,0;0,0;0,0;0,0;0,0;0,0;17,4;21,0;30,0;28,2;33,0;31,2;34,8;27,6;30,0;31,8;30,6;27,6;27,6;30,0;31,8;28,8;31,8;30,6;31,8;34,2;29,4;27,6;27,6;30,0;30,6;26,4;28,2;28,8;26,4;21,6;21,0;21,6;22,2;23,4;21,0;21,6;22,2;23,4;22,8;24,0;24,0;27,6;26,4;28,8;25,8;23,4;25,2;24,6;24,0;23,4;22,2;21,6;0,0;0,0;0,0;0,0;0,0;0,0;0,0;0,0;0,0;0,0;0,0;0,0;0,0;0,0;0,0;6,3;;;;
12/02/2024;0,0;0,0;0,0;0,0;0,0;0,0;0,0;0,0;0,0;0,0;0,0;0,0;0,0;0,0;0,0;0,0;0,0;0,0;0,0;0,0;0,0;0,0;0,0;0,0;0,0;0,0;0,0;0,0;19,2;25,2;27,0;31,2;31,2;32,4;30,6;30,0;30,6;27,0;31,2;27,0;26,4;24,6;27,0;31,8;31,8;27,0;31,2;32,4;31,2;24,0;24,6;24,6;31,2;34,8;30,6;31,2;26,4;32,4;31,8;33,6;25,2;25,2;26,4;27,0;27,0;27,0;28,2;26,4;28,2;27,6;27,0;31,2;27,0;23,4;25,2;24,6;22,2;22,8;22,8;21,0;0,0;0,0;0,0;0,0;0,0;0,0;0,0;0,0;0,0;0,0;0,0;0,0;0,0;0,0;0,0;6,0;;;;
13/02/2024;0,0;0,0;0,0;0,0;0,0;0,0;0,0;0,0;0,0;0,0;0,0;0,0;0,0;0,0;0,0;0,0;0,0;0,0;0,0;0,0;0,0;0,0;0,0;0,0;0,0;0,0;0,0;0,0;19,8;21,6;24,0;28,2;30,0;30,0;31,2;33,6;27,6;32,4;29,4;26,4;30,6;29,4;28,8;30,6;32,4;33,0;30,0;27,0;25,2;27,6;26,4;22,8;24,6;29,4;32,4;28,2;22,8;25,8;27,0;27,0;23,4;21,0;20,4;22,8;23,4;23,4;22,8;22,8;27,0;23,4;24,0;27,0;26,4;22,8;24,0;24,0;22,8;23,4;22,8;21,6;0,0;0,0;0,0;0,0;0,0;0,0;0,0;0,0;0,0;0,0;0,0;0,0;0,0;0,0;0,0;6,9;;;;
14/02/2024;0,0;0,0;0,0;0,0;0,0;0,0;0,0;0,0;0,0;0,0;0,0;0,0;0,0;0,0;0,0;0,0;0,0;0,0;0,0;0,0;0,0;0,0;0,0;0,0;0,0;0,0;0,0;0,0;19,2;21,6;29,4;28,2;29,4;28,2;27,6;25,8;29,4;30,6;28,8;25,2;24,6;26,4;28,8;27,6;28,8;27,0;26,4;30,6;31,8;29,4;24,0;22,2;31,2;28,8;27,0;28,8;31,2;27,6;24,0;25,2;22,8;20,4;21,6;21,0;22,2;21,0;23,4;24,0;27,0;22,8;22,2;24,0;23,4;24,0;24,6;24,6;24,6;22,8;22,8;22,8;0,0;0,0;0,0;0,0;0,0;0,0;0,0;0,0;0,0;0,0;0,0;0,0;0,0;0,0;0,0;6,9;;;;
15/02/2024;0,0;0,0;0,0;0,0;0,0;0,0;0,0;0,0;0,0;0,0;0,0;0,0;0,0;0,0;0,0;0,0;0,0;0,0;0,0;0,0;0,0;0,0;0,0;0,0;0,0;0,0;0,0;0,0;19,8;24,6;27,6;28,8;31,8;29,4;31,2;31,2;28,8;31,8;31,8;27,6;31,8;27,6;27,6;29,4;32,4;30,0;31,2;28,8;31,2;30,0;28,8;25,2;30,6;31,8;31,8;31,8;31,2;26,4;24,0;24,6;23,4;23,4;27,6;27,0;25,2;26,4;28,8;27,0;25,8;26,4;27,6;28,8;27,6;21,6;25,2;25,2;24,0;24,6;22,8;22,8;0,0;0,0;0,0;0,0;0,0;0,0;0,0;0,0;0,0;0,0;0,0;0,0;0,0;0,0;0,0;6,0;;;;
16/02/2024;0,0;0,0;0,0;0,0;0,0;0,0;0,0;0,0;0,0;0,0;0,0;0,0;0,0;0,0;0,0;0,0;0,0;0,0;0,0;0,0;0,0;0,0;0,0;0,0;0,0;0,0;0,0;0,0;17,4;25,2;25,8;25,8;28,2;30,6;34,2;33,0;29,4;31,2;30,6;30,6;28,8;30,0;28,8;30,0;34,8;32,4;33,0;29,4;32,4;33,6;33,0;30,6;30,6;32,4;33,6;30,6;31,8;28,8;29,4;28,2;28,8;31,2;26,4;25,8;25,2;25,8;25,8;25,8;26,4;29,4;27,6;30,6;29,4;25,8;28,8;27,0;25,2;27,0;23,4;22,2;0,0;0,0;0,0;0,0;0,0;0,0;0,0;0,0;0,0;0,0;0,0;0,0;0,0;0,0;0,0;6,3;;;;
17/02/2024;0,0;0,0;0,0;0,0;0,0;0,0;0,0;0,0;0,0;0,0;0,0;0,0;0,0;0,0;0,0;0,0;0,0;0,0;0,0;0,0;0,0;0,0;0,0;0,0;0,0;0,0;0,0;0,0;18,0;26,4;28,8;33,6;33,0;33,0;33,6;36,6;40,2;34,8;38,4;34,2;33,6;33,6;37,8;36,0;34,8;34,2;31,2;35,4;33,6;31,2;28,8;33,6;32,4;30,0;28,8;25,8;25,2;22,2;22,8;22,2;22,8;22,8;23,4;23,4;23,4;24,0;24,0;25,2;26,4;25,8;28,2;30,0;30,6;25,2;26,4;24,0;24,6;24,0;22,8;22,2;0,0;0,0;0,0;0,0;0,0;0,0;0,0;0,0;0,0;0,0;0,0;0,0;0,0;0,0;0,0;6,6;;;;
18/02/2024;0,0;0,0;0,0;0,0;0,0;0,0;0,0;0,0;0,0;0,0;0,0;0,0;0,0;0,0;0,0;0,0;0,0;0,0;0,0;0,0;0,0;0,0;0,0;0,0;0,0;0,0;0,0;0,0;18,0;28,2;28,8;29,4;32,4;31,8;34,2;34,2;31,8;28,8;28,2;30,6;27,6;27,0;30,6;31,8;30,6;30,6;31,8;30,6;37,8;34,8;31,2;32,4;32,4;32,4;30,6;31,8;24,6;22,2;27,6;24,0;22,8;25,2;25,2;27,0;24,6;25,8;25,8;25,2;26,4;30,0;28,8;30,6;25,8;25,2;28,2;28,2;27,0;25,8;26,4;26,4;0,0;0,0;0,0;0,0;0,0;0,0;0,0;0,0;0,0;0,0;0,0;0,0;0,0;0,0;0,0;6,3;;;;
19/02/2024;0,0;0,0;0,0;0,0;0,0;0,0;0,0;0,0;0,0;0,0;0,0;0,0;0,0;0,0;0,0;0,0;0,0;0,0;0,0;0,0;0,0;0,0;0,0;0,0;0,0;0,0;0,0;0,0;19,2;24,6;30,0;32,4;34,2;34,8;34,8;36,6;34,8;31,2;30,6;29,4;30,0;29,4;30,0;30,6;31,8;33,0;37,2;34,2;32,4;28,8;34,2;35,4;34,2;30,0;31,8;29,4;30,0;27,6;24,6;25,2;23,4;25,2;24,0;24,0;26,4;25,2;25,8;24,6;25,2;29,4;27,0;30,0;28,8;25,2;21,6;24,6;26,4;24,0;22,8;23,4;0,0;0,0;0,0;0,0;0,0;0,0;0,0;0,0;0,0;0,0;0,0;0,0;0,0;0,0;0,0;6,6;;;;
20/02/2024;0,0;0,0;0,0;0,0;0,0;0,0;0,0;0,0;0,0;0,0;0,0;0,0;0,0;0,0;0,0;0,0;0,0;0,0;0,0;0,0;0,0;0,0;0,0;0,0;0,0;0,0;0,0;0,0;21,0;29,4;25,8;28,8;26,4;30,0;31,2;30,6;25,8;31,2;27,0;27,0;26,4;25,8;26,4;31,8;30,0;31,8;27,0;30,0;28,2;30,6;28,2;22,8;30,0;29,4;26,4;28,8;28,2;25,8;22,2;22,8;22,8;23,4;22,2;22,2;21,0;22,8;22,8;23,4;24,0;28,8;27,6;28,2;25,8;23,4;23,4;23,4;24,0;23,4;22,2;23,4;0,0;0,0;0,0;0,0;0,0;0,0;0,0;0,0;0,0;0,0;0,0;0,0;0,0;0,0;0,0;6,6;;;;
21/02/2024;0,0;0,0;0,0;0,0;0,0;0,0;0,0;0,0;0,0;0,0;0,0;0,0;0,0;0,0;0,0;0,0;0,0;0,0;0,0;0,0;0,0;0,0;0,0;0,0;0,0;0,0;0,0;0,0;18,0;28,8;27,0;27,6;25,2;32,4;32,4;26,4;28,2;27,6;33,6;31,8;30,0;24,6;27,6;29,4;29,4;27,6;31,2;30,6;33,6;28,2;27,0;30,6;31,8;32,4;27,6;32,4;31,2;28,2;23,4;22,2;22,2;22,8;21,6;21,0;21,6;22,2;24,6;23,4;21,6;23,4;24,6;26,4;22,8;22,8;28,2;26,4;24,0;24,6;25,2;22,8;0,0;0,0;0,0;0,0;0,0;0,0;0,0;0,0;0,0;0,0;0,0;0,0;0,0;0,0;0,0;6,0;;;;
22/02/2024;0,0;0,0;0,0;0,0;0,0;0,0;0,0;0,0;0,0;0,0;0,0;0,0;0,0;0,0;0,0;0,0;0,0;0,0;0,0;0,0;0,0;0,0;0,0;0,0;0,0;0,0;0,0;0,0;17,4;19,8;29,4;32,4;33,0;31,8;31,8;31,2;26,4;31,2;27,0;25,2;27,0;30,0;33,6;30,0;30,6;31,8;30,0;31,8;33,6;28,8;27,6;31,2;31,2;28,2;26,4;24,0;24,6;24,6;21,0;22,8;22,2;22,8;22,8;23,4;23,4;24,0;25,2;26,4;25,2;28,2;25,8;28,8;28,2;23,4;22,8;27,6;25,2;22,8;22,8;24,0;0,0;0,0;0,0;0,0;0,0;0,0;0,0;0,0;0,0;0,0;0,0;0,0;0,0;0,0;0,0;6,6;;;;
23/02/2024;0,0;0,0;0,0;0,0;0,0;0,0;0,0;0,0;0,0;0,0;0,0;0,0;0,0;0,0;0,0;0,0;0,0;0,0;0,0;0,0;0,0;0,0;0,0;0,0;0,0;0,0;0,0;0,0;16,8;24,0;25,8;31,2;32,4;31,2;27,0;30,6;27,6;27,0;30,6;30,0;25,2;25,2;27,6;32,4;29,4;30,6;25,2;30,0;30,0;32,4;32,4;27,6;31,2;33,6;31,2;22,8;25,2;24,6;24,6;26,4;22,8;21,6;22,2;22,2;23,4;22,2;24,0;22,8;24,0;26,4;27,0;29,4;31,2;25,2;22,8;25,2;27,6;25,2;24,6;24,6;0,0;0,0;0,0;0,0;0,0;0,0;0,0;0,0;0,0;0,0;0,0;0,0;0,0;0,0;0,0;6,3;;;;
24/02/2024;0,0;0,0;0,0;0,0;0,0;0,0;0,0;0,0;0,0;0,0;0,0;0,0;0,0;0,0;0,0;0,0;0,0;0,0;0,0;0,0;0,0;0,0;0,0;0,0;0,0;0,0;0,0;0,0;19,2;26,4;24,6;29,4;31,2;30,6;27,6;24,6;30,0;30,0;27,6;27,6;28,8;25,2;24,0;31,2;30,6;30,6;28,8;31,2;30,6;33,6;28,8;31,2;30,6;30,6;28,8;26,4;27,0;28,8;25,2;21,6;22,2;23,4;21,6;20,4;22,8;22,2;23,4;22,8;24,0;25,8;26,4;27,0;26,4;22,8;25,2;25,8;24,6;24,0;25,2;22,8;0,0;0,0;0,0;0,0;0,0;0,0;0,0;0,0;0,0;0,0;0,0;0,0;0,0;0,0;0,0;6,0;;;;
25/02/2024;0,0;0,0;0,0;0,0;0,0;0,0;0,0;0,0;0,0;0,0;0,0;0,0;0,0;0,0;0,0;0,0;0,0;0,0;0,0;0,0;0,0;0,0;0,0;0,0;0,0;0,0;0,0;0,0;17,4;25,2;25,8;32,4;31,2;30,0;30,0;25,8;25,8;30,6;28,8;26,4;26,4;27,6;33,0;30,0;32,4;33,0;28,2;34,8;32,4;30,0;30,6;34,2;31,2;30,6;27,0;25,2;27,0;23,4;23,4;23,4;21,0;23,4;22,2;22,8;22,8;23,4;22,8;22,2;24,0;24,0;24,6;27,6;26,4;22,2;25,2;27,6;25,2;25,2;24,6;23,4;0,0;0,0;0,0;0,0;0,0;0,0;0,0;0,0;0,0;0,0;0,0;0,0;0,0;0,0;0,0;6,6;;;;
26/02/2024;0,0;0,0;0,0;0,0;0,0;0,0;0,0;0,0;0,0;0,0;0,0;0,0;0,0;0,0;0,0;0,0;0,0;0,0;0,0;0,0;0,0;0,0;0,0;0,0;0,0;0,0;0,0;0,0;19,2;25,2;25,8;27,0;30,6;30,6;30,0;25,8;28,2;24,6;25,2;23,4;27,0;25,2;25,8;31,2;28,8;28,8;29,4;31,2;28,2;28,8;28,2;33,0;30,6;24,6;30,6;28,2;26,4;28,8;21,6;21,6;22,8;21,6;22,2;23,4;22,8;23,4;25,2;24,0;24,0;24,0;26,4;28,2;28,2;27,0;22,8;25,8;25,2;24,6;24,6;22,8;0,0;0,0;0,0;0,0;0,0;0,0;0,0;0,0;0,0;0,0;0,0;0,0;0,0;0,0;0,0;6,0;;;;
27/02/2024;0,0;0,0;0,0;0,0;0,0;0,0;0,0;0,0;0,0;0,0;0,0;0,0;0,0;0,0;0,0;0,0;0,0;0,0;0,0;0,0;0,0;0,0;0,0;0,0;0,0;0,0;0,0;0,0;22,2;25,2;24,6;26,4;28,8;27,6;32,4;28,2;25,8;24,0;27,6;24,6;28,8;25,2;24,0;25,8;29,4;30,0;28,8;29,4;25,8;28,8;28,8;24,0;24,6;25,2;32,4;31,8;28,2;28,2;24,0;21,0;19,8;20,4;21,6;20,4;21,0;21,0;22,2;21,0;21,6;25,2;22,8;27,0;28,2;25,8;23,4;25,8;25,2;24,0;23,4;24,6;0,0;0,0;0,0;0,0;0,0;0,0;0,0;0,0;0,0;0,0;0,0;0,0;0,0;0,0;0,0;6,0;;;;
28/02/2024;0,0;0,0;0,0;0,0;0,0;0,0;0,0;0,0;0,0;0,0;0,0;0,0;0,0;0,0;0,0;0,0;0,0;0,0;0,0;0,0;0,0;0,0;0,0;0,0;0,0;0,0;0,0;0,0;19,8;22,2;27,6;27,0;26,4;26,4;25,8;28,2;30,6;27,6;28,2;25,8;24,6;24,0;25,8;27,6;27,6;30,0;29,4;26,4;29,4;29,4;24,6;21,6;22,2;30,0;27,0;27,6;30,0;24,0;27,0;22,8;19,8;19,2;18,6;21,0;21,0;22,2;21,6;21,0;21,6;22,8;21,6;25,8;21,0;21,6;24,6;24,0;22,8;22,8;24,6;24,0;0,0;0,0;0,0;0,0;0,0;0,0;0,0;0,0;0,0;0,0;0,0;0,0;0,0;0,0;0,0;6,0;;;;
01/03/2024;0,0;0,0;0,0;0,0;0,0;0,0;0,0;0,0;0,0;0,0;0,0;0,0;0,0;0,0;0,0;0,0;0,0;0,0;0,0;0,0;0,0;0,0;0,0;0,0;0,0;0,0;0,0;0,0;18,0;28,2;28,8;28,8;26,4;27,0;30,6;30,0;30,0;28,8;25,2;29,4;26,4;28,2;28,8;30,0;29,4;29,4;25,2;31,2;29,4;30,6;28,8;28,2;30,0;30,6;25,2;24,6;22,2;22,2;30,6;27,6;23,4;21,0;21,0;22,2;21,6;21,6;21,6;23,4;22,2;24,6;24,6;27,6;24,0;23,4;22,2;25,8;24,0;25,2;22,2;22,8;0,0;0,0;0,0;0,0;0,0;0,0;0,0;0,0;0,0;0,0;0,0;0,0;0,0;0,0;0,0;5,7;;;;
02/03/2024;0,0;0,0;0,0;0,0;0,0;0,0;0,0;0,0;0,0;0,0;0,0;0,0;0,0;0,0;0,0;0,0;0,0;0,0;0,0;0,0;0,0;0,0;0,0;0,0;0,0;0,0;0,0;0,0;20,4;27,6;29,4;28,2;31,2;31,8;31,2;27,0;28,8;27,0;25,2;29,4;24,0;28,8;27,0;31,8;33,6;32,4;29,4;28,8;32,4;30,0;30,0;31,8;30,6;28,2;30,6;28,2;27,0;28,8;27,0;23,4;21,0;21,0;21,0;21,6;21,0;21,6;24,0;24,0;24,6;25,8;26,4;26,4;25,8;22,8;26,4;25,2;25,8;27,6;23,4;23,4;0,0;0,0;0,0;0,0;0,0;0,0;0,0;0,0;0,0;0,0;0,0;0,0;0,0;0,0;0,0;6,0;;;;
03/03/2024;0,0;0,0;0,0;0,0;0,0;0,0;0,0;0,0;0,0;0,0;0,0;0,0;0,0;0,0;0,0;0,0;0,0;0,0;0,0;0,0;0,0;0,0;0,0;0,0;0,0;0,0;0,0;0,0;20,4;27,0;25,8;33,6;34,8;32,4;30,6;29,4;28,8;27,0;30,0;29,4;27,6;31,2;29,4;31,8;30,6;28,2;28,2;32,4;34,2;25,8;27,0;26,4;27,6;33,6;30,0;28,2;31,2;24,0;28,2;26,4;26,4;28,2;27,0;24,0;22,8;22,8;23,4;23,4;22,8;28,2;24,0;27,6;25,8;22,8;25,2;25,2;25,2;24,0;22,2;22,8;0,0;0,0;0,0;0,0;0,0;0,0;0,0;0,0;0,0;0,0;0,0;0,0;0,0;0,0;0,0;6,9;;;;
04/03/2024;0,0;0,0;0,0;0,0;0,0;0,0;0,0;0,0;0,0;0,0;0,0;0,0;0,0;0,0;0,0;0,0;0,0;0,0;0,0;0,0;0,0;0,0;0,0;0,0;0,0;0,0;0,0;0,0;18,0;27,6;27,6;27,0;25,2;27,6;25,8;27,6;27,0;28,8;27,0;25,8;24,6;27,0;27,0;28,2;28,8;31,2;29,4;31,2;30,6;30,0;30,6;32,4;27,6;25,2;25,2;27,6;30,6;28,2;22,8;23,4;22,2;21,6;21,6;22,8;21,6;23,4;22,2;22,2;23,4;25,2;25,2;27,6;28,8;22,8;24,0;26,4;26,4;23,4;24,0;22,8;0,0;0,0;0,0;0,0;0,0;0,0;0,0;0,0;0,0;0,0;0,0;0,0;0,0;0,0;0,0;6,3;;;;
05/03/2024;0,0;0,0;0,0;0,0;0,0;0,0;0,0;0,0;0,0;0,0;0,0;0,0;0,0;0,0;0,0;0,0;0,0;0,0;0,0;0,0;0,0;0,0;0,0;0,0;0,0;0,0;0,0;0,0;18,0;28,8;24,0;26,4;29,4;30,6;30,0;25,2;24,0;28,8;25,8;25,8;25,8;23,4;27,0;30,0;29,4;30,0;25,8;30,0;36,0;28,2;24,0;24,6;30,0;27,6;28,2;26,4;27,0;28,8;23,4;22,2;22,8;22,8;22,2;22,2;23,4;24,0;25,2;22,8;25,2;25,2;26,4;27,6;27,0;22,2;24,6;24,6;25,2;24,0;24,0;22,2;0,0;0,0;0,0;0,0;0,0;0,0;0,0;0,0;0,0;0,0;0,0;0,0;0,0;0,0;0,0;6,0;;;;
06/03/2024;0,0;0,0;0,0;0,0;0,0;0,0;0,0;0,0;0,0;0,0;0,0;0,0;0,0;0,0;0,0;0,0;0,0;0,0;0,0;0,0;0,0;0,0;0,0;0,0;0,0;0,0;0,0;0,0;21,0;22,8;30,0;28,8;31,2;30,0;27,6;24,6;26,4;29,4;27,0;24,6;27,6;27,0;27,0;28,8;32,4;33,0;34,8;30,6;30,0;22,8;22,8;25,2;25,2;30,6;33,0;30,0;27,0;26,4;29,4;30,0;27,6;24,0;26,4;24,6;22,2;21,6;24,0;24,0;24,0;26,4;25,2;24,6;23,4;22,8;26,4;27,6;27,6;24,6;24,6;24,0;0,0;0,0;0,0;0,0;0,0;0,0;0,0;0,0;0,0;0,0;0,0;0,0;0,0;0,0;0,0;6,0;;;;
07/03/2024;0,0;0,0;0,0;0,0;0,0;0,0;0,0;0,0;0,0;0,0;0,0;0,0;0,0;0,0;0,0;0,0;0,0;0,0;0,0;0,0;0,0;0,0;0,0;0,0;0,0;0,0;0,0;0,0;21,0;26,4;28,2;27,6;29,4;30,6;31,2;32,4;27,0;26,4;26,4;28,8;31,2;29,4;25,8;31,2;32,4;31,2;30,6;25,8;28,2;29,4;28,2;30,6;30,6;31,2;28,8;30,6;27,6;22,8;21,0;20,4;19,2;21,0;21,0;19,8;20,4;19,8;22,2;21,6;23,4;25,8;25,2;24,0;21,6;22,2;26,4;25,8;25,2;24,0;23,4;24,0;0,0;0,0;0,0;0,0;0,0;0,0;0,0;0,0;0,0;0,0;0,0;0,0;0,0;0,0;0,0;6,0;;;;
08/03/2024;0,0;0,0;0,0;0,0;0,0;0,0;0,0;0,0;0,0;0,0;0,0;0,0;0,0;0,0;0,0;0,0;0,0;0,0;0,0;0,0;0,0;0,0;0,0;0,0;0,0;0,0;0,0;0,0;16,8;26,4;30,6;31,2;28,8;26,4;28,2;28,8;24,0;26,4;28,8;30,0;30,0;26,4;27,0;26,4;28,8;33,0;31,8;30,6;33,6;30,0;29,4;30,6;30,0;34,2;30,6;24,6;27,0;22,8;22,8;22,2;23,4;22,2;23,4;22,8;24,6;23,4;24,0;24,6;25,2;29,4;27,0;25,8;25,2;22,8;25,8;26,4;26,4;27,6;25,8;25,8;0,0;0,0;0,0;0,0;0,0;0,0;0,0;0,0;0,0;0,0;0,0;0,0;0,0;0,0;0,0;6,6;;;;
09/03/2024;0,0;0,0;0,0;0,0;0,0;0,0;0,0;0,0;0,0;0,0;0,0;0,0;0,0;0,0;0,0;0,0;0,0;0,0;0,0;0,0;0,0;0,0;0,0;0,0;0,0;0,0;0,0;0,0;19,2;21,6;26,4;27,6;28,8;29,4;30,6;27,0;26,4;28,2;28,2;25,2;27,6;25,8;30,0;31,2;34,8;27,0;33,0;29,4;29,4;31,8;33,0;31,8;27,6;28,2;27,0;28,8;28,2;26,4;25,2;27,0;25,8;26,4;26,4;26,4;25,2;23,4;24,6;27,6;26,4;27,6;27,6;28,8;25,8;23,4;28,2;27,6;27,0;25,2;24,6;22,8;0,0;0,0;0,0;0,0;0,0;0,0;0,0;0,0;0,0;0,0;0,0;0,0;0,0;0,0;0,0;6,0;;;;
10/03/2024;0,0;0,0;0,0;0,0;0,0;0,0;0,0;0,0;0,0;0,0;0,0;0,0;0,0;0,0;0,0;0,0;0,0;0,0;0,0;0,0;0,0;0,0;0,0;0,0;0,0;0,0;0,0;0,0;21,6;25,2;25,2;29,4;32,4;31,2;27,6;25,8;25,8;30,0;29,4;27,0;31,2;29,4;34,2;31,8;29,4;28,8;27,6;35,4;31,2;25,2;27,0;27,0;31,2;31,8;28,8;25,8;30,6;28,2;22,8;22,2;21,0;20,4;22,2;22,2;23,4;22,2;26,4;24,6;25,2;28,2;24,6;28,8;25,2;23,4;25,2;25,2;25,2;24,0;24,0;22,8;0,0;0,0;0,0;0,0;0,0;0,0;0,0;0,0;0,0;0,0;0,0;0,0;0,0;0,0;0,0;6,6;;;;
11/03/2024;0,0;0,0;0,0;0,0;0,0;0,0;0,0;0,0;0,0;0,0;0,0;0,0;0,0;0,0;0,0;0,0;0,0;0,0;0,0;0,0;0,0;0,0;0,0;0,0;0,0;0,0;0,0;0,0;18,0;23,4;27,6;30,0;31,8;33,0;28,8;30,6;32,4;31,8;29,4;28,8;33,6;30,0;33,0;34,2;33,0;35,4;30,6;34,8;37,8;37,2;29,4;29,4;30,6;31,2;28,8;27,0;30,0;24,6;27,0;24,0;22,8;24,0;24,0;23,4;24,6;25,2;25,2;26,4;25,8;26,4;24,6;28,8;27,0;24,6;25,2;26,4;25,8;27,0;24,6;22,8;0,0;0,0;0,0;0,0;0,0;0,0;0,0;0,0;0,0;0,0;0,0;0,0;0,0;0,0;0,0;6,6;;;;
12/03/2024;0,0;0,0;0,0;0,0;0,0;0,0;0,0;0,0;0,0;0,0;0,0;0,0;0,0;0,0;0,0;0,0;0,0;0,0;0,0;0,0;0,0;0,0;0,0;0,0;0,0;0,0;0,0;0,0;18,6;25,2;25,2;28,8;28,2;29,4;28,2;29,4;28,2;28,8;32,4;31,2;28,2;27,0;29,4;31,8;31,2;34,2;28,8;33,0;31,8;31,2;30,6;31,8;28,8;30,6;31,8;28,8;25,8;21,6;23,4;21,6;22,2;22,2;23,4;22,8;22,8;22,8;25,2;23,4;24,6;26,4;26,4;28,8;25,2;22,8;25,2;26,4;24,0;25,2;24,6;24,0;0,0;0,0;0,0;0,0;0,0;0,0;0,0;0,0;0,0;0,0;0,0;0,0;0,0;0,0;0,0;6,9;;;;
13/03/2024;0,0;0,0;0,0;0,0;0,0;0,0;0,0;0,0;0,0;0,0;0,0;0,0;0,0;0,0;0,0;0,0;0,0;0,0;0,0;0,0;0,0;0,0;0,0;0,0;0,0;0,0;0,0;0,0;18,6;24,0;25,2;25,2;25,8;25,8;26,4;30,6;33,0;34,8;28,2;28,2;27,6;25,8;24,0;25,2;26,4;26,4;28,2;25,8;27,6;27,0;19,2;26,4;28,8;28,2;30,0;31,2;25,8;21,0;21,6;21,6;19,8;21,0;20,4;21,0;19,8;21,0;20,4;22,2;21,6;24,0;21,6;22,8;21,0;21,6;24,6;24,6;24,6;23,4;22,8;24,0;0,0;0,0;0,0;0,0;0,0;0,0;0,0;0,0;0,0;0,0;0,0;0,0;0,0;0,0;0,0;6,0;;;;
14/03/2024;0,0;0,0;0,0;0,0;0,0;0,0;0,0;0,0;0,0;0,0;0,0;0,0;0,0;0,0;0,0;0,0;0,0;0,0;0,0;0,0;0,0;0,0;0,0;0,0;0,0;0,0;0,0;0,0;17,4;26,4;25,8;27,0;27,0;25,2;27,6;29,4;30,6;30,0;27,0;30,0;28,8;25,2;23,4;24,0;28,2;30,0;28,2;27,0;27,0;26,4;22,2;26,4;28,8;30,0;27,6;25,2;23,4;23,4;21,6;19,8;21,0;20,4;19,2;20,4;21,6;21,6;21,0;20,4;21,0;23,4;22,8;21,6;22,2;21,6;24,0;24,0;24,0;24,6;24,6;24,0;0,0;0,0;0,0;0,0;0,0;0,0;0,0;0,0;0,0;0,0;0,0;0,0;0,0;0,0;0,0;6,0;;;;
15/03/2024;0,0;0,0;0,0;0,0;0,0;0,0;0,0;0,0;0,0;0,0;0,0;0,0;0,0;0,0;0,0;0,0;0,0;0,0;0,0;0,0;0,0;0,0;0,0;0,0;0,0;0,0;0,0;0,0;19,8;30,0;31,8;30,6;28,2;27,6;28,8;26,4;27,6;30,6;26,4;28,8;27,0;26,4;30,0;30,6;34,2;30,0;25,2;26,4;27,0;29,4;28,8;33,0;28,8;30,6;27,6;24,0;21,0;20,4;21,6;25,8;21,6;20,4;22,2;23,4;22,8;22,2;21,0;23,4;22,2;24,6;23,4;25,8;25,8;22,8;23,4;25,2;25,8;24,0;22,2;24,0;0,0;0,0;0,0;0,0;0,0;0,0;0,0;0,0;0,0;0,0;0,0;0,0;0,0;0,0;0,0;6,9;;;;
16/03/2024;0,0;0,0;0,0;0,0;0,0;0,0;0,0;0,0;0,0;0,0;0,0;0,0;0,0;0,0;0,0;0,0;0,0;0,0;0,0;0,0;0,0;0,0;0,0;0,0;0,0;0,0;0,0;0,0;17,4;25,8;25,2;28,8;29,4;33,6;30,6;30,0;28,8;30,0;25,8;28,8;24,6;24,0;25,2;31,2;28,8;30,0;28,8;31,8;30,6;31,8;36,0;29,4;27,0;27,0;31,8;33,6;27,0;26,4;26,4;24,6;19,8;22,8;21,6;22,8;21,6;23,4;22,8;23,4;19,8;20,4;24,6;26,4;24,0;22,8;26,4;25,2;24,6;24,6;23,4;24,6;0,0;0,0;0,0;0,0;0,0;0,0;0,0;0,0;0,0;0,0;0,0;0,0;0,0;0,0;0,0;6,0;;;;
17/03/2024;0,0;0,0;0,0;0,0;0,0;0,0;0,0;0,0;0,0;0,0;0,0;0,0;0,0;0,0;0,0;0,0;0,0;0,0;0,0;0,0;0,0;0,0;0,0;0,0;0,0;0,0;0,0;0,0;16,8;25,2;28,2;26,4;30,0;30,0;33,0;28,2;28,8;28,2;29,4;31,2;26,4;24,0;27,6;31,8;29,4;30,6;31,8;30,0;33,6;31,2;26,4;28,8;31,8;33,0;30,0;27,6;26,4;22,8;21,6;21,6;22,2;22,2;22,8;24,0;24,6;23,4;21,6;24,0;22,2;25,8;23,4;27,6;22,8;22,8;24,6;25,2;22,2;22,8;22,2;21,6;0,0;0,0;0,0;0,0;0,0;0,0;0,0;0,0;0,0;0,0;0,0;0,0;0,0;0,0;0,0;5,7;;;;
18/03/2024;0,0;0,0;0,0;0,0;0,0;0,0;0,0;0,0;0,0;0,0;0,0;0,0;0,0;0,0;0,0;0,0;0,0;0,0;0,0;0,0;0,0;0,0;0,0;0,0;0,0;0,0;0,0;0,0;16,2;24,0;25,2;27,6;29,4;30,6;28,8;28,8;26,4;30,0;27,0;27,0;25,8;27,6;24,6;27,0;30,0;27,0;31,2;31,8;31,8;33,0;30,0;28,2;28,8;31,2;33,0;28,2;30,6;27,6;26,4;24,6;22,8;22,8;24,0;25,2;22,2;22,2;23,4;24,6;22,8;24,0;23,4;25,2;23,4;22,8;23,4;24,6;24,6;23,4;24,0;22,2;0,0;0,0;0,0;0,0;0,0;0,0;0,0;0,0;0,0;0,0;0,0;0,0;0,0;0,0;0,0;6,0;;;;
19/03/2024;0,0;0,0;0,0;0,0;0,0;0,0;0,0;0,0;0,0;0,0;0,0;0,0;0,0;0,0;0,0;0,0;0,0;0,0;0,0;0,0;0,0;0,0;0,0;0,0;0,0;0,0;0,0;0,0;17,4;23,4;28,2;27,6;30,0;30,0;31,2;30,0;28,8;33,6;30,0;28,8;25,2;26,4;25,2;28,8;26,4;28,2;30,6;30,6;29,4;30,0;31,2;27,0;31,8;30,0;30,6;30,0;29,4;28,8;28,8;24,0;23,4;25,8;25,8;22,8;25,2;24,0;22,8;22,2;23,4;24,6;24,0;24,6;23,4;21,6;24,0;22,8;22,2;22,2;24,0;20,4;0,0;0,0;0,0;0,0;0,0;0,0;0,0;0,0;0,0;0,0;0,0;0,0;0,0;0,0;0,0;6,0;;;;
20/03/2024;0,0;0,0;0,0;0,0;0,0;0,0;0,0;0,0;0,0;0,0;0,0;0,0;0,0;0,0;0,0;0,0;0,0;0,0;0,0;0,0;0,0;0,0;0,0;0,0;0,0;0,0;0,0;0,0;21,0;26,4;24,6;26,4;25,2;26,4;30,0;31,2;27,0;30,0;28,2;27,6;26,4;27,0;27,0;31,2;30,6;28,8;27,0;29,4;25,8;29,4;25,8;22,8;28,8;28,2;30,6;28,8;25,8;22,8;21,0;21,6;19,2;20,4;21,0;21,6;21,0;22,8;19,2;19,8;22,2;22,8;20,4;22,2;22,2;21,6;24,0;22,8;21,6;21,6;22,8;21,0;0,0;0,0;0,0;0,0;0,0;0,0;0,0;0,0;0,0;0,0;0,0;0,0;0,0;0,0;0,0;5,7;;;;
21/03/2024;0,0;0,0;0,0;0,0;0,0;0,0;0,0;0,0;0,0;0,0;0,0;0,0;0,0;0,0;0,0;0,0;0,0;0,0;0,0;0,0;0,0;0,0;0,0;0,0;0,0;0,0;0,0;0,0;16,2;22,8;24,0;24,0;25,8;26,4;23,4;24,0;25,2;26,4;25,2;25,2;27,0;25,2;23,4;20,4;26,4;26,4;21,6;25,2;27,0;24,6;22,8;21,6;27,6;30,6;30,6;25,2;24,0;22,8;25,2;28,2;27,6;27,0;25,8;23,4;21,6;21,6;21,6;21,6;21,6;22,2;21,6;22,2;22,8;20,4;22,8;23,4;23,4;22,2;21,6;21,6;0,0;0,0;0,0;0,0;0,0;0,0;0,0;0,0;0,0;0,0;0,0;0,0;0,0;0,0;0,0;6,9;;;;
22/03/2024;0,0;0,0;0,0;0,0;0,0;0,0;0,0;0,0;0,0;0,0;0,0;0,0;0,0;0,0;0,0;0,0;0,0;0,0;0,0;0,0;0,0;0,0;0,0;0,0;0,0;0,0;0,0;0,0;19,8;22,2;25,2;30,6;31,2;33,6;31,8;30,6;28,8;30,0;26,4;26,4;30,0;27,6;25,8;25,8;29,4;33,6;27,6;26,4;30,6;28,8;27,6;25,2;28,8;31,2;27,6;22,8;25,2;25,2;29,4;26,4;24,0;21,0;22,2;23,4;22,2;22,8;22,2;21,6;21,6;22,8;22,8;24,0;24,0;22,2;24,0;23,4;22,2;22,2;21,6;22,8;0,0;0,0;0,0;0,0;0,0;0,0;0,0;0,0;0,0;0,0;0,0;0,0;0,0;0,0;0,0;5,7;;;;
23/03/2024;0,0;0,0;0,0;0,0;0,0;0,0;0,0;0,0;0,0;0,0;0,0;0,0;0,0;0,0;0,0;0,0;0,0;0,0;0,0;0,0;0,0;0,0;0,0;0,0;0,0;0,0;0,0;0,0;18,0;21,6;27,0;25,2;25,8;26,4;31,8;31,8;28,8;28,2;25,2;27,6;25,2;27,0;26,4;30,0;30,6;31,8;28,8;30,0;31,2;36,6;30,0;29,4;30,0;32,4;28,8;27,6;29,4;22,2;25,2;25,2;25,2;23,4;22,2;24,0;22,8;21,6;22,8;24,0;23,4;24,0;22,8;25,8;27,0;23,4;24,0;24,0;25,8;23,4;24,0;21,6;0,0;0,0;0,0;0,0;0,0;0,0;0,0;0,0;0,0;0,0;0,0;0,0;0,0;0,0;0,0;6,3;;;;
24/03/2024;0,0;0,0;0,0;0,0;0,0;0,0;0,0;0,0;0,0;0,0;0,0;0,0;0,0;0,0;0,0;0,0;0,0;0,0;0,0;0,0;0,0;0,0;0,0;0,0;0,0;0,0;0,0;0,0;16,8;22,8;26,4;27,6;25,2;30,6;33,6;31,2;31,8;28,2;28,8;27,0;26,4;25,2;25,2;30,0;28,2;30,0;27,6;28,8;27,6;30,6;33,6;27,6;30,6;30,0;30,6;30,6;25,8;27,0;28,8;26,4;27,0;24,0;22,8;23,4;22,2;24,0;20,4;21,6;21,6;24,0;21,6;24,0;24,0;22,8;24,0;24,0;22,2;22,2;21,6;22,8;0,0;0,0;0,0;0,0;0,0;0,0;0,0;0,0;0,0;0,0;0,0;0,0;0,0;0,0;0,0;6,0;;;;
25/03/2024;0,0;0,0;0,0;0,0;0,0;0,0;0,0;0,0;0,0;0,0;0,0;0,0;0,0;0,0;0,0;0,0;0,0;0,0;0,0;0,0;0,0;0,0;0,0;0,0;0,0;0,0;0,0;0,0;16,8;22,2;25,2;26,4;27,6;29,4;31,8;28,2;24,0;27,6;24,6;25,2;28,2;26,4;24,0;22,2;27,0;27,0;27,6;22,2;25,2;28,2;28,2;27,6;30,6;31,2;27,0;28,8;24,6;24,0;25,2;26,4;25,8;24,0;20,4;23,4;22,2;22,2;21,0;21,6;21,6;22,2;24,0;22,2;22,8;22,8;25,8;24,6;24,0;25,2;22,8;22,2;0,0;0,0;0,0;0,0;0,0;0,0;0,0;0,0;0,0;0,0;0,0;0,0;0,0;0,0;0,0;6,0;;;;
26/03/2024;0,0;0,0;0,0;0,0;0,0;0,0;0,0;0,0;0,0;0,0;0,0;0,0;0,0;0,0;0,0;0,0;0,0;0,0;0,0;0,0;0,0;0,0;0,0;0,0;0,0;0,0;0,0;0,0;18,0;24,0;25,8;25,8;24,0;27,6;26,4;28,8;23,4;24,6;28,2;24,0;23,4;23,4;24,0;27,0;26,4;28,8;26,4;27,6;30,6;25,8;20,4;22,2;24,0;27,6;28,2;28,2;24,6;21,6;21,6;21,6;21,6;21,0;20,4;19,8;20,4;22,2;21,6;20,4;20,4;22,8;22,2;21,6;22,2;22,8;22,2;21,0;22,2;23,4;22,2;19,8;0,0;0,0;0,0;0,0;0,0;0,0;0,0;0,0;0,0;0,0;0,0;0,0;0,0;0,0;0,0;5,7;;;;
27/03/2024;0,0;0,0;0,0;0,0;0,0;0,0;0,0;0,0;0,0;0,0;0,0;0,0;0,0;0,0;0,0;0,0;0,0;0,0;0,0;0,0;0,0;0,0;0,0;0,0;0,0;0,0;0,0;0,0;16,8;23,4;25,2;25,2;25,2;25,2;27,0;26,4;25,8;27,6;28,8;26,4;24,6;28,2;26,4;27,6;25,8;28,8;27,6;24,6;27,6;26,4;25,2;33,0;28,2;27,6;26,4;29,4;30,0;25,2;25,8;25,2;22,8;19,8;19,2;21,0;22,2;21,0;19,2;21,0;22,2;21,6;20,4;21,0;21,0;20,4;21,6;22,2;23,4;22,2;20,4;21,0;0,0;0,0;0,0;0,0;0,0;0,0;0,0;0,0;0,0;0,0;0,0;0,0;0,0;0,0;0,0;6,0;;;;
28/03/2024;0,0;0,0;0,0;0,0;0,0;0,0;0,0;0,0;0,0;0,0;0,0;0,0;0,0;0,0;0,0;0,0;0,0;0,0;0,0;0,0;0,0;0,0;0,0;0,0;0,0;0,0;0,0;0,0;28,8;28,2;31,2;28,2;28,8;25,2;24,6;25,8;22,8;21,6;25,8;27,0;25,2;28,2;27,6;25,8;27,6;28,8;21,6;21,6;25,8;30,6;30,6;25,2;21,6;21,6;22,2;21,6;23,4;21,0;19,2;19,8;19,8;20,4;20,4;18,6;19,8;18,6;19,2;22,8;22,2;20,4;21,0;21,0;20,4;20,4;20,4;21,0;19,8;18,0;16,8;15,6;0,0;0,0;0,0;0,0;0,0;0,0;0,0;0,0;0,0;0,0;0,0;0,0;0,0;0,0;0,0;;;;;
29/03/2024;0,0;0,0;0,0;0,0;0,0;0,0;0,0;0,0;0,0;0,0;0,0;0,0;0,0;0,0;0,0;0,0;0,0;0,0;0,0;0,0;0,0;0,0;0,0;0,0;0,0;0,0;0,0;0,0;18,0;22,8;25,8;31,2;30,6;28,8;23,4;25,2;27,0;32,4;30,0;31,2;24,0;28,2;22,2;24,0;22,8;28,2;28,2;27,6;30,0;26,4;27,0;27,0;29,4;29,4;23,4;28,2;27,6;22,2;22,2;23,4;22,2;22,2;28,2;24,6;22,2;22,2;20,4;20,4;22,2;20,4;21,0;23,4;22,8;21,0;22,2;23,4;22,2;21,6;21,6;21,0;0,0;0,0;0,0;0,0;0,0;0,0;0,0;0,0;0,0;0,0;0,0;0,0;0,0;0,0;0,0;6,0;;;;
30/03/2024;0,0;0,0;0,0;0,0;0,0;0,0;0,0;0,0;0,0;0,0;0,0;0,0;0,0;0,0;0,0;0,0;0,0;0,0;0,0;0,0;0,0;0,0;0,0;0,0;0,0;0,0;0,0;0,0;18,6;22,8;27,6;27,0;26,4;26,4;26,4;25,2;25,2;28,8;25,2;24,0;27,6;24,6;22,2;25,2;27,0;27,0;28,8;27,6;30,0;25,8;27,0;28,8;27,6;30,0;30,0;28,2;29,4;25,2;26,4;24,6;21,0;21,6;20,4;20,4;21,6;21,0;21,0;21,6;19,8;22,2;22,8;24,0;21,6;20,4;20,4;20,4;20,4;20,4;19,2;18,6;0,0;0,0;0,0;0,0;0,0;0,0;0,0;0,0;0,0;0,0;0,0;0,0;0,0;0,0;0,0;6,0;;;;
31/03/2024;0,0;0,0;0,0;0,0;0,0;0,0;0,0;0,0;0,0;0,0;0,0;0,0;0,0;0,0;0,0;0,0;0,0;0,0;0,0;0,0;0,0;0,0;0,0;0,0;0,0;0,0;0,0;0,0;16,2;21,6;27,0;28,2;23,4;25,2;30,6;28,8;28,2;24,0;27,6;27,0;25,8;24,6;22,2;24,6;30,0;26,4;28,2;28,2;25,8;29,4;29,4;23,4;27,6;28,2;27,6;25,2;22,8;23,4;27,0;27,6;24,0;21,6;21,6;24,0;22,2;21,6;22,2;20,4;19,8;23,4;20,4;23,4;23,4;19,2;20,4;22,2;21,6;21,6;19,2;21,0;0,0;0,0;0,0;0,0;0,0;0,0;0,0;0,0;0,0;0,0;0,0;0,0;0,0;0,0;0,0;6,6;;;;
01/04/2024;0,0;0,0;0,0;0,0;0,0;0,0;0,0;0,0;0,0;0,0;0,0;0,0;0,0;0,0;0,0;0,0;0,0;0,0;0,0;0,0;0,0;0,0;0,0;0,0;0,0;0,0;0,0;0,0;18,0;23,4;25,8;25,8;25,8;28,2;28,8;30,0;27,0;23,4;25,2;30,6;28,2;21,0;24,0;26,4;25,8;26,4;28,2;24,6;30,6;27,6;25,8;28,2;27,0;28,8;28,8;30,0;26,4;22,2;22,8;19,8;21,0;22,8;22,2;21,6;21,6;19,8;21,0;22,2;21,0;22,2;22,2;24,0;24,0;21,6;20,4;21,6;19,2;20,4;20,4;19,8;0,0;0,0;0,0;0,0;0,0;0,0;0,0;0,0;0,0;0,0;0,0;0,0;0,0;0,0;0,0;6,6;;;;
02/04/2024;0,0;0,0;0,0;0,0;0,0;0,0;0,0;0,0;0,0;0,0;0,0;0,0;0,0;0,0;0,0;0,0;0,0;0,0;0,0;0,0;0,0;0,0;0,0;0,0;0,0;0,0;0,0;0,0;18,0;24,6;27,0;29,4;27,6;30,0;31,8;31,2;27,6;27,6;30,0;25,2;27,0;22,8;25,2;25,2;28,2;30,6;25,8;30,6;24,6;26,4;24,0;25,2;30,0;29,4;24,0;23,4;26,4;25,8;27,0;28,2;28,2;23,4;21,6;21,0;22,2;20,4;21,0;21,6;20,4;22,8;24,6;21,0;25,8;23,4;20,4;21,6;24,0;22,2;22,2;22,2;0,0;0,0;0,0;0,0;0,0;0,0;0,0;0,0;0,0;0,0;0,0;0,0;0,0;0,0;0,0;6,0;;;;
03/04/2024;0,0;0,0;0,0;0,0;0,0;0,0;0,0;0,0;0,0;0,0;0,0;0,0;0,0;0,0;0,0;0,0;0,0;0,0;0,0;0,0;0,0;0,0;0,0;0,0;0,0;0,0;0,0;0,0;21,0;24,6;24,0;24,0;25,8;25,2;28,2;25,2;25,2;26,4;25,8;24,0;22,2;23,4;29,4;25,8;27,0;25,2;22,2;27,6;25,2;25,2;24,0;27,0;28,8;31,8;25,2;24,6;28,2;26,4;24,0;25,8;24,6;25,2;23,4;21,6;21,6;21,0;22,2;22,8;21,0;23,4;23,4;22,2;21,6;21,6;21,0;22,8;22,2;21,0;21,0;21,6;0,0;0,0;0,0;0,0;0,0;0,0;0,0;0,0;0,0;0,0;0,0;0,0;0,0;0,0;0,0;6,3;;;;
04/04/2024;0,0;0,0;0,0;0,0;0,0;0,0;0,0;0,0;0,0;0,0;0,0;0,0;0,0;0,0;0,0;0,0;0,0;0,0;0,0;0,0;0,0;0,0;0,0;0,0;0,0;0,0;0,0;0,0;18,6;25,8;24,6;24,6;25,8;28,8;31,8;30,0;22,8;28,8;26,4;29,4;28,8;27,6;24,0;23,4;25,8;29,4;22,2;26,4;26,4;27,6;25,8;23,4;31,8;30,0;25,8;23,4;25,2;25,2;27,6;25,2;22,8;22,8;19,8;19,8;20,4;19,2;21,6;19,2;18,6;19,8;21,6;25,2;24,6;21,6;21,0;22,8;22,8;22,8;21,6;23,4;0,0;0,0;0,0;0,0;0,0;0,0;0,0;0,0;0,0;0,0;0,0;0,0;0,0;0,0;0,0;5,7;;;;
05/04/2024;0,0;0,0;0,0;0,0;0,0;0,0;0,0;0,0;0,0;0,0;0,0;0,0;0,0;0,0;0,0;0,0;0,0;0,0;0,0;0,0;0,0;0,0;0,0;0,0;0,0;0,0;0,0;0,0;18,0;26,4;26,4;30,6;30,6;28,8;30,6;25,8;26,4;24,0;24,0;25,2;21,6;27,0;22,2;23,4;21,0;26,4;27,6;26,4;28,8;24,6;27,0;28,8;24,6;26,4;28,8;28,8;24,6;19,2;20,4;25,2;24,6;22,2;21,0;22,2;20,4;21,6;21,6;19,2;21,0;21,0;20,4;25,8;22,2;21,6;20,4;24,0;22,2;21,6;20,4;21,6;0,0;0,0;0,0;0,0;0,0;0,0;0,0;0,0;0,0;0,0;0,0;0,0;0,0;0,0;0,0;6,3;;;;
06/04/2024;0,0;0,0;0,0;0,0;0,0;0,0;0,0;0,0;0,0;0,0;0,0;0,0;0,0;0,0;0,0;0,0;0,0;0,0;0,0;0,0;0,0;0,0;0,0;0,0;0,0;0,0;0,0;0,0;16,2;26,4;27,6;27,6;24,0;26,4;26,4;25,2;29,4;28,2;27,0;24,6;30,0;23,4;24,6;24,0;24,6;27,6;30,0;33,6;31,8;30,0;31,2;31,8;33,0;34,8;27,0;27,6;27,0;22,8;26,4;27,6;24,0;22,2;22,8;21,6;21,6;24,0;23,4;21,0;22,2;22,8;25,2;28,8;27,6;22,8;26,4;25,8;24,6;23,4;24,6;21,0;0,0;0,0;0,0;0,0;0,0;0,0;0,0;0,0;0,0;0,0;0,0;0,0;0,0;0,0;0,0;5,7;;;;
07/04/2024;0,0;0,0;0,0;0,0;0,0;0,0;0,0;0,0;0,0;0,0;0,0;0,0;0,0;0,0;0,0;0,0;0,0;0,0;0,0;0,0;0,0;0,0;0,0;0,0;0,0;0,0;0,0;0,0;16,2;21,0;25,2;27,0;24,0;28,2;30,0;26,4;25,2;30,6;27,6;29,4;25,2;31,8;25,2;23,4;25,8;29,4;30,0;28,2;27,6;29,4;24,6;29,4;30,6;35,4;32,4;31,2;31,8;29,4;29,4;25,8;27,6;24,6;22,2;20,4;21,6;21,6;22,2;23,4;21,6;24,0;21,6;25,2;26,4;23,4;20,4;22,2;22,8;24,0;21,6;22,2;0,0;0,0;0,0;0,0;0,0;0,0;0,0;0,0;0,0;0,0;0,0;0,0;0,0;0,0;0,0;5,4;;;;
08/04/2024;0,0;0,0;0,0;0,0;0,0;0,0;0,0;0,0;0,0;0,0;0,0;0,0;0,0;0,0;0,0;0,0;0,0;0,0;0,0;0,0;0,0;0,0;0,0;0,0;0,0;0,0;0,0;0,0;17,4;25,8;27,6;25,8;29,4;31,2;27,6;34,8;36,6;31,2;30,6;31,2;27,6;26,4;25,2;27,6;30,0;30,0;33,0;30,6;29,4;30,0;30,6;28,8;28,8;30,0;33,6;31,8;30,6;27,6;27,0;25,8;19,8;20,4;20,4;22,8;21,0;22,8;19,2;19,2;19,2;21,0;19,8;22,8;24,0;19,2;22,2;20,4;20,4;21,0;18,6;20,4;0,0;0,0;0,0;0,0;0,0;0,0;0,0;0,0;0,0;0,0;0,0;0,0;0,0;0,0;0,0;5,7;;;;
09/04/2024;0,0;0,0;0,0;0,0;0,0;0,0;0,0;0,0;0,0;0,0;0,0;0,0;0,0;0,0;0,0;0,0;0,0;0,0;0,0;0,0;0,0;0,0;0,0;0,0;0,0;0,0;0,0;0,0;19,2;23,4;24,6;28,8;32,4;31,2;30,6;29,4;29,4;28,2;27,0;27,6;25,8;27,0;27,0;26,4;30,6;33,0;28,2;33,0;28,8;28,8;29,4;25,8;32,4;33,6;25,8;28,8;31,8;27,0;25,8;27,6;23,4;21,6;21,6;24,0;22,8;22,8;22,2;24,0;24,0;25,2;23,4;26,4;26,4;22,2;24,0;23,4;22,2;22,8;22,8;22,8;0,0;0,0;0,0;0,0;0,0;0,0;0,0;0,0;0,0;0,0;0,0;0,0;0,0;0,0;0,0;5,7;;;;
10/04/2024;0,0;0,0;0,0;0,0;0,0;0,0;0,0;0,0;0,0;0,0;0,0;0,0;0,0;0,0;0,0;0,0;0,0;0,0;0,0;0,0;0,0;0,0;0,0;0,0;0,0;0,0;0,0;0,0;19,8;28,8;25,8;27,0;27,6;28,2;25,8;24,0;27,0;25,2;24,6;24,6;22,8;30,6;28,2;30,0;25,2;24,0;25,2;30,0;31,2;25,8;27,0;27,0;25,8;31,8;31,2;28,2;28,8;21,6;19,8;22,2;22,8;21,6;19,2;21,0;22,2;21,0;20,4;22,8;21,6;24,6;24,0;24,6;25,2;22,2;23,4;25,2;22,8;24,0;22,2;22,8;0,0;0,0;0,0;0,0;0,0;0,0;0,0;0,0;0,0;0,0;0,0;0,0;0,0;0,0;0,0;6,9;;;;
11/04/2024;0,0;0,0;0,0;0,0;0,0;0,0;0,0;0,0;0,0;0,0;0,0;0,0;0,0;0,0;0,0;0,0;0,0;0,0;0,0;0,0;0,0;0,0;0,0;0,0;0,0;0,0;0,0;0,0;19,8;24,6;29,4;28,8;27,6;25,8;25,8;31,2;34,8;33,6;30,0;30,0;27,0;25,8;25,2;31,2;27,6;30,0;29,4;27,0;27,6;25,8;23,4;28,2;28,8;32,4;30,6;26,4;27,6;29,4;28,2;27,0;25,8;22,2;25,8;26,4;21,6;23,4;22,2;22,2;22,2;24,0;20,4;22,2;20,4;21,0;21,6;24,0;22,8;24,0;22,2;24,6;0,0;0,0;0,0;0,0;0,0;0,0;0,0;0,0;0,0;0,0;0,0;0,0;0,0;0,0;0,0;6,6;;;;
12/04/2024;0,0;0,0;0,0;0,0;0,0;0,0;0,0;0,0;0,0;0,0;0,0;0,0;0,0;0,0;0,0;0,0;0,0;0,0;0,0;0,0;0,0;0,0;0,0;0,0;0,0;0,0;0,0;0,0;19,8;25,8;31,2;32,4;31,8;28,2;30,6;31,8;30,6;29,4;28,2;27,6;31,2;28,8;26,4;29,4;31,2;33,0;30,6;31,2;28,8;32,4;31,2;30,0;33,0;33,0;33,6;31,2;28,2;28,2;25,2;23,4;23,4;22,8;23,4;23,4;25,2;24,0;23,4;22,2;22,2;25,8;22,2;25,2;27,0;24,6;22,2;25,8;24,6;22,8;23,4;22,2;0,0;0,0;0,0;0,0;0,0;0,0;0,0;0,0;0,0;0,0;0,0;0,0;0,0;0,0;0,0;5,7;;;;
13/04/2024;0,0;0,0;0,0;0,0;0,0;0,0;0,0;0,0;0,0;0,0;0,0;0,0;0,0;0,0;0,0;0,0;0,0;0,0;0,0;0,0;0,0;0,0;0,0;0,0;0,0;0,0;0,0;0,0;19,2;25,2;28,8;30,6;31,2;31,8;28,2;28,8;29,4;27,6;25,8;27,6;25,8;24,0;24,6;28,2;28,2;35,4;28,8;28,8;28,2;31,2;28,8;29,4;30,6;31,2;29,4;30,0;27,0;23,4;25,2;22,2;21,6;23,4;22,2;23,4;23,4;23,4;21,6;20,4;21,6;24,0;23,4;25,2;25,2;24,0;23,4;25,2;22,2;22,2;22,2;21,6;0,0;0,0;0,0;0,0;0,0;0,0;0,0;0,0;0,0;0,0;0,0;0,0;0,0;0,0;0,0;6,3;;;;
14/04/2024;0,0;0,0;0,0;0,0;0,0;0,0;0,0;0,0;0,0;0,0;0,0;0,0;0,0;0,0;0,0;0,0;0,0;0,0;0,0;0,0;0,0;0,0;0,0;0,0;0,0;0,0;0,0;0,0;18,0;26,4;26,4;32,4;30,0;31,2;29,4;28,8;26,4;29,4;25,2;27,6;29,4;27,6;26,4;24,0;24,6;25,2;31,2;29,4;25,8;32,4;30,6;29,4;32,4;34,8;30,6;28,8;29,4;28,2;29,4;27,6;21,6;21,6;21,0;23,4;23,4;22,2;24,0;22,8;24,0;21,6;21,6;24,6;27,0;23,4;23,4;24,6;22,2;22,8;21,6;22,8;0,0;0,0;0,0;0,0;0,0;0,0;0,0;0,0;0,0;0,0;0,0;0,0;0,0;0,0;0,0;6,6;;;;
15/04/2024;0,0;0,0;0,0;0,0;0,0;0,0;0,0;0,0;0,0;0,0;0,0;0,0;0,0;0,0;0,0;0,0;0,0;0,0;0,0;0,0;0,0;0,0;0,0;0,0;0,0;0,0;0,0;0,0;21,0;25,8;27,6;28,2;29,4;26,4;25,8;28,2;30,0;25,8;28,8;28,8;25,2;29,4;24,6;24,0;23,4;28,8;29,4;30,0;34,8;27,6;31,2;32,4;32,4;31,8;30,0;30,6;28,8;26,4;26,4;25,2;23,4;23,4;23,4;23,4;22,8;22,8;21,6;21,6;22,8;25,2;24,0;25,8;24,0;22,8;23,4;23,4;25,8;21,6;21,6;22,8;0,0;0,0;0,0;0,0;0,0;0,0;0,0;0,0;0,0;0,0;0,0;0,0;0,0;0,0;0,0;6,6;;;;
16/04/2024;0,0;0,0;0,0;0,0;0,0;0,0;0,0;0,0;0,0;0,0;0,0;0,0;0,0;0,0;0,0;0,0;0,0;0,0;0,0;0,0;0,0;0,0;0,0;0,0;0,0;0,0;0,0;0,0;19,2;22,8;28,8;32,4;31,2;25,8;26,4;27,6;31,2;27,0;29,4;30,0;31,8;26,4;24,6;25,2;28,8;28,8;27,0;27,0;30,0;30,6;31,2;30,6;32,4;32,4;30,0;27,6;26,4;28,2;24,6;21,6;22,2;22,2;22,8;21,6;22,2;22,8;22,2;21,6;22,2;25,8;25,2;25,2;25,8;22,2;22,2;23,4;22,8;22,8;22,8;23,4;0,0;0,0;0,0;0,0;0,0;0,0;0,0;0,0;0,0;0,0;0,0;0,0;0,0;0,0;0,0;6,3;;;;
17/04/2024;0,0;0,0;0,0;0,0;0,0;0,0;0,0;0,0;0,0;0,0;0,0;0,0;0,0;0,0;0,0;0,0;0,0;0,0;0,0;0,0;0,0;0,0;0,0;0,0;0,0;0,0;0,0;0,0;20,4;24,6;28,2;32,4;31,2;29,4;27,6;27,6;30,6;26,4;26,4;27,6;28,8;25,8;22,8;24,0;26,4;29,4;26,4;30,0;25,2;27,0;24,0;23,4;26,4;28,2;25,2;31,2;28,8;24,0;22,8;21,6;19,8;19,2;18,6;19,8;19,8;19,8;18,6;22,8;18,6;19,2;21,6;24,0;22,2;21,6;22,2;24,6;21,6;21,0;20,4;22,8;0,0;0,0;0,0;0,0;0,0;0,0;0,0;0,0;0,0;0,0;0,0;0,0;0,0;0,0;0,0;6,6;;;;
18/04/2024;0,0;0,0;0,0;0,0;0,0;0,0;0,0;0,0;0,0;0,0;0,0;0,0;0,0;0,0;0,0;0,0;0,0;0,0;0,0;0,0;0,0;0,0;0,0;0,0;0,0;0,0;0,0;0,0;21,0;25,8;26,4;28,8;32,4;30,0;27,0;27,0;26,4;25,2;25,8;27,0;25,2;24,6;31,2;23,4;22,2;22,2;29,4;30,6;25,8;24,6;25,8;25,2;27,6;31,8;33,0;33,0;28,8;29,4;28,8;25,8;25,2;22,2;21,6;21,6;21,6;22,2;22,2;21,0;22,2;24,6;23,4;27,0;24,0;21,6;25,2;24,0;23,4;23,4;23,4;21,6;0,0;0,0;0,0;0,0;0,0;0,0;0,0;0,0;0,0;0,0;0,0;0,0;0,0;0,0;0,0;5,7;;;;
19/04/2024;0,0;0,0;0,0;0,0;0,0;0,0;0,0;0,0;0,0;0,0;0,0;0,0;0,0;0,0;0,0;0,0;0,0;0,0;0,0;0,0;0,0;0,0;0,0;0,0;0,0;0,0;0,0;0,0;19,2;27,6;28,2;32,4;31,8;30,0;28,8;28,2;26,4;26,4;24,6;24,0;26,4;27,6;23,4;25,2;28,8;28,2;29,4;22,8;27,0;27,6;32,4;30,0;29,4;31,2;23,4;22,8;21,0;24,6;21,6;25,8;26,4;26,4;22,8;20,4;22,2;22,8;21,0;24,0;22,8;24,0;22,8;26,4;21,6;22,8;21,0;23,4;22,8;22,2;21,6;21,6;0,0;0,0;0,0;0,0;0,0;0,0;0,0;0,0;0,0;0,0;0,0;0,0;0,0;0,0;0,0;6,0;;;;
20/04/2024;0,0;0,0;0,0;0,0;0,0;0,0;0,0;0,0;0,0;0,0;0,0;0,0;0,0;0,0;0,0;0,0;0,0;0,0;0,0;0,0;0,0;0,0;0,0;0,0;0,0;0,0;0,0;0,0;19,2;24,0;25,2;29,4;28,8;29,4;28,2;27,6;27,6;23,4;23,4;26,4;29,4;25,8;22,2;22,2;27,0;28,8;28,8;26,4;27,6;29,4;30,0;28,8;33,0;32,4;29,4;30,6;29,4;28,2;22,8;21,6;24,0;22,2;22,2;23,4;23,4;21,0;21,0;22,2;19,8;20,4;22,8;25,2;26,4;24,6;22,8;24,0;24,6;25,8;21,0;19,8;0,0;0,0;0,0;0,0;0,0;0,0;0,0;0,0;0,0;0,0;0,0;0,0;0,0;0,0;0,0;6,0;;;;
21/04/2024;0,0;0,0;0,0;0,0;0,0;0,0;0,0;0,0;0,0;0,0;0,0;0,0;0,0;0,0;0,0;0,0;0,0;0,0;0,0;0,0;0,0;0,0;0,0;0,0;0,0;0,0;0,0;0,0;16,2;26,4;27,6;31,8;31,2;29,4;33,0;25,8;25,2;27,0;30,0;25,8;26,4;26,4;24,0;28,8;27,6;27,6;30,0;30,6;27,0;32,4;29,4;27,6;26,4;31,2;28,2;27,0;27,0;27,0;24,0;22,8;22,8;21,6;20,4;22,8;22,8;21,6;21,6;19,8;23,4;21,0;22,2;25,8;24,0;21,6;23,4;24,6;22,2;22,2;23,4;21,0;0,0;0,0;0,0;0,0;0,0;0,0;0,0;0,0;0,0;0,0;0,0;0,0;0,0;0,0;0,0;6,0;;;;
22/04/2024;0,0;0,0;0,0;0,0;0,0;0,0;0,0;0,0;0,0;0,0;0,0;0,0;0,0;0,0;0,0;0,0;0,0;0,0;0,0;0,0;0,0;0,0;0,0;0,0;0,0;0,0;0,0;0,0;20,4;28,2;27,6;28,8;27,0;25,8;25,8;25,8;28,2;28,2;27,0;25,2;27,6;22,8;26,4;24,0;29,4;25,8;28,8;27,6;29,4;30,6;28,8;31,8;31,8;32,4;30,0;30,6;31,8;27,6;25,8;26,4;27,0;24,0;21,6;22,2;20,4;20,4;20,4;21,6;19,8;19,2;21,6;25,2;23,4;21,0;21,6;22,8;22,8;22,8;21,0;22,2;0,0;0,0;0,0;0,0;0,0;0,0;0,0;0,0;0,0;0,0;0,0;0,0;0,0;0,0;0,0;6,6;;;;
23/04/2024;0,0;0,0;0,0;0,0;0,0;0,0;0,0;0,0;0,0;0,0;0,0;0,0;0,0;0,0;0,0;0,0;0,0;0,0;0,0;0,0;0,0;0,0;0,0;0,0;0,0;0,0;0,0;0,0;18,6;26,4;27,0;28,8;30,0;31,2;32,4;26,4;27,0;25,2;24,6;27,6;31,2;26,4;21,6;21,0;26,4;30,0;27,0;24,6;25,8;28,8;26,4;30,6;31,8;32,4;30,0;28,2;27,0;22,8;22,8;24,0;21,6;21,0;22,2;22,8;20,4;22,8;20,4;21,0;19,8;21,6;19,8;23,4;22,8;23,4;21,0;22,8;22,8;20,4;21,6;21,6;0,0;0,0;0,0;0,0;0,0;0,0;0,0;0,0;0,0;0,0;0,0;0,0;0,0;0,0;0,0;6,3;;;;
24/04/2024;0,0;0,0;0,0;0,0;0,0;0,0;0,0;0,0;0,0;0,0;0,0;0,0;0,0;0,0;0,0;0,0;0,0;0,0;0,0;0,0;0,0;0,0;0,0;0,0;0,0;0,0;0,0;0,0;21,0;22,8;24,6;27,0;25,2;25,2;27,6;28,2;29,4;26,4;25,2;30,6;29,4;24,0;22,8;25,8;27,0;26,4;27,0;25,2;26,4;30,0;21,0;26,4;30,0;31,8;29,4;27,6;24,6;27,0;21,6;18,6;17,4;18,0;19,2;18,0;19,2;18,6;17,4;18,0;18,0;21,6;19,8;24,0;23,4;19,2;21,6;20,4;20,4;21,6;21,6;22,8;0,0;0,0;0,0;0,0;0,0;0,0;0,0;0,0;0,0;0,0;0,0;0,0;0,0;0,0;0,0;5,4;;;;
25/04/2024;0,0;0,0;0,0;0,0;0,0;0,0;0,0;0,0;0,0;0,0;0,0;0,0;0,0;0,0;0,0;0,0;0,0;0,0;0,0;0,0;0,0;0,0;0,0;0,0;0,0;0,0;0,0;0,0;21,0;28,8;27,6;30,6;30,0;30,0;28,8;27,6;24,6;26,4;27,0;24,0;24,6;23,4;22,2;21,6;25,8;27,6;24,0;22,8;27,6;27,6;21,6;26,4;24,6;25,8;27,0;22,2;24,0;21,6;23,4;22,2;22,8;22,8;18,6;19,2;20,4;19,2;19,2;18,6;19,2;20,4;21,6;22,8;24,0;19,2;23,4;22,8;22,8;21,6;21,0;23,4;0,0;0,0;0,0;0,0;0,0;0,0;0,0;0,0;0,0;0,0;0,0;0,0;0,0;0,0;0,0;6,3;;;;
26/04/2024;0,0;0,0;0,0;0,0;0,0;0,0;0,0;0,0;0,0;0,0;0,0;0,0;0,0;0,0;0,0;0,0;0,0;0,0;0,0;0,0;0,0;0,0;0,0;0,0;0,0;0,0;0,0;0,0;21,0;25,8;26,4;32,4;30,0;31,2;28,8;25,2;25,8;27,0;25,8;27,6;28,2;27,0;24,0;27,0;29,4;27,0;24,0;30,6;27,0;29,4;25,8;25,2;32,4;34,2;24,6;27,0;28,2;25,2;22,2;22,2;22,2;23,4;22,8;22,8;22,8;22,8;21,6;19,8;22,2;24,6;22,2;25,2;27,0;22,2;23,4;24,6;24,0;22,8;21,6;22,8;0,0;0,0;0,0;0,0;0,0;0,0;0,0;0,0;0,0;0,0;0,0;0,0;0,0;0,0;0,0;6,6;;;;
27/04/2024;0,0;0,0;0,0;0,0;0,0;0,0;0,0;0,0;0,0;0,0;0,0;0,0;0,0;0,0;0,0;0,0;0,0;0,0;0,0;0,0;0,0;0,0;0,0;0,0;0,0;0,0;0,0;0,0;18,0;27,0;30,6;33,0;32,4;29,4;27,6;28,8;29,4;26,4;22,8;26,4;26,4;27,6;22,8;24,0;30,6;30,6;27,6;30,6;27,0;30,0;30,0;30,0;30,0;31,2;28,8;25,2;22,2;21,0;24,0;25,2;21,0;21,0;20,4;22,2;20,4;21,6;21,6;21,0;22,2;22,2;21,6;24,0;22,2;22,8;22,2;22,8;21,6;21,6;20,4;19,8;0,0;0,0;0,0;0,0;0,0;0,0;0,0;0,0;0,0;0,0;0,0;0,0;0,0;0,0;0,0;6,0;;;;
28/04/2024;0,0;0,0;0,0;0,0;0,0;0,0;0,0;0,0;0,0;0,0;0,0;0,0;0,0;0,0;0,0;0,0;0,0;0,0;0,0;0,0;0,0;0,0;0,0;0,0;0,0;0,0;0,0;0,0;20,4;22,2;29,4;33,6;31,2;26,4;25,8;28,2;22,8;24,0;25,2;26,4;31,8;22,8;24,6;22,8;27,6;28,2;27,0;25,2;27,6;29,4;29,4;26,4;29,4;34,2;29,4;23,4;27,6;26,4;23,4;19,8;20,4;19,8;19,8;21,0;21,6;19,8;19,2;21,6;22,2;25,2;23,4;28,2;26,4;21,6;21,6;25,8;24,0;22,2;24,0;22,8;0,0;0,0;0,0;0,0;0,0;0,0;0,0;0,0;0,0;0,0;0,0;0,0;0,0;0,0;0,0;6,0;;;;
29/04/2024;0,0;0,0;0,0;0,0;0,0;0,0;0,0;0,0;0,0;0,0;0,0;0,0;0,0;0,0;0,0;0,0;0,0;0,0;0,0;0,0;0,0;0,0;0,0;0,0;0,0;0,0;0,0;0,0;18,6;30,0;27,6;33,0;30,6;26,4;27,6;28,8;28,8;28,8;25,2;28,8;25,8;25,2;27,0;25,8;33,0;28,8;27,6;26,4;31,2;30,0;28,8;31,2;31,8;29,4;33,0;28,2;33,0;25,8;23,4;23,4;22,2;23,4;23,4;25,8;25,2;26,4;25,2;23,4;26,4;26,4;24,0;25,8;25,8;22,8;26,4;25,8;25,2;24,0;22,8;23,4;0,0;0,0;0,0;0,0;0,0;0,0;0,0;0,0;0,0;0,0;0,0;0,0;0,0;0,0;0,0;6,3;;;;
30/04/2024;0,0;0,0;0,0;0,0;0,0;0,0;0,0;0,0;0,0;0,0;0,0;0,0;0,0;0,0;0,0;0,0;0,0;0,0;0,0;0,0;0,0;0,0;0,0;0,0;0,0;0,0;0,0;0,0;18,6;23,4;27,6;30,0;30,0;30,6;27,0;27,6;28,8;27,0;26,4;29,4;27,6;27,6;24,0;25,2;25,2;31,2;34,8;27,6;32,4;31,2;25,8;26,4;31,8;32,4;28,8;27,0;28,2;22,8;25,8;22,2;27,0;23,4;22,8;21,6;24,0;24,0;22,2;24,6;22,8;24,6;23,4;22,2;23,4;22,8;23,4;22,8;21,6;21,0;19,8;19,8;0,0;0,0;0,0;0,0;0,0;0,0;0,0;0,0;0,0;0,0;0,0;0,0;0,0;0,0;0,0;6,0;;;;
01/05/2024;0,0;0,0;0,0;0,0;0,0;0,0;0,0;0,0;0,0;0,0;0,0;0,0;0,0;0,0;0,0;0,0;0,0;0,0;0,0;0,0;0,0;0,0;0,0;0,0;0,0;0,0;0,0;0,0;23,4;33,6;30,6;31,2;26,4;24,0;22,8;24,6;28,8;24,6;25,2;22,2;24,0;27,6;21,6;24,0;22,2;28,2;27,0;26,4;22,2;25,2;26,4;24,6;26,4;27,0;30,6;28,8;28,8;27,6;22,8;19,8;20,4;19,8;21,0;21,0;21,6;22,2;19,8;21,6;24,0;24,0;22,2;22,2;22,8;21,6;24,6;22,8;23,4;21,6;21,6;22,2;0,0;0,0;0,0;0,0;0,0;0,0;0,0;0,0;0,0;0,0;0,0;0,0;0,0;0,0;0,0;6,3;;;;
02/05/2024;0,0;0,0;0,0;0,0;0,0;0,0;0,0;0,0;0,0;0,0;0,0;0,0;0,0;0,0;0,0;0,0;0,0;0,0;0,0;0,0;0,0;0,0;0,0;0,0;0,0;0,0;0,0;0,0;24,6;25,8;26,4;27,0;25,8;24,6;26,4;27,0;25,2;27,0;27,6;24,0;24,0;29,4;25,8;26,4;24,0;25,2;28,8;27,0;27,0;25,2;23,4;28,8;32,4;29,4;26,4;27,6;28,8;25,2;26,4;18,6;18,6;19,8;21,6;19,8;21,0;21,6;18,6;19,2;19,8;19,8;20,4;22,8;25,2;24,6;21,0;24,6;24,6;21,6;22,2;22,2;0,0;0,0;0,0;0,0;0,0;0,0;0,0;0,0;0,0;0,0;0,0;0,0;0,0;0,0;0,0;5,7;;;;
03/05/2024;0,0;0,0;0,0;0,0;0,0;0,0;0,0;0,0;0,0;0,0;0,0;0,0;0,0;0,0;0,0;0,0;0,0;0,0;0,0;0,0;0,0;0,0;0,0;0,0;0,0;0,0;0,0;0,0;20,4;28,8;32,4;31,8;30,0;28,2;26,4;25,8;29,4;25,2;27,6;30,0;26,4;26,4;24,6;28,8;28,8;29,4;25,2;28,8;28,8;26,4;25,2;24,0;31,2;35,4;31,2;21,0;23,4;29,4;26,4;22,8;22,2;22,2;20,4;21,6;21,0;22,2;22,8;20,4;21,6;22,2;22,8;25,2;26,4;21,0;23,4;22,8;22,8;22,2;21,0;21,0;0,0;0,0;0,0;0,0;0,0;0,0;0,0;0,0;0,0;0,0;0,0;0,0;0,0;0,0;0,0;6,0;;;;
04/05/2024;0,0;0,0;0,0;0,0;0,0;0,0;0,0;0,0;0,0;0,0;0,0;0,0;0,0;0,0;0,0;0,0;0,0;0,0;0,0;0,0;0,0;0,0;0,0;0,0;0,0;0,0;0,0;0,0;24,6;27,0;36,6;31,2;36,0;32,4;31,2;33,0;32,4;32,4;37,8;32,4;34,2;28,8;30,0;33,0;37,2;33,6;34,2;31,8;33,6;33,6;36,6;31,8;37,8;36,0;35,4;32,4;30,6;31,8;32,4;34,2;28,2;27,0;26,4;26,4;28,2;30,0;27,6;28,2;28,2;30,6;28,2;33,0;31,2;28,8;28,8;29,4;27,6;28,8;28,8;28,2;0,0;0,0;0,0;0,0;0,0;0,0;0,0;0,0;0,0;0,0;0,0;0,0;0,0;0,0;0,0;9,6;;;;
05/05/2024;0,0;0,0;0,0;0,0;0,0;0,0;0,0;0,0;0,0;0,0;0,0;0,0;0,0;0,0;0,0;0,0;0,0;0,0;0,0;0,0;0,0;0,0;0,0;0,0;0,0;0,0;0,0;0,0;24,0;34,2;31,8;34,2;30,6;36,0;36,6;36,6;34,8;36,0;31,2;31,2;33,6;35,4;31,2;31,8;32,4;36,0;33,0;32,4;35,4;36,6;31,8;32,4;37,2;39,6;29,4;34,2;34,2;35,4;27,6;31,8;28,2;30,0;27,6;30,0;25,8;29,4;28,8;29,4;27,0;31,2;27,0;30,6;26,4;28,2;25,8;30,0;27,0;27,0;27,6;28,2;0,0;0,0;0,0;0,0;0,0;0,0;0,0;0,0;0,0;0,0;0,0;0,0;0,0;0,0;0,0;9,6;;;;
06/05/2024;0,0;0,0;0,0;0,0;0,0;0,0;0,0;0,0;0,0;0,0;0,0;0,0;0,0;0,0;0,0;0,0;0,0;0,0;0,0;0,0;0,0;0,0;0,0;0,0;0,0;0,0;0,0;0,0;23,4;31,8;33,0;39,0;34,8;35,4;33,0;35,4;32,4;30,6;29,4;37,2;33,0;30,6;26,4;34,8;31,8;31,2;31,2;34,8;33,6;30,6;31,2;32,4;37,2;40,2;37,2;35,4;31,8;33,0;31,8;29,4;27,6;30,0;27,6;28,8;28,2;30,6;28,2;28,2;27,6;33,0;28,8;31,8;33,6;31,2;27,6;31,8;30,0;29,4;29,4;28,2;0,0;0,0;0,0;0,0;0,0;0,0;0,0;0,0;0,0;0,0;0,0;0,0;0,0;0,0;0,0;8,4;;;;
07/05/2024;0,0;0,0;0,0;0,0;0,0;0,0;0,0;0,0;0,0;0,0;0,0;0,0;0,0;0,0;0,0;0,0;0,0;0,0;0,0;0,0;0,0;0,0;0,0;0,0;0,0;0,0;0,0;0,0;22,8;33,6;36,0;38,4;34,2;31,2;30,6;32,4;34,2;31,2;29,4;28,2;28,8;31,8;28,2;30,0;27,6;33,0;33,0;33,6;35,4;31,8;37,2;36,6;34,8;34,2;37,2;33,6;27,6;27,0;29,4;28,2;29,4;26,4;28,2;27,0;30,0;29,4;28,2;27,6;28,8;30,0;28,8;29,4;31,2;29,4;27,6;30,0;28,2;30,0;27,6;28,8;0,0;0,0;0,0;0,0;0,0;0,0;0,0;0,0;0,0;0,0;0,0;0,0;0,0;0,0;0,0;9,0;;;;
08/05/2024;0,0;0,0;0,0;0,0;0,0;0,0;0,0;0,0;0,0;0,0;0,0;0,0;0,0;0,0;0,0;0,0;0,0;0,0;0,0;0,0;0,0;0,0;0,0;0,0;0,0;0,0;0,0;0,0;30,0;30,0;33,6;34,8;33,6;36,0;34,8;34,8;29,4;35,4;32,4;31,8;28,2;33,6;32,4;30,0;25,8;30,0;33,6;37,2;30,6;34,8;30,6;31,8;36,6;37,8;37,8;34,2;36,0;30,6;27,0;28,8;27,6;26,4;25,2;27,6;27,0;25,8;28,2;27,0;27,6;27,6;27,6;27,6;27,6;26,4;29,4;27,0;27,6;26,4;29,4;30,0;0,0;0,0;0,0;0,0;0,0;0,0;0,0;0,0;0,0;0,0;0,0;0,0;0,0;0,0;0,0;9,9;;;;
09/05/2024;0,0;0,0;0,0;0,0;0,0;0,0;0,0;0,0;0,0;0,0;0,0;0,0;0,0;0,0;0,0;0,0;0,0;0,0;0,0;0,0;0,0;0,0;0,0;0,0;0,0;0,0;0,0;0,0;24,0;31,8;30,6;33,0;32,4;33,6;36,6;37,8;33,6;29,4;33,0;32,4;32,4;30,6;28,8;24,6;30,6;38,4;30,0;27,6;28,2;33,6;30,0;31,8;37,2;37,2;33,0;37,2;37,2;34,2;28,8;27,0;24,6;27,0;24,0;28,8;26,4;27,0;25,2;27,6;24,6;25,2;26,4;29,4;26,4;27,0;30,6;25,8;27,6;25,2;25,2;26,4;0,0;0,0;0,0;0,0;0,0;0,0;0,0;0,0;0,0;0,0;0,0;0,0;0,0;0,0;0,0;9,6;;;;
10/05/2024;0,0;0,0;0,0;0,0;0,0;0,0;0,0;0,0;0,0;0,0;0,0;0,0;0,0;0,0;0,0;0,0;0,0;0,0;0,0;0,0;0,0;0,0;0,0;0,0;0,0;0,0;0,0;0,0;22,2;31,8;33,0;38,4;39,0;37,2;37,8;33,6;34,8;35,4;34,2;33,0;37,8;31,2;32,4;30,0;32,4;36,0;37,2;36,6;27,6;33,6;30,6;31,8;39,6;40,8;32,4;34,8;33,0;34,8;27,6;28,2;26,4;28,2;30,0;31,8;29,4;31,8;28,2;27,0;27,0;30,6;27,6;31,8;33,0;27,0;28,2;32,4;29,4;29,4;28,8;29,4;0,0;0,0;0,0;0,0;0,0;0,0;0,0;0,0;0,0;0,0;0,0;0,0;0,0;0,0;0,0;9,3;;;;
11/05/2024;0,0;0,0;0,0;0,0;0,0;0,0;0,0;0,0;0,0;0,0;0,0;0,0;0,0;0,0;0,0;0,0;0,0;0,0;0,0;0,0;0,0;0,0;0,0;0,0;0,0;0,0;0,0;0,0;22,8;32,4;33,6;37,2;39,6;37,8;33,0;35,4;35,4;33,6;35,4;37,8;37,2;33,0;32,4;31,8;34,8;37,8;34,8;36,0;30,0;39,0;36,6;35,4;33,6;36,6;41,4;34,8;35,4;36,0;35,4;34,8;28,8;31,8;30,0;30,0;30,6;31,2;30,0;29,4;31,2;31,2;30,0;30,6;32,4;27,0;29,4;30,0;31,8;28,8;29,4;29,4;0,0;0,0;0,0;0,0;0,0;0,0;0,0;0,0;0,0;0,0;0,0;0,0;0,0;0,0;0,0;9,3;;;;
12/05/2024;0,0;0,0;0,0;0,0;0,0;0,0;0,0;0,0;0,0;0,0;0,0;0,0;0,0;0,0;0,0;0,0;0,0;0,0;0,0;0,0;0,0;0,0;0,0;0,0;0,0;0,0;0,0;0,0;22,8;30,6;33,0;36,0;38,4;37,8;33,0;31,8;35,4;34,8;31,2;33,6;32,4;32,4;31,8;28,2;33,0;36,0;34,8;32,4;33,0;32,4;34,8;34,8;31,8;35,4;36,0;38,4;33,6;33,6;31,2;27,6;27,6;27,0;27,6;27,0;27,6;26,4;29,4;26,4;27,0;26,4;28,2;30,6;28,2;24,6;27,6;27,0;30,0;27,0;26,4;25,2;0,0;0,0;0,0;0,0;0,0;0,0;0,0;0,0;0,0;0,0;0,0;0,0;0,0;0,0;0,0;9,6;;;;
13/05/2024;0,0;0,0;0,0;0,0;0,0;0,0;0,0;0,0;0,0;0,0;0,0;0,0;0,0;0,0;0,0;0,0;0,0;0,0;0,0;0,0;0,0;0,0;0,0;0,0;0,0;0,0;0,0;0,0;22,8;28,8;36,0;37,2;35,4;32,4;31,8;32,4;34,8;31,8;28,8;33,0;27,6;33,6;29,4;34,2;31,8;37,2;33,0;34,2;33,0;37,2;34,2;33,0;34,2;34,2;34,8;33,0;31,8;27,0;30,6;30,0;28,2;27,6;27,0;25,2;26,4;26,4;29,4;27,0;27,6;30,0;30,0;30,6;28,2;27,0;28,8;29,4;25,2;27,6;27,6;28,8;0,0;0,0;0,0;0,0;0,0;0,0;0,0;0,0;0,0;0,0;0,0;0,0;0,0;0,0;0,0;10,2;;;;
14/05/2024;0,0;0,0;0,0;0,0;0,0;0,0;0,0;0,0;0,0;0,0;0,0;0,0;0,0;0,0;0,0;0,0;0,0;0,0;0,0;0,0;0,0;0,0;0,0;0,0;0,0;0,0;0,0;0,0;22,8;30,0;36,0;40,2;39,0;34,8;32,4;33,6;34,8;33,0;30,6;34,2;31,8;30,6;30,0;31,8;33,6;36,0;33,0;28,2;31,2;35,4;37,2;40,2;40,2;39,0;36,0;36,0;33,0;30,6;28,2;29,4;29,4;28,8;28,2;27,0;28,2;28,8;28,2;28,8;27,0;32,4;28,8;34,8;33,0;29,4;28,2;33,0;30,6;31,2;28,8;30,0;0,0;0,0;0,0;0,0;0,0;0,0;0,0;0,0;0,0;0,0;0,0;0,0;0,0;0,0;0,0;9,9;;;;
15/05/2024;0,0;0,0;0,0;0,0;0,0;0,0;0,0;0,0;0,0;0,0;0,0;0,0;0,0;0,0;0,0;0,0;0,0;0,0;0,0;0,0;0,0;0,0;0,0;0,0;0,0;0,0;0,0;0,0;25,8;33,6;32,4;31,8;33,6;32,4;34,2;31,2;31,2;31,2;30,0;34,8;29,4;28,8;31,8;34,8;36,6;35,4;28,8;30,6;33,6;34,8;30,0;24,6;33,6;33,6;28,8;34,8;36,6;33,0;25,2;26,4;24,6;25,2;24,6;27,6;26,4;28,2;27,0;30,0;27,6;29,4;27,0;32,4;26,4;27,6;30,0;30,6;30,6;27,6;30,6;28,8;0,0;0,0;0,0;0,0;0,0;0,0;0,0;0,0;0,0;0,0;0,0;0,0;0,0;0,0;0,0;10,2;;;;
16/05/2024;0,0;0,0;0,0;0,0;0,0;0,0;0,0;0,0;0,0;0,0;0,0;0,0;0,0;0,0;0,0;0,0;0,0;0,0;0,0;0,0;0,0;0,0;0,0;0,0;0,0;0,0;0,0;0,0;26,4;31,8;36,6;34,2;36,0;34,2;30,6;28,8;30,6;32,4;32,4;26,4;31,8;33,0;28,2;28,8;34,2;38,4;31,2;30,6;30,0;34,8;31,8;31,2;36,0;37,2;37,8;37,8;34,2;29,4;26,4;27,0;24,6;25,8;26,4;27,6;27,6;26,4;28,8;28,2;32,4;28,8;28,8;28,8;28,8;30,0;30,0;30,6;31,8;28,8;28,8;27,6;0,0;0,0;0,0;0,0;0,0;0,0;0,0;0,0;0,0;0,0;0,0;0,0;0,0;0,0;0,0;10,2;;;;
17/05/2024;0,0;0,0;0,0;0,0;0,0;0,0;0,0;0,0;0,0;0,0;0,0;0,0;0,0;0,0;0,0;0,0;0,0;0,0;0,0;0,0;0,0;0,0;0,0;0,0;0,0;0,0;0,0;0,0;22,8;31,8;29,4;33,6;31,2;33,6;34,8;32,4;31,2;30,6;33,0;30,6;32,4;30,6;30,6;31,2;34,8;39,0;34,8;30,6;36,6;35,4;38,4;36,6;37,2;37,2;34,2;36,0;34,8;31,8;33,6;28,8;28,8;28,2;27,0;27,6;27,6;27,6;29,4;27,6;29,4;31,2;28,2;31,2;28,2;28,2;28,2;28,2;25,2;25,8;26,4;27,6;0,0;0,0;0,0;0,0;0,0;0,0;0,0;0,0;0,0;0,0;0,0;0,0;0,0;0,0;0,0;9,6;;;;
18/05/2024;0,0;0,0;0,0;0,0;0,0;0,0;0,0;0,0;0,0;0,0;0,0;0,0;0,0;0,0;0,0;0,0;0,0;0,0;0,0;0,0;0,0;0,0;0,0;0,0;0,0;0,0;0,0;0,0;21,6;32,4;32,4;34,2;31,8;31,8;35,4;29,4;33,6;31,8;33,0;31,8;37,2;28,8;31,2;27,6;34,8;39,0;33,6;33,6;33,0;33,6;35,4;36,0;36,0;39,6;39,0;34,8;32,4;33,6;31,2;31,2;28,2;28,2;26,4;29,4;25,2;26,4;25,8;26,4;27,0;27,6;27,6;32,4;29,4;27,0;27,0;27,6;27,6;26,4;25,2;24,6;0,0;0,0;0,0;0,0;0,0;0,0;0,0;0,0;0,0;0,0;0,0;0,0;0,0;0,0;0,0;8,4;;;;
19/05/2024;0,0;0,0;0,0;0,0;0,0;0,0;0,0;0,0;0,0;0,0;0,0;0,0;0,0;0,0;0,0;0,0;0,0;0,0;0,0;0,0;0,0;0,0;0,0;0,0;0,0;0,0;0,0;0,0;21,6;31,2;34,2;37,2;35,4;33,0;30,6;28,2;30,6;28,8;30,6;35,4;27,0;31,8;30,6;32,4;31,2;33,6;30,6;29,4;31,8;35,4;31,8;36,6;33,6;39,6;35,4;27,6;28,2;27,0;26,4;30,6;27,0;24,0;27,0;26,4;26,4;26,4;28,2;25,2;31,2;28,8;28,2;29,4;31,2;27,0;27,6;27,0;25,8;25,2;25,2;25,8;0,0;0,0;0,0;0,0;0,0;0,0;0,0;0,0;0,0;0,0;0,0;0,0;0,0;0,0;0,0;9,6;;;;
20/05/2024;0,0;0,0;0,0;0,0;0,0;0,0;0,0;0,0;0,0;0,0;0,0;0,0;0,0;0,0;0,0;0,0;0,0;0,0;0,0;0,0;0,0;0,0;0,0;0,0;0,0;0,0;0,0;0,0;19,2;30,6;31,8;36,0;34,8;31,2;28,2;30,0;30,0;31,8;31,8;28,2;27,6;28,8;31,8;33,6;33,6;33,0;30,0;34,8;36,0;31,2;30,0;27,6;36,6;37,8;33,6;30,0;32,4;27,6;25,8;29,4;28,2;24,6;24,6;26,4;24,6;25,2;26,4;28,8;24,0;27,6;27,0;30,6;31,2;28,8;24,6;28,2;25,8;26,4;26,4;27,0;0,0;0,0;0,0;0,0;0,0;0,0;0,0;0,0;0,0;0,0;0,0;0,0;0,0;0,0;0,0;8,7;;;;
21/05/2024;0,0;0,0;0,0;0,0;0,0;0,0;0,0;0,0;0,0;0,0;0,0;0,0;0,0;0,0;0,0;0,0;0,0;0,0;0,0;0,0;0,0;0,0;0,0;0,0;0,0;0,0;0,0;0,0;25,2;29,4;30,6;30,0;32,4;30,6;30,0;28,8;33,0;27,6;31,8;32,4;31,8;29,4;27,0;34,2;36,0;33,0;29,4;36,0;33,6;34,8;32,4;33,0;30,0;34,2;28,8;28,2;24,0;25,8;24,0;28,2;28,2;27,6;27,6;29,4;27,0;26,4;25,2;25,8;28,8;28,2;27,0;27,0;27,6;24,0;26,4;25,8;24,6;24,0;24,6;25,8;0,0;0,0;0,0;0,0;0,0;0,0;0,0;0,0;0,0;0,0;0,0;0,0;0,0;0,0;0,0;9,0;;;;
22/05/2024;0,0;0,0;0,0;0,0;0,0;0,0;0,0;0,0;0,0;0,0;0,0;0,0;0,0;0,0;0,0;0,0;0,0;0,0;0,0;0,0;0,0;0,0;0,0;0,0;0,0;0,0;0,0;0,0;21,6;30,0;30,0;31,8;28,8;29,4;30,0;27,6;32,4;32,4;33,6;34,2;33,0;29,4;27,0;29,4;35,4;33,0;32,4;33,0;30,0;27,0;25,2;22,8;26,4;28,2;30,0;30,0;34,2;30,0;30,6;29,4;27,0;21,0;22,2;23,4;22,8;22,8;22,8;24,0;23,4;22,8;25,8;28,2;26,4;25,2;26,4;25,2;23,4;25,2;24,0;25,8;0,0;0,0;0,0;0,0;0,0;0,0;0,0;0,0;0,0;0,0;0,0;0,0;0,0;0,0;0,0;9,0;;;;
23/05/2024;0,0;0,0;0,0;0,0;0,0;0,0;0,0;0,0;0,0;0,0;0,0;0,0;0,0;0,0;0,0;0,0;0,0;0,0;0,0;0,0;0,0;0,0;0,0;0,0;0,0;0,0;0,0;0,0;21,6;24,6;31,8;30,0;31,8;28,2;30,6;28,8;34,8;34,8;31,8;28,2;31,8;28,8;29,4;27,6;33,6;32,4;27,6;32,4;27,0;25,8;28,2;33,6;27,0;28,8;33,6;32,4;32,4;31,2;26,4;26,4;24,0;25,2;24,0;24,0;22,8;26,4;23,4;23,4;25,2;25,8;24,0;25,2;25,2;22,8;28,8;25,8;24,6;22,2;26,4;25,2;0,0;0,0;0,0;0,0;0,0;0,0;0,0;0,0;0,0;0,0;0,0;0,0;0,0;0,0;0,0;8,4;;;;
24/05/2024;0,0;0,0;0,0;0,0;0,0;0,0;0,0;0,0;0,0;0,0;0,0;0,0;0,0;0,0;0,0;0,0;0,0;0,0;0,0;0,0;0,0;0,0;0,0;0,0;0,0;0,0;0,0;0,0;21,6;32,4;30,0;33,6;32,4;30,6;33,0;37,2;34,8;31,2;35,4;31,8;32,4;33,0;29,4;33,6;32,4;37,2;38,4;37,8;37,2;33,0;36,0;36,6;35,4;37,2;39,6;32,4;33,0;27,0;26,4;27,0;27,6;28,2;27,6;28,8;28,2;27,0;30,0;27,6;29,4;28,8;30,0;31,8;30,0;31,8;27,6;28,8;24,6;27,0;25,8;26,4;0,0;0,0;0,0;0,0;0,0;0,0;0,0;0,0;0,0;0,0;0,0;0,0;0,0;0,0;0,0;7,8;;;;
25/05/2024;0,0;0,0;0,0;0,0;0,0;0,0;0,0;0,0;0,0;0,0;0,0;0,0;0,0;0,0;0,0;0,0;0,0;0,0;0,0;0,0;0,0;0,0;0,0;0,0;0,0;0,0;0,0;0,0;21,6;28,8;29,4;32,4;28,8;34,2;32,4;32,4;23,4;25,2;21,0;21,6;25,2;26,4;22,2;22,2;25,2;28,2;24,0;25,2;27,0;27,6;26,4;28,8;28,8;31,2;28,2;27,0;26,4;24,6;22,2;22,8;25,8;25,8;24,0;21,0;21,0;19,2;19,8;21,0;20,4;22,2;22,2;22,8;21,6;19,2;16,8;21,0;19,8;19,2;18,0;16,8;0,0;0,0;0,0;0,0;0,0;0,0;0,0;0,0;0,0;0,0;0,0;0,0;0,0;0,0;0,0;5,4;;;;
26/05/2024;0,0;0,0;0,0;0,0;0,0;0,0;0,0;0,0;0,0;0,0;0,0;0,0;0,0;0,0;0,0;0,0;0,0;0,0;0,0;0,0;0,0;0,0;0,0;0,0;0,0;0,0;0,0;0,0;16,8;22,8;23,4;24,0;24,6;21,6;21,6;23,4;29,4;26,4;25,8;23,4;28,8;25,2;21,0;24,0;26,4;32,4;24,6;27,0;27,6;26,4;23,4;22,2;25,2;29,4;27,6;26,4;25,8;21,6;24,0;23,4;19,2;18,0;18,0;18,6;18,6;19,2;20,4;20,4;21,6;22,8;21,6;23,4;21,6;19,2;20,4;20,4;18,6;19,8;17,4;17,4;0,0;0,0;0,0;0,0;0,0;0,0;0,0;0,0;0,0;0,0;0,0;0,0;0,0;0,0;0,0;5,1;;;;
27/05/2024;0,0;0,0;0,0;0,0;0,0;0,0;0,0;0,0;0,0;0,0;0,0;0,0;0,0;0,0;0,0;0,0;0,0;0,0;0,0;0,0;0,0;0,0;0,0;0,0;0,0;0,0;0,0;0,0;15,0;23,4;22,2;23,4;21,6;19,8;19,8;21,6;24,6;27,6;27,0;22,8;26,4;21,6;22,2;22,2;27,0;28,8;24,6;25,2;28,2;27,0;24,0;22,2;23,4;26,4;28,2;24,6;19,8;20,4;24,0;22,2;21,0;19,8;19,8;19,2;20,4;19,8;19,8;18,6;19,8;21,0;19,8;21,6;22,2;19,8;21,0;20,4;19,8;20,4;21,0;19,2;0,0;0,0;0,0;0,0;0,0;0,0;0,0;0,0;0,0;0,0;0,0;0,0;0,0;0,0;0,0;5,7;;;;
28/05/2024;0,0;0,0;0,0;0,0;0,0;0,0;0,0;0,0;0,0;0,0;0,0;0,0;0,0;0,0;0,0;0,0;0,0;0,0;0,0;0,0;0,0;0,0;0,0;0,0;0,0;0,0;0,0;0,0;15,6;20,4;26,4;28,2;28,2;27,0;24,6;22,2;23,4;26,4;19,8;19,8;24,6;21,6;25,2;25,8;28,8;24,0;24,0;22,8;29,4;25,8;23,4;22,2;27,0;24,6;27,0;25,2;17,4;17,4;18,0;17,4;22,2;20,4;19,2;18,0;19,8;19,8;19,2;19,8;21,0;22,8;21,0;23,4;22,2;18,0;18,6;22,8;21,0;19,2;21,0;18,6;0,0;0,0;0,0;0,0;0,0;0,0;0,0;0,0;0,0;0,0;0,0;0,0;0,0;0,0;0,0;5,399;;;;
29/05/2024;0,0;0,0;0,0;0,0;0,0;0,0;0,0;0,0;0,0;0,0;0,0;0,0;0,0;0,0;0,0;0,0;0,0;0,0;0,0;0,0;0,0;0,0;0,0;0,0;0,0;0,0;0,0;0,0;18,0;18,0;24,6;22,8;22,2;21,0;21,0;24,0;28,2;27,6;25,2;24,0;19,8;19,8;24,0;25,8;27,6;24,6;21,6;24,6;26,4;25,2;20,4;18,0;17,4;22,8;24,0;24,0;24,6;21,6;19,8;21,0;19,2;17,4;18,0;16,8;16,2;18,0;16,8;17,4;19,2;20,4;18,6;21,0;20,4;17,4;19,8;21,0;19,2;18,6;19,8;18,0;0,0;0,0;0,0;0,0;0,0;0,0;0,0;0,0;0,0;0,0;0,0;0,0;0,0;0,0;0,0;6,0;;;;
30/05/2024;0,0;0,0;0,0;0,0;0,0;0,0;0,0;0,0;0,0;0,0;0,0;0,0;0,0;0,0;0,0;0,0;0,0;0,0;0,0;0,0;0,0;0,0;0,0;0,0;0,0;0,0;0,0;0,0;15,6;21,6;24,6;23,4;21,6;25,8;26,4;27,0;22,8;18,6;18,0;22,2;21,0;24,6;22,2;21,0;23,4;29,4;24,6;21,6;21,0;23,4;28,8;21,0;20,4;24,0;27,0;28,8;24,6;22,2;21,0;17,4;16,2;16,2;16,2;17,4;17,4;16,2;19,2;17,4;18,6;22,2;19,2;22,8;19,8;18,0;21,0;20,4;21,6;19,8;18,6;17,4;0,0;0,0;0,0;0,0;0,0;0,0;0,0;0,0;0,0;0,0;0,0;0,0;0,0;0,0;0,0;5,1;;;;
31/05/2024;0,0;0,0;0,0;0,0;0,0;0,0;0,0;0,0;0,0;0,0;0,0;0,0;0,0;0,0;0,0;0,0;0,0;0,0;0,0;0,0;0,0;0,0;0,0;0,0;0,0;0,0;0,0;0,0;12,6;24,6;23,4;28,2;27,0;27,0;26,4;23,4;24,0;27,0;26,4;21,6;25,2;22,8;22,8;22,8;28,8;31,8;26,4;25,8;28,2;28,2;28,2;23,4;28,8;30,0;28,2;24,6;24,0;19,8;18,6;20,4;19,2;19,8;19,2;18,0;18,6;19,2;20,4;18,6;21,0;19,8;21,0;21,6;21,6;19,8;19,2;19,8;18,6;21,0;19,2;18,6;0,0;0,0;0,0;0,0;0,0;0,0;0,0;0,0;0,0;0,0;0,0;0,0;0,0;0,0;0,0;5,7;;;;
01/06/2024;0,0;0,0;0,0;0,0;0,0;0,0;0,0;0,0;0,0;0,0;0,0;0,0;0,0;0,0;0,0;0,0;0,0;0,0;0,0;0,0;0,0;0,0;0,0;0,0;0,0;0,0;0,0;0,0;14,4;23,4;24,6;26,4;23,4;24,6;24,0;25,8;22,8;24,6;25,2;24,6;27,0;22,8;20,4;20,4;21,6;30,0;21,6;19,8;28,8;28,2;25,8;23,4;27,6;27,6;30,6;31,2;25,2;26,4;22,8;19,8;18,0;18,0;19,2;20,4;20,4;18,6;19,8;20,4;18,6;21,6;21,6;24,0;22,8;20,4;18,6;21,0;21,0;19,8;16,8;19,8;0,0;0,0;0,0;0,0;0,0;0,0;0,0;0,0;0,0;0,0;0,0;0,0;0,0;0,0;0,0;5,101;;;;
02/06/2024;0,0;0,0;0,0;0,0;0,0;0,0;0,0;0,0;0,0;0,0;0,0;0,0;0,0;0,0;0,0;0,0;0,0;0,0;0,0;0,0;0,0;0,0;0,0;0,0;0,0;0,0;0,0;0,0;14,4;19,2;21,0;22,2;23,4;21,6;27,0;28,2;27,6;27,6;24,0;19,2;24,0;22,8;20,4;19,8;24,6;28,2;27,6;19,8;19,8;22,8;27,0;23,4;21,6;25,8;29,4;26,4;26,4;21,0;19,8;19,2;18,0;21,0;22,2;21,6;19,8;18,6;19,8;19,2;19,8;23,4;19,8;22,8;19,2;17,4;19,8;18,6;19,8;18,0;18,0;18,6;0,0;0,0;0,0;0,0;0,0;0,0;0,0;0,0;0,0;0,0;0,0;0,0;0,0;0,0;0,0;5,4;;;;
03/06/2024;0,0;0,0;0,0;0,0;0,0;0,0;0,0;0,0;0,0;0,0;0,0;0,0;0,0;0,0;0,0;0,0;0,0;0,0;0,0;0,0;0,0;0,0;0,0;0,0;0,0;0,0;0,0;0,0;15,6;21,6;22,2;27,6;26,4;27,0;24,0;21,6;24,0;26,4;23,4;27,6;21,0;21,6;25,8;27,6;27,0;25,2;21,6;21,6;21,6;27,6;26,4;27,0;30,0;27,0;27,6;21,0;21,0;23,4;18,0;18,6;22,2;20,4;18,6;19,2;19,2;18,0;19,2;19,2;19,2;20,4;20,4;23,4;24,0;19,2;18,6;22,2;18,6;18,0;20,4;18,6;0,0;0,0;0,0;0,0;0,0;0,0;0,0;0,0;0,0;0,0;0,0;0,0;0,0;0,0;0,0;5,1;;;;
04/06/2024;0,0;0,0;0,0;0,0;0,0;0,0;0,0;0,0;0,0;0,0;0,0;0,0;0,0;0,0;0,0;0,0;0,0;0,0;0,0;0,0;0,0;0,0;0,0;0,0;0,0;0,0;0,0;0,0;12,0;21,6;25,2;27,6;25,2;23,4;23,4;20,4;20,4;26,4;19,2;25,8;21,0;19,2;21,0;27,0;25,2;27,6;21,0;27,6;25,8;24,0;22,8;24,0;25,2;31,2;27,6;25,2;23,4;19,8;24,0;21,0;18,6;19,8;18,0;18,6;19,2;19,8;18,6;22,2;21,0;22,2;22,2;24,0;23,4;19,8;20,4;21,0;20,4;18,6;19,2;17,4;0,0;0,0;0,0;0,0;0,0;0,0;0,0;0,0;0,0;0,0;0,0;0,0;0,0;0,0;0,0;5,1;;;;
05/06/2024;0,0;0,0;0,0;0,0;0,0;0,0;0,0;0,0;0,0;0,0;0,0;0,0;0,0;0,0;0,0;0,0;0,0;0,0;0,0;0,0;0,0;0,0;0,0;0,0;0,0;0,0;0,0;0,0;13,8;23,4;22,2;27,0;25,2;25,2;21,6;21,6;22,2;24,0;22,8;23,4;19,8;27,6;24,0;21,6;20,4;25,8;26,4;24,6;23,4;19,8;18,0;25,8;29,4;25,8;33,0;30,6;27,0;28,8;22,8;19,2;21,0;18,6;16,8;18,0;15,6;16,2;17,4;20,4;18,0;21,6;19,8;22,2;20,4;19,8;21,0;21,6;21,6;18,6;19,8;18,6;0,0;0,0;0,0;0,0;0,0;0,0;0,0;0,0;0,0;0,0;0,0;0,0;0,0;0,0;0,0;5,7;;;;
06/06/2024;0,0;0,0;0,0;0,0;0,0;0,0;0,0;0,0;0,0;0,0;0,0;0,0;0,0;0,0;0,0;0,0;0,0;0,0;0,0;0,0;0,0;0,0;0,0;0,0;0,0;0,0;0,0;0,0;14,4;24,0;21,6;23,4;23,4;25,8;24,0;22,8;26,4;22,8;21,0;20,4;19,2;26,4;21,0;19,8;24,0;27,6;24,0;22,2;21,0;23,4;23,4;21,6;25,8;23,4;27,6;21,6;22,8;19,8;19,2;18,6;16,8;17,4;18,6;16,8;18,0;17,4;19,8;18,0;18,6;21,6;21,0;20,4;21,0;17,4;20,4;19,8;18,6;18,6;18,6;19,2;0,0;0,0;0,0;0,0;0,0;0,0;0,0;0,0;0,0;0,0;0,0;0,0;0,0;0,0;0,0;5,7;;;;
07/06/2024;0,0;0,0;0,0;0,0;0,0;0,0;0,0;0,0;0,0;0,0;0,0;0,0;0,0;0,0;0,0;0,0;0,0;0,0;0,0;0,0;0,0;0,0;0,0;0,0;0,0;0,0;0,0;0,0;18,0;19,2;27,6;28,8;26,4;26,4;26,4;24,6;24,6;27,6;23,4;27,0;25,2;25,8;25,2;29,4;27,6;26,4;31,2;27,6;27,6;28,8;21,6;25,8;28,8;30,6;31,2;27,6;27,0;24,0;21,6;23,4;20,4;21,0;19,2;19,8;20,4;19,2;20,4;21,6;19,8;25,2;23,4;25,2;22,2;21,6;19,2;21,0;21,0;19,8;19,8;18,6;0,0;0,0;0,0;0,0;0,0;0,0;0,0;0,0;0,0;0,0;0,0;0,0;0,0;0,0;0,0;5,1;;;;
08/06/2024;0,0;0,0;0,0;0,0;0,0;0,0;0,0;0,0;0,0;0,0;0,0;0,0;0,0;0,0;0,0;0,0;0,0;0,0;0,0;0,0;0,0;0,0;0,0;0,0;0,0;0,0;0,0;0,0;14,4;22,8;24,6;28,2;28,2;26,4;22,2;23,4;31,2;27,0;20,4;28,8;30,0;26,4;25,2;25,2;24,6;31,2;28,2;25,2;30,6;28,8;30,0;27,0;30,0;28,8;28,8;26,4;26,4;21,0;25,8;26,4;28,2;29,4;24,0;23,4;22,2;21,6;24,6;21,6;21,6;22,8;21,6;24,0;23,4;20,4;21,6;21,0;19,2;21,0;19,8;18,6;0,0;0,0;0,0;0,0;0,0;0,0;0,0;0,0;0,0;0,0;0,0;0,0;0,0;0,0;0,0;5,4;;;;
09/06/2024;0,0;0,0;0,0;0,0;0,0;0,0;0,0;0,0;0,0;0,0;0,0;0,0;0,0;0,0;0,0;0,0;0,0;0,0;0,0;0,0;0,0;0,0;0,0;0,0;0,0;0,0;0,0;0,0;15,0;22,8;23,4;25,2;25,8;28,2;27,0;22,8;21,6;27,6;27,6;27,0;22,2;25,8;26,4;25,8;28,8;28,2;27,0;26,4;29,4;23,4;25,8;27,6;31,2;30,0;32,4;31,8;24,6;27,6;25,2;25,2;22,8;20,4;20,4;20,4;21,6;21,6;21,6;22,2;22,2;20,4;21,6;27,6;25,2;22,8;23,4;22,8;21,6;21,0;21,0;20,4;0,0;0,0;0,0;0,0;0,0;0,0;0,0;0,0;0,0;0,0;0,0;0,0;0,0;0,0;0,0;6,3;;;;
10/06/2024;0,0;0,0;0,0;0,0;0,0;0,0;0,0;0,0;0,0;0,0;0,0;0,0;0,0;0,0;0,0;0,0;0,0;0,0;0,0;0,0;0,0;0,0;0,0;0,0;0,0;0,0;0,0;0,0;13,2;15,0;26,4;27,0;28,2;27,0;21,6;22,2;23,4;24,0;21,0;21,6;20,4;26,4;24,6;21,0;22,8;25,8;28,8;31,2;24,6;25,2;28,8;28,2;30,6;30,6;24,0;27,6;25,2;26,4;28,2;27,0;25,2;25,8;21,0;21,6;22,2;22,2;22,8;24,0;25,2;26,4;22,8;26,4;24,6;21,6;25,8;22,8;24,0;22,8;22,2;21,6;0,0;0,0;0,0;0,0;0,0;0,0;0,0;0,0;0,0;0,0;0,0;0,0;0,0;0,0;0,0;6,3;;;;
11/06/2024;0,0;0,0;0,0;0,0;0,0;0,0;0,0;0,0;0,0;0,0;0,0;0,0;0,0;0,0;0,0;0,0;0,0;0,0;0,0;0,0;0,0;0,0;0,0;0,0;0,0;0,0;0,0;0,0;12,6;18,6;24,0;30,0;27,6;26,4;24,0;24,0;25,8;21,6;23,4;23,4;23,4;22,8;20,4;25,2;25,8;30,0;28,2;27,6;28,8;28,8;28,2;30,0;31,2;28,2;21,6;19,2;20,4;21,0;18,6;20,4;19,2;18,0;23,4;25,8;24,6;24,0;28,2;28,8;27,6;27,0;27,6;31,8;32,4;27,6;26,4;26,4;25,8;24,0;22,8;20,4;0,0;0,0;0,0;0,0;0,0;0,0;0,0;0,0;0,0;0,0;0,0;0,0;0,0;0,0;0,0;5,4;;;;
12/06/2024;0,0;0,0;0,0;0,0;0,0;0,0;0,0;0,0;0,0;0,0;0,0;0,0;0,0;0,0;0,0;0,0;0,0;0,0;0,0;0,0;0,0;0,0;0,0;0,0;0,0;0,0;0,0;0,0;16,8;23,4;25,8;22,2;21,0;23,4;21,6;22,8;24,0;23,4;21,6;28,2;27,0;28,8;26,4;24,6;24,6;27,6;30,6;29,4;23,4;25,2;22,2;20,4;21,6;24,0;30,6;30,6;30,0;27,6;28,2;22,8;22,8;22,2;21,6;22,8;25,8;24,6;26,4;25,2;25,8;31,2;25,8;28,2;25,8;25,2;28,2;25,8;24,0;25,8;22,2;20,4;0,0;0,0;0,0;0,0;0,0;0,0;0,0;0,0;0,0;0,0;0,0;0,0;0,0;0,0;0,0;6,301;;;;
13/06/2024;0,0;0,0;0,0;0,0;0,0;0,0;0,0;0,0;0,0;0,0;0,0;0,0;0,0;0,0;0,0;0,0;0,0;0,0;0,0;0,0;0,0;0,0;0,0;0,0;0,0;0,0;0,0;0,0;14,4;21,0;24,0;24,6;22,8;21,0;24,6;24,0;23,4;25,2;24,6;21,6;21,6;25,2;30,6;29,4;23,4;27,0;26,4;34,2;36,0;27,0;27,6;32,4;33,6;32,4;33,6;33,6;36,0;30,6;28,2;27,0;24,6;24,6;24,6;24,0;25,2;22,8;27,0;28,2;28,8;30,6;29,4;29,4;31,8;28,2;28,8;28,2;27,6;27,6;25,8;27,6;0,0;0,0;0,0;0,0;0,0;0,0;0,0;0,0;0,0;0,0;0,0;0,0;0,0;0,0;0,0;12,6;;;;
14/06/2024;0,0;0,0;0,0;0,0;0,0;0,0;0,0;0,0;0,0;0,0;0,0;0,0;0,0;0,0;0,0;0,0;0,0;0,0;0,0;0,0;0,0;0,0;0,0;0,0;0,0;0,0;0,0;0,0;19,8;22,2;28,2;32,4;30,6;29,4;26,4;27,0;30,6;27,6;28,2;25,8;27,6;28,8;28,8;30,6;36,6;42,6;39,6;37,2;40,2;39,0;36,0;36,6;38,4;36,0;37,8;32,4;33,0;32,4;28,8;31,8;31,8;30,6;31,8;38,4;34,2;33,6;36,6;39,6;40,8;40,8;38,4;42,0;40,2;37,2;37,8;39,0;37,2;34,8;31,2;29,4;0,0;0,0;0,0;0,0;0,0;0,0;0,0;0,0;0,0;0,0;0,0;0,0;0,0;0,0;0,0;9,6;;;;
15/06/2024;0,0;0,0;0,0;0,0;0,0;0,0;0,0;0,0;0,0;0,0;0,0;0,0;0,0;0,0;0,0;0,0;0,0;0,0;0,0;0,0;0,0;0,0;0,0;0,0;0,0;0,0;0,0;0,0;18,6;27,0;26,4;33,6;32,4;33,0;30,0;31,8;30,0;27,0;28,2;34,8;26,4;27,6;33,6;37,2;36,0;36,6;32,4;33,0;37,2;37,2;37,2;39,0;34,8;36,6;34,2;35,4;37,2;28,2;27,6;28,8;30,0;32,4;34,2;33,6;33,6;33,0;35,4;33,6;34,2;37,8;33,6;37,2;33,0;31,8;32,4;34,8;34,8;32,4;26,4;27,6;0,0;0,0;0,0;0,0;0,0;0,0;0,0;0,0;0,0;0,0;0,0;0,0;0,0;0,0;0,0;8,7;;;;
16/06/2024;0,0;0,0;0,0;0,0;0,0;0,0;0,0;0,0;0,0;0,0;0,0;0,0;0,0;0,0;0,0;0,0;0,0;0,0;0,0;0,0;0,0;0,0;0,0;0,0;0,0;0,0;0,0;0,0;21,0;28,8;27,6;31,8;30,6;30,0;27,0;27,0;28,8;26,4;28,8;31,8;30,6;30,6;31,2;31,8;34,2;34,8;36,0;35,4;36,0;37,8;35,4;37,8;34,2;33,6;36,6;34,2;31,8;27,0;27,6;30,0;31,2;29,4;31,8;35,4;34,8;31,8;34,2;38,4;34,8;33,6;34,8;37,2;34,8;32,4;32,4;32,4;31,2;28,2;27,0;26,4;0,0;0,0;0,0;0,0;0,0;0,0;0,0;0,0;0,0;0,0;0,0;0,0;0,0;0,0;0,0;9,6;;;;
17/06/2024;0,0;0,0;0,0;0,0;0,0;0,0;0,0;0,0;0,0;0,0;0,0;0,0;0,0;0,0;0,0;0,0;0,0;0,0;0,0;0,0;0,0;0,0;0,0;0,0;0,0;0,0;0,0;0,0;15,6;17,4;24,6;31,2;30,0;30,6;29,4;31,2;31,2;24,6;24,6;24,0;25,8;37,8;38,4;39,0;33,6;32,4;34,8;34,8;42,0;33,0;30,6;32,4;33,0;39,0;39,6;32,4;33,0;37,2;38,4;33,6;36,0;36,6;36,6;36,6;36,6;35,4;36,0;38,4;35,4;35,4;37,2;39,0;38,4;36,0;37,8;39,0;34,8;31,8;31,2;30,6;0,0;0,0;0,0;0,0;0,0;0,0;0,0;0,0;0,0;0,0;0,0;0,0;0,0;0,0;0,0;7,5;;;;
18/06/2024;0,0;0,0;0,0;0,0;0,0;0,0;0,0;0,0;0,0;0,0;0,0;0,0;0,0;0,0;0,0;0,0;0,0;0,0;0,0;0,0;0,0;0,0;0,0;0,0;0,0;0,0;0,0;0,0;17,4;19,2;29,4;34,2;33,6;28,8;30,0;27,6;31,2;29,4;31,2;33,6;30,6;33,6;33,6;37,2;37,2;38,4;42,0;38,4;42,6;41,4;36,6;40,2;38,4;36,0;34,2;34,2;30,6;28,2;31,2;34,8;31,2;31,8;31,8;39,0;39,0;36,6;36,6;36,0;37,2;41,4;34,8;38,4;40,2;32,4;32,4;31,8;34,2;30,0;30,6;28,2;0,0;0,0;0,0;0,0;0,0;0,0;0,0;0,0;0,0;0,0;0,0;0,0;0,0;0,0;0,0;8,4;;;;
19/06/2024;0,0;0,0;0,0;0,0;0,0;0,0;0,0;0,0;0,0;0,0;0,0;0,0;0,0;0,0;0,0;0,0;0,0;0,0;0,0;0,0;0,0;0,0;0,0;0,0;0,0;0,0;0,0;0,0;22,2;26,4;22,8;27,0;25,8;27,0;29,4;27,6;30,6;27,0;28,8;30,6;28,2;26,4;33,6;37,8;34,8;35,4;37,8;39,0;34,2;30,0;30,6;35,4;39,6;38,4;37,8;34,8;31,8;30,6;30,6;31,8;28,8;28,8;30,0;32,4;32,4;36,0;31,2;33,0;32,4;34,2;34,2;39,0;35,4;31,2;31,2;35,4;32,4;29,4;26,4;25,2;0,0;0,0;0,0;0,0;0,0;0,0;0,0;0,0;0,0;0,0;0,0;0,0;0,0;0,0;0,0;8,1;;;;
20/06/2024;0,0;0,0;0,0;0,0;0,0;0,0;0,0;0,0;0,0;0,0;0,0;0,0;0,0;0,0;0,0;0,0;0,0;0,0;0,0;0,0;0,0;0,0;0,0;0,0;0,0;0,0;0,0;0,0;19,8;27,0;25,2;30,6;27,0;28,8;24,6;22,8;25,2;22,8;22,8;26,4;28,2;25,2;24,6;25,8;33,6;33,6;28,8;30,0;30,6;31,2;27,0;30,0;36,0;31,2;35,4;36,6;33,0;30,0;29,4;31,8;29,4;28,2;29,4;33,0;31,8;33,6;33,6;34,8;31,2;33,6;31,2;33,0;31,8;30,0;30,6;31,2;29,4;27,6;29,4;25,8;0,0;0,0;0,0;0,0;0,0;0,0;0,0;0,0;0,0;0,0;0,0;0,0;0,0;0,0;0,0;7,2;;;;
21/06/2024;0,0;0,0;0,0;0,0;0,0;0,0;0,0;0,0;0,0;0,0;0,0;0,0;0,0;0,0;0,0;0,0;0,0;0,0;0,0;0,0;0,0;0,0;0,0;0,0;0,0;0,0;0,0;0,0;16,2;24,0;26,4;26,4;30,6;30,6;27,6;28,2;28,2;30,0;28,8;25,2;22,8;28,8;32,4;32,4;34,2;32,4;34,2;36,0;41,4;42,0;40,2;37,2;37,2;37,2;37,2;36,0;35,4;30,6;31,2;34,8;34,2;36,0;39,0;39,6;40,2;40,8;38,4;40,8;39,0;41,4;39,0;41,4;39,6;35,4;36,0;36,6;34,8;35,4;33,6;31,2;0,0;0,0;0,0;0,0;0,0;0,0;0,0;0,0;0,0;0,0;0,0;0,0;0,0;0,0;0,0;9,3;;;;
22/06/2024;0,0;0,0;0,0;0,0;0,0;0,0;0,0;0,0;0,0;0,0;0,0;0,0;0,0;0,0;0,0;0,0;0,0;0,0;0,0;0,0;0,0;0,0;0,0;0,0;0,0;0,0;0,0;0,0;14,4;16,2;22,2;28,2;28,8;29,4;25,8;23,4;28,8;26,4;25,8;29,4;26,4;29,4;33,6;32,4;37,8;29,4;27,0;31,2;28,8;26,4;30,0;38,4;35,4;39,0;40,8;39,0;35,4;31,2;34,8;35,4;31,8;31,2;32,4;36,0;37,8;35,4;34,2;35,4;38,4;38,4;37,2;37,2;37,2;33,6;34,8;34,8;32,4;30,0;31,2;31,2;0,0;0,0;0,0;0,0;0,0;0,0;0,0;0,0;0,0;0,0;0,0;0,0;0,0;0,0;0,0;9,6;;;;
23/06/2024;0,0;0,0;0,0;0,0;0,0;0,0;0,0;0,0;0,0;0,0;0,0;0,0;0,0;0,0;0,0;0,0;0,0;0,0;0,0;0,0;0,0;0,0;0,0;0,0;0,0;0,0;0,0;0,0;16,2;24,6;27,0;29,4;27,6;27,6;25,2;25,2;28,2;25,2;30,6;27,0;30,0;28,2;28,2;33,6;33,0;40,2;32,4;39,0;45,0;38,4;34,2;33,0;35,4;34,8;40,2;40,8;37,2;34,2;34,2;31,8;29,4;30,6;33,0;36,6;37,8;35,4;35,4;38,4;37,8;39,0;37,8;38,4;34,2;31,8;33,0;31,2;31,8;30,6;29,4;29,4;0,0;0,0;0,0;0,0;0,0;0,0;0,0;0,0;0,0;0,0;0,0;0,0;0,0;0,0;0,0;7,8;;;;
24/06/2024;0,0;0,0;0,0;0,0;0,0;0,0;0,0;0,0;0,0;0,0;0,0;0,0;0,0;0,0;0,0;0,0;0,0;0,0;0,0;0,0;0,0;0,0;0,0;0,0;0,0;0,0;0,0;0,0;15,0;23,4;28,8;30,6;28,8;27,6;22,8;22,2;24,0;23,4;22,8;24,6;27,6;27,6;24,6;29,4;37,8;37,8;37,2;33,0;33,6;32,4;33,0;36,6;31,2;28,2;32,4;31,8;31,2;34,2;37,2;30,0;30,0;28,8;27,0;28,8;28,8;27,6;33,0;31,2;30,6;31,2;30,6;34,2;34,2;31,8;30,0;30,6;27,6;28,2;27,0;26,4;0,0;0,0;0,0;0,0;0,0;0,0;0,0;0,0;0,0;0,0;0,0;0,0;0,0;0,0;0,0;7,8;;;;
25/06/2024;0,0;0,0;0,0;0,0;0,0;0,0;0,0;0,0;0,0;0,0;0,0;0,0;0,0;0,0;0,0;0,0;0,0;0,0;0,0;0,0;0,0;0,0;0,0;0,0;0,0;0,0;0,0;0,0;15,0;22,8;28,8;27,0;26,4;22,2;21,0;20,4;22,8;22,8;21,6;22,8;19,2;22,8;24,0;22,2;27,0;30,0;27,0;31,8;36,0;31,2;31,8;30,6;31,2;30,6;29,4;24,6;23,4;26,4;27,6;28,8;23,4;24,6;24,0;25,8;27,0;27,6;26,4;28,8;33,0;28,8;28,2;30,6;28,8;27,6;29,4;31,8;29,4;27,6;26,4;24,0;0,0;0,0;0,0;0,0;0,0;0,0;0,0;0,0;0,0;0,0;0,0;0,0;0,0;0,0;0,0;8,4;;;;
26/06/2024;0,0;0,0;0,0;0,0;0,0;0,0;0,0;0,0;0,0;0,0;0,0;0,0;0,0;0,0;0,0;0,0;0,0;0,0;0,0;0,0;0,0;0,0;0,0;0,0;0,0;0,0;0,0;0,0;20,4;22,8;25,2;31,2;28,8;28,8;26,4;24,0;24,0;26,4;22,8;26,4;26,4;25,2;25,8;27,0;30,6;36,0;36,6;37,8;34,8;33,0;29,4;33,0;38,4;36,0;42,0;40,8;39,0;36,0;34,2;35,4;33,6;36,6;31,8;31,8;31,2;32,4;32,4;32,4;32,4;35,4;34,8;34,2;34,8;33,6;33,6;34,2;33,0;30,6;31,8;31,2;0,0;0,0;0,0;0,0;0,0;0,0;0,0;0,0;0,0;0,0;0,0;0,0;0,0;0,0;0,0;7,8;;;;
27/06/2024;0,0;0,0;0,0;0,0;0,0;0,0;0,0;0,0;0,0;0,0;0,0;0,0;0,0;0,0;0,0;0,0;0,0;0,0;0,0;0,0;0,0;0,0;0,0;0,0;0,0;0,0;0,0;0,0;16,2;23,4;22,2;22,2;22,8;21,6;27,6;26,4;27,6;28,8;32,4;28,2;28,8;29,4;37,2;33,0;34,8;37,2;40,2;41,4;35,4;34,2;34,2;39,6;36,6;36,0;37,8;46,2;39,6;37,2;37,2;40,2;40,8;33,0;37,8;33,6;34,2;34,8;34,2;33,6;34,2;37,8;36,6;39,0;40,2;36,0;35,4;38,4;37,2;36,0;33,0;32,4;0,0;0,0;0,0;0,0;0,0;0,0;0,0;0,0;0,0;0,0;0,0;0,0;0,0;0,0;0,0;9,3;;;;
28/06/2024;0,0;0,0;0,0;0,0;0,0;0,0;0,0;0,0;0,0;0,0;0,0;0,0;0,0;0,0;0,0;0,0;0,0;0,0;0,0;0,0;0,0;0,0;0,0;0,0;0,0;0,0;0,0;0,0;20,4;24,6;28,2;30,6;34,2;35,4;31,8;31,2;34,8;28,2;30,0;32,4;36,6;33,6;34,8;33,0;39,6;42,6;40,8;42,0;43,2;41,4;43,8;40,8;36,0;39,6;37,2;33,0;36,0;40,2;37,2;36,0;37,2;38,4;36,6;40,2;41,4;39,6;38,4;36,6;39,6;39,6;39,6;45,6;39,6;38,4;38,4;39,6;39,0;36,0;33,6;34,2;0,0;0,0;0,0;0,0;0,0;0,0;0,0;0,0;0,0;0,0;0,0;0,0;0,0;0,0;0,0;11,7;;;;
29/06/2024;0,0;0,0;0,0;0,0;0,0;0,0;0,0;0,0;0,0;0,0;0,0;0,0;0,0;0,0;0,0;0,0;0,0;0,0;0,0;0,0;0,0;0,0;0,0;0,0;0,0;0,0;0,0;0,0;24,0;26,4;29,4;33,6;31,8;28,8;26,4;30,6;27,6;28,8;25,8;30,6;29,4;34,8;35,4;37,2;34,2;36,6;43,2;39,0;36,6;37,8;38,4;37,8;33,6;43,8;43,2;35,4;40,8;37,2;34,8;35,4;34,8;33,6;34,8;37,2;40,2;36,0;39,6;40,2;39,6;41,4;42,6;43,8;38,4;37,8;37,8;37,8;36,6;32,4;32,4;32,4;0,0;0,0;0,0;0,0;0,0;0,0;0,0;0,0;0,0;0,0;0,0;0,0;0,0;0,0;0,0;9,9;;;;
30/06/2024;0,0;0,0;0,0;0,0;0,0;0,0;0,0;0,0;0,0;0,0;0,0;0,0;0,0;0,0;0,0;0,0;0,0;0,0;0,0;0,0;0,0;0,0;0,0;0,0;0,0;0,0;0,0;0,0;18,6;25,2;26,4;31,8;30,0;37,2;30,6;33,6;34,2;27,0;29,4;30,0;27,6;31,8;33,6;33,0;30,0;30,6;33,0;37,8;36,0;33,0;36,6;34,2;30,0;34,8;34,2;37,8;33,6;32,4;31,2;28,8;30,6;29,4;29,4;31,8;31,2;31,2;31,2;32,4;31,8;34,2;33,0;33,6;30,6;30,0;30,6;34,2;33,0;31,8;28,8;30,6;0,0;0,0;0,0;0,0;0,0;0,0;0,0;0,0;0,0;0,0;0,0;0,0;0,0;0,0;0,0;6,9;;;;
01/07/2024;0,0;0,0;0,0;0,0;0,0;0,0;0,0;0,0;0,0;0,0;0,0;0,0;0,0;0,0;0,0;0,0;0,0;0,0;0,0;0,0;0,0;0,0;0,0;0,0;0,0;0,0;0,0;0,0;15,6;25,2;24,0;30,6;28,2;26,4;22,8;24,0;21,0;25,8;22,2;27,0;24,0;27,6;30,0;36,0;37,8;33,0;39,0;39,0;40,8;40,8;39,6;32,4;37,2;41,4;40,2;37,2;38,4;37,2;38,4;37,8;34,2;37,8;39,0;39,0;39,6;40,2;39,0;39,0;39,0;40,2;42,0;43,2;36,6;36,6;39,0;38,4;41,4;35,4;35,4;30,6;0,0;0,0;0,0;0,0;0,0;0,0;0,0;0,0;0,0;0,0;0,0;0,0;0,0;0,0;0,0;11,1;;;;
02/07/2024;0,0;0,0;0,0;0,0;0,0;0,0;0,0;0,0;0,0;0,0;0,0;0,0;0,0;0,0;0,0;0,0;0,0;0,0;0,0;0,0;0,0;0,0;0,0;0,0;0,0;0,0;0,0;0,0;15,0;22,8;28,2;28,2;28,8;24,6;22,2;22,8;23,4;23,4;24,6;23,4;27,6;21,6;26,4;28,8;34,8;31,8;30,6;30,6;36,6;33,6;29,4;35,4;39,0;37,8;39,6;37,8;34,8;34,8;32,4;32,4;33,6;33,0;34,2;37,8;39,6;38,4;38,4;38,4;34,8;37,2;34,8;37,2;36,6;34,2;35,4;35,4;34,8;31,2;30,6;30,0;0,0;0,0;0,0;0,0;0,0;0,0;0,0;0,0;0,0;0,0;0,0;0,0;0,0;0,0;0,0;8,4;;;;
03/07/2024;0,0;0,0;0,0;0,0;0,0;0,0;0,0;0,0;0,0;0,0;0,0;0,0;0,0;0,0;0,0;0,0;0,0;0,0;0,0;0,0;0,0;0,0;0,0;0,0;0,0;0,0;0,0;0,0;20,4;24,6;25,2;23,4;24,6;29,4;34,8;33,0;33,0;28,8;30,0;27,6;28,8;31,2;31,8;34,8;32,4;39,0;37,8;35,4;34,8;32,4;34,8;37,2;33,6;37,8;38,4;38,4;36,6;35,4;33,0;33,0;34,2;32,4;36,0;36,6;35,4;34,2;31,8;36,0;34,8;34,8;35,4;35,4;34,8;32,4;36,0;36,0;36,0;34,2;31,2;28,8;0,0;0,0;0,0;0,0;0,0;0,0;0,0;0,0;0,0;0,0;0,0;0,0;0,0;0,0;0,0;10,5;;;;
04/07/2024;0,0;0,0;0,0;0,0;0,0;0,0;0,0;0,0;0,0;0,0;0,0;0,0;0,0;0,0;0,0;0,0;0,0;0,0;0,0;0,0;0,0;0,0;0,0;0,0;0,0;0,0;0,0;0,0;15,0;21,0;23,4;26,4;28,2;28,2;27,0;23,4;24,0;25,2;25,8;28,2;25,2;25,8;25,2;30,0;31,2;30,6;24,6;28,2;22,8;24,6;21,6;26,4;26,4;21,0;28,8;28,2;26,4;24,0;21,6;19,2;22,8;25,2;25,2;25,2;24,6;25,2;24,6;26,4;25,2;28,2;26,4;29,4;25,2;24,6;25,8;27,0;25,2;24,6;24,0;25,2;0,0;0,0;0,0;0,0;0,0;0,0;0,0;0,0;0,0;0,0;0,0;0,0;0,0;0,0;0,0;8,1;;;;
05/07/2024;0,0;0,0;0,0;0,0;0,0;0,0;0,0;0,0;0,0;0,0;0,0;0,0;0,0;0,0;0,0;0,0;0,0;0,0;0,0;0,0;0,0;0,0;0,0;0,0;0,0;0,0;0,0;0,0;17,4;19,2;24,0;27,6;25,2;22,8;23,4;22,2;24,0;23,4;25,2;24,6;25,8;21,0;24,0;24,0;27,6;26,4;24,6;21,6;25,2;24,6;25,2;25,2;24,0;25,8;24,6;21,0;24,0;25,2;22,2;21,6;21,6;22,8;21,6;26,4;28,8;28,8;28,8;28,8;31,8;34,2;30,0;34,8;33,6;31,2;32,4;31,2;30,0;28,8;25,2;27,0;0,0;0,0;0,0;0,0;0,0;0,0;0,0;0,0;0,0;0,0;0,0;0,0;0,0;0,0;0,0;8,1;;;;
06/07/2024;0,0;0,0;0,0;0,0;0,0;0,0;0,0;0,0;0,0;0,0;0,0;0,0;0,0;0,0;0,0;0,0;0,0;0,0;0,0;0,0;0,0;0,0;0,0;0,0;0,0;0,0;0,0;0,0;16,8;19,8;24,6;22,8;22,2;20,4;21,6;23,4;27,6;27,0;27,6;24,0;31,8;27,0;27,6;31,8;31,2;34,8;31,8;29,4;28,8;28,8;31,2;33,0;27,6;33,0;38,4;31,2;33,0;33,6;36,6;36,0;33,6;37,2;36,6;35,4;36,0;36,6;37,8;33,6;34,8;38,4;37,2;38,4;38,4;34,8;36,6;37,2;35,4;32,4;31,8;29,4;0,0;0,0;0,0;0,0;0,0;0,0;0,0;0,0;0,0;0,0;0,0;0,0;0,0;0,0;0,0;9,9;;;;
07/07/2024;0,0;0,0;0,0;0,0;0,0;0,0;0,0;0,0;0,0;0,0;0,0;0,0;0,0;0,0;0,0;0,0;0,0;0,0;0,0;0,0;0,0;0,0;0,0;0,0;0,0;0,0;0,0;0,0;19,8;24,6;25,2;29,4;29,4;28,2;26,4;27,0;25,8;26,4;32,4;32,4;28,8;33,0;33,0;36,0;38,4;34,8;38,4;36,6;34,8;38,4;36,0;31,2;37,2;41,4;40,8;44,4;44,4;39,6;39,6;36,0;36,0;34,8;34,8;36,6;36,6;37,2;35,4;36,0;35,4;37,8;33,6;36,6;37,2;30,6;33,6;31,2;34,2;30,0;31,2;30,6;0,0;0,0;0,0;0,0;0,0;0,0;0,0;0,0;0,0;0,0;0,0;0,0;0,0;0,0;0,0;9,9;;;;
08/07/2024;0,0;0,0;0,0;0,0;0,0;0,0;0,0;0,0;0,0;0,0;0,0;0,0;0,0;0,0;0,0;0,0;0,0;0,0;0,0;0,0;0,0;0,0;0,0;0,0;0,0;0,0;0,0;0,0;13,8;21,0;24,6;30,0;28,2;27,0;22,8;24,6;26,4;27,0;26,4;28,2;25,2;28,2;27,0;31,8;36,6;36,0;30,0;33,6;36,0;37,2;38,4;33,6;38,4;38,4;43,8;45,0;42,0;37,2;42,6;38,4;36,0;37,8;37,8;38,4;36,6;35,4;36,0;35,4;34,8;37,2;37,2;34,8;39,6;33,6;30,6;30,6;31,2;28,2;28,2;28,8;0,0;0,0;0,0;0,0;0,0;0,0;0,0;0,0;0,0;0,0;0,0;0,0;0,0;0,0;0,0;6,3;;;;
09/07/2024;0,0;0,0;0,0;0,0;0,0;0,0;0,0;0,0;0,0;0,0;0,0;0,0;0,0;0,0;0,0;0,0;0,0;0,0;0,0;0,0;0,0;0,0;0,0;0,0;0,0;0,0;0,0;0,0;15,6;23,4;27,0;30,0;25,8;22,8;26,4;24,0;27,6;25,2;24,0;31,2;24,0;21,6;22,8;31,2;33,0;28,8;25,8;27,6;30,6;31,2;32,4;30,6;32,4;32,4;28,2;34,8;30,6;25,2;25,8;26,4;27,6;26,4;25,2;28,8;27,6;28,2;30,0;26,4;31,2;31,8;31,2;34,2;34,8;30,0;29,4;28,2;28,8;27,6;28,2;27,6;0,0;0,0;0,0;0,0;0,0;0,0;0,0;0,0;0,0;0,0;0,0;0,0;0,0;0,0;0,0;6,6;;;;
10/07/2024;0,0;0,0;0,0;0,0;0,0;0,0;0,0;0,0;0,0;0,0;0,0;0,0;0,0;0,0;0,0;0,0;0,0;0,0;0,0;0,0;0,0;0,0;0,0;0,0;0,0;0,0;0,0;0,0;19,8;21,6;21,6;22,2;22,2;21,0;22,8;27,6;23,4;22,2;19,8;21,6;21,0;24,0;22,8;22,8;24,0;28,8;25,8;25,8;25,2;28,8;20,4;20,4;26,4;28,2;37,2;39,0;37,8;33,0;30,0;27,6;27,0;25,8;27,6;24,6;25,8;25,2;27,0;29,4;30,6;30,6;31,2;35,4;35,4;30,0;30,6;29,4;28,2;27,0;27,6;27,0;0,0;0,0;0,0;0,0;0,0;0,0;0,0;0,0;0,0;0,0;0,0;0,0;0,0;0,0;0,0;7,2;;;;
11/07/2024;0,0;0,0;0,0;0,0;0,0;0,0;0,0;0,0;0,0;0,0;0,0;0,0;0,0;0,0;0,0;0,0;0,0;0,0;0,0;0,0;0,0;0,0;0,0;0,0;0,0;0,0;0,0;0,0;22,2;26,4;25,2;26,4;24,0;27,0;29,4;30,6;29,4;29,4;34,2;28,2;30,6;29,4;30,0;37,2;40,8;36,0;33,6;36,6;37,2;30,6;25,8;29,4;36,0;36,6;37,2;43,2;36,0;38,4;34,8;31,8;31,2;30,0;31,2;29,4;30,0;30,0;33,0;30,6;34,2;35,4;34,2;34,2;33,6;31,8;33,0;33,6;33,0;31,8;28,2;29,4;0,0;0,0;0,0;0,0;0,0;0,0;0,0;0,0;0,0;0,0;0,0;0,0;0,0;0,0;0,0;9,3;;;;
12/07/2024;0,0;0,0;0,0;0,0;0,0;0,0;0,0;0,0;0,0;0,0;0,0;0,0;0,0;0,0;0,0;0,0;0,0;0,0;0,0;0,0;0,0;0,0;0,0;0,0;0,0;0,0;0,0;0,0;21,0;23,4;23,4;22,8;26,4;27,6;27,6;24,6;21,6;24,0;27,0;25,8;24,0;23,4;25,2;31,2;31,8;30,6;31,8;36,6;37,8;32,4;29,4;33,0;33,0;40,8;43,8;37,2;42,6;37,2;40,8;36,6;35,4;34,2;32,4;34,2;32,4;32,4;32,4;33,0;35,4;37,2;37,2;38,4;34,8;34,2;34,8;33,6;33,6;31,8;28,8;27,6;0,0;0,0;0,0;0,0;0,0;0,0;0,0;0,0;0,0;0,0;0,0;0,0;0,0;0,0;0,0;9,6;;;;
13/07/2024;0,0;0,0;0,0;0,0;0,0;0,0;0,0;0,0;0,0;0,0;0,0;0,0;0,0;0,0;0,0;0,0;0,0;0,0;0,0;0,0;0,0;0,0;0,0;0,0;0,0;0,0;0,0;0,0;17,4;23,4;22,2;23,4;24,6;28,2;27,0;28,2;24,0;27,0;30,0;32,4;33,0;33,0;33,6;33,0;35,4;37,2;34,2;35,4;36,6;33,6;33,6;34,2;36,0;36,6;33,0;35,4;31,8;34,8;32,4;28,2;28,2;30,6;28,8;30,6;30,0;28,8;28,8;28,8;30,6;31,8;30,6;34,2;32,4;30,0;28,8;31,2;27,0;27,0;25,8;27,0;0,0;0,0;0,0;0,0;0,0;0,0;0,0;0,0;0,0;0,0;0,0;0,0;0,0;0,0;0,0;6,3;;;;
14/07/2024;0,0;0,0;0,0;0,0;0,0;0,0;0,0;0,0;0,0;0,0;0,0;0,0;0,0;0,0;0,0;0,0;0,0;0,0;0,0;0,0;0,0;0,0;0,0;0,0;0,0;0,0;0,0;0,0;19,8;22,8;26,4;30,0;27,6;25,8;20,4;22,8;23,4;25,8;22,2;27,6;27,0;26,4;27,0;25,8;27,6;28,2;23,4;24,0;25,2;20,4;19,8;23,4;31,8;31,8;34,8;30,6;31,2;25,8;26,4;30,6;22,8;24,0;23,4;23,4;24,0;26,4;24,0;22,8;28,2;30,6;27,6;30,6;28,8;27,0;25,2;27,6;25,2;25,8;25,8;22,8;0,0;0,0;0,0;0,0;0,0;0,0;0,0;0,0;0,0;0,0;0,0;0,0;0,0;0,0;0,0;7,8;;;;
15/07/2024;0,0;0,0;0,0;0,0;0,0;0,0;0,0;0,0;0,0;0,0;0,0;0,0;0,0;0,0;0,0;0,0;0,0;0,0;0,0;0,0;0,0;0,0;0,0;0,0;0,0;0,0;0,0;0,0;19,8;25,8;24,6;23,4;22,8;29,4;30,6;23,4;25,8;26,4;23,4;27,0;24,6;26,4;22,2;28,2;27,0;24,6;25,8;31,2;26,4;24,0;19,2;24,0;26,4;31,8;28,8;29,4;28,2;27,0;27,6;24,6;18,6;20,4;19,8;20,4;20,4;19,8;20,4;21,0;25,2;22,8;27,6;24,6;28,8;24,0;24,0;22,8;23,4;21,6;21,0;21,0;0,0;0,0;0,0;0,0;0,0;0,0;0,0;0,0;0,0;0,0;0,0;0,0;0,0;0,0;0,0;6,301;;;;
16/07/2024;0,0;0,0;0,0;0,0;0,0;0,0;0,0;0,0;0,0;0,0;0,0;0,0;0,0;0,0;0,0;0,0;0,0;0,0;0,0;0,0;0,0;0,0;0,0;0,0;0,0;0,0;0,0;0,0;18,6;22,2;24,6;28,8;25,2;25,8;22,8;23,4;26,4;24,0;22,8;24,0;22,2;23,4;22,2;25,2;32,4;28,2;26,4;24,0;27,0;27,0;25,2;25,2;25,2;32,4;30,6;28,2;30,0;31,8;34,2;30,0;27,0;24,6;25,2;28,2;25,8;25,8;25,8;27,0;28,2;30,0;26,4;28,8;28,8;26,4;26,4;27,6;28,8;25,2;24,0;21,6;0,0;0,0;0,0;0,0;0,0;0,0;0,0;0,0;0,0;0,0;0,0;0,0;0,0;0,0;0,0;7,8;;;;
17/07/2024;0,0;0,0;0,0;0,0;0,0;0,0;0,0;0,0;0,0;0,0;0,0;0,0;0,0;0,0;0,0;0,0;0,0;0,0;0,0;0,0;0,0;0,0;0,0;0,0;0,0;0,0;0,0;0,0;19,2;22,8;24,6;26,4;23,4;25,8;24,6;24,6;24,6;24,6;21,6;28,2;21,0;19,8;28,2;27,6;28,8;29,4;26,4;30,6;26,4;24,0;24,0;28,8;28,8;33,6;32,4;26,4;29,4;29,4;21,6;26,4;26,4;22,8;26,4;26,4;24,6;28,2;25,2;27,6;28,8;30,0;28,2;34,2;31,2;27,6;27,6;31,2;29,4;29,4;25,8;27,0;0,0;0,0;0,0;0,0;0,0;0,0;0,0;0,0;0,0;0,0;0,0;0,0;0,0;0,0;0,0;8,4;;;;
18/07/2024;0,0;0,0;0,0;0,0;0,0;0,0;0,0;0,0;0,0;0,0;0,0;0,0;0,0;0,0;0,0;0,0;0,0;0,0;0,0;0,0;0,0;0,0;0,0;0,0;0,0;0,0;0,0;0,0;18,6;19,8;25,2;27,0;29,4;27,0;25,2;24,6;23,4;22,8;27,0;23,4;27,6;25,2;24,6;22,8;32,4;36,0;31,2;31,2;35,4;34,2;28,8;33,6;30,6;36,0;33,6;31,8;30,0;30,0;30,0;29,4;29,4;29,4;31,2;33,6;31,8;32,4;32,4;32,4;36,0;34,8;33,6;38,4;34,8;33,6;31,2;34,2;30,0;28,8;27,0;26,4;0,0;0,0;0,0;0,0;0,0;0,0;0,0;0,0;0,0;0,0;0,0;0,0;0,0;0,0;0,0;8,7;;;;
19/07/2024;0,0;0,0;0,0;0,0;0,0;0,0;0,0;0,0;0,0;0,0;0,0;0,0;0,0;0,0;0,0;0,0;0,0;0,0;0,0;0,0;0,0;0,0;0,0;0,0;0,0;0,0;0,0;0,0;19,8;22,2;24,0;22,8;24,0;24,0;27,0;27,6;31,2;28,8;25,2;24,6;28,8;27,6;33,0;31,2;31,8;38,4;38,4;39,0;36,6;37,2;37,2;37,2;39,0;41,4;37,8;35,4;32,4;33,0;33,0;31,2;29,4;28,8;31,2;31,8;31,8;30,0;30,6;33,6;33,6;33,6;31,8;33,6;28,8;28,2;30,6;31,8;31,2;32,4;31,8;29,4;0,0;0,0;0,0;0,0;0,0;0,0;0,0;0,0;0,0;0,0;0,0;0,0;0,0;0,0;0,0;9,6;;;;
20/07/2024;0,0;0,0;0,0;0,0;0,0;0,0;0,0;0,0;0,0;0,0;0,0;0,0;0,0;0,0;0,0;0,0;0,0;0,0;0,0;0,0;0,0;0,0;0,0;0,0;0,0;0,0;0,0;0,0;21,0;21,6;22,2;27,0;27,6;28,8;29,4;28,8;25,8;28,2;28,8;34,8;31,8;33,0;36,0;41,4;40,8;37,8;32,4;36,0;36,6;33,0;31,2;30,6;36,6;34,8;36,0;36,0;39,6;39,0;40,8;39,6;37,8;37,8;33,6;37,8;36,0;36,6;37,8;37,8;39,6;41,4;41,4;40,8;41,4;38,4;35,4;35,4;36,0;35,4;32,4;30,0;0,0;0,0;0,0;0,0;0,0;0,0;0,0;0,0;0,0;0,0;0,0;0,0;0,0;0,0;0,0;11,1;;;;
21/07/2024;0,0;0,0;0,0;0,0;0,0;0,0;0,0;0,0;0,0;0,0;0,0;0,0;0,0;0,0;0,0;0,0;0,0;0,0;0,0;0,0;0,0;0,0;0,0;0,0;0,0;0,0;0,0;0,0;19,8;22,8;24,0;28,8;25,8;31,8;27,6;28,8;29,4;27,0;31,2;31,2;34,8;36,0;35,4;39,0;45,0;46,2;42,6;43,8;40,2;41,4;42,0;43,2;43,8;45,0;41,4;40,2;38,4;42,6;41,4;36,6;32,4;35,4;35,4;34,8;37,2;37,2;37,2;36,0;36,0;36,6;35,4;40,2;37,8;34,2;36,0;37,2;36,0;36,0;33,6;32,4;0,0;0,0;0,0;0,0;0,0;0,0;0,0;0,0;0,0;0,0;0,0;0,0;0,0;0,0;0,0;11,1;;;;
22/07/2024;0,0;0,0;0,0;0,0;0,0;0,0;0,0;0,0;0,0;0,0;0,0;0,0;0,0;0,0;0,0;0,0;0,0;0,0;0,0;0,0;0,0;0,0;0,0;0,0;0,0;0,0;0,0;0,0;21,6;24,6;27,0;30,0;30,0;28,8;27,6;28,8;31,2;31,2;28,8;31,2;28,2;27,6;30,0;32,4;35,4;36,6;31,8;36,6;37,2;31,2;29,4;27,0;32,4;37,2;34,8;32,4;36,0;35,4;30,6;30,6;31,2;30,6;32,4;35,4;36,0;34,2;34,2;37,2;36,6;37,2;35,4;43,2;41,4;36,6;36,6;39,6;39,0;40,2;34,8;31,8;0,0;0,0;0,0;0,0;0,0;0,0;0,0;0,0;0,0;0,0;0,0;0,0;0,0;0,0;0,0;9,6;;;;
23/07/2024;0,0;0,0;0,0;0,0;0,0;0,0;0,0;0,0;0,0;0,0;0,0;0,0;0,0;0,0;0,0;0,0;0,0;0,0;0,0;0,0;0,0;0,0;0,0;0,0;0,0;0,0;0,0;0,0;19,8;26,4;23,4;27,0;30,0;28,8;31,8;28,2;28,8;32,4;28,2;31,2;34,2;33,6;36,0;40,8;42,0;45,6;43,8;41,4;40,2;41,4;39,6;43,8;42,6;41,4;43,8;43,8;42,0;42,0;36,6;38,4;38,4;38,4;35,4;34,2;34,8;35,4;35,4;37,2;36,0;36,0;35,4;36,6;37,2;36,6;34,2;34,8;34,8;34,8;31,2;30,0;0,0;0,0;0,0;0,0;0,0;0,0;0,0;0,0;0,0;0,0;0,0;0,0;0,0;0,0;0,0;9,9;;;;
24/07/2024;0,0;0,0;0,0;0,0;0,0;0,0;0,0;0,0;0,0;0,0;0,0;0,0;0,0;0,0;0,0;0,0;0,0;0,0;0,0;0,0;0,0;0,0;0,0;0,0;0,0;0,0;0,0;0,0;24,0;25,2;30,6;30,0;32,4;33,0;30,6;29,4;31,2;28,8;30,0;31,8;33,6;31,2;33,0;34,8;38,4;37,8;40,2;39,0;36,6;34,2;32,4;31,8;37,8;36,6;30,0;34,8;34,2;33,6;33,6;31,8;31,2;31,2;31,8;36,0;36,6;36,6;33,0;34,2;39,0;36,6;34,8;40,2;37,2;34,8;39,6;39,0;36,0;36,0;30,6;31,2;0,0;0,0;0,0;0,0;0,0;0,0;0,0;0,0;0,0;0,0;0,0;0,0;0,0;0,0;0,0;11,4;;;;
25/07/2024;0,0;0,0;0,0;0,0;0,0;0,0;0,0;0,0;0,0;0,0;0,0;0,0;0,0;0,0;0,0;0,0;0,0;0,0;0,0;0,0;0,0;0,0;0,0;0,0;0,0;0,0;0,0;0,0;31,2;30,0;32,4;33,0;36,0;38,4;40,8;39,6;37,2;39,6;38,4;34,8;31,8;37,8;35,4;36,0;40,8;42,6;44,4;46,2;43,8;42,0;40,2;38,4;42,0;42,6;45,0;43,2;38,4;37,8;34,2;30,6;30,6;31,2;31,8;36,0;35,4;34,8;38,4;36,0;35,4;37,2;39,6;36,0;37,2;36,0;34,8;37,8;39,0;36,0;33,6;33,0;0,0;0,0;0,0;0,0;0,0;0,0;0,0;0,0;0,0;0,0;0,0;0,0;0,0;0,0;0,0;10,2;;;;
26/07/2024;0,0;0,0;0,0;0,0;0,0;0,0;0,0;0,0;0,0;0,0;0,0;0,0;0,0;0,0;0,0;0,0;0,0;0,0;0,0;0,0;0,0;0,0;0,0;0,0;0,0;0,0;0,0;0,0;21,6;25,8;25,2;26,4;25,8;25,8;29,4;30,6;30,6;30,0;27,6;29,4;26,4;29,4;28,2;31,8;32,4;33,0;28,8;28,8;28,8;31,2;33,6;25,2;25,8;27,0;26,4;30,6;28,8;23,4;24,0;24,6;22,8;21,6;21,6;21,6;23,4;24,0;22,2;24,6;24,6;30,0;33,6;35,4;32,4;33,6;31,2;33,6;31,2;30,0;27,6;26,4;0,0;0,0;0,0;0,0;0,0;0,0;0,0;0,0;0,0;0,0;0,0;0,0;0,0;0,0;0,0;6,6;;;;
27/07/2024;0,0;0,0;0,0;0,0;0,0;0,0;0,0;0,0;0,0;0,0;0,0;0,0;0,0;0,0;0,0;0,0;0,0;0,0;0,0;0,0;0,0;0,0;0,0;0,0;0,0;0,0;0,0;0,0;19,2;24,0;28,2;28,2;27,6;24,6;27,0;25,2;24,0;26,4;28,2;31,2;25,8;28,2;27,0;28,8;34,8;39,0;31,2;26,4;25,2;30,6;22,8;27,6;27,6;32,4;33,6;34,8;31,2;28,8;30,6;29,4;25,8;25,8;25,2;26,4;25,8;25,8;27,6;27,6;31,2;31,2;29,4;31,2;28,8;27,6;27,0;29,4;28,2;25,2;25,8;24,6;0,0;0,0;0,0;0,0;0,0;0,0;0,0;0,0;0,0;0,0;0,0;0,0;0,0;0,0;0,0;10,2;;;;
28/07/2024;0,0;0,0;0,0;0,0;0,0;0,0;0,0;0,0;0,0;0,0;0,0;0,0;0,0;0,0;0,0;0,0;0,0;0,0;0,0;0,0;0,0;0,0;0,0;0,0;0,0;0,0;0,0;0,0;21,0;22,2;26,4;25,2;25,2;24,0;25,2;25,2;26,4;30,6;29,4;33,6;27,6;25,2;27,6;33,6;36,0;34,8;27,6;31,2;30,0;32,4;28,8;32,4;28,2;27,6;31,8;25,8;25,8;34,8;32,4;31,2;24,6;24,6;24,6;25,2;27,6;25,8;25,8;29,4;29,4;30,0;24,6;28,2;25,8;24,6;27,6;25,2;24,0;22,2;22,2;21,0;0,0;0,0;0,0;0,0;0,0;0,0;0,0;0,0;0,0;0,0;0,0;0,0;0,0;0,0;0,0;6,0;;;;
29/07/2024;0,0;0,0;0,0;0,0;0,0;0,0;0,0;0,0;0,0;0,0;0,0;0,0;0,0;0,0;0,0;0,0;0,0;0,0;0,0;0,0;0,0;0,0;0,0;0,0;0,0;0,0;0,0;0,0;15,6;22,8;23,4;25,8;27,6;24,0;23,4;25,8;26,4;29,4;27,6;27,0;28,8;33,0;33,6;34,8;43,8;37,8;37,8;36,0;32,4;26,4;25,8;30,6;30,0;33,0;33,0;32,4;33,0;30,0;28,8;33,0;35,4;28,2;27,6;31,2;30,0;30,6;30,0;31,8;32,4;35,4;34,8;36,6;34,2;33,6;33,6;34,8;33,6;32,4;27,0;28,8;0,0;0,0;0,0;0,0;0,0;0,0;0,0;0,0;0,0;0,0;0,0;0,0;0,0;0,0;0,0;8,7;;;;
30/07/2024;0,0;0,0;0,0;0,0;0,0;0,0;0,0;0,0;0,0;0,0;0,0;0,0;0,0;0,0;0,0;0,0;0,0;0,0;0,0;0,0;0,0;0,0;0,0;0,0;0,0;0,0;0,0;0,0;18,0;25,2;28,8;33,0;26,4;25,8;26,4;27,0;26,4;32,4;28,8;30,0;22,8;26,4;27,0;30,6;33,6;38,4;35,4;35,4;33,0;30,0;30,0;27,0;28,2;27,6;32,4;29,4;30,0;30,6;28,2;28,2;28,2;28,8;35,4;32,4;31,2;31,8;32,4;33,0;33,0;34,8;32,4;34,2;36,6;34,8;31,8;34,8;34,2;30,0;25,8;24,0;0,0;0,0;0,0;0,0;0,0;0,0;0,0;0,0;0,0;0,0;0,0;0,0;0,0;0,0;0,0;8,1;;;;
31/07/2024;0,0;0,0;0,0;0,0;0,0;0,0;0,0;0,0;0,0;0,0;0,0;0,0;0,0;0,0;0,0;0,0;0,0;0,0;0,0;0,0;0,0;0,0;0,0;0,0;0,0;0,0;0,0;0,0;19,8;19,8;22,2;28,8;28,8;22,8;22,8;24,6;32,4;29,4;26,4;24,0;24,6;27,0;28,8;31,2;37,2;40,2;39,6;40,2;41,4;32,4;34,8;42,0;41,4;37,2;37,2;36,6;36,6;37,8;33,6;36,6;36,0;30,6;30,0;35,4;33,0;33,0;33,6;36,6;34,8;36,0;35,4;37,2;36,6;33,0;30,6;32,4;30,6;28,2;28,2;25,8;0,0;0,0;0,0;0,0;0,0;0,0;0,0;0,0;0,0;0,0;0,0;0,0;0,0;0,0;0,0;7,5;;;;
01/08/2024;0,0;0,0;0,0;0,0;0,0;0,0;0,0;0,0;0,0;0,0;0,0;0,0;0,0;0,0;0,0;0,0;0,0;0,0;0,0;0,0;0,0;0,0;0,0;0,0;0,0;0,0;0,0;0,0;17,4;19,8;20,4;25,8;28,2;22,2;22,8;22,8;26,4;24,0;22,2;26,4;25,8;25,2;24,0;24,0;27,6;27,0;22,2;23,4;28,8;22,2;21,6;22,8;22,8;27,6;27,0;31,8;29,4;29,4;27,6;30,0;28,8;25,2;24,0;25,2;24,6;28,2;28,2;25,8;28,2;29,4;27,6;28,8;25,8;25,8;28,2;27,0;27,0;25,2;25,8;24,6;0,0;0,0;0,0;0,0;0,0;0,0;0,0;0,0;0,0;0,0;0,0;0,0;0,0;0,0;0,0;8,7;;;;
02/08/2024;0,0;0,0;0,0;0,0;0,0;0,0;0,0;0,0;0,0;0,0;0,0;0,0;0,0;0,0;0,0;0,0;0,0;0,0;0,0;0,0;0,0;0,0;0,0;0,0;0,0;0,0;0,0;0,0;14,4;19,8;21,6;23,4;23,4;22,8;22,8;24,0;23,4;24,0;24,0;26,4;25,8;22,8;27,6;29,4;32,4;32,4;26,4;24,6;22,8;22,2;25,2;29,4;34,2;30,0;25,8;24,6;31,8;28,8;31,8;28,8;22,8;23,4;25,8;28,2;25,8;25,2;26,4;27,0;25,8;28,2;27,0;30,6;27,6;27,6;28,2;27,6;28,8;27,6;25,2;25,2;0,0;0,0;0,0;0,0;0,0;0,0;0,0;0,0;0,0;0,0;0,0;0,0;0,0;0,0;0,0;7,2;;;;
03/08/2024;0,0;0,0;0,0;0,0;0,0;0,0;0,0;0,0;0,0;0,0;0,0;0,0;0,0;0,0;0,0;0,0;0,0;0,0;0,0;0,0;0,0;0,0;0,0;0,0;0,0;0,0;0,0;0,0;15,6;22,8;25,8;25,2;24,6;24,0;23,4;22,8;24,6;29,4;24,6;25,8;24,6;22,2;27,6;27,6;29,4;25,8;31,2;27,0;25,2;22,2;25,8;25,8;28,8;30,6;28,2;27,0;24,0;24,0;21,0;23,4;18,0;19,2;19,8;19,8;24,6;24,0;22,8;26,4;24,0;23,4;24,6;28,2;25,8;21,6;21,6;25,8;21,0;21,6;19,8;21,0;0,0;0,0;0,0;0,0;0,0;0,0;0,0;0,0;0,0;0,0;0,0;0,0;0,0;0,0;0,0;6,0;;;;
04/08/2024;0,0;0,0;0,0;0,0;0,0;0,0;0,0;0,0;0,0;0,0;0,0;0,0;0,0;0,0;0,0;0,0;0,0;0,0;0,0;0,0;0,0;0,0;0,0;0,0;0,0;0,0;0,0;0,0;15,0;25,8;24,6;28,2;29,4;23,4;23,4;22,8;27,0;23,4;28,2;25,8;25,8;27,6;34,2;35,4;33,0;30,6;27,6;25,8;31,2;23,4;28,2;28,2;31,8;28,8;36,0;28,8;28,2;28,8;22,2;24,0;21,6;21,6;22,2;22,2;24,0;24,0;24,0;25,2;25,2;28,2;27,6;26,4;27,0;22,8;22,8;25,2;24,0;22,8;24,0;21,0;0,0;0,0;0,0;0,0;0,0;0,0;0,0;0,0;0,0;0,0;0,0;0,0;0,0;0,0;0,0;6,6;;;;
05/08/2024;0,0;0,0;0,0;0,0;0,0;0,0;0,0;0,0;0,0;0,0;0,0;0,0;0,0;0,0;0,0;0,0;0,0;0,0;0,0;0,0;0,0;0,0;0,0;0,0;0,0;0,0;0,0;0,0;15,0;18,6;25,8;28,8;27,6;21,0;23,4;21,6;22,8;26,4;21,0;22,2;24,0;25,2;27,0;26,4;31,2;30,6;22,8;24,0;24,6;27,6;29,4;22,2;22,8;30,6;31,8;26,4;22,2;23,4;22,2;26,4;26,4;21,6;21,0;21,0;20,4;19,8;22,2;21,0;24,0;27,6;28,8;28,8;28,8;26,4;25,2;24,6;22,8;24,0;22,8;24,6;0,0;0,0;0,0;0,0;0,0;0,0;0,0;0,0;0,0;0,0;0,0;0,0;0,0;0,0;0,0;6,899;;;;
06/08/2024;0,0;0,0;0,0;0,0;0,0;0,0;0,0;0,0;0,0;0,0;0,0;0,0;0,0;0,0;0,0;0,0;0,0;0,0;0,0;0,0;0,0;0,0;0,0;0,0;0,0;0,0;0,0;0,0;16,8;19,2;22,2;22,8;21,0;23,4;26,4;28,2;30,0;26,4;25,8;27,6;25,2;27,6;24,0;21,6;26,4;26,4;23,4;30,0;25,2;25,2;24,6;30,6;27,0;30,6;30,6;30,0;26,4;28,2;24,6;25,8;24,0;25,2;23,4;27,0;29,4;28,8;28,8;26,4;25,8;30,0;28,2;28,8;29,4;27,6;28,2;27,0;27,6;25,8;25,2;24,0;0,0;0,0;0,0;0,0;0,0;0,0;0,0;0,0;0,0;0,0;0,0;0,0;0,0;0,0;0,0;9,3;;;;
07/08/2024;0,0;0,0;0,0;0,0;0,0;0,0;0,0;0,0;0,0;0,0;0,0;0,0;0,0;0,0;0,0;0,0;0,0;0,0;0,0;0,0;0,0;0,0;0,0;0,0;0,0;0,0;0,0;0,0;21,6;27,0;27,6;28,8;30,6;25,8;24,6;25,8;25,8;24,6;22,8;21,6;24,6;22,2;24,6;27,6;29,4;27,0;31,2;26,4;26,4;26,4;30,0;27,6;28,8;29,4;31,2;28,2;28,2;28,2;25,2;25,2;25,2;24,0;24,0;24,0;24,6;25,8;24,6;24,0;25,8;24,0;27,6;24,0;25,8;22,2;22,8;24,0;23,4;22,2;22,2;21,0;0,0;0,0;0,0;0,0;0,0;0,0;0,0;0,0;0,0;0,0;0,0;0,0;0,0;0,0;0,0;7,8;;;;
08/08/2024;0,0;0,0;0,0;0,0;0,0;0,0;0,0;0,0;0,0;0,0;0,0;0,0;0,0;0,0;0,0;0,0;0,0;0,0;0,0;0,0;0,0;0,0;0,0;0,0;0,0;0,0;0,0;0,0;16,2;23,4;24,0;26,4;28,2;27,6;25,2;29,4;27,6;30,6;27,0;25,2;24,0;28,2;28,8;27,6;28,2;29,4;26,4;27,0;28,2;26,4;25,8;31,8;29,4;30,6;27,6;29,4;28,8;30,0;28,2;25,8;25,8;30,0;27,6;29,4;27,0;28,8;28,2;30,6;30,6;33,0;34,2;31,2;34,8;33,0;31,2;33,6;31,2;31,8;28,2;25,8;0,0;0,0;0,0;0,0;0,0;0,0;0,0;0,0;0,0;0,0;0,0;0,0;0,0;0,0;0,0;7,8;;;;
09/08/2024;0,0;0,0;0,0;0,0;0,0;0,0;0,0;0,0;0,0;0,0;0,0;0,0;0,0;0,0;0,0;0,0;0,0;0,0;0,0;0,0;0,0;0,0;0,0;0,0;0,0;0,0;0,0;0,0;14,4;24,0;25,2;27,6;30,6;27,0;25,2;25,8;28,2;25,2;27,6;26,4;28,2;27,6;31,8;34,8;33,0;31,8;31,2;31,2;31,8;31,2;31,2;35,4;30,0;30,0;31,2;34,8;33,6;34,2;30,6;30,6;30,0;29,4;26,4;31,8;30,6;27,6;28,2;29,4;30,6;31,8;29,4;28,8;28,2;27,6;29,4;30,0;29,4;26,4;24,6;25,2;0,0;0,0;0,0;0,0;0,0;0,0;0,0;0,0;0,0;0,0;0,0;0,0;0,0;0,0;0,0;7,8;;;;
10/08/2024;0,0;0,0;0,0;0,0;0,0;0,0;0,0;0,0;0,0;0,0;0,0;0,0;0,0;0,0;0,0;0,0;0,0;0,0;0,0;0,0;0,0;0,0;0,0;0,0;0,0;0,0;0,0;0,0;18,0;25,8;23,4;26,4;27,0;30,0;27,0;31,8;25,8;26,4;25,8;28,2;25,2;25,8;28,2;33,6;34,8;31,8;31,2;39,6;33,0;32,4;31,2;31,2;35,4;33,6;36,6;32,4;32,4;33,6;33,6;35,4;37,2;33,0;32,4;34,8;34,2;33,0;36,6;38,4;36,0;39,6;34,8;33,6;33,0;33,0;34,8;35,4;34,2;31,8;30,0;27,0;0,0;0,0;0,0;0,0;0,0;0,0;0,0;0,0;0,0;0,0;0,0;0,0;0,0;0,0;0,0;8,4;;;;
11/08/2024;0,0;0,0;0,0;0,0;0,0;0,0;0,0;0,0;0,0;0,0;0,0;0,0;0,0;0,0;0,0;0,0;0,0;0,0;0,0;0,0;0,0;0,0;0,0;0,0;0,0;0,0;0,0;0,0;18,0;24,0;24,6;24,6;26,4;24,6;28,2;24,6;30,0;25,2;26,4;27,0;24,0;25,2;29,4;31,8;36,6;28,8;30,6;34,8;36,0;33,6;33,0;33,6;33,6;31,8;36,6;36,6;36,0;33,6;35,4;34,8;32,4;33,0;35,4;34,2;33,6;33,6;34,2;36,6;36,6;36,6;36,0;34,8;38,4;37,2;32,4;36,0;32,4;35,4;31,2;31,8;0,0;0,0;0,0;0,0;0,0;0,0;0,0;0,0;0,0;0,0;0,0;0,0;0,0;0,0;0,0;10,2;;;;
12/08/2024;0,0;0,0;0,0;0,0;0,0;0,0;0,0;0,0;0,0;0,0;0,0;0,0;0,0;0,0;0,0;0,0;0,0;0,0;0,0;0,0;0,0;0,0;0,0;0,0;0,0;0,0;0,0;0,0;18,0;27,0;29,4;31,2;31,8;33,0;33,6;38,4;38,4;34,8;34,8;39,6;36,0;37,2;42,6;43,2;39,6;36,0;39,0;46,8;37,2;39,0;36,0;37,8;37,2;38,4;38,4;36,0;33,6;37,2;39,0;38,4;40,2;40,8;36,6;37,2;36,6;39,6;39,0;39,0;39,0;38,4;38,4;36,6;37,8;34,2;34,2;36,6;37,2;33,6;31,2;30,0;0,0;0,0;0,0;0,0;0,0;0,0;0,0;0,0;0,0;0,0;0,0;0,0;0,0;0,0;0,0;10,5;;;;
13/08/2024;0,0;0,0;0,0;0,0;0,0;0,0;0,0;0,0;0,0;0,0;0,0;0,0;0,0;0,0;0,0;0,0;0,0;0,0;0,0;0,0;0,0;0,0;0,0;0,0;0,0;0,0;0,0;0,0;21,6;29,4;27,0;30,0;31,8;31,8;34,8;34,8;37,2;37,2;37,2;43,2;35,4;36,6;36,6;42,0;46,2;44,4;44,4;42,0;46,2;40,8;41,4;37,8;40,8;37,2;42,0;38,4;39,0;37,2;37,8;42,6;42,0;42,6;38,4;40,8;37,2;35,4;35,4;33,6;33,6;36,6;35,4;34,2;37,2;35,4;35,4;37,2;35,4;33,6;32,4;33,0;0,0;0,0;0,0;0,0;0,0;0,0;0,0;0,0;0,0;0,0;0,0;0,0;0,0;0,0;0,0;10,2;;;;
14/08/2024;0,0;0,0;0,0;0,0;0,0;0,0;0,0;0,0;0,0;0,0;0,0;0,0;0,0;0,0;0,0;0,0;0,0;0,0;0,0;0,0;0,0;0,0;0,0;0,0;0,0;0,0;0,0;0,0;19,8;22,8;25,2;29,4;27,6;29,4;32,4;31,8;32,4;30,0;31,2;29,4;35,4;33,6;33,6;38,4;37,8;40,2;38,4;37,8;37,8;39,6;36,6;34,2;37,2;36,0;39,6;36,0;36,0;42,0;37,8;38,4;38,4;38,4;38,4;38,4;36,6;39,6;39,0;36,6;40,2;39,0;39,6;42,0;40,8;36,6;37,8;39,0;38,4;36,6;35,4;33,6;0,0;0,0;0,0;0,0;0,0;0,0;0,0;0,0;0,0;0,0;0,0;0,0;0,0;0,0;0,0;12,0;;;;
15/08/2024;0,0;0,0;0,0;0,0;0,0;0,0;0,0;0,0;0,0;0,0;0,0;0,0;0,0;0,0;0,0;0,0;0,0;0,0;0,0;0,0;0,0;0,0;0,0;0,0;0,0;0,0;0,0;0,0;21,0;22,2;28,2;28,2;31,8;31,8;32,4;27,6;30,0;29,4;34,8;34,8;30,0;34,2;36,0;41,4;42,6;41,4;37,2;40,2;39,0;38,4;39,6;38,4;37,2;37,2;37,8;38,4;40,8;37,8;39,6;38,4;37,2;37,2;38,4;37,2;37,8;37,2;39,0;40,2;37,8;40,2;37,2;36,6;39,6;39,0;39,6;43,8;39,0;37,8;36,6;36,6;0,0;0,0;0,0;0,0;0,0;0,0;0,0;0,0;0,0;0,0;0,0;0,0;0,0;0,0;0,0;11,7;;;;
16/08/2024;0,0;0,0;0,0;0,0;0,0;0,0;0,0;0,0;0,0;0,0;0,0;0,0;0,0;0,0;0,0;0,0;0,0;0,0;0,0;0,0;0,0;0,0;0,0;0,0;0,0;0,0;0,0;0,0;16,8;27,6;27,0;28,8;30,6;30,6;27,0;29,4;30,6;33,6;39,6;39,0;42,0;39,6;42,6;42,6;43,2;44,4;45,0;44,4;42,6;41,4;39,6;43,2;38,4;42,0;45,0;42,6;42,6;43,2;46,2;42,6;42,6;42,0;41,4;39,0;39,6;41,4;38,4;40,2;40,2;45,0;44,4;41,4;40,2;40,8;39,6;37,8;38,4;36,6;36,0;35,4;0,0;0,0;0,0;0,0;0,0;0,0;0,0;0,0;0,0;0,0;0,0;0,0;0,0;0,0;0,0;10,2;;;;
17/08/2024;0,0;0,0;0,0;0,0;0,0;0,0;0,0;0,0;0,0;0,0;0,0;0,0;0,0;0,0;0,0;0,0;0,0;0,0;0,0;0,0;0,0;0,0;0,0;0,0;0,0;0,0;0,0;0,0;21,6;24,0;26,4;26,4;28,2;25,2;25,2;27,0;30,0;27,6;27,6;27,0;27,6;28,2;28,2;31,2;36,0;40,2;34,2;33,6;33,0;30,0;29,4;34,2;31,2;32,4;34,8;31,2;33,0;33,6;33,0;31,2;30,0;32,4;31,8;32,4;34,2;33,0;33,0;33,6;35,4;33,0;35,4;35,4;35,4;33,0;33,6;33,0;32,4;31,8;27,6;26,4;0,0;0,0;0,0;0,0;0,0;0,0;0,0;0,0;0,0;0,0;0,0;0,0;0,0;0,0;0,0;9,6;;;;
18/08/2024;0,0;0,0;0,0;0,0;0,0;0,0;0,0;0,0;0,0;0,0;0,0;0,0;0,0;0,0;0,0;0,0;0,0;0,0;0,0;0,0;0,0;0,0;0,0;0,0;0,0;0,0;0,0;0,0;18,0;26,4;24,6;26,4;27,0;30,0;31,2;30,0;34,8;31,8;31,8;28,8;29,4;28,8;31,2;31,2;35,4;38,4;38,4;40,8;31,8;29,4;29,4;31,2;33,0;29,4;30,6;33,6;35,4;34,2;32,4;30,0;30,0;31,2;25,8;31,8;30,6;28,8;31,8;30,6;30,6;33,0;31,2;31,8;36,6;30,0;33,6;33,6;31,2;27,6;31,8;27,0;0,0;0,0;0,0;0,0;0,0;0,0;0,0;0,0;0,0;0,0;0,0;0,0;0,0;0,0;0,0;9,9;;;;
19/08/2024;0,0;0,0;0,0;0,0;0,0;0,0;0,0;0,0;0,0;0,0;0,0;0,0;0,0;0,0;0,0;0,0;0,0;0,0;0,0;0,0;0,0;0,0;0,0;0,0;0,0;0,0;0,0;0,0;16,8;22,8;25,2;25,8;25,2;26,4;28,2;26,4;28,8;25,2;27,0;27,6;28,2;25,2;31,2;32,4;38,4;34,8;34,8;30,0;33,0;30,0;30,6;30,6;33,6;28,8;30,6;30,0;29,4;31,2;32,4;32,4;28,2;26,4;30,6;30,6;31,8;30,0;27,6;33,0;33,6;33,6;33,6;32,4;34,8;31,2;28,8;30,6;30,0;28,2;26,4;25,2;0,0;0,0;0,0;0,0;0,0;0,0;0,0;0,0;0,0;0,0;0,0;0,0;0,0;0,0;0,0;8,701;;;;
20/08/2024;0,0;0,0;0,0;0,0;0,0;0,0;0,0;0,0;0,0;0,0;0,0;0,0;0,0;0,0;0,0;0,0;0,0;0,0;0,0;0,0;0,0;0,0;0,0;0,0;0,0;0,0;0,0;0,0;27,0;25,2;25,8;25,8;27,6;30,0;30,0;27,0;27,0;27,0;28,8;27,0;25,8;30,6;30,6;31,8;30,6;30,6;28,8;34,2;29,4;30,6;32,4;36,0;30,6;33,6;36,0;30,6;37,2;36,0;31,8;34,2;33,6;33,0;34,8;34,8;34,2;34,2;33,6;36,0;34,8;37,8;34,2;37,8;37,2;34,8;34,2;31,8;30,6;31,2;28,2;27,0;0,0;0,0;0,0;0,0;0,0;0,0;0,0;0,0;0,0;0,0;0,0;0,0;0,0;0,0;0,0;9,6;;;;
21/08/2024;0,0;0,0;0,0;0,0;0,0;0,0;0,0;0,0;0,0;0,0;0,0;0,0;0,0;0,0;0,0;0,0;0,0;0,0;0,0;0,0;0,0;0,0;0,0;0,0;0,0;0,0;0,0;0,0;16,8;24,6;27,0;25,8;26,4;24,6;22,8;22,8;23,4;23,4;23,4;25,8;25,2;22,8;22,8;31,2;33,0;33,0;24,0;26,4;27,0;29,4;28,2;30,0;29,4;31,2;31,8;31,8;28,8;31,2;31,2;33,0;33,0;28,2;30,6;28,8;30,0;29,4;33,0;30,0;34,2;33,6;34,2;33,6;34,8;36,6;34,2;37,8;34,2;32,4;31,2;29,4;0,0;0,0;0,0;0,0;0,0;0,0;0,0;0,0;0,0;0,0;0,0;0,0;0,0;0,0;0,0;9,9;;;;
22/08/2024;0,0;0,0;0,0;0,0;0,0;0,0;0,0;0,0;0,0;0,0;0,0;0,0;0,0;0,0;0,0;0,0;0,0;0,0;0,0;0,0;0,0;0,0;0,0;0,0;0,0;0,0;0,0;0,0;14,4;18,0;21,0;27,6;28,2;27,6;28,2;25,2;27,6;33,0;28,8;22,8;27,6;24,0;27,0;23,4;31,2;27,6;28,8;27,6;26,4;27,6;28,2;36,6;30,6;32,4;29,4;28,8;33,6;33,0;33,6;31,8;36,0;32,4;36,0;37,2;37,2;37,2;34,8;36,0;35,4;39,6;37,8;39,0;36,0;34,8;37,8;40,2;36,0;34,8;32,4;30,6;0,0;0,0;0,0;0,0;0,0;0,0;0,0;0,0;0,0;0,0;0,0;0,0;0,0;0,0;0,0;9,3;;;;
23/08/2024;0,0;0,0;0,0;0,0;0,0;0,0;0,0;0,0;0,0;0,0;0,0;0,0;0,0;0,0;0,0;0,0;0,0;0,0;0,0;0,0;0,0;0,0;0,0;0,0;0,0;0,0;0,0;0,0;15,0;23,4;25,8;25,2;24,6;22,8;25,2;24,0;26,4;23,4;26,4;25,8;28,8;25,8;29,4;28,8;31,2;34,2;40,2;36,0;34,8;34,8;31,2;32,4;31,8;34,2;34,8;34,8;36,0;36,0;39,0;36,6;34,8;36,0;36,0;34,8;34,8;34,8;34,8;35,4;36,0;37,8;39,6;39,0;35,4;34,2;31,8;34,2;33,0;33,6;31,2;30,0;0,0;0,0;0,0;0,0;0,0;0,0;0,0;0,0;0,0;0,0;0,0;0,0;0,0;0,0;0,0;9,3;;;;
24/08/2024;0,0;0,0;0,0;0,0;0,0;0,0;0,0;0,0;0,0;0,0;0,0;0,0;0,0;0,0;0,0;0,0;0,0;0,0;0,0;0,0;0,0;0,0;0,0;0,0;0,0;0,0;0,0;0,0;18,6;21,6;23,4;24,0;22,8;24,0;23,4;27,0;23,4;24,6;25,2;25,2;24,6;27,0;30,0;28,2;29,4;25,8;32,4;37,8;37,2;30,0;30,0;29,4;27,0;28,8;30,0;28,2;30,0;29,4;28,8;28,2;27,6;28,2;30,0;28,8;31,2;30,6;30,6;30,6;33,0;37,2;32,4;32,4;32,4;28,2;27,6;28,2;27,6;27,6;25,2;27,0;0,0;0,0;0,0;0,0;0,0;0,0;0,0;0,0;0,0;0,0;0,0;0,0;0,0;0,0;0,0;9,3;;;;
25/08/2024;0,0;0,0;0,0;0,0;0,0;0,0;0,0;0,0;0,0;0,0;0,0;0,0;0,0;0,0;0,0;0,0;0,0;0,0;0,0;0,0;0,0;0,0;0,0;0,0;0,0;0,0;0,0;0,0;18,0;22,2;28,2;30,0;28,2;27,0;27,6;30,0;27,0;25,2;27,0;24,6;25,8;26,4;26,4;25,2;25,8;25,8;26,4;28,2;29,4;29,4;26,4;25,8;24,6;27,6;30,6;33,6;31,2;28,8;28,8;28,8;28,2;27,0;27,6;27,6;27,6;29,4;31,8;27,0;30,6;30,0;31,2;29,4;30,6;28,8;29,4;28,8;29,4;27,6;25,2;22,2;0,0;0,0;0,0;0,0;0,0;0,0;0,0;0,0;0,0;0,0;0,0;0,0;0,0;0,0;0,0;7,5;;;;
26/08/2024;0,0;0,0;0,0;0,0;0,0;0,0;0,0;0,0;0,0;0,0;0,0;0,0;0,0;0,0;0,0;0,0;0,0;0,0;0,0;0,0;0,0;0,0;0,0;0,0;0,0;0,0;0,0;0,0;23,4;25,2;25,2;26,4;26,4;27,0;26,4;24,6;26,4;27,0;26,4;31,8;28,8;28,8;27,0;30,0;27,6;31,2;28,2;30,0;27,0;28,2;28,8;25,8;28,2;30,0;28,8;30,0;28,2;26,4;27,6;27,0;28,2;28,2;28,8;28,8;28,8;28,8;28,8;28,8;27,6;30,6;28,8;30,6;33,0;27,6;27,6;27,0;28,2;28,2;25,8;24,0;0,0;0,0;0,0;0,0;0,0;0,0;0,0;0,0;0,0;0,0;0,0;0,0;0,0;0,0;0,0;7,8;;;;
27/08/2024;0,0;0,0;0,0;0,0;0,0;0,0;0,0;0,0;0,0;0,0;0,0;0,0;0,0;0,0;0,0;0,0;0,0;0,0;0,0;0,0;0,0;0,0;0,0;0,0;0,0;0,0;0,0;0,0;19,2;22,8;25,2;26,4;27,0;27,0;24,6;27,6;27,0;24,6;24,6;22,8;22,8;22,2;23,4;26,4;27,6;25,2;25,2;27,0;28,2;26,4;23,4;22,2;25,2;24,0;23,4;21,0;24,6;25,8;23,4;23,4;20,4;22,2;21,6;20,4;21,0;20,4;22,8;21,0;19,8;22,8;19,2;22,8;22,2;21,0;19,8;21,6;21,0;19,8;22,2;18,6;0,0;0,0;0,0;0,0;0,0;0,0;0,0;0,0;0,0;0,0;0,0;0,0;0,0;0,0;0,0;5,7;;;;
28/08/2024;0,0;0,0;0,0;0,0;0,0;0,0;0,0;0,0;0,0;0,0;0,0;0,0;0,0;0,0;0,0;0,0;0,0;0,0;0,0;0,0;0,0;0,0;0,0;0,0;0,0;0,0;0,0;0,0;21,6;21,6;22,2;22,2;21,6;25,2;24,6;24,6;24,0;27,6;20,4;20,4;24,0;19,8;23,4;23,4;22,2;26,4;25,2;25,2;25,8;21,0;21,6;21,6;23,4;25,2;25,2;26,4;24,6;24,0;20,4;20,4;19,2;18,6;19,8;20,4;21,0;18,6;18,0;19,2;19,2;22,8;21,6;22,2;23,4;22,8;19,2;22,8;19,8;19,2;20,4;19,2;0,0;0,0;0,0;0,0;0,0;0,0;0,0;0,0;0,0;0,0;0,0;0,0;0,0;0,0;0,0;5,4;;;;
29/08/2024;0,0;0,0;0,0;0,0;0,0;0,0;0,0;0,0;0,0;0,0;0,0;0,0;0,0;0,0;0,0;0,0;0,0;0,0;0,0;0,0;0,0;0,0;0,0;0,0;0,0;0,0;0,0;0,0;12,6;20,4;23,4;25,2;26,4;24,6;25,8;24,6;25,8;25,2;21,6;25,2;25,8;21,0;21,6;25,8;22,8;24,6;21,6;21,0;23,4;24,0;21,0;19,8;22,2;21,6;23,4;24,6;23,4;22,8;22,8;21,6;18,0;18,0;16,8;19,2;18,6;18,6;19,2;19,2;21,6;21,0;21,0;20,4;21,6;19,2;18,6;22,2;20,4;20,4;19,2;17,4;0,0;0,0;0,0;0,0;0,0;0,0;0,0;0,0;0,0;0,0;0,0;0,0;0,0;0,0;0,0;5,4;;;;
30/08/2024;0,0;0,0;0,0;0,0;0,0;0,0;0,0;0,0;0,0;0,0;0,0;0,0;0,0;0,0;0,0;0,0;0,0;0,0;0,0;0,0;0,0;0,0;0,0;0,0;0,0;0,0;0,0;0,0;16,2;22,8;23,4;24,0;26,4;25,8;24,0;24,6;27,0;27,6;24,0;23,4;21,0;20,4;22,8;22,2;23,4;25,2;23,4;21,6;25,8;25,2;24,0;24,0;25,2;19,8;28,2;22,8;22,8;20,4;19,2;25,2;21,6;22,8;21,6;24,0;26,4;24,6;24,0;24,6;24,0;28,2;25,8;28,8;28,8;27,0;23,4;24,0;25,2;22,2;19,8;19,8;0,0;0,0;0,0;0,0;0,0;0,0;0,0;0,0;0,0;0,0;0,0;0,0;0,0;0,0;0,0;5,7;;;;
31/08/2024;0,0;0,0;0,0;0,0;0,0;0,0;0,0;0,0;0,0;0,0;0,0;0,0;0,0;0,0;0,0;0,0;0,0;0,0;0,0;0,0;0,0;0,0;0,0;0,0;0,0;0,0;0,0;0,0;14,4;20,4;25,2;25,2;24,0;23,4;24,6;25,2;28,8;24,0;25,2;22,2;21,0;19,2;20,4;20,4;27,0;27,6;22,2;21,6;26,4;23,4;24,6;22,2;24,6;22,2;25,2;20,4;20,4;21,0;24,6;22,2;22,8;19,2;21,0;21,6;21,6;23,4;20,4;23,4;24,0;23,4;26,4;22,8;27,0;23,4;22,2;24,6;21,6;20,4;19,8;19,8;0,0;0,0;0,0;0,0;0,0;0,0;0,0;0,0;0,0;0,0;0,0;0,0;0,0;0,0;0,0;5,7;;;;
01/09/2024;0,0;0,0;0,0;0,0;0,0;0,0;0,0;0,0;0,0;0,0;0,0;0,0;0,0;0,0;0,0;0,0;0,0;0,0;0,0;0,0;0,0;0,0;0,0;0,0;0,0;0,0;0,0;0,0;17,4;22,8;22,8;24,0;22,2;24,6;25,8;23,4;25,2;24,0;21,6;23,4;22,2;25,8;26,4;26,4;20,4;24,0;23,4;30,6;25,8;20,4;22,8;24,6;21,0;22,8;22,8;24,0;21,6;21,6;19,2;20,4;22,2;22,2;24,0;25,2;23,4;23,4;21,6;23,4;24,6;26,4;25,2;28,2;30,0;23,4;24,0;24,0;24,0;21,6;18,6;21,0;0,0;0,0;0,0;0,0;0,0;0,0;0,0;0,0;0,0;0,0;0,0;0,0;0,0;0,0;0,0;6,0;;;;
02/09/2024;0,0;0,0;0,0;0,0;0,0;0,0;0,0;0,0;0,0;0,0;0,0;0,0;0,0;0,0;0,0;0,0;0,0;0,0;0,0;0,0;0,0;0,0;0,0;0,0;0,0;0,0;0,0;0,0;16,2;21,0;27,6;24,6;25,8;26,4;26,4;25,8;23,4;28,8;26,4;25,8;24,6;23,4;25,2;24,0;25,8;25,8;24,6;26,4;27,6;24,0;22,8;22,8;22,8;22,2;25,2;24,6;24,0;25,2;25,2;20,4;25,2;23,4;23,4;21,6;23,4;22,8;23,4;21,0;23,4;28,2;28,2;22,8;26,4;24,0;22,2;21,0;21,6;21,6;21,0;20,4;0,0;0,0;0,0;0,0;0,0;0,0;0,0;0,0;0,0;0,0;0,0;0,0;0,0;0,0;0,0;7,2;;;;
03/09/2024;0,0;0,0;0,0;0,0;0,0;0,0;0,0;0,0;0,0;0,0;0,0;0,0;0,0;0,0;0,0;0,0;0,0;0,0;0,0;0,0;0,0;0,0;0,0;0,0;0,0;0,0;0,0;0,0;17,4;21,6;25,8;23,4;25,2;25,2;25,8;26,4;24,6;24,6;23,4;24,0;21,0;22,2;24,6;24,6;25,8;22,8;25,8;25,2;27,6;22,8;25,2;24,6;24,6;24,0;24,6;23,4;18,6;21,0;21,0;27,0;23,4;24,6;24,0;21,6;23,4;24,6;24,0;27,0;25,2;25,2;24,6;24,6;24,0;21,0;20,4;22,8;21,6;21,6;21,6;19,8;0,0;0,0;0,0;0,0;0,0;0,0;0,0;0,0;0,0;0,0;0,0;0,0;0,0;0,0;0,0;5,7;;;;
04/09/2024;0,0;0,0;0,0;0,0;0,0;0,0;0,0;0,0;0,0;0,0;0,0;0,0;0,0;0,0;0,0;0,0;0,0;0,0;0,0;0,0;0,0;0,0;0,0;0,0;0,0;0,0;0,0;0,0;21,0;23,4;22,2;22,8;25,2;24,6;23,4;22,2;24,0;23,4;27,0;25,2;24,0;21,6;22,2;22,8;22,8;28,8;25,8;23,4;25,2;20,4;18,6;19,2;22,8;27,0;24,0;22,8;21,0;26,4;22,8;24,6;24,0;19,8;22,8;22,8;23,4;21,6;24,6;22,8;25,8;25,2;23,4;25,2;23,4;22,8;20,4;19,2;22,8;24,6;23,4;23,4;0,0;0,0;0,0;0,0;0,0;0,0;0,0;0,0;0,0;0,0;0,0;0,0;0,0;0,0;0,0;6,3;;;;
05/09/2024;0,0;0,0;0,0;0,0;0,0;0,0;0,0;0,0;0,0;0,0;0,0;0,0;0,0;0,0;0,0;0,0;0,0;0,0;0,0;0,0;0,0;0,0;0,0;0,0;0,0;0,0;0,0;0,0;21,0;23,4;22,2;25,2;22,8;24,0;24,0;24,6;24,6;30,6;24,6;25,2;22,8;21,0;25,2;25,2;24,0;28,2;23,4;28,8;24,6;24,6;21,0;25,8;25,2;26,4;28,8;27,0;25,2;27,0;25,8;21,0;19,8;19,2;22,2;21,0;24,6;22,8;21,0;21,0;22,2;24,6;24,6;24,0;24,0;26,4;23,4;21,6;20,4;19,8;20,4;20,4;0,0;0,0;0,0;0,0;0,0;0,0;0,0;0,0;0,0;0,0;0,0;0,0;0,0;0,0;0,0;6,3;;;;
06/09/2024;0,0;0,0;0,0;0,0;0,0;0,0;0,0;0,0;0,0;0,0;0,0;0,0;0,0;0,0;0,0;0,0;0,0;0,0;0,0;0,0;0,0;0,0;0,0;0,0;0,0;0,0;0,0;0,0;16,8;22,2;25,2;24,6;25,8;25,2;25,2;24,6;27,6;26,4;25,2;27,6;23,4;20,4;24,6;22,8;24,6;22,8;20,4;19,8;22,8;24,6;21,0;25,2;22,8;21,0;24,6;29,4;25,8;25,8;24,6;26,4;25,2;22,8;21,6;22,2;22,2;25,8;25,8;27,6;28,2;31,2;29,4;27,0;33,0;27,0;25,8;25,8;27,6;24,6;23,4;24,6;0,0;0,0;0,0;0,0;0,0;0,0;0,0;0,0;0,0;0,0;0,0;0,0;0,0;0,0;0,0;8,1;;;;
07/09/2024;0,0;0,0;0,0;0,0;0,0;0,0;0,0;0,0;0,0;0,0;0,0;0,0;0,0;0,0;0,0;0,0;0,0;0,0;0,0;0,0;0,0;0,0;0,0;0,0;0,0;0,0;0,0;0,0;19,8;20,4;24,0;25,2;27,0;28,2;28,8;27,0;29,4;28,8;27,0;24,0;25,2;25,2;24,6;25,2;24,0;23,4;28,8;25,8;25,2;27,0;25,8;26,4;23,4;23,4;28,8;21,6;20,4;21,6;22,8;22,8;21,6;22,8;22,2;22,2;22,8;24,0;22,2;24,6;26,4;26,4;25,2;26,4;24,6;25,8;25,2;25,8;25,2;24,6;25,2;25,2;0,0;0,0;0,0;0,0;0,0;0,0;0,0;0,0;0,0;0,0;0,0;0,0;0,0;0,0;0,0;8,1;;;;
08/09/2024;0,0;0,0;0,0;0,0;0,0;0,0;0,0;0,0;0,0;0,0;0,0;0,0;0,0;0,0;0,0;0,0;0,0;0,0;0,0;0,0;0,0;0,0;0,0;0,0;0,0;0,0;0,0;0,0;16,8;22,2;25,8;28,8;29,4;27,0;25,8;23,4;27,6;31,8;25,2;25,8;24,6;26,4;27,0;23,4;24,0;25,2;24,0;24,0;22,8;23,4;24,6;24,0;24,0;24,0;25,2;22,8;24,6;26,4;24,6;22,2;20,4;21,0;22,2;22,2;25,2;21,0;21,6;24,6;25,2;27,6;25,8;25,8;25,8;25,2;25,8;25,2;25,8;24,6;25,8;24,6;0,0;0,0;0,0;0,0;0,0;0,0;0,0;0,0;0,0;0,0;0,0;0,0;0,0;0,0;0,0;7,2;;;;
09/09/2024;0,0;0,0;0,0;0,0;0,0;0,0;0,0;0,0;0,0;0,0;0,0;0,0;0,0;0,0;0,0;0,0;0,0;0,0;0,0;0,0;0,0;0,0;0,0;0,0;0,0;0,0;0,0;0,0;18,0;22,2;28,8;27,0;29,4;29,4;29,4;28,2;28,8;32,4;25,2;27,0;29,4;29,4;22,2;23,4;24,0;27,0;22,2;25,8;25,2;24,0;25,2;23,4;23,4;24,0;25,2;24,6;22,8;27,6;29,4;24,6;22,2;20,4;19,2;19,8;19,8;20,4;20,4;21,6;21,6;24,0;21,6;23,4;25,8;20,4;21,6;22,2;20,4;21,6;19,2;23,4;0,0;0,0;0,0;0,0;0,0;0,0;0,0;0,0;0,0;0,0;0,0;0,0;0,0;0,0;0,0;6,3;;;;
10/09/2024;0,0;0,0;0,0;0,0;0,0;0,0;0,0;0,0;0,0;0,0;0,0;0,0;0,0;0,0;0,0;0,0;0,0;0,0;0,0;0,0;0,0;0,0;0,0;0,0;0,0;0,0;0,0;0,0;15,6;19,2;30,0;27,0;27,0;25,2;25,2;25,2;25,2;24,0;25,2;23,4;31,2;26,4;24,0;23,4;24,6;27,6;27,0;23,4;22,2;24,0;23,4;22,8;22,2;20,4;25,2;21,0;21,6;20,4;25,2;20,4;22,2;24,0;21,6;24,0;20,4;21,6;18,6;21,0;25,8;24,0;23,4;20,4;22,8;22,2;20,4;20,4;22,2;22,2;20,4;19,8;0,0;0,0;0,0;0,0;0,0;0,0;0,0;0,0;0,0;0,0;0,0;0,0;0,0;0,0;0,0;6,0;;;;
11/09/2024;0,0;0,0;0,0;0,0;0,0;0,0;0,0;0,0;0,0;0,0;0,0;0,0;0,0;0,0;0,0;0,0;0,0;0,0;0,0;0,0;0,0;0,0;0,0;0,0;0,0;0,0;0,0;0,0;15,6;16,2;18,0;19,8;22,8;25,8;25,2;24,6;26,4;21,6;26,4;25,2;24,6;22,2;27,6;22,8;23,4;24,6;24,0;22,8;30,0;24,0;21,0;18,0;21,6;22,2;25,8;25,8;26,4;24,6;23,4;25,2;21,0;20,4;22,8;19,8;19,8;22,2;19,8;21,6;22,2;24,6;24,0;23,4;25,2;22,8;21,6;21,6;22,8;23,4;22,2;21,6;0,0;0,0;0,0;0,0;0,0;0,0;0,0;0,0;0,0;0,0;0,0;0,0;0,0;0,0;0,0;5,7;;;;
12/09/2024;0,0;0,0;0,0;0,0;0,0;0,0;0,0;0,0;0,0;0,0;0,0;0,0;0,0;0,0;0,0;0,0;0,0;0,0;0,0;0,0;0,0;0,0;0,0;0,0;0,0;0,0;0,0;0,0;17,4;19,2;26,4;24,6;24,6;24,6;25,2;26,4;27,0;28,2;30,0;23,4;26,4;24,0;23,4;24,0;26,4;25,2;28,8;22,2;25,2;25,2;19,8;21,0;20,4;21,6;20,4;19,2;19,2;20,4;21,0;22,2;22,2;19,8;21,6;22,8;21,6;20,4;23,4;22,2;24,0;31,2;29,4;28,8;26,4;28,8;26,4;27,0;25,2;23,4;25,2;23,4;0,0;0,0;0,0;0,0;0,0;0,0;0,0;0,0;0,0;0,0;0,0;0,0;0,0;0,0;0,0;7,5;;;;
13/09/2024;0,0;0,0;0,0;0,0;0,0;0,0;0,0;0,0;0,0;0,0;0,0;0,0;0,0;0,0;0,0;0,0;0,0;0,0;0,0;0,0;0,0;0,0;0,0;0,0;0,0;0,0;0,0;0,0;23,4;22,8;27,0;26,4;28,2;27,6;28,2;28,8;30,0;27,6;28,8;27,6;30,6;28,8;27,6;27,6;22,8;24,6;27,0;27,0;31,2;25,2;26,4;26,4;27,6;28,2;29,4;27,0;24,6;25,8;27,0;25,8;24,6;25,2;25,8;25,8;30,0;28,8;31,2;27,0;33,0;32,4;30,0;33,6;29,4;27,6;30,0;27,0;27,0;27,0;25,2;26,4;0,0;0,0;0,0;0,0;0,0;0,0;0,0;0,0;0,0;0,0;0,0;0,0;0,0;0,0;0,0;9,0;;;;
14/09/2024;0,0;0,0;0,0;0,0;0,0;0,0;0,0;0,0;0,0;0,0;0,0;0,0;0,0;0,0;0,0;0,0;0,0;0,0;0,0;0,0;0,0;0,0;0,0;0,0;0,0;0,0;0,0;0,0;24,0;28,2;26,4;25,8;26,4;27,0;27,6;27,0;26,4;26,4;28,8;26,4;30,0;26,4;27,0;25,2;29,4;30,0;30,6;30,6;34,2;30,0;27,6;27,6;25,8;22,8;26,4;22,8;24,0;23,4;24,6;27,6;25,2;23,4;22,8;23,4;24,6;24,6;22,8;22,2;22,2;25,8;24,0;23,4;26,4;26,4;21,6;21,6;22,8;24,0;22,8;24,0;0,0;0,0;0,0;0,0;0,0;0,0;0,0;0,0;0,0;0,0;0,0;0,0;0,0;0,0;0,0;7,8;;;;
15/09/2024;0,0;0,0;0,0;0,0;0,0;0,0;0,0;0,0;0,0;0,0;0,0;0,0;0,0;0,0;0,0;0,0;0,0;0,0;0,0;0,0;0,0;0,0;0,0;0,0;0,0;0,0;0,0;0,0;15,0;23,4;31,2;27,6;28,8;31,2;28,2;28,2;26,4;30,0;30,0;30,6;29,4;27,6;25,8;25,8;26,4;26,4;25,8;25,8;27,6;22,2;26,4;26,4;25,8;24,0;24,0;22,8;25,8;27,6;27,0;25,2;22,2;23,4;22,8;24,0;26,4;24,0;22,2;22,8;24,6;26,4;24,0;25,8;26,4;21,6;22,2;22,8;23,4;23,4;21,0;21,0;0,0;0,0;0,0;0,0;0,0;0,0;0,0;0,0;0,0;0,0;0,0;0,0;0,0;0,0;0,0;6,6;;;;
16/09/2024;0,0;0,0;0,0;0,0;0,0;0,0;0,0;0,0;0,0;0,0;0,0;0,0;0,0;0,0;0,0;0,0;0,0;0,0;0,0;0,0;0,0;0,0;0,0;0,0;0,0;0,0;0,0;0,0;20,4;26,4;28,8;27,0;26,4;27,6;28,8;28,2;32,4;26,4;29,4;29,4;30,6;25,8;25,2;25,8;26,4;28,8;31,2;27,0;27,6;25,8;26,4;23,4;23,4;24,0;25,2;25,2;22,8;26,4;25,2;28,8;24,0;23,4;21,6;21,0;21,6;21,6;24,0;23,4;22,2;24,0;25,2;25,8;24,6;22,2;22,8;22,8;23,4;22,2;21,6;19,8;0,0;0,0;0,0;0,0;0,0;0,0;0,0;0,0;0,0;0,0;0,0;0,0;0,0;0,0;0,0;6,0;;;;
17/09/2024;0,0;0,0;0,0;0,0;0,0;0,0;0,0;0,0;0,0;0,0;0,0;0,0;0,0;0,0;0,0;0,0;0,0;0,0;0,0;0,0;0,0;0,0;0,0;0,0;0,0;0,0;0,0;0,0;18,0;22,2;23,4;25,8;28,2;25,8;24,6;23,4;25,2;25,2;27,0;27,0;25,8;28,8;26,4;24,0;24,0;24,6;29,4;27,6;25,8;24,0;24,6;23,4;22,8;23,4;24,0;24,6;21,6;24,6;20,4;26,4;21,0;22,8;20,4;22,8;22,8;25,2;24,0;21,0;23,4;26,4;26,4;23,4;27,0;20,4;23,4;23,4;23,4;21,0;21,0;19,8;0,0;0,0;0,0;0,0;0,0;0,0;0,0;0,0;0,0;0,0;0,0;0,0;0,0;0,0;0,0;5,7;;;;
18/09/2024;0,0;0,0;0,0;0,0;0,0;0,0;0,0;0,0;0,0;0,0;0,0;0,0;0,0;0,0;0,0;0,0;0,0;0,0;0,0;0,0;0,0;0,0;0,0;0,0;0,0;0,0;0,0;0,0;18,6;20,4;24,6;24,0;23,4;22,8;24,0;24,6;25,8;25,2;24,6;25,2;28,8;25,2;20,4;25,2;24,6;22,8;22,2;22,8;26,4;24,6;24,0;20,4;19,2;24,6;28,2;24,0;24,6;22,2;21,0;21,0;21,6;21,6;19,2;21,6;20,4;22,2;22,8;21,0;18,6;22,2;20,4;21,6;20,4;21,0;19,8;23,4;21,6;21,0;20,4;19,2;0,0;0,0;0,0;0,0;0,0;0,0;0,0;0,0;0,0;0,0;0,0;0,0;0,0;0,0;0,0;5,1;;;;
19/09/2024;0,0;0,0;0,0;0,0;0,0;0,0;0,0;0,0;0,0;0,0;0,0;0,0;0,0;0,0;0,0;0,0;0,0;0,0;0,0;0,0;0,0;0,0;0,0;0,0;0,0;0,0;0,0;0,0;19,8;21,6;22,8;28,2;25,2;25,2;30,0;28,8;27,6;25,8;25,8;25,2;25,2;24,0;30,0;25,8;25,2;22,2;24,0;27,6;24,0;21,0;21,0;22,8;23,4;26,4;31,2;28,2;25,8;24,6;25,2;22,2;20,4;22,2;21,6;20,4;18,6;16,8;19,8;18,6;18,6;22,8;22,8;24,0;20,4;20,4;20,4;21,6;19,2;21,0;20,4;19,2;0,0;0,0;0,0;0,0;0,0;0,0;0,0;0,0;0,0;0,0;0,0;0,0;0,0;0,0;0,0;5,4;;;;
20/09/2024;0,0;0,0;0,0;0,0;0,0;0,0;0,0;0,0;0,0;0,0;0,0;0,0;0,0;0,0;0,0;0,0;0,0;0,0;0,0;0,0;0,0;0,0;0,0;0,0;0,0;0,0;0,0;0,0;18,0;27,6;23,4;23,4;23,4;22,8;27,6;25,2;28,8;20,4;27,6;25,8;23,4;18,6;22,2;24,0;24,6;29,4;21,0;22,8;23,4;22,8;24,6;23,4;20,4;21,0;21,6;19,2;19,2;18,0;22,8;26,4;25,8;22,2;19,8;20,4;19,8;19,2;20,4;19,2;23,4;21,6;22,8;19,2;22,2;19,2;19,2;20,4;18,6;22,2;20,4;19,2;0,0;0,0;0,0;0,0;0,0;0,0;0,0;0,0;0,0;0,0;0,0;0,0;0,0;0,0;0,0;5,7;;;;
21/09/2024;0,0;0,0;0,0;0,0;0,0;0,0;0,0;0,0;0,0;0,0;0,0;0,0;0,0;0,0;0,0;0,0;0,0;0,0;0,0;0,0;0,0;0,0;0,0;0,0;0,0;0,0;0,0;0,0;16,8;20,4;27,0;23,4;25,2;24,6;27,6;24,0;30,0;29,4;27,6;27,6;25,8;25,8;26,4;24,6;22,8;25,2;26,4;22,8;24,0;20,4;20,4;24,6;23,4;21,6;22,2;22,2;20,4;18,6;19,8;20,4;22,8;26,4;23,4;25,8;22,8;22,8;22,2;21,0;20,4;24,0;22,8;21,6;22,8;21,6;18,0;19,2;22,2;20,4;20,4;21,6;0,0;0,0;0,0;0,0;0,0;0,0;0,0;0,0;0,0;0,0;0,0;0,0;0,0;0,0;0,0;5,1;;;;
22/09/2024;0,0;0,0;0,0;0,0;0,0;0,0;0,0;0,0;0,0;0,0;0,0;0,0;0,0;0,0;0,0;0,0;0,0;0,0;0,0;0,0;0,0;0,0;0,0;0,0;0,0;0,0;0,0;0,0;23,4;23,4;24,0;24,0;28,2;30,6;29,4;28,2;30,0;29,4;25,2;26,4;24,6;21,6;22,8;25,2;28,2;28,8;22,2;24,6;25,2;25,8;21,6;21,6;20,4;31,2;31,2;30,0;27,6;22,8;22,2;21,6;18,0;18,6;16,8;17,4;17,4;17,4;18,0;16,8;22,2;24,6;25,8;19,8;24,0;22,2;21,0;26,4;20,4;21,0;24,0;21,0;0,0;0,0;0,0;0,0;0,0;0,0;0,0;0,0;0,0;0,0;0,0;0,0;0,0;0,0;0,0;5,7;;;;
23/09/2024;0,0;0,0;0,0;0,0;0,0;0,0;0,0;0,0;0,0;0,0;0,0;0,0;0,0;0,0;0,0;0,0;0,0;0,0;0,0;0,0;0,0;0,0;0,0;0,0;0,0;0,0;0,0;0,0;17,4;21,0;26,4;30,0;28,2;25,2;23,4;25,2;24,0;25,8;22,8;26,4;25,2;26,4;24,6;25,8;30,0;31,2;25,2;24,6;25,2;24,6;24,0;27,6;24,6;27,6;20,4;16,2;19,2;21,6;19,8;20,4;21,0;18,6;19,2;21,6;21,0;18,6;20,4;20,4;22,8;21,6;19,8;20,4;18,6;18,6;18,6;19,2;20,4;21,6;20,4;18,0;0,0;0,0;0,0;0,0;0,0;0,0;0,0;0,0;0,0;0,0;0,0;0,0;0,0;0,0;0,0;5,399;;;;
24/09/2024;0,0;0,0;0,0;0,0;0,0;0,0;0,0;0,0;0,0;0,0;0,0;0,0;0,0;0,0;0,0;0,0;0,0;0,0;0,0;0,0;0,0;0,0;0,0;0,0;0,0;0,0;0,0;0,0;18,6;24,0;27,0;24,0;22,8;26,4;24,6;21,0;21,6;22,2;27,0;21,6;22,8;26,4;21,6;19,8;25,8;27,0;31,2;22,8;22,2;20,4;19,2;18,0;18,0;18,0;21,6;21,6;19,8;17,4;21,0;21,6;24,6;25,2;22,8;21,0;22,8;22,8;21,0;19,8;19,8;22,8;20,4;20,4;22,8;20,4;18,0;19,2;19,2;22,8;21,6;20,4;0,0;0,0;0,0;0,0;0,0;0,0;0,0;0,0;0,0;0,0;0,0;0,0;0,0;0,0;0,0;6,0;;;;
25/09/2024;0,0;0,0;0,0;0,0;0,0;0,0;0,0;0,0;0,0;0,0;0,0;0,0;0,0;0,0;0,0;0,0;0,0;0,0;0,0;0,0;0,0;0,0;0,0;0,0;0,0;0,0;0,0;0,0;19,8;22,2;21,6;24,6;28,8;28,2;25,8;26,4;30,0;25,8;21,6;24,6;23,4;25,8;22,8;21,0;27,0;33,0;27,6;28,8;21,0;20,4;23,4;19,8;24,0;22,8;23,4;30,0;26,4;24,0;25,8;24,6;26,4;21,6;18,0;19,2;21,0;24,6;19,8;20,4;22,2;22,2;20,4;23,4;21,6;19,2;19,2;21,0;21,0;19,2;21,0;19,2;0,0;0,0;0,0;0,0;0,0;0,0;0,0;0,0;0,0;0,0;0,0;0,0;0,0;0,0;0,0;5,4;;;;
26/09/2024;0,0;0,0;0,0;0,0;0,0;0,0;0,0;0,0;0,0;0,0;0,0;0,0;0,0;0,0;0,0;0,0;0,0;0,0;0,0;0,0;0,0;0,0;0,0;0,0;0,0;0,0;0,0;0,0;15,6;18,0;22,8;27,6;28,8;25,2;25,2;27,0;24,6;24,0;24,6;27,0;26,4;25,8;24,6;24,0;25,8;25,8;24,0;27,6;26,4;22,2;18,6;21,6;21,6;25,2;30,0;25,8;25,2;25,8;21,6;22,8;19,2;18,0;16,8;21,6;21,6;22,2;20,4;19,2;20,4;21,6;21,6;21,0;18,6;20,4;19,8;20,4;19,8;19,2;21,0;21,0;0,0;0,0;0,0;0,0;0,0;0,0;0,0;0,0;0,0;0,0;0,0;0,0;0,0;0,0;0,0;5,1;;;;
27/09/2024;0,0;0,0;0,0;0,0;0,0;0,0;0,0;0,0;0,0;0,0;0,0;0,0;0,0;0,0;0,0;0,0;0,0;0,0;0,0;0,0;0,0;0,0;0,0;0,0;0,0;0,0;0,0;0,0;19,2;24,0;26,4;25,2;25,8;23,4;33,6;30,0;24,0;27,6;26,4;22,8;27,6;24,6;23,4;22,8;25,8;30,0;27,0;21,6;25,2;24,0;28,2;24,6;21,6;26,4;24,0;21,6;25,2;26,4;23,4;25,8;21,6;24,6;23,4;22,8;19,8;22,2;19,8;20,4;19,8;21,0;24,6;21,6;26,4;23,4;21,0;20,4;20,4;22,8;19,2;19,2;0,0;0,0;0,0;0,0;0,0;0,0;0,0;0,0;0,0;0,0;0,0;0,0;0,0;0,0;0,0;6,0;;;;
28/09/2024;0,0;0,0;0,0;0,0;0,0;0,0;0,0;0,0;0,0;0,0;0,0;0,0;0,0;0,0;0,0;0,0;0,0;0,0;0,0;0,0;0,0;0,0;0,0;0,0;0,0;0,0;0,0;0,0;18,6;23,4;24,0;23,4;25,2;27,6;23,4;24,0;22,2;27,6;25,2;24,6;26,4;25,8;27,6;29,4;24,6;21,0;27,0;24,6;33,6;23,4;21,6;22,2;20,4;20,4;27,6;19,2;16,8;19,2;18,6;24,6;20,4;25,2;22,2;18,6;20,4;21,0;18,0;18,0;23,4;25,8;25,2;21,6;24,0;19,8;23,4;21,6;21,0;22,2;26,4;24,0;0,0;0,0;0,0;0,0;0,0;0,0;0,0;0,0;0,0;0,0;0,0;0,0;0,0;0,0;0,0;6,0;;;;
29/09/2024;0,0;0,0;0,0;0,0;0,0;0,0;0,0;0,0;0,0;0,0;0,0;0,0;0,0;0,0;0,0;0,0;0,0;0,0;0,0;0,0;0,0;0,0;0,0;0,0;0,0;0,0;0,0;0,0;15,6;19,2;24,0;25,8;26,4;27,6;28,8;28,8;27,6;25,2;27,6;22,8;21,6;24,0;25,2;24,6;22,2;25,2;26,4;26,4;26,4;21,0;23,4;21,6;28,8;22,8;23,4;21,6;25,2;19,8;20,4;24,0;27,6;21,6;18,6;19,8;18,0;19,8;20,4;21,0;19,2;25,2;28,2;24,6;24,6;21,0;19,2;23,4;21,0;21,0;20,4;20,4;0,0;0,0;0,0;0,0;0,0;0,0;0,0;0,0;0,0;0,0;0,0;0,0;0,0;0,0;0,0;5,7;;;;
30/09/2024;0,0;0,0;0,0;0,0;0,0;0,0;0,0;0,0;0,0;0,0;0,0;0,0;0,0;0,0;0,0;0,0;0,0;0,0;0,0;0,0;0,0;0,0;0,0;0,0;0,0;0,0;0,0;0,0;20,4;24,0;25,8;26,4;30,0;26,4;21,6;23,4;22,8;22,8;22,8;22,8;22,8;26,4;22,2;21,0;24,6;27,0;29,4;28,2;24,0;25,8;24,6;24,6;28,8;22,8;24,0;22,2;20,4;25,2;24,0;19,2;19,8;19,8;19,8;21,6;21,6;20,4;18,6;20,4;19,2;21,0;22,2;23,4;21,6;18,6;18,0;19,8;21,6;21,0;21,0;19,8;0,0;0,0;0,0;0,0;0,0;0,0;0,0;0,0;0,0;0,0;0,0;0,0;0,0;0,0;0,0;5,4;;;;
01/10/2024;0,0;0,0;0,0;0,0;0,0;0,0;0,0;0,0;0,0;0,0;0,0;0,0;0,0;0,0;0,0;0,0;0,0;0,0;0,0;0,0;0,0;0,0;0,0;0,0;0,0;0,0;0,0;0,0;18,6;23,4;23,4;24,0;25,8;22,2;22,2;26,4;22,8;26,4;26,4;21,6;24,6;25,2;20,4;21,0;24,6;28,8;27,6;25,8;24,6;21,6;24,6;27,0;31,2;28,2;23,4;24,0;22,8;21,0;20,4;25,2;24,0;19,8;19,2;19,8;28,2;24,0;18,6;22,8;18,6;18,0;22,2;21,0;22,8;18,6;18,6;19,2;19,2;19,2;19,8;19,8;0,0;0,0;0,0;0,0;0,0;0,0;0,0;0,0;0,0;0,0;0,0;0,0;0,0;0,0;0,0;5,1;;;;
02/10/2024;0,0;0,0;0,0;0,0;0,0;0,0;0,0;0,0;0,0;0,0;0,0;0,0;0,0;0,0;0,0;0,0;0,0;0,0;0,0;0,0;0,0;0,0;0,0;0,0;0,0;0,0;0,0;0,0;16,2;20,4;24,0;24,0;22,8;22,8;22,8;22,2;20,4;21,0;27,6;24,0;22,2;20,4;21,6;23,4;24,6;25,2;27,0;26,4;25,8;19,8;21,6;22,2;28,2;22,8;21,6;24,0;25,2;22,2;24,6;21,6;21,6;24,0;19,2;17,4;17,4;17,4;17,4;16,8;16,8;15,6;18,0;19,8;22,8;18,6;18,6;21,0;19,2;21,0;19,8;19,8;0,0;0,0;0,0;0,0;0,0;0,0;0,0;0,0;0,0;0,0;0,0;0,0;0,0;0,0;0,0;5,4;;;;
03/10/2024;0,0;0,0;0,0;0,0;0,0;0,0;0,0;0,0;0,0;0,0;0,0;0,0;0,0;0,0;0,0;0,0;0,0;0,0;0,0;0,0;0,0;0,0;0,0;0,0;0,0;0,0;0,0;0,0;18,0;22,2;23,4;22,2;25,2;24,0;22,8;22,8;21,6;24,0;26,4;30,0;24,0;22,8;24,0;26,4;28,8;23,4;24,6;26,4;23,4;22,2;18,6;19,8;22,8;24,0;24,6;28,2;27,0;25,2;22,8;25,8;23,4;19,8;16,8;22,8;24,0;17,4;18,6;18,0;18,6;18,0;21,6;22,2;22,8;18,6;21,0;21,0;20,4;18,6;20,4;19,2;0,0;0,0;0,0;0,0;0,0;0,0;0,0;0,0;0,0;0,0;0,0;0,0;0,0;0,0;0,0;4,8;;;;
04/10/2024;0,0;0,0;0,0;0,0;0,0;0,0;0,0;0,0;0,0;0,0;0,0;0,0;0,0;0,0;0,0;0,0;0,0;0,0;0,0;0,0;0,0;0,0;0,0;0,0;0,0;0,0;0,0;0,0;15,0;21,0;25,2;26,4;27,6;27,6;29,4;24,0;25,8;25,8;27,6;24,6;22,8;24,0;28,2;30,0;29,4;27,6;28,2;28,2;28,2;24,6;28,8;26,4;31,8;25,2;26,4;20,4;25,2;22,8;23,4;20,4;22,8;20,4;21,0;25,2;21,0;21,6;22,2;22,2;22,2;25,8;24,0;22,8;26,4;22,2;22,8;22,2;22,2;21,6;21,0;21,6;0,0;0,0;0,0;0,0;0,0;0,0;0,0;0,0;0,0;0,0;0,0;0,0;0,0;0,0;0,0;5,1;;;;
05/10/2024;0,0;0,0;0,0;0,0;0,0;0,0;0,0;0,0;0,0;0,0;0,0;0,0;0,0;0,0;0,0;0,0;0,0;0,0;0,0;0,0;0,0;0,0;0,0;0,0;0,0;0,0;0,0;0,0;25,8;27,6;25,2;25,8;27,6;25,2;27,6;27,0;29,4;27,0;27,0;25,2;26,4;28,8;25,8;26,4;25,8;32,4;31,8;26,4;27,6;27,0;24,6;28,8;30,6;26,4;25,2;20,4;26,4;25,2;25,2;26,4;24,0;21,6;21,6;24,0;22,2;22,2;23,4;21,0;22,2;26,4;24,6;24,0;30,6;25,8;21,6;28,2;29,4;24,6;23,4;23,4;0,0;0,0;0,0;0,0;0,0;0,0;0,0;0,0;0,0;0,0;0,0;0,0;0,0;0,0;0,0;6,0;;;;
06/10/2024;0,0;0,0;0,0;0,0;0,0;0,0;0,0;0,0;0,0;0,0;0,0;0,0;0,0;0,0;0,0;0,0;0,0;0,0;0,0;0,0;0,0;0,0;0,0;0,0;0,0;0,0;0,0;0,0;17,4;21,6;29,4;28,2;26,4;25,8;27,0;25,2;28,8;27,6;26,4;25,2;28,8;33,6;28,8;25,2;26,4;31,2;26,4;24,6;25,8;27,0;29,4;22,8;28,2;22,8;23,4;24,0;26,4;28,8;25,2;22,8;20,4;20,4;20,4;27,0;25,8;22,2;19,8;21,0;21,0;23,4;23,4;22,2;24,6;22,8;21,6;21,6;21,6;21,0;20,4;20,4;0,0;0,0;0,0;0,0;0,0;0,0;0,0;0,0;0,0;0,0;0,0;0,0;0,0;0,0;0,0;6,0;;;;
07/10/2024;0,0;0,0;0,0;0,0;0,0;0,0;0,0;0,0;0,0;0,0;0,0;0,0;0,0;0,0;0,0;0,0;0,0;0,0;0,0;0,0;0,0;0,0;0,0;0,0;0,0;0,0;0,0;0,0;18,0;21,6;25,8;27,6;28,8;26,4;27,0;30,6;31,8;28,2;24,6;26,4;28,8;23,4;27,6;28,8;30,0;27,6;24,6;23,4;27,6;27,0;26,4;27,0;31,2;25,2;27,0;25,8;27,0;25,8;26,4;25,2;29,4;25,2;26,4;24,0;24,6;24,6;23,4;25,2;24,6;28,2;27,0;25,8;26,4;24,6;23,4;22,8;22,8;22,8;22,2;22,2;0,0;0,0;0,0;0,0;0,0;0,0;0,0;0,0;0,0;0,0;0,0;0,0;0,0;0,0;0,0;5,7;;;;
08/10/2024;0,0;0,0;0,0;0,0;0,0;0,0;0,0;0,0;0,0;0,0;0,0;0,0;0,0;0,0;0,0;0,0;0,0;0,0;0,0;0,0;0,0;0,0;0,0;0,0;0,0;0,0;0,0;0,0;16,8;24,6;31,2;28,2;26,4;25,2;26,4;27,0;25,8;27,6;28,2;24,6;25,8;24,6;25,8;29,4;30,6;27,0;29,4;23,4;27,0;31,2;29,4;28,2;30,6;24,0;22,2;21,6;28,2;27,6;26,4;30,0;25,2;22,2;22,8;19,8;21,6;22,2;24,0;22,2;21,0;24,6;21,6;22,8;24,6;22,2;18,6;19,2;22,2;22,2;21,0;20,4;0,0;0,0;0,0;0,0;0,0;0,0;0,0;0,0;0,0;0,0;0,0;0,0;0,0;0,0;0,0;6,0;;;;
09/10/2024;0,0;0,0;0,0;0,0;0,0;0,0;0,0;0,0;0,0;0,0;0,0;0,0;0,0;0,0;0,0;0,0;0,0;0,0;0,0;0,0;0,0;0,0;0,0;0,0;0,0;0,0;0,0;0,0;22,2;30,0;30,6;27,6;26,4;25,8;27,6;27,0;25,8;24,6;24,6;27,6;27,0;23,4;25,8;25,8;27,0;30,6;24,0;26,4;24,6;24,6;25,8;22,2;28,8;30,0;24,0;28,2;27,6;23,4;20,4;20,4;20,4;19,2;19,2;20,4;18,0;17,4;19,8;18,0;18,6;18,6;21,6;21,6;21,6;20,4;20,4;22,2;22,2;21,0;19,8;21,0;0,0;0,0;0,0;0,0;0,0;0,0;0,0;0,0;0,0;0,0;0,0;0,0;0,0;0,0;0,0;5,7;;;;
10/10/2024;0,0;0,0;0,0;0,0;0,0;0,0;0,0;0,0;0,0;0,0;0,0;0,0;0,0;0,0;0,0;0,0;0,0;0,0;0,0;0,0;0,0;0,0;0,0;0,0;0,0;0,0;0,0;0,0;15,6;21,0;26,4;25,8;25,2;22,8;26,4;24,6;25,2;28,2;28,2;25,2;23,4;24,6;27,6;28,2;24,6;27,0;25,8;27,0;30,0;21,0;22,2;27,6;28,8;27,0;28,2;21,6;22,2;20,4;20,4;21,6;18,6;18,0;18,0;18,0;18,6;18,0;19,8;18,6;19,8;22,2;19,8;21,0;19,8;24,6;21,0;22,8;19,2;21,0;19,8;18,6;0,0;0,0;0,0;0,0;0,0;0,0;0,0;0,0;0,0;0,0;0,0;0,0;0,0;0,0;0,0;6,3;;;;
11/10/2024;0,0;0,0;0,0;0,0;0,0;0,0;0,0;0,0;0,0;0,0;0,0;0,0;0,0;0,0;0,0;0,0;0,0;0,0;0,0;0,0;0,0;0,0;0,0;0,0;0,0;0,0;0,0;0,0;19,2;22,2;24,0;26,4;26,4;25,8;25,8;25,2;24,0;23,4;27,6;25,2;27,6;26,4;25,8;25,2;28,8;26,4;22,2;22,8;30,0;25,8;25,2;29,4;25,8;28,8;27,6;22,8;18,0;22,2;27,6;29,4;25,8;22,2;21,0;27,0;30,6;24,6;24,0;22,8;22,8;24,6;23,4;24,0;24,0;24,0;23,4;23,4;24,0;22,2;25,2;22,8;0,0;0,0;0,0;0,0;0,0;0,0;0,0;0,0;0,0;0,0;0,0;0,0;0,0;0,0;0,0;7,5;;;;
12/10/2024;0,0;0,0;0,0;0,0;0,0;0,0;0,0;0,0;0,0;0,0;0,0;0,0;0,0;0,0;0,0;0,0;0,0;0,0;0,0;0,0;0,0;0,0;0,0;0,0;0,0;0,0;0,0;0,0;21,0;25,2;25,2;26,4;26,4;27,0;28,8;25,8;25,8;27,6;27,0;27,6;22,8;23,4;29,4;30,6;29,4;25,2;24,0;25,2;28,8;27,6;27,6;26,4;25,2;26,4;27,0;25,2;23,4;23,4;19,8;19,8;20,4;21,0;20,4;21,0;23,4;20,4;20,4;21,6;21,0;24,6;24,0;22,8;24,0;22,2;21,0;24,0;22,2;21,6;23,4;22,8;0,0;0,0;0,0;0,0;0,0;0,0;0,0;0,0;0,0;0,0;0,0;0,0;0,0;0,0;0,0;6,0;;;;
13/10/2024;0,0;0,0;0,0;0,0;0,0;0,0;0,0;0,0;0,0;0,0;0,0;0,0;0,0;0,0;0,0;0,0;0,0;0,0;0,0;0,0;0,0;0,0;0,0;0,0;0,0;0,0;0,0;0,0;16,8;22,2;24,0;22,2;24,0;24,0;22,2;23,4;28,8;25,2;26,4;28,8;27,0;25,8;29,4;30,6;28,8;30,6;26,4;26,4;25,8;27,6;28,8;24,0;28,8;22,2;23,4;24,0;26,4;27,6;29,4;22,8;26,4;26,4;21,6;25,2;23,4;22,8;23,4;22,2;21,0;24,0;25,8;24,6;26,4;22,8;20,4;20,4;25,2;24,0;24,0;25,2;0,0;0,0;0,0;0,0;0,0;0,0;0,0;0,0;0,0;0,0;0,0;0,0;0,0;0,0;0,0;6,3;;;;
14/10/2024;0,0;0,0;0,0;0,0;0,0;0,0;0,0;0,0;0,0;0,0;0,0;0,0;0,0;0,0;0,0;0,0;0,0;0,0;0,0;0,0;0,0;0,0;0,0;0,0;0,0;0,0;0,0;0,0;17,4;24,0;28,2;31,2;30,6;28,8;29,4;24,6;24,6;28,8;25,2;27,6;25,2;27,0;27,0;25,2;29,4;28,2;28,2;31,2;24,6;28,2;30,0;24,0;21,6;22,2;21,0;21,6;25,2;25,8;24,0;25,2;28,2;24,6;22,2;22,2;24,0;21,6;21,6;25,2;24,0;25,2;26,4;25,2;25,2;24,0;21,0;22,8;22,8;22,8;21,6;20,4;0,0;0,0;0,0;0,0;0,0;0,0;0,0;0,0;0,0;0,0;0,0;0,0;0,0;0,0;0,0;6,6;;;;
15/10/2024;0,0;0,0;0,0;0,0;0,0;0,0;0,0;0,0;0,0;0,0;0,0;0,0;0,0;0,0;0,0;0,0;0,0;0,0;0,0;0,0;0,0;0,0;0,0;0,0;0,0;0,0;0,0;0,0;17,4;18,6;28,8;28,8;31,8;30,0;29,4;27,0;25,2;25,8;25,2;27,0;25,8;22,8;24,6;28,2;28,8;28,2;27,0;27,0;28,8;26,4;31,2;28,2;26,4;23,4;26,4;28,2;22,8;28,2;21,6;21,6;22,2;21,6;22,8;24,6;26,4;23,4;22,8;24,0;22,8;24,6;25,8;28,8;30,6;27,6;22,2;26,4;22,8;23,4;22,8;21,6;0,0;0,0;0,0;0,0;0,0;0,0;0,0;0,0;0,0;0,0;0,0;0,0;0,0;0,0;0,0;5,4;;;;
16/10/2024;0,0;0,0;0,0;0,0;0,0;0,0;0,0;0,0;0,0;0,0;0,0;0,0;0,0;0,0;0,0;0,0;0,0;0,0;0,0;0,0;0,0;0,0;0,0;0,0;0,0;0,0;0,0;0,0;22,8;23,4;25,2;27,6;30,0;32,4;33,6;29,4;25,8;25,8;22,8;27,0;25,2;23,4;21,6;28,2;27,0;27,6;26,4;28,2;29,4;27,0;25,2;27,6;27,0;25,8;24,6;26,4;30,0;26,4;26,4;24,6;21,6;19,2;18,6;20,4;19,2;19,8;19,8;19,2;18,6;22,8;22,2;21,6;22,8;21,0;19,8;24,6;22,2;21,0;22,2;21,6;0,0;0,0;0,0;0,0;0,0;0,0;0,0;0,0;0,0;0,0;0,0;0,0;0,0;0,0;0,0;6,3;;;;
17/10/2024;0,0;0,0;0,0;0,0;0,0;0,0;0,0;0,0;0,0;0,0;0,0;0,0;0,0;0,0;0,0;0,0;0,0;0,0;0,0;0,0;0,0;0,0;0,0;0,0;0,0;0,0;0,0;0,0;16,8;21,0;24,0;31,2;33,0;31,2;31,2;30,0;25,2;24,0;25,8;23,4;22,8;25,2;25,2;25,2;31,2;28,2;25,8;28,8;28,8;27,0;25,8;24,0;27,6;21,0;19,8;28,8;28,8;24,6;24,0;22,2;21,6;20,4;22,8;20,4;19,2;22,2;18,0;18,6;20,4;20,4;19,2;21,0;21,0;18,6;21,0;21,0;19,8;19,2;20,4;21,0;0,0;0,0;0,0;0,0;0,0;0,0;0,0;0,0;0,0;0,0;0,0;0,0;0,0;0,0;0,0;6,6;;;;
18/10/2024;0,0;0,0;0,0;0,0;0,0;0,0;0,0;0,0;0,0;0,0;0,0;0,0;0,0;0,0;0,0;0,0;0,0;0,0;0,0;0,0;0,0;0,0;0,0;0,0;0,0;0,0;0,0;0,0;21,6;25,2;27,0;27,6;28,8;31,2;30,0;30,0;25,8;25,8;27,6;27,0;27,6;25,2;22,8;25,2;28,2;30,0;24,6;27,6;26,4;30,0;28,8;31,2;30,0;23,4;19,8;27,0;31,2;26,4;27,6;25,8;21,6;22,2;24,0;22,2;20,4;21,6;21,6;22,2;21,0;24,0;22,8;24,0;25,2;23,4;21,0;24,6;23,4;21,6;22,8;20,4;0,0;0,0;0,0;0,0;0,0;0,0;0,0;0,0;0,0;0,0;0,0;0,0;0,0;0,0;0,0;6,3;;;;
19/10/2024;0,0;0,0;0,0;0,0;0,0;0,0;0,0;0,0;0,0;0,0;0,0;0,0;0,0;0,0;0,0;0,0;0,0;0,0;0,0;0,0;0,0;0,0;0,0;0,0;0,0;0,0;0,0;0,0;15,6;20,4;28,8;27,6;28,8;28,8;27,6;27,6;28,8;30,0;30,6;26,4;28,2;27,0;27,6;33,6;32,4;30,0;27,0;32,4;28,8;28,2;30,0;31,8;31,2;25,2;25,2;31,2;30,0;25,2;23,4;24,0;22,8;23,4;21,6;22,8;23,4;25,8;21,6;21,6;22,8;24,6;23,4;25,2;24,6;22,8;21,0;24,6;22,2;22,2;22,2;21,6;0,0;0,0;0,0;0,0;0,0;0,0;0,0;0,0;0,0;0,0;0,0;0,0;0,0;0,0;0,0;6,6;;;;
20/10/2024;0,0;0,0;0,0;0,0;0,0;0,0;0,0;0,0;0,0;0,0;0,0;0,0;0,0;0,0;0,0;0,0;0,0;0,0;0,0;0,0;0,0;0,0;0,0;0,0;0,0;0,0;0,0;0,0;16,8;19,2;22,8;28,8;26,4;24,0;25,2;29,4;31,8;31,2;31,8;32,4;25,8;30,0;31,8;31,8;31,2;28,8;31,8;28,2;32,4;30,0;30,6;29,4;27,6;25,2;23,4;29,4;30,0;24,0;24,0;25,8;25,2;27,0;30,0;28,2;25,2;25,2;24,6;24,6;24,6;27,6;25,8;26,4;27,6;22,8;21,0;25,2;22,8;22,8;21,6;22,8;0,0;0,0;0,0;0,0;0,0;0,0;0,0;0,0;0,0;0,0;0,0;0,0;0,0;0,0;0,0;6,3;;;;
21/10/2024;0,0;0,0;0,0;0,0;0,0;0,0;0,0;0,0;0,0;0,0;0,0;0,0;0,0;0,0;0,0;0,0;0,0;0,0;0,0;0,0;0,0;0,0;0,0;0,0;0,0;0,0;0,0;0,0;17,4;24,0;27,6;27,6;27,6;26,4;25,2;28,8;28,2;28,2;30,6;27,6;28,2;30,0;33,0;28,2;27,0;33,0;29,4;29,4;29,4;28,8;31,2;25,8;24,6;21,0;22,8;27,0;27,0;21,6;22,8;24,0;22,2;22,8;23,4;25,2;23,4;25,2;28,8;27,0;26,4;26,4;22,8;25,8;26,4;24,0;21,6;22,2;24,0;22,8;21,6;20,4;0,0;0,0;0,0;0,0;0,0;0,0;0,0;0,0;0,0;0,0;0,0;0,0;0,0;0,0;0,0;6,0;;;;
22/10/2024;0,0;0,0;0,0;0,0;0,0;0,0;0,0;0,0;0,0;0,0;0,0;0,0;0,0;0,0;0,0;0,0;0,0;0,0;0,0;0,0;0,0;0,0;0,0;0,0;0,0;0,0;0,0;0,0;21,0;21,6;28,8;29,4;31,8;29,4;33,0;28,2;28,2;27,6;31,8;24,0;24,0;28,8;29,4;29,4;27,6;26,4;27,6;26,4;33,0;27,6;25,8;26,4;27,6;27,6;28,2;28,8;27,0;22,8;25,8;24,0;22,8;21,0;21,0;23,4;23,4;22,2;25,2;22,2;19,2;21,6;23,4;24,0;24,6;22,8;23,4;22,8;22,8;22,8;22,8;20,4;0,0;0,0;0,0;0,0;0,0;0,0;0,0;0,0;0,0;0,0;0,0;0,0;0,0;0,0;0,0;6,3;;;;
23/10/2024;0,0;0,0;0,0;0,0;0,0;0,0;0,0;0,0;0,0;0,0;0,0;0,0;0,0;0,0;0,0;0,0;0,0;0,0;0,0;0,0;0,0;0,0;0,0;0,0;0,0;0,0;0,0;0,0;19,2;21,6;28,8;28,8;27,0;30,0;32,4;29,4;25,2;27,0;27,0;21,6;24,0;21,0;25,8;26,4;28,2;25,8;25,8;30,0;28,2;25,2;22,2;26,4;28,2;27,6;21,6;21,6;25,2;27,0;27,6;23,4;21,6;24,6;24,6;24,6;21,6;19,2;22,2;19,2;22,2;22,2;20,4;23,4;23,4;21,0;22,2;22,2;24,6;20,4;21,0;20,4;0,0;0,0;0,0;0,0;0,0;0,0;0,0;0,0;0,0;0,0;0,0;0,0;0,0;0,0;0,0;6,0;;;;
24/10/2024;0,0;0,0;0,0;0,0;0,0;0,0;0,0;0,0;0,0;0,0;0,0;0,0;0,0;0,0;0,0;0,0;0,0;0,0;0,0;0,0;0,0;0,0;0,0;0,0;0,0;0,0;0,0;0,0;22,2;25,8;27,6;27,6;26,4;24,6;27,0;30,6;29,4;31,8;27,0;25,2;22,8;24,0;27,6;25,2;27,6;27,6;21,6;21,0;24,6;25,8;25,2;21,0;22,8;24,0;24,0;25,2;24,0;20,4;18,0;22,8;24,0;19,8;18,0;20,4;19,2;19,2;21,6;21,6;19,8;22,2;20,4;23,4;24,0;22,8;22,2;22,2;19,8;21,0;21,6;20,4;0,0;0,0;0,0;0,0;0,0;0,0;0,0;0,0;0,0;0,0;0,0;0,0;0,0;0,0;0,0;6,0;;;;
25/10/2024;0,0;0,0;0,0;0,0;0,0;0,0;0,0;0,0;0,0;0,0;0,0;0,0;0,0;0,0;0,0;0,0;0,0;0,0;0,0;0,0;0,0;0,0;0,0;0,0;0,0;0,0;0,0;0,0;18,0;25,2;24,6;27,0;30,0;31,2;31,8;31,8;31,2;27,6;30,0;24,6;27,0;25,2;26,4;30,6;31,2;27,6;23,4;23,4;29,4;27,6;24,0;23,4;24,6;24,0;20,4;19,2;20,4;24,0;22,8;23,4;24,0;22,2;21,6;22,8;24,0;21,6;25,8;25,8;24,6;23,4;21,6;24,0;25,8;24,0;21,0;22,8;24,0;22,2;22,2;20,4;0,0;0,0;0,0;0,0;0,0;0,0;0,0;0,0;0,0;0,0;0,0;0,0;0,0;0,0;0,0;6,9;;;;
26/10/2024;0,0;0,0;0,0;0,0;0,0;0,0;0,0;0,0;0,0;0,0;0,0;0,0;0,0;0,0;0,0;0,0;0,0;0,0;0,0;0,0;0,0;0,0;0,0;0,0;0,0;0,0;0,0;0,0;22,2;25,8;27,6;27,6;32,4;31,8;30,6;28,2;26,4;26,4;27,0;28,8;28,8;28,8;28,8;28,8;30,6;31,8;27,6;24,0;28,2;29,4;22,8;28,2;33,0;30,6;27,6;24,6;30,6;29,4;24,6;25,2;22,2;22,2;21,0;21,6;21,0;20,4;19,8;22,8;24,6;24,0;19,8;22,8;21,6;21,0;24,6;21,6;19,8;19,8;19,8;18,6;0,0;0,0;0,0;0,0;0,0;0,0;0,0;0,0;0,0;0,0;0,0;0,0;0,0;0,0;0,0;6,6;;;;
27/10/2024;0,0;0,0;0,0;0,0;0,0;0,0;0,0;0,0;0,0;0,0;0,0;0,0;0,0;0,0;0,0;0,0;0,0;0,0;0,0;0,0;0,0;0,0;0,0;0,0;0,0;0,0;0,0;0,0;16,8;22,8;28,2;28,2;31,2;30,6;31,2;30,6;27,6;25,2;27,0;25,8;27,6;29,4;27,6;24,6;24,0;30,0;25,2;26,4;30,0;28,8;30,6;27,0;30,0;27,0;25,8;29,4;30,0;24,6;24,0;27,6;22,2;20,4;22,8;21,0;22,8;22,2;22,8;22,2;22,2;25,2;25,2;24,0;26,4;23,4;24,0;24,6;25,8;24,0;24,0;21,6;0,0;0,0;0,0;0,0;0,0;0,0;0,0;0,0;0,0;0,0;0,0;0,0;0,0;0,0;0,0;6,6;;;;
28/10/2024;0,0;0,0;0,0;0,0;0,0;0,0;0,0;0,0;0,0;0,0;0,0;0,0;0,0;0,0;0,0;0,0;0,0;0,0;0,0;0,0;0,0;0,0;0,0;0,0;0,0;0,0;0,0;0,0;18,0;24,0;25,8;28,8;31,8;31,2;28,8;32,4;26,4;26,4;25,8;24,6;26,4;24,0;26,4;28,2;30,6;28,8;30,6;29,4;25,2;24,6;30,0;28,8;30,6;31,2;31,8;31,2;31,2;25,8;24,0;23,4;22,8;21,6;24,0;23,4;21,6;20,4;22,2;22,8;23,4;22,8;22,8;22,8;25,8;21,0;21,6;22,8;21,6;19,8;21,6;19,2;0,0;0,0;0,0;0,0;0,0;0,0;0,0;0,0;0,0;0,0;0,0;0,0;0,0;0,0;0,0;5,7;;;;
29/10/2024;0,0;0,0;0,0;0,0;0,0;0,0;0,0;0,0;0,0;0,0;0,0;0,0;0,0;0,0;0,0;0,0;0,0;0,0;0,0;0,0;0,0;0,0;0,0;0,0;0,0;0,0;0,0;0,0;19,2;26,4;27,6;32,4;34,2;34,2;31,8;30,0;30,6;27,6;25,8;23,4;24,0;29,4;24,6;24,6;25,2;25,8;25,8;26,4;25,8;23,4;24,0;27,0;27,6;26,4;22,2;23,4;28,8;27,0;24,0;24,6;21,6;22,2;20,4;21,6;20,4;19,8;24,6;22,8;21,0;21,6;21,6;21,0;22,2;21,6;25,8;22,2;20,4;22,2;21,6;19,8;0,0;0,0;0,0;0,0;0,0;0,0;0,0;0,0;0,0;0,0;0,0;0,0;0,0;0,0;0,0;6,3;;;;
30/10/2024;0,0;0,0;0,0;0,0;0,0;0,0;0,0;0,0;0,0;0,0;0,0;0,0;0,0;0,0;0,0;0,0;0,0;0,0;0,0;0,0;0,0;0,0;0,0;0,0;0,0;0,0;0,0;0,0;20,4;22,2;26,4;28,8;32,4;32,4;30,0;32,4;25,8;27,6;25,2;26,4;29,4;24,6;24,6;28,2;30,0;30,0;29,4;27,6;28,2;25,8;26,4;25,2;27,6;22,8;21,0;22,8;28,2;24,0;21,6;21,0;21,0;24,6;21,6;21,0;21,0;21,0;20,4;21,0;21,6;21,0;23,4;25,2;24,6;24,6;23,4;21,6;21,6;20,4;19,2;21,0;0,0;0,0;0,0;0,0;0,0;0,0;0,0;0,0;0,0;0,0;0,0;0,0;0,0;0,0;0,0;6,0;;;;
31/10/2024;0,0;0,0;0,0;0,0;0,0;0,0;0,0;0,0;0,0;0,0;0,0;0,0;0,0;0,0;0,0;0,0;0,0;0,0;0,0;0,0;0,0;0,0;0,0;0,0;0,0;0,0;0,0;0,0;13,8;14,4;16,8;16,8;20,4;25,2;27,0;27,0;27,6;27,6;26,4;30,6;30,0;30,6;29,4;27,0;27,6;28,2;25,8;30,0;30,0;30,0;29,4;28,2;22,8;25,8;28,2;24,0;22,8;22,8;28,8;28,8;25,2;21,0;23,4;24,6;23,4;19,2;19,8;19,8;19,8;19,2;19,8;19,2;22,2;24,0;22,2;21,6;24,0;20,4;19,2;20,4;0,0;0,0;0,0;0,0;0,0;0,0;0,0;0,0;0,0;0,0;0,0;0,0;0,0;0,0;0,0;6,9;6,9;6,3;6,0;6,6
01/11/2024;0,0;0,0;0,0;0,0;0,0;0,0;0,0;0,0;0,0;0,0;0,0;0,0;0,0;0,0;0,0;0,0;0,0;0,0;0,0;0,0;0,0;0,0;0,0;0,0;0,0;0,0;0,0;0,0;17,4;21,0;24,6;26,4;30,0;32,4;30,6;31,8;29,4;30,0;28,2;26,4;26,4;26,4;22,2;24,6;31,2;28,2;31,8;26,4;22,8;28,2;25,2;33,0;30,0;25,2;24,0;28,8;28,8;22,8;25,2;24,6;21,0;22,2;21,6;24,0;25,2;25,8;26,4;25,2;24,6;24,6;23,4;22,2;24,0;21,6;21,6;24,0;21,6;22,2;20,4;19,8;0,0;0,0;0,0;0,0;0,0;0,0;0,0;0,0;0,0;0,0;0,0;0,0;0,0;0,0;0,0;6,0;;;;
02/11/2024;0,0;0,0;0,0;0,0;0,0;0,0;0,0;0,0;0,0;0,0;0,0;0,0;0,0;0,0;0,0;0,0;0,0;0,0;0,0;0,0;0,0;0,0;0,0;0,0;0,0;0,0;0,0;0,0;24,0;24,0;25,8;30,0;31,2;31,2;28,8;32,4;32,4;27,6;25,2;27,0;27,0;29,4;27,0;27,6;28,2;30,6;30,6;30,0;29,4;26,4;28,2;30,6;31,2;25,2;24,0;25,2;22,2;26,4;31,2;30,6;29,4;27,6;25,8;28,2;25,2;27,0;30,0;31,2;30,0;28,8;24,0;25,8;23,4;23,4;25,8;25,8;22,2;21,0;20,4;19,8;0,0;0,0;0,0;0,0;0,0;0,0;0,0;0,0;0,0;0,0;0,0;0,0;0,0;0,0;0,0;5,4;;;;
03/11/2024;0,0;0,0;0,0;0,0;0,0;0,0;0,0;0,0;0,0;0,0;0,0;0,0;0,0;0,0;0,0;0,0;0,0;0,0;0,0;0,0;0,0;0,0;0,0;0,0;0,0;0,0;0,0;0,0;17,4;25,8;26,4;26,4;31,2;31,2;31,8;31,2;27,0;28,8;29,4;30,6;31,8;24,6;26,4;30,6;33,0;30,0;30,0;29,4;27,6;29,4;26,4;30,0;30,6;28,2;33,0;31,8;30,0;23,4;24,0;25,8;25,8;27,6;26,4;27,0;24,6;25,8;27,0;25,8;26,4;24,6;29,4;25,2;29,4;24,0;25,2;25,2;23,4;23,4;22,2;24,0;0,0;0,0;0,0;0,0;0,0;0,0;0,0;0,0;0,0;0,0;0,0;0,0;0,0;0,0;0,0;6,3;;;;
04/11/2024;0,0;0,0;0,0;0,0;0,0;0,0;0,0;0,0;0,0;0,0;0,0;0,0;0,0;0,0;0,0;0,0;0,0;0,0;0,0;0,0;0,0;0,0;0,0;0,0;0,0;0,0;0,0;0,0;18,0;25,2;23,4;29,4;31,2;30,0;28,2;30,6;25,2;31,2;26,4;27,6;30,0;29,4;25,8;22,8;30,0;31,2;27,6;27,6;31,2;31,2;28,2;33,6;33,0;30,0;31,8;27,0;25,2;24,6;24,0;23,4;22,2;22,2;21,6;21,6;22,8;24,0;26,4;27,6;24,6;25,2;25,8;23,4;24,0;24,6;25,2;23,4;22,8;22,8;21,0;21,0;0,0;0,0;0,0;0,0;0,0;0,0;0,0;0,0;0,0;0,0;0,0;0,0;0,0;0,0;0,0;6,6;;;;
05/11/2024;0,0;0,0;0,0;0,0;0,0;0,0;0,0;0,0;0,0;0,0;0,0;0,0;0,0;0,0;0,0;0,0;0,0;0,0;0,0;0,0;0,0;0,0;0,0;0,0;0,0;0,0;0,0;0,0;21,6;24,6;25,2;27,6;27,6;26,4;28,8;31,2;32,4;32,4;32,4;26,4;27,6;26,4;25,8;25,8;25,2;27,6;30,6;30,0;28,2;26,4;30,0;33,6;28,8;24,6;25,2;25,2;28,8;28,2;27,6;27,0;27,0;28,8;29,4;27,0;21,0;24,0;30,6;31,2;25,2;25,8;24,6;28,2;25,2;23,4;25,2;22,8;24,0;22,8;21,6;21,6;0,0;0,0;0,0;0,0;0,0;0,0;0,0;0,0;0,0;0,0;0,0;0,0;0,0;0,0;0,0;5,7;;;;
06/11/2024;0,0;0,0;0,0;0,0;0,0;0,0;0,0;0,0;0,0;0,0;0,0;0,0;0,0;0,0;0,0;0,0;0,0;0,0;0,0;0,0;0,0;0,0;0,0;0,0;0,0;0,0;0,0;0,0;20,4;26,4;25,2;25,8;28,2;28,8;31,8;28,8;33,0;36,0;30,6;32,4;24,6;25,8;22,8;30,0;28,2;24,6;25,2;27,6;26,4;28,8;26,4;26,4;26,4;28,2;27,6;26,4;28,2;24,0;18,0;20,4;21,6;20,4;19,2;18,0;15,6;16,8;24,6;22,2;21,6;22,8;21,6;22,8;22,2;20,4;22,8;21,0;21,0;22,8;19,8;19,2;0,0;0,0;0,0;0,0;0,0;0,0;0,0;0,0;0,0;0,0;0,0;0,0;0,0;0,0;0,0;6,0;;;;
07/11/2024;0,0;0,0;0,0;0,0;0,0;0,0;0,0;0,0;0,0;0,0;0,0;0,0;0,0;0,0;0,0;0,0;0,0;0,0;0,0;0,0;0,0;0,0;0,0;0,0;0,0;0,0;0,0;0,0;18,6;24,6;24,6;25,2;25,8;28,8;25,2;29,4;33,0;30,0;28,2;26,4;22,8;25,8;22,8;23,4;28,8;27,6;29,4;27,0;28,2;27,6;24,6;31,8;33,6;27,6;24,0;29,4;28,8;24,6;24,6;20,4;22,2;22,2;18,0;19,8;24,6;25,2;30,0;25,8;28,2;25,2;25,2;22,2;21,0;21,0;23,4;22,2;22,2;22,8;21,6;21,6;0,0;0,0;0,0;0,0;0,0;0,0;0,0;0,0;0,0;0,0;0,0;0,0;0,0;0,0;0,0;6,3;;;;
08/11/2024;0,0;0,0;0,0;0,0;0,0;0,0;0,0;0,0;0,0;0,0;0,0;0,0;0,0;0,0;0,0;0,0;0,0;0,0;0,0;0,0;0,0;0,0;0,0;0,0;0,0;0,0;0,0;0,0;17,4;21,6;27,6;30,0;30,6;32,4;26,4;28,2;26,4;30,6;26,4;24,6;24,0;25,8;25,8;23,4;28,8;31,2;31,2;32,4;31,2;27,0;31,2;31,8;31,8;22,8;24,6;27,6;32,4;28,8;24,0;31,8;32,4;30,6;29,4;25,2;23,4;26,4;30,0;28,2;30,6;25,8;27,0;28,8;24,6;23,4;26,4;25,2;24,0;21,6;22,2;22,2;0,0;0,0;0,0;0,0;0,0;0,0;0,0;0,0;0,0;0,0;0,0;0,0;0,0;0,0;0,0;6,0;;;;
09/11/2024;0,0;0,0;0,0;0,0;0,0;0,0;0,0;0,0;0,0;0,0;0,0;0,0;0,0;0,0;0,0;0,0;0,0;0,0;0,0;0,0;0,0;0,0;0,0;0,0;0,0;0,0;0,0;0,0;16,8;21,0;26,4;33,6;30,0;29,4;30,6;26,4;27,6;30,0;30,6;30,6;27,6;27,0;26,4;29,4;32,4;31,2;30,0;31,8;28,2;30,0;31,8;30,6;33,0;28,8;27,0;26,4;27,6;24,0;21,6;23,4;23,4;23,4;24,6;24,6;24,6;24,0;30,6;30,0;29,4;26,4;25,8;28,8;24,0;24,0;25,2;23,4;25,2;25,8;24,0;23,4;0,0;0,0;0,0;0,0;0,0;0,0;0,0;0,0;0,0;0,0;0,0;0,0;0,0;0,0;0,0;5,1;;;;
10/11/2024;0,0;0,0;0,0;0,0;0,0;0,0;0,0;0,0;0,0;0,0;0,0;0,0;0,0;0,0;0,0;0,0;0,0;0,0;0,0;0,0;0,0;0,0;0,0;0,0;0,0;0,0;0,0;0,0;16,8;24,0;27,0;27,6;30,6;29,4;29,4;31,8;30,0;32,4;29,4;30,0;31,8;27,6;25,2;28,8;32,4;33,6;32,4;26,4;30,0;32,4;28,2;30,0;30,0;24,0;23,4;27,0;28,2;25,8;28,2;27,6;24,6;24,6;25,2;25,8;24,6;22,2;27,0;28,2;30,6;26,4;28,2;25,8;24,0;23,4;21,6;24,6;24,6;22,8;22,2;22,8;0,0;0,0;0,0;0,0;0,0;0,0;0,0;0,0;0,0;0,0;0,0;0,0;0,0;0,0;0,0;5,4;;;;
11/11/2024;0,0;0,0;0,0;0,0;0,0;0,0;0,0;0,0;0,0;0,0;0,0;0,0;0,0;0,0;0,0;0,0;0,0;0,0;0,0;0,0;0,0;0,0;0,0;0,0;0,0;0,0;0,0;0,0;19,8;25,8;27,0;27,0;31,2;30,6;32,4;31,8;27,6;27,0;25,8;30,0;28,2;27,6;23,4;23,4;30,6;30,6;31,2;27,6;29,4;28,2;30,6;33,6;32,4;27,0;27,0;30,0;31,8;24,0;22,2;24,6;26,4;23,4;22,2;22,8;22,2;22,2;27,0;27,6;27,0;27,0;24,6;26,4;25,8;23,4;22,2;24,0;24,0;23,4;24,0;22,8;0,0;0,0;0,0;0,0;0,0;0,0;0,0;0,0;0,0;0,0;0,0;0,0;0,0;0,0;0,0;5,7;;;;
12/11/2024;0,0;0,0;0,0;0,0;0,0;0,0;0,0;0,0;0,0;0,0;0,0;0,0;0,0;0,0;0,0;0,0;0,0;0,0;0,0;0,0;0,0;0,0;0,0;0,0;0,0;0,0;0,0;0,0;15,6;20,4;27,0;31,8;30,0;29,4;30,0;31,2;28,2;28,2;29,4;25,8;25,8;27,0;25,2;25,8;30,6;31,2;27,6;27,6;26,4;29,4;26,4;28,8;28,8;27,6;23,4;25,8;27,6;25,2;22,2;26,4;24,6;24,0;22,8;22,2;22,2;21,6;25,8;24,6;28,2;25,8;25,8;26,4;27,6;25,8;23,4;23,4;24,6;24,0;24,6;21,0;0,0;0,0;0,0;0,0;0,0;0,0;0,0;0,0;0,0;0,0;0,0;0,0;0,0;0,0;0,0;6,0;;;;
13/11/2024;0,0;0,0;0,0;0,0;0,0;0,0;0,0;0,0;0,0;0,0;0,0;0,0;0,0;0,0;0,0;0,0;0,0;0,0;0,0;0,0;0,0;0,0;0,0;0,0;0,0;0,0;0,0;0,0;21,0;22,2;28,2;30,6;33,0;30,0;28,8;28,2;31,8;28,2;25,8;27,6;22,8;22,2;24,0;25,8;30,6;28,8;23,4;28,8;27,0;27,6;24,0;25,8;33,6;22,8;22,2;29,4;27,0;23,4;21,6;23,4;22,8;21,6;25,8;21,6;21,0;19,8;25,2;23,4;26,4;23,4;22,2;22,8;22,8;22,2;25,8;25,2;24,0;23,4;23,4;24,0;0,0;0,0;0,0;0,0;0,0;0,0;0,0;0,0;0,0;0,0;0,0;0,0;0,0;0,0;0,0;5,4;;;;
14/11/2024;0,0;0,0;0,0;0,0;0,0;0,0;0,0;0,0;0,0;0,0;0,0;0,0;0,0;0,0;0,0;0,0;0,0;0,0;0,0;0,0;0,0;0,0;0,0;0,0;0,0;0,0;0,0;0,0;21,0;25,2;28,2;31,8;32,4;30,0;30,0;26,4;26,4;25,2;26,4;28,2;22,2;24,0;27,0;30,6;31,2;28,2;27,6;26,4;26,4;27,6;25,2;30,0;32,4;27,6;28,2;28,8;25,2;27,0;24,6;25,2;23,4;23,4;20,4;20,4;24,6;25,2;23,4;24,6;25,8;24,0;25,2;24,0;24,6;21,6;23,4;24,0;21,6;22,2;22,2;21,6;0,0;0,0;0,0;0,0;0,0;0,0;0,0;0,0;0,0;0,0;0,0;0,0;0,0;0,0;0,0;4,8;;;;
15/11/2024;0,0;0,0;0,0;0,0;0,0;0,0;0,0;0,0;0,0;0,0;0,0;0,0;0,0;0,0;0,0;0,0;0,0;0,0;0,0;0,0;0,0;0,0;0,0;0,0;0,0;0,0;0,0;0,0;15,0;22,8;30,0;28,8;27,6;33,0;31,8;31,8;28,2;27,6;32,4;30,6;27,6;28,8;34,2;31,8;28,2;27,0;26,4;31,8;33,0;24,0;27,6;33,0;31,2;24,6;24,0;27,0;32,4;27,0;23,4;24,0;29,4;28,2;24,0;25,2;24,6;24,6;27,0;30,0;26,4;26,4;24,6;24,0;22,8;22,2;24,0;25,2;22,2;24,0;25,8;23,4;0,0;0,0;0,0;0,0;0,0;0,0;0,0;0,0;0,0;0,0;0,0;0,0;0,0;0,0;0,0;5,7;;;;
16/11/2024;0,0;0,0;0,0;0,0;0,0;0,0;0,0;0,0;0,0;0,0;0,0;0,0;0,0;0,0;0,0;0,0;0,0;0,0;0,0;0,0;0,0;0,0;0,0;0,0;0,0;0,0;0,0;0,0;17,4;19,8;25,2;30,0;32,4;28,8;32,4;33,0;25,2;28,8;30,0;31,8;26,4;30,0;28,2;27,6;33,6;33,0;27,0;28,2;29,4;28,2;29,4;31,8;31,8;26,4;32,4;29,4;27,0;25,2;28,8;27,6;28,8;28,8;25,8;26,4;24,6;25,8;27,6;25,8;24,0;27,0;25,8;26,4;25,2;22,8;22,2;23,4;23,4;24,0;22,8;22,2;0,0;0,0;0,0;0,0;0,0;0,0;0,0;0,0;0,0;0,0;0,0;0,0;0,0;0,0;0,0;6,0;;;;
17/11/2024;0,0;0,0;0,0;0,0;0,0;0,0;0,0;0,0;0,0;0,0;0,0;0,0;0,0;0,0;0,0;0,0;0,0;0,0;0,0;0,0;0,0;0,0;0,0;0,0;0,0;0,0;0,0;0,0;22,8;24,0;28,8;30,6;34,2;36,0;36,6;34,8;30,0;36,0;29,4;27,6;33,0;32,4;30,0;30,0;31,2;34,8;31,2;30,6;28,8;28,2;28,2;29,4;32,4;28,8;26,4;28,2;27,0;28,8;23,4;27,0;27,0;25,8;25,2;24,0;22,8;21,6;26,4;27,0;26,4;27,0;25,2;24,6;24,0;24,0;23,4;25,2;24,6;23,4;22,8;20,4;0,0;0,0;0,0;0,0;0,0;0,0;0,0;0,0;0,0;0,0;0,0;0,0;0,0;0,0;0,0;5,1;;;;
18/11/2024;0,0;0,0;0,0;0,0;0,0;0,0;0,0;0,0;0,0;0,0;0,0;0,0;0,0;0,0;0,0;0,0;0,0;0,0;0,0;0,0;0,0;0,0;0,0;0,0;0,0;0,0;0,0;0,0;18,6;23,4;23,4;31,8;33,0;31,8;26,4;32,4;29,4;26,4;31,8;27,0;26,4;25,2;24,6;27,6;30,0;30,6;26,4;29,4;29,4;28,8;28,2;31,2;32,4;25,2;26,4;27,6;30,0;30,0;26,4;27,6;23,4;20,4;19,8;22,2;23,4;21,6;25,2;27,0;27,6;27,6;23,4;28,2;26,4;24,0;22,8;25,2;24,6;24,0;24,0;23,4;0,0;0,0;0,0;0,0;0,0;0,0;0,0;0,0;0,0;0,0;0,0;0,0;0,0;0,0;0,0;5,4;;;;
19/11/2024;0,0;0,0;0,0;0,0;0,0;0,0;0,0;0,0;0,0;0,0;0,0;0,0;0,0;0,0;0,0;0,0;0,0;0,0;0,0;0,0;0,0;0,0;0,0;0,0;0,0;0,0;0,0;0,0;19,8;25,2;28,2;30,0;33,6;29,4;30,6;29,4;28,2;30,6;32,4;25,8;28,8;26,4;25,2;28,2;30,6;29,4;27,6;25,8;29,4;28,8;27,0;31,8;30,0;24,0;23,4;28,8;31,8;27,6;24,0;26,4;29,4;27,0;28,2;24,6;24,0;23,4;28,8;31,2;27,6;30,0;25,2;27,6;27,0;25,8;26,4;25,2;24,0;24,0;24,0;23,4;0,0;0,0;0,0;0,0;0,0;0,0;0,0;0,0;0,0;0,0;0,0;0,0;0,0;0,0;0,0;5,4;;;;
20/11/2024;0,0;0,0;0,0;0,0;0,0;0,0;0,0;0,0;0,0;0,0;0,0;0,0;0,0;0,0;0,0;0,0;0,0;0,0;0,0;0,0;0,0;0,0;0,0;0,0;0,0;0,0;0,0;0,0;19,8;24,6;24,0;30,0;31,2;29,4;32,4;33,0;30,0;27,6;31,2;28,8;31,2;26,4;24,0;26,4;34,2;30,6;29,4;27,6;25,8;26,4;28,2;29,4;27,6;30,0;30,0;29,4;28,2;26,4;25,2;25,8;28,2;23,4;18,6;19,8;21,6;21,0;28,8;24,0;25,8;27,6;22,8;25,8;22,8;21,6;24,0;24,0;22,8;23,4;22,8;20,4;0,0;0,0;0,0;0,0;0,0;0,0;0,0;0,0;0,0;0,0;0,0;0,0;0,0;0,0;0,0;4,8;;;;
21/11/2024;0,0;0,0;0,0;0,0;0,0;0,0;0,0;0,0;0,0;0,0;0,0;0,0;0,0;0,0;0,0;0,0;0,0;0,0;0,0;0,0;0,0;0,0;0,0;0,0;0,0;0,0;0,0;0,0;18,0;26,4;25,8;29,4;31,2;28,2;25,2;25,8;28,2;24,0;24,6;27,0;27,0;21,6;25,2;27,0;25,8;25,2;22,2;24,0;27,0;27,0;24,0;29,4;36,0;30,6;29,4;30,6;29,4;28,8;27,6;25,8;27,0;28,2;28,2;25,2;24,6;23,4;24,0;25,2;25,2;27,6;27,0;26,4;26,4;22,2;22,8;22,8;24,0;22,8;22,8;24,0;0,0;0,0;0,0;0,0;0,0;0,0;0,0;0,0;0,0;0,0;0,0;0,0;0,0;0,0;0,0;6,0;;;;
22/11/2024;0,0;0,0;0,0;0,0;0,0;0,0;0,0;0,0;0,0;0,0;0,0;0,0;0,0;0,0;0,0;0,0;0,0;0,0;0,0;0,0;0,0;0,0;0,0;0,0;0,0;0,0;0,0;0,0;16,8;22,8;30,0;28,8;30,0;29,4;31,2;27,0;28,2;29,4;28,8;27,0;25,8;26,4;27,6;27,6;33,0;32,4;31,8;30,0;30,6;26,4;24,0;31,8;30,6;28,8;25,2;25,8;25,2;27,0;25,8;28,8;30,0;28,8;31,2;29,4;24,6;27,6;33,6;30,0;27,6;27,6;29,4;33,0;28,8;27,6;25,2;25,2;24,6;23,4;21,0;22,8;0,0;0,0;0,0;0,0;0,0;0,0;0,0;0,0;0,0;0,0;0,0;0,0;0,0;0,0;0,0;5,7;;;;
23/11/2024;0,0;0,0;0,0;0,0;0,0;0,0;0,0;0,0;0,0;0,0;0,0;0,0;0,0;0,0;0,0;0,0;0,0;0,0;0,0;0,0;0,0;0,0;0,0;0,0;0,0;0,0;0,0;0,0;19,2;21,6;24,0;30,6;31,2;32,4;28,2;29,4;28,8;28,8;28,8;30,0;31,2;29,4;27,0;26,4;35,4;36,0;27,6;30,0;29,4;29,4;29,4;29,4;34,2;31,2;29,4;29,4;31,2;27,0;19,8;22,8;25,8;28,2;27,6;28,2;28,8;28,8;29,4;27,6;25,2;26,4;26,4;30,6;29,4;22,8;25,8;24,6;24,0;21,6;22,2;22,2;0,0;0,0;0,0;0,0;0,0;0,0;0,0;0,0;0,0;0,0;0,0;0,0;0,0;0,0;0,0;5,4;;;;
24/11/2024;0,0;0,0;0,0;0,0;0,0;0,0;0,0;0,0;0,0;0,0;0,0;0,0;0,0;0,0;0,0;0,0;0,0;0,0;0,0;0,0;0,0;0,0;0,0;0,0;0,0;0,0;0,0;0,0;22,2;27,0;28,2;30,6;33,6;31,2;30,6;33,6;33,0;31,8;30,6;29,4;31,8;28,2;27,0;27,0;35,4;31,2;31,2;29,4;31,8;25,2;30,6;31,2;28,2;21,6;22,8;23,4;28,2;21,6;23,4;27,6;26,4;25,8;27,0;23,4;21,0;22,8;26,4;30,0;28,8;27,6;28,8;25,8;24,0;24,6;24,6;24,6;25,2;22,8;22,8;23,4;0,0;0,0;0,0;0,0;0,0;0,0;0,0;0,0;0,0;0,0;0,0;0,0;0,0;0,0;0,0;5,4;;;;
25/11/2024;0,0;0,0;0,0;0,0;0,0;0,0;0,0;0,0;0,0;0,0;0,0;0,0;0,0;0,0;0,0;0,0;0,0;0,0;0,0;0,0;0,0;0,0;0,0;0,0;0,0;0,0;0,0;0,0;22,8;27,6;29,4;32,4;31,8;31,8;30,6;35,4;31,2;31,2;32,4;29,4;30,0;27,6;27,6;27,0;31,8;34,8;34,2;35,4;32,4;30,0;34,2;34,8;31,8;27,0;24,6;30,6;32,4;30,0;27,6;25,8;28,8;28,8;24,0;28,8;25,2;25,2;28,8;31,2;28,8;31,2;28,8;25,2;25,8;24,6;25,2;27,6;24,6;27,0;24,0;22,8;0,0;0,0;0,0;0,0;0,0;0,0;0,0;0,0;0,0;0,0;0,0;0,0;0,0;0,0;0,0;5,4;;;;
26/11/2024;0,0;0,0;0,0;0,0;0,0;0,0;0,0;0,0;0,0;0,0;0,0;0,0;0,0;0,0;0,0;0,0;0,0;0,0;0,0;0,0;0,0;0,0;0,0;0,0;0,0;0,0;0,0;0,0;17,4;22,2;25,8;30,0;32,4;30,0;28,8;29,4;35,4;35,4;30,0;31,8;33,6;27,6;24,6;23,4;34,8;37,2;29,4;30,0;28,2;28,8;33,6;36,6;32,4;28,2;29,4;27,0;30,0;26,4;19,2;24,0;24,0;21,6;21,6;22,8;21,6;22,8;26,4;29,4;25,8;26,4;26,4;27,0;25,2;24,0;27,0;25,8;24,6;25,2;23,4;21,6;0,0;0,0;0,0;0,0;0,0;0,0;0,0;0,0;0,0;0,0;0,0;0,0;0,0;0,0;0,0;5,4;;;;
27/11/2024;0,0;0,0;0,0;0,0;0,0;0,0;0,0;0,0;0,0;0,0;0,0;0,0;0,0;0,0;0,0;0,0;0,0;0,0;0,0;0,0;0,0;0,0;0,0;0,0;0,0;0,0;0,0;0,0;20,4;25,8;31,8;32,4;32,4;28,8;33,6;32,4;28,8;27,6;30,0;28,8;28,8;26,4;25,8;31,2;33,0;32,4;30,0;30,0;25,8;25,8;26,4;27,6;21,6;22,2;27,0;30,0;24,6;28,8;27,6;22,8;25,2;21,0;19,2;20,4;20,4;25,2;23,4;23,4;25,2;27,6;24,6;22,8;24,6;21,6;21,6;19,8;21,6;24,0;23,4;22,8;0,0;0,0;0,0;0,0;0,0;0,0;0,0;0,0;0,0;0,0;0,0;0,0;0,0;0,0;0,0;5,7;;;;
28/11/2024;0,0;0,0;0,0;0,0;0,0;0,0;0,0;0,0;0,0;0,0;0,0;0,0;0,0;0,0;0,0;0,0;0,0;0,0;0,0;0,0;0,0;0,0;0,0;0,0;0,0;0,0;0,0;0,0;24,6;23,4;24,0;24,0;28,8;28,8;28,8;33,6;33,0;36,0;31,8;28,8;30,6;28,8;22,8;27,6;31,8;31,8;31,2;27,6;27,6;27,6;27,6;29,4;30,6;22,8;21,6;22,8;23,4;25,2;24,6;16,8;19,8;24,0;25,8;23,4;25,8;25,2;32,4;28,8;28,2;22,8;21,6;21,6;21,0;19,2;21,6;23,4;22,2;21,6;23,4;22,8;0,0;0,0;0,0;0,0;0,0;0,0;0,0;0,0;0,0;0,0;0,0;0,0;0,0;0,0;0,0;5,7;;;;
29/11/2024;0,0;0,0;0,0;0,0;0,0;0,0;0,0;0,0;0,0;0,0;0,0;0,0;0,0;0,0;0,0;0,0;0,0;0,0;0,0;0,0;0,0;0,0;0,0;0,0;0,0;0,0;0,0;0,0;18,0;24,6;30,0;30,6;34,2;33,6;35,4;30,0;31,8;28,8;30,0;30,6;27,6;28,8;27,6;34,2;34,8;33,0;31,8;32,4;30,6;31,8;33,0;34,8;30,6;29,4;24,0;27,0;26,4;33,0;27,6;28,2;25,8;27,6;31,2;28,8;31,2;30,0;32,4;27,6;30,6;26,4;26,4;29,4;28,8;24,0;25,8;22,2;24,6;24,0;22,2;22,2;0,0;0,0;0,0;0,0;0,0;0,0;0,0;0,0;0,0;0,0;0,0;0,0;0,0;0,0;0,0;5,7;;;;
30/11/2024;0,0;0,0;0,0;0,0;0,0;0,0;0,0;0,0;0,0;0,0;0,0;0,0;0,0;0,0;0,0;0,0;0,0;0,0;0,0;0,0;0,0;0,0;0,0;0,0;0,0;0,0;0,0;0,0;21,0;28,8;27,6;30,0;31,2;34,8;35,4;33,6;40,2;40,2;33,0;33,0;33,6;31,8;30,0;30,6;35,4;35,4;39,0;32,4;35,4;34,8;32,4;34,8;37,2;33,6;29,4;31,2;35,4;31,8;27,0;29,4;29,4;30,0;33,0;33,0;27,6;26,4;27,0;30,6;27,0;28,8;27,0;27,6;26,4;25,2;26,4;25,8;25,8;24,6;22,2;22,8;0,0;0,0;0,0;0,0;0,0;0,0;0,0;0,0;0,0;0,0;0,0;0,0;0,0;0,0;0,0;6,9;;;;
01/12/2024;0,0;0,0;0,0;0,0;0,0;0,0;0,0;0,0;0,0;0,0;0,0;0,0;0,0;0,0;0,0;0,0;0,0;0,0;0,0;0,0;0,0;0,0;0,0;0,0;0,0;0,0;0,0;0,0;23,4;28,2;30,6;36,0;38,4;39,0;36,0;34,2;33,6;32,4;33,6;31,2;33,6;31,8;28,2;33,6;37,8;34,2;34,8;33,6;34,8;33,0;33,6;35,4;35,4;33,0;34,8;34,2;33,0;25,8;27,6;32,4;31,2;30,6;32,4;25,8;25,8;25,8;26,4;25,8;28,2;30,0;26,4;28,2;28,2;25,8;24,6;22,2;23,4;21,0;24,0;22,2;0,0;0,0;0,0;0,0;0,0;0,0;0,0;0,0;0,0;0,0;0,0;0,0;0,0;0,0;0,0;6,9;;;;
02/12/2024;0,0;0,0;0,0;0,0;0,0;0,0;0,0;0,0;0,0;0,0;0,0;0,0;0,0;0,0;0,0;0,0;0,0;0,0;0,0;0,0;0,0;0,0;0,0;0,0;0,0;0,0;0,0;0,0;19,8;25,2;30,6;36,0;40,8;38,4;34,2;34,2;31,8;32,4;31,2;32,4;33,0;28,2;27,6;31,8;36,0;36,6;33,6;32,4;32,4;32,4;35,4;34,8;34,2;30,0;30,6;29,4;29,4;27,0;21,0;24,0;22,2;22,8;22,8;25,2;24,6;24,0;24,6;24,0;27,6;26,4;24,6;27,6;25,8;24,0;25,2;22,8;24,6;23,4;22,2;21,0;0,0;0,0;0,0;0,0;0,0;0,0;0,0;0,0;0,0;0,0;0,0;0,0;0,0;0,0;0,0;6,0;;;;
03/12/2024;0,0;0,0;0,0;0,0;0,0;0,0;0,0;0,0;0,0;0,0;0,0;0,0;0,0;0,0;0,0;0,0;0,0;0,0;0,0;0,0;0,0;0,0;0,0;0,0;0,0;0,0;0,0;0,0;18,0;27,0;30,0;34,8;36,6;36,0;35,4;34,8;32,4;39,0;31,8;31,2;32,4;28,2;29,4;32,4;34,8;35,4;35,4;32,4;32,4;32,4;31,2;32,4;30,0;27,6;27,6;27,0;28,2;27,6;24,6;27,0;26,4;26,4;31,2;26,4;24,0;21,6;21,6;23,4;23,4;24,0;24,0;24,0;23,4;22,2;22,2;19,8;20,4;19,8;19,2;19,2;0,0;0,0;0,0;0,0;0,0;0,0;0,0;0,0;0,0;0,0;0,0;0,0;0,0;0,0;0,0;6,3;;;;
04/12/2024;0,0;0,0;0,0;0,0;0,0;0,0;0,0;0,0;0,0;0,0;0,0;0,0;0,0;0,0;0,0;0,0;0,0;0,0;0,0;0,0;0,0;0,0;0,0;0,0;0,0;0,0;0,0;0,0;21,0;22,2;22,8;30,0;30,0;31,8;30,0;31,8;33,6;34,8;31,2;30,6;30,6;29,4;30,6;26,4;28,8;29,4;30,6;28,2;31,2;29,4;30,6;29,4;26,4;25,8;27,0;28,2;22,8;22,8;19,2;20,4;24,6;20,4;20,4;20,4;20,4;21,6;20,4;23,4;25,2;24,6;21,6;23,4;22,2;21,0;22,8;21,0;21,0;21,0;20,4;20,4;0,0;0,0;0,0;0,0;0,0;0,0;0,0;0,0;0,0;0,0;0,0;0,0;0,0;0,0;0,0;6,3;;;;
05/12/2024;0,0;0,0;0,0;0,0;0,0;0,0;0,0;0,0;0,0;0,0;0,0;0,0;0,0;0,0;0,0;0,0;0,0;0,0;0,0;0,0;0,0;0,0;0,0;0,0;0,0;0,0;0,0;0,0;18,0;25,2;27,0;30,6;30,0;30,6;32,4;31,8;28,8;31,8;27,6;28,8;27,6;26,4;24,6;26,4;29,4;28,2;28,2;28,2;28,2;26,4;27,0;26,4;24,0;26,4;30,6;28,8;26,4;27,0;21,6;22,8;21,6;21,6;24,6;20,4;19,2;20,4;21,0;21,6;20,4;24,0;20,4;22,8;22,8;21,6;21,6;21,6;21,0;21,0;21,0;18,6;0,0;0,0;0,0;0,0;0,0;0,0;0,0;0,0;0,0;0,0;0,0;0,0;0,0;0,0;0,0;6,9;;;;
06/12/2024;0,0;0,0;0,0;0,0;0,0;0,0;0,0;0,0;0,0;0,0;0,0;0,0;0,0;0,0;0,0;0,0;0,0;0,0;0,0;0,0;0,0;0,0;0,0;0,0;0,0;0,0;0,0;0,0;21,0;24,0;25,2;28,8;31,2;32,4;31,8;36,6;34,2;33,0;32,4;34,8;36,0;36,0;33,6;33,0;31,8;30,0;28,8;31,2;33,0;34,2;36,0;33,0;31,2;31,8;30,6;29,4;27,0;27,6;26,4;27,6;27,0;26,4;29,4;28,2;26,4;25,2;24,6;25,2;27,6;26,4;25,2;27,0;25,8;25,2;24,6;24,0;23,4;25,2;23,4;21,6;0,0;0,0;0,0;0,0;0,0;0,0;0,0;0,0;0,0;0,0;0,0;0,0;0,0;0,0;0,0;6,6;;;;
07/12/2024;0,0;0,0;0,0;0,0;0,0;0,0;0,0;0,0;0,0;0,0;0,0;0,0;0,0;0,0;0,0;0,0;0,0;0,0;0,0;0,0;0,0;0,0;0,0;0,0;0,0;0,0;0,0;0,0;17,4;19,8;23,4;27,6;27,6;31,8;32,4;34,2;28,2;29,4;27,6;27,0;28,8;29,4;28,2;29,4;33,0;33,6;30,6;28,8;28,8;30,6;30,0;31,8;37,2;28,8;27,6;27,6;30,0;29,4;25,8;28,2;26,4;26,4;25,8;25,2;22,8;22,8;25,2;25,2;26,4;25,8;25,8;27,0;27,0;22,8;25,2;24,0;24,0;24,0;20,4;20,4;0,0;0,0;0,0;0,0;0,0;0,0;0,0;0,0;0,0;0,0;0,0;0,0;0,0;0,0;0,0;6,3;;;;
08/12/2024;0,0;0,0;0,0;0,0;0,0;0,0;0,0;0,0;0,0;0,0;0,0;0,0;0,0;0,0;0,0;0,0;0,0;0,0;0,0;0,0;0,0;0,0;0,0;0,0;0,0;0,0;0,0;0,0;16,8;20,4;26,4;30,0;28,8;27,6;27,0;30,0;32,4;28,8;30,0;34,2;36,0;27,6;29,4;32,4;34,2;28,2;28,8;28,2;31,2;33,6;26,4;29,4;29,4;26,4;31,2;30,6;23,4;24,6;25,8;24,6;23,4;25,2;22,2;23,4;24,6;24,0;25,2;25,2;24,0;24,0;25,2;22,8;22,8;22,8;22,8;22,2;22,2;21,6;20,4;19,2;0,0;0,0;0,0;0,0;0,0;0,0;0,0;0,0;0,0;0,0;0,0;0,0;0,0;0,0;0,0;6,0;;;;
09/12/2024;0,0;0,0;0,0;0,0;0,0;0,0;0,0;0,0;0,0;0,0;0,0;0,0;0,0;0,0;0,0;0,0;0,0;0,0;0,0;0,0;0,0;0,0;0,0;0,0;0,0;0,0;0,0;0,0;20,4;24,6;30,6;31,8;36,6;34,2;35,4;33,0;31,2;31,8;34,2;31,8;31,2;34,8;33,6;34,8;33,6;34,8;34,8;33,0;33,0;29,4;33,0;33,0;26,4;24,6;28,2;34,2;32,4;30,6;29,4;28,2;29,4;28,8;31,2;28,2;28,2;26,4;28,2;30,0;28,8;28,2;29,4;28,2;25,2;24,0;25,2;24,6;24,6;23,4;21,0;20,4;0,0;0,0;0,0;0,0;0,0;0,0;0,0;0,0;0,0;0,0;0,0;0,0;0,0;0,0;0,0;7,5;;;;
10/12/2024;0,0;0,0;0,0;0,0;0,0;0,0;0,0;0,0;0,0;0,0;0,0;0,0;0,0;0,0;0,0;0,0;0,0;0,0;0,0;0,0;0,0;0,0;0,0;0,0;0,0;0,0;0,0;0,0;18,0;24,6;31,8;34,8;34,8;37,8;37,8;32,4;32,4;33,6;33,6;31,2;33,6;36,0;31,2;32,4;37,2;37,2;34,8;33,6;34,8;33,0;33,0;32,4;25,8;26,4;31,8;33,0;33,0;30,0;30,6;28,8;29,4;28,8;27,6;27,6;28,2;28,2;28,2;28,8;29,4;28,2;28,2;25,8;25,2;22,2;24,0;24,0;24,0;23,4;22,2;19,2;0,0;0,0;0,0;0,0;0,0;0,0;0,0;0,0;0,0;0,0;0,0;0,0;0,0;0,0;0,0;6,9;;;;
11/12/2024;0,0;0,0;0,0;0,0;0,0;0,0;0,0;0,0;0,0;0,0;0,0;0,0;0,0;0,0;0,0;0,0;0,0;0,0;0,0;0,0;0,0;0,0;0,0;0,0;0,0;0,0;0,0;0,0;18,6;19,8;24,6;29,4;31,2;28,2;30,0;28,2;25,2;25,8;26,4;30,0;33,6;28,8;26,4;25,2;30,6;30,6;28,8;30,0;29,4;25,2;27,0;30,6;30,0;29,4;33,0;27,0;27,6;25,2;21,6;24,6;22,8;21,6;24,0;22,8;23,4;22,8;19,8;21,6;22,2;22,8;20,4;22,8;22,2;21,0;22,8;21,6;19,8;21,0;21,0;19,8;0,0;0,0;0,0;0,0;0,0;0,0;0,0;0,0;0,0;0,0;0,0;0,0;0,0;0,0;0,0;7,2;;;;
12/12/2024;0,0;0,0;0,0;0,0;0,0;0,0;0,0;0,0;0,0;0,0;0,0;0,0;0,0;0,0;0,0;0,0;0,0;0,0;0,0;0,0;0,0;0,0;0,0;0,0;0,0;0,0;0,0;0,0;19,2;20,4;24,0;31,2;30,0;30,0;31,2;24,6;28,2;30,0;27,6;26,4;26,4;25,2;28,8;27,0;25,8;24,0;28,2;28,2;28,8;25,8;24,6;23,4;25,2;25,2;25,8;22,2;20,4;18,6;22,8;24,6;21,0;19,2;21,0;23,4;23,4;22,8;22,2;24,6;22,8;22,8;22,8;21,0;24,6;24,0;23,4;23,4;21,0;22,2;21,0;22,2;0,0;0,0;0,0;0,0;0,0;0,0;0,0;0,0;0,0;0,0;0,0;0,0;0,0;0,0;0,0;6,6;;;;
13/12/2024;0,0;0,0;0,0;0,0;0,0;0,0;0,0;0,0;0,0;0,0;0,0;0,0;0,0;0,0;0,0;0,0;0,0;0,0;0,0;0,0;0,0;0,0;0,0;0,0;0,0;0,0;0,0;0,0;16,2;22,8;24,0;28,8;33,0;35,4;36,6;31,8;36,0;34,2;31,2;32,4;29,4;28,2;34,8;30,6;28,2;28,8;33,0;34,2;28,8;28,2;27,6;27,0;26,4;30,0;36,6;31,8;27,6;27,6;31,2;28,8;27,6;25,8;25,2;24,0;22,2;22,2;23,4;22,8;24,0;23,4;20,4;20,4;19,8;19,2;19,8;18,6;18,0;18,0;16,8;16,8;0,0;0,0;0,0;0,0;0,0;0,0;0,0;0,0;0,0;0,0;0,0;0,0;0,0;0,0;0,0;6,3;;;;
14/12/2024;0,0;0,0;0,0;0,0;0,0;0,0;0,0;0,0;0,0;0,0;0,0;0,0;0,0;0,0;0,0;0,0;0,0;0,0;0,0;0,0;0,0;0,0;0,0;0,0;0,0;0,0;0,0;0,0;18,6;25,2;33,0;37,8;39,6;39,6;40,8;37,2;32,4;33,6;32,4;31,2;34,8;30,6;34,2;34,2;35,4;34,8;34,8;30,0;31,2;31,8;30,6;33,0;28,2;28,8;33,6;33,0;29,4;30,0;27,6;25,2;25,8;25,8;27,0;25,2;23,4;23,4;24,0;24,6;26,4;26,4;25,8;26,4;27,6;24,6;23,4;24,6;22,8;22,8;19,8;19,8;0,0;0,0;0,0;0,0;0,0;0,0;0,0;0,0;0,0;0,0;0,0;0,0;0,0;0,0;0,0;6,0;;;;
15/12/2024;0,0;0,0;0,0;0,0;0,0;0,0;0,0;0,0;0,0;0,0;0,0;0,0;0,0;0,0;0,0;0,0;0,0;0,0;0,0;0,0;0,0;0,0;0,0;0,0;0,0;0,0;0,0;0,0;16,8;24,0;28,2;34,2;36,6;36,6;36,0;34,8;36,0;35,4;32,4;33,0;31,2;30,0;31,2;30,0;27,6;32,4;32,4;32,4;31,2;31,8;30,0;31,8;34,2;28,2;25,2;27,0;33,6;29,4;27,6;30,6;27,0;27,0;30,6;31,2;30,6;29,4;26,4;27,6;28,8;28,8;27,0;27,6;25,2;23,4;23,4;22,8;25,2;23,4;21,0;21,0;0,0;0,0;0,0;0,0;0,0;0,0;0,0;0,0;0,0;0,0;0,0;0,0;0,0;0,0;0,0;7,2;;;;
16/12/2024;0,0;0,0;0,0;0,0;0,0;0,0;0,0;0,0;0,0;0,0;0,0;0,0;0,0;0,0;0,0;0,0;0,0;0,0;0,0;0,0;0,0;0,0;0,0;0,0;0,0;0,0;0,0;0,0;16,8;23,4;26,4;27,0;31,2;31,2;29,4;32,4;31,2;33,0;30,0;33,0;34,2;33,0;34,2;32,4;33,6;34,2;30,6;30,0;28,2;33,0;33,0;32,4;26,4;27,0;33,0;35,4;30,0;27,6;25,8;23,4;27,0;25,8;27,6;24,0;24,6;23,4;24,6;24,6;25,2;25,2;23,4;24,0;23,4;21,0;22,2;21,6;22,2;22,2;20,4;21,0;0,0;0,0;0,0;0,0;0,0;0,0;0,0;0,0;0,0;0,0;0,0;0,0;0,0;0,0;0,0;6,9;;;;
17/12/2024;0,0;0,0;0,0;0,0;0,0;0,0;0,0;0,0;0,0;0,0;0,0;0,0;0,0;0,0;0,0;0,0;0,0;0,0;0,0;0,0;0,0;0,0;0,0;0,0;0,0;0,0;0,0;0,0;16,8;21,6;27,0;28,2;31,2;31,8;36,6;34,8;32,4;30,6;30,0;31,2;31,2;29,4;28,8;33,0;36,6;34,2;28,8;26,4;28,8;31,8;29,4;33,6;30,0;30,6;34,2;33,0;27,6;25,2;25,2;26,4;25,2;25,8;25,2;25,2;22,2;22,2;24,0;24,6;26,4;25,8;24,6;24,6;26,4;24,0;23,4;22,2;23,4;23,4;21,6;20,4;0,0;0,0;0,0;0,0;0,0;0,0;0,0;0,0;0,0;0,0;0,0;0,0;0,0;0,0;0,0;6,9;;;;
18/12/2024;0,0;0,0;0,0;0,0;0,0;0,0;0,0;0,0;0,0;0,0;0,0;0,0;0,0;0,0;0,0;0,0;0,0;0,0;0,0;0,0;0,0;0,0;0,0;0,0;0,0;0,0;0,0;0,0;19,2;23,4;22,8;27,0;31,2;30,6;33,0;28,8;30,0;34,2;33,0;31,8;28,8;27,6;25,8;28,2;27,0;28,2;29,4;28,2;28,2;25,2;24,0;26,4;25,8;25,2;29,4;27,6;24,0;23,4;28,8;24,0;25,8;23,4;24,0;25,2;24,6;22,8;23,4;26,4;24,6;23,4;25,2;23,4;22,8;24,0;24,6;24,6;24,0;22,8;21,6;21,6;0,0;0,0;0,0;0,0;0,0;0,0;0,0;0,0;0,0;0,0;0,0;0,0;0,0;0,0;0,0;6,6;;;;
19/12/2024;0,0;0,0;0,0;0,0;0,0;0,0;0,0;0,0;0,0;0,0;0,0;0,0;0,0;0,0;0,0;0,0;0,0;0,0;0,0;0,0;0,0;0,0;0,0;0,0;0,0;0,0;0,0;0,0;21,0;25,8;24,6;27,6;27,0;30,6;30,0;31,8;30,0;28,8;31,2;27,6;28,2;29,4;33,0;34,2;31,2;31,8;30,0;30,0;24,6;23,4;29,4;30,6;30,6;28,8;28,8;29,4;25,2;19,8;18,0;21,6;18,6;17,4;18,0;21,0;21,0;21,0;23,4;25,2;22,8;21,6;22,8;22,8;22,8;24,0;21,6;22,2;21,6;22,2;20,4;19,2;0,0;0,0;0,0;0,0;0,0;0,0;0,0;0,0;0,0;0,0;0,0;0,0;0,0;0,0;0,0;5,7;;;;
20/12/2024;0,0;0,0;0,0;0,0;0,0;0,0;0,0;0,0;0,0;0,0;0,0;0,0;0,0;0,0;0,0;0,0;0,0;0,0;0,0;0,0;0,0;0,0;0,0;0,0;0,0;0,0;0,0;0,0;16,2;24,0;25,8;26,4;27,0;32,4;36,0;36,6;37,2;32,4;32,4;29,4;30,0;31,2;37,2;39,6;37,2;29,4;32,4;33,0;33,6;33,0;30,0;30,6;31,2;31,8;33,6;31,2;27,6;28,8;25,8;25,8;25,8;21,0;21,6;21,6;21,6;21,0;25,2;27,0;25,8;26,4;26,4;24,6;21,6;24,6;25,2;22,8;21,6;21,6;19,8;20,4;0,0;0,0;0,0;0,0;0,0;0,0;0,0;0,0;0,0;0,0;0,0;0,0;0,0;0,0;0,0;6,6;;;;
21/12/2024;0,0;0,0;0,0;0,0;0,0;0,0;0,0;0,0;0,0;0,0;0,0;0,0;0,0;0,0;0,0;0,0;0,0;0,0;0,0;0,0;0,0;0,0;0,0;0,0;0,0;0,0;0,0;0,0;19,8;22,8;25,2;27,6;31,2;31,8;37,2;38,4;36,6;36,0;36,0;34,2;29,4;30,0;29,4;36,0;35,4;39,6;34,2;33,6;34,2;32,4;29,4;32,4;28,8;27,0;27,6;30,0;32,4;30,6;25,8;26,4;26,4;27,6;28,8;28,2;27,0;28,8;30,6;29,4;28,8;28,2;28,8;28,2;27,0;27,0;26,4;25,8;25,8;26,4;24,0;24,0;0,0;0,0;0,0;0,0;0,0;0,0;0,0;0,0;0,0;0,0;0,0;0,0;0,0;0,0;0,0;7,2;;;;
22/12/2024;0,0;0,0;0,0;0,0;0,0;0,0;0,0;0,0;0,0;0,0;0,0;0,0;0,0;0,0;0,0;0,0;0,0;0,0;0,0;0,0;0,0;0,0;0,0;0,0;0,0;0,0;0,0;0,0;22,2;23,4;25,8;33,0;38,4;34,8;37,2;37,2;32,4;31,8;33,0;34,2;33,0;30,6;31,2;32,4;34,8;34,2;34,8;33,0;33,0;33,6;30,6;33,0;32,4;33,6;34,8;26,4;28,2;25,8;25,2;25,8;30,0;28,2;28,8;27,0;26,4;25,8;30,0;29,4;28,8;25,8;27,6;27,0;27,6;25,8;23,4;25,8;24,0;22,8;22,8;22,2;0,0;0,0;0,0;0,0;0,0;0,0;0,0;0,0;0,0;0,0;0,0;0,0;0,0;0,0;0,0;6,3;;;;
23/12/2024;0,0;0,0;0,0;0,0;0,0;0,0;0,0;0,0;0,0;0,0;0,0;0,0;0,0;0,0;0,0;0,0;0,0;0,0;0,0;0,0;0,0;0,0;0,0;0,0;0,0;0,0;0,0;0,0;23,4;22,8;26,4;31,2;37,8;34,8;34,2;33,6;33,0;30,0;33,6;30,6;31,8;28,8;30,6;34,8;34,8;29,4;31,8;33,0;34,2;33,0;32,4;32,4;28,8;31,2;40,2;31,8;28,2;28,2;28,8;31,8;28,2;31,2;33,0;33,6;29,4;31,2;28,8;27,6;29,4;30,6;29,4;30,6;29,4;28,2;26,4;25,8;27,0;25,8;23,4;22,2;0,0;0,0;0,0;0,0;0,0;0,0;0,0;0,0;0,0;0,0;0,0;0,0;0,0;0,0;0,0;6,6;;;;
24/12/2024;0,0;0,0;0,0;0,0;0,0;0,0;0,0;0,0;0,0;0,0;0,0;0,0;0,0;0,0;0,0;0,0;0,0;0,0;0,0;0,0;0,0;0,0;0,0;0,0;0,0;0,0;0,0;0,0;20,4;21,0;24,6;29,4;33,0;30,6;29,4;33,0;33,0;34,2;32,4;37,2;35,4;33,6;37,8;37,2;34,8;36,6;35,4;32,4;28,2;28,8;25,2;26,4;26,4;27,6;29,4;27,6;29,4;29,4;26,4;25,2;25,8;24,0;24,0;24,0;23,4;24,0;24,6;25,8;27,0;27,0;24,6;26,4;25,2;23,4;24,0;23,4;22,2;21,6;21,0;21,6;0,0;0,0;0,0;0,0;0,0;0,0;0,0;0,0;0,0;0,0;0,0;0,0;0,0;0,0;0,0;6,3;;;;
25/12/2024;0,0;0,0;0,0;0,0;0,0;0,0;0,0;0,0;0,0;0,0;0,0;0,0;0,0;0,0;0,0;0,0;0,0;0,0;0,0;0,0;0,0;0,0;0,0;0,0;0,0;0,0;0,0;0,0;19,2;24,6;25,8;27,0;24,6;27,0;30,0;30,0;27,6;27,6;27,6;24,6;27,0;27,0;24,0;25,8;31,2;31,8;30,0;27,0;30,0;27,0;25,8;28,2;24,0;24,6;25,8;24,6;25,2;24,0;24,6;22,2;20,4;19,8;22,2;24,6;25,8;25,8;28,8;28,2;25,8;28,8;26,4;27,0;27,6;29,4;28,2;28,2;23,4;22,8;22,2;21,0;0,0;0,0;0,0;0,0;0,0;0,0;0,0;0,0;0,0;0,0;0,0;0,0;0,0;0,0;0,0;6,9;;;;
26/12/2024;0,0;0,0;0,0;0,0;0,0;0,0;0,0;0,0;0,0;0,0;0,0;0,0;0,0;0,0;0,0;0,0;0,0;0,0;0,0;0,0;0,0;0,0;0,0;0,0;0,0;0,0;0,0;0,0;20,4;24,6;25,8;29,4;33,6;31,8;31,8;28,8;28,2;24,6;29,4;29,4;24,6;25,8;30,0;33,0;28,8;30,6;30,0;29,4;28,2;29,4;27,0;30,6;27,0;24,6;25,8;24,0;28,2;27,6;22,2;21,0;21,6;22,2;26,4;28,2;26,4;29,4;30,0;29,4;25,2;25,8;27,0;24,0;23,4;23,4;22,2;22,8;22,2;21,6;21,0;20,4;0,0;0,0;0,0;0,0;0,0;0,0;0,0;0,0;0,0;0,0;0,0;0,0;0,0;0,0;0,0;6,9;;;;
27/12/2024;0,0;0,0;0,0;0,0;0,0;0,0;0,0;0,0;0,0;0,0;0,0;0,0;0,0;0,0;0,0;0,0;0,0;0,0;0,0;0,0;0,0;0,0;0,0;0,0;0,0;0,0;0,0;0,0;20,4;25,2;27,0;32,4;34,8;34,2;32,4;29,4;28,2;31,2;27,0;28,8;30,0;28,2;30,6;36,0;33,0;34,2;29,4;28,8;31,8;30,6;33,6;34,2;31,8;30,0;33,6;34,2;31,2;25,8;23,4;21,6;22,8;22,8;24,6;25,8;26,4;28,8;28,8;28,2;25,8;25,2;25,2;23,4;23,4;22,8;23,4;24,0;21,6;21,6;19,8;20,4;0,0;0,0;0,0;0,0;0,0;0,0;0,0;0,0;0,0;0,0;0,0;0,0;0,0;0,0;0,0;6,6;;;;
28/12/2024;0,0;0,0;0,0;0,0;0,0;0,0;0,0;0,0;0,0;0,0;0,0;0,0;0,0;0,0;0,0;0,0;0,0;0,0;0,0;0,0;0,0;0,0;0,0;0,0;0,0;0,0;0,0;0,0;22,8;27,6;28,8;30,0;31,2;36,0;35,4;37,8;36,0;29,4;28,2;35,4;35,4;30,0;33,0;29,4;34,2;32,4;30,0;31,2;29,4;27,6;30,0;33,0;27,0;28,2;28,8;30,6;28,8;25,2;22,8;23,4;28,2;25,8;25,8;25,2;25,8;26,4;25,2;27,0;25,8;27,6;26,4;28,2;26,4;25,2;26,4;24,6;23,4;23,4;22,2;21,0;0,0;0,0;0,0;0,0;0,0;0,0;0,0;0,0;0,0;0,0;0,0;0,0;0,0;0,0;0,0;6,899;;;;
29/12/2024;0,0;0,0;0,0;0,0;0,0;0,0;0,0;0,0;0,0;0,0;0,0;0,0;0,0;0,0;0,0;0,0;0,0;0,0;0,0;0,0;0,0;0,0;0,0;0,0;0,0;0,0;0,0;0,0;20,4;25,2;29,4;28,8;31,8;31,2;36,0;38,4;36,0;34,8;30,0;30,0;36,0;34,8;33,6;34,8;31,8;29,4;31,2;35,4;32,4;27,0;25,8;26,4;27,0;31,2;31,8;28,2;22,2;23,4;23,4;23,4;26,4;24,0;23,4;22,2;26,4;25,2;27,0;26,4;25,2;25,2;25,2;23,4;24,0;24,0;24,0;24,0;22,8;21,6;22,2;22,2;0,0;0,0;0,0;0,0;0,0;0,0;0,0;0,0;0,0;0,0;0,0;0,0;0,0;0,0;0,0;6,301;;;;
30/12/2024;0,0;0,0;0,0;0,0;0,0;0,0;0,0;0,0;0,0;0,0;0,0;0,0;0,0;0,0;0,0;0,0;0,0;0,0;0,0;0,0;0,0;0,0;0,0;0,0;0,0;0,0;0,0;0,0;21,0;24,6;27,0;28,8;31,8;33,6;33,0;33,6;34,2;34,8;29,4;29,4;31,2;27,0;28,2;29,4;32,4;36,0;33,6;31,8;32,4;28,2;27,6;28,2;25,2;27,6;26,4;27,0;28,8;26,4;24,0;24,0;24,6;25,2;28,2;27,6;27,0;27,6;30,0;28,2;27,6;28,8;29,4;30,0;26,4;25,8;26,4;25,2;24,6;22,8;22,2;21,0;0,0;0,0;0,0;0,0;0,0;0,0;0,0;0,0;0,0;0,0;0,0;0,0;0,0;0,0;0,0;6,9;;;;
31/12/2024;0,0;0,0;0,0;0,0;0,0;0,0;0,0;0,0;0,0;0,0;0,0;0,0;0,0;0,0;0,0;0,0;0,0;0,0;0,0;0,0;0,0;0,0;0,0;0,0;0,0;0,0;0,0;0,0;19,2;24,0;30,6;33,0;34,8;35,4;33,0;30,0;30,0;31,8;28,8;28,8;28,2;27,6;27,6;31,8;32,4;34,8;31,2;30,0;30,0;32,4;33,6;28,2;28,2;30,0;29,4;28,8;27,0;24,6;22,8;21,6;23,4;24,6;24,0;22,2;22,2;25,8;28,8;28,2;27,0;27,0;24,0;26,4;27,6;27,0;23,4;24,0;22,8;21,6;20,4;20,4;0,0;0,0;0,0;0,0;0,0;0,0;0,0;0,0;0,0;0,0;0,0;0,0;0,0;0,0;0,0;6,9;;;;
