Giorno;00:00-00:15;00:15-00:30;00:30-00:45;00:45-01:00;01:00-01:15;01:15-01:30;01:30-01:45;01:45-02:00;02:00-02:15;02:15-02:30;02:30-02:45;02:45-03:00;03:00-03:15;03:15-03:30;03:30-03:45;03:45-04:00;04:00-04:15;04:15-04:30;04:30-04:45;04:45-05:00;05:00-05:15;05:15-05:30;05:30-05:45;05:45-06:00;06:00-06:15;06:15-06:30;06:30-06:45;06:45-07:00;07:00-07:15;07:15-07:30;07:30-07:45;07:45-08:00;08:00-08:15;08:15-08:30;08:30-08:45;08:45-09:00;09:00-09:15;09:15-09:30;09:30-09:45;09:45-10:00;10:00-10:15;10:15-10:30;10:30-10:45;10:45-11:00;11:00-11:15;11:15-11:30;11:30-11:45;11:45-12:00;12:00-12:15;12:15-12:30;12:30-12:45;12:45-13:00;13:00-13:15;13:15-13:30;13:30-13:45;13:45-14:00;14:00-14:15;14:15-14:30;14:30-14:45;14:45-15:00;15:00-15:15;15:15-15:30;15:30-15:45;15:45-16:00;16:00-16:15;16:15-16:30;16:30-16:45;16:45-17:00;17:00-17:15;17:15-17:30;17:30-17:45;17:45-18:00;18:00-18:15;18:15-18:30;18:30-18:45;18:45-19:00;19:00-19:15;19:15-19:30;19:30-19:45;19:45-20:00;20:00-20:15;20:15-20:30;20:30-20:45;20:45-21:00;21:00-21:15;21:15-21:30;21:30-21:45;21:45-22:00;22:00-22:15;22:15-22:30;22:30-22:45;22:45-23:00;23:00-23:15;23:15-23:30;23:30-23:45;23:45-00:00;ex1;ex2;ex3;ex4
01/01/2024;24,78;22,78;22,66;17,56;22,11;23,42;23,61;18,56;22,03;23,59;16,02;17,62;14,29;17,31;16,15;15,73;18,38;15,63;19,53;18,69;20,4;24,59;22,72;23,31;30,01;36,0;40,26;44,89;52,59;40,59;49,5;38,87;55,0;59,63;36,51;41,12;48,31;49,1;32,52;58,43;47,85;42,54;42,1;45,22;45,75;47,24;32,56;49,68;46,47;39,34;41,3;45,44;38,89;37,35;41,11;36,95;35,76;32,33;31,81;29,37;40,46;35,28;48,02;39,06;37,25;38,81;37,43;51,31;42,99;38,46;37,29;34,55;40,93;30,48;35,91;35,23;30,85;34,27;28,62;27,65;25,04;23,41;25,04;21,75;20,09;24,72;21,06;17,01;19,01;19,56;16,33;18,75;18,01;20,32;17,61;6,9;;;;
02/01/2024;22,17;25,73;19,59;22,04;20,38;17,63;23,93;20,96;21,04;20,75;19,72;15,65;20,31;15,82;22,82;20,85;18,13;18,88;18,4;22,04;23,61;27,83;25,71;25,89;34,34;40,9;37,5;50,25;45,24;46,71;50,12;52,5;52,89;34,84;42,1;43,64;47,38;43,73;47,17;36,86;47,95;41,44;40,06;53,98;36,95;40,35;39,83;27,44;38,81;55,23;47,21;55,82;50,56;40,24;47,94;34,49;40,08;39,03;35,77;43,93;40,41;39,1;34,35;34,33;33,5;34,61;41,74;49,74;46,48;34,67;42,7;47,99;38,21;31,12;41,55;30,35;30,01;26,77;25,36;24,11;28,7;23,02;24,21;24,73;24,16;22,15;17,96;19,83;20,85;22,17;22,56;20,57;26,36;21,57;24,29;7,5;;;;
03/01/2024;23,42;19,57;20,87;22,89;22,2;19,68;23,24;25,91;24,7;21,53;17,35;16,8;19,62;21,48;21,8;17,79;24,98;19,14;22,39;22,66;21,51;23,35;25,69;26,22;38,18;44,04;45,23;45,3;39,88;50,41;50,37;40,62;51,46;45,14;49,38;39,9;36,14;33,66;41,78;53,39;44,93;50,6;37,01;54,18;40,6;35,13;41,97;41,51;42,29;39,94;40,04;39,07;32,02;36,87;40,65;30,62;30,42;39,55;39,81;36,39;37,67;38,29;30,9;33,11;41,11;43,28;38,48;40,09;32,44;40,34;47,42;38,24;35,78;36,69;27,86;37,4;32,78;25,92;25,5;25,8;27,07;24,88;20,99;23,67;22,21;21,1;20,26;21,59;17,51;21,98;19,47;23,61;23,18;23,68;19,08;7,5;;;;
04/01/2024;22,43;21,42;23,24;22,7;21,66;19,44;18,6;23,19;20,97;23,8;17,06;15,81;22,72;20,27;20,67;16,04;17,03;21,7;16,5;17,44;25,93;22,25;21,11;23,97;31,03;33,83;38,19;39,38;56,09;59,5;47,97;54,67;48,93;50,9;43,1;51,71;40,73;48,62;44,12;51,96;54,05;50,78;45,77;47,04;53,12;49,31;43,93;59,92;46,16;53,77;58,7;35,93;49,58;48,67;44,93;36,32;39,05;36,98;42,03;35,44;41,02;41,12;51,19;43,15;49,52;40,11;49,67;48,18;48,79;35,6;35,48;36,71;34,44;35,56;32,74;37,76;31,25;24,04;21,02;27,95;23,29;22,27;21,3;24,39;19,17;22,3;23,76;20,45;17,25;19,48;19,32;21,21;22,09;19,47;19,46;7,2;;;;
05/01/2024;20,32;21,84;22,25;20,31;23,24;19,64;18,8;22,16;19,15;20,48;20,78;18,77;20,03;19,13;22,0;18,24;19,3;19,2;18,36;17,9;21,68;27,37;27,22;29,1;25,9;35,07;47,52;54,56;45,27;42,88;51,35;47,3;43,72;60,98;59,96;40,17;48,63;41,05;52,51;45,02;49,96;45,8;51,01;53,05;61,5;60,01;47,95;43,1;50,93;51,11;47,64;47,05;49,74;51,31;41,63;39,5;37,33;44,7;36,4;41,88;48,05;49,79;49,53;50,82;38,55;44,68;46,96;44,63;36,12;40,45;29,5;42,57;38,16;44,33;32,38;31,08;29,41;30,48;25,39;24,07;27,91;21,48;20,13;22,19;24,56;21,67;20,36;19,02;21,98;21,23;18,49;20,33;21,97;22,43;22,19;6,9;;;;
06/01/2024;20,29;22,29;20,69;24,13;22,83;19,8;20,59;21,78;17,37;21,24;18,46;21,38;17,26;18,37;19,59;16,43;16,91;16,88;20,41;17,59;23,4;23,03;24,13;28,81;20,86;30,91;34,3;36,79;49,29;50,73;34,32;45,52;40,42;35,94;57,91;46,52;49,38;44,48;44,84;48,14;52,66;55,35;49,26;42,2;44,55;53,14;53,03;49,43;48,31;57,35;44,93;43,83;49,95;43,12;33,05;29,75;27,97;33,54;35,33;38,64;38,17;32,56;33,44;35,09;37,11;33,72;32,53;46,76;43,43;36,95;30,57;39,88;40,78;33,73;34,68;40,04;37,92;24,53;27,66;25,53;21,05;25,91;21,2;23,55;23,92;16,59;19,26;20,56;18,59;17,7;16,91;21,63;19,33;22,03;18,6;7,2;;;;
07/01/2024;19,53;24,32;18,55;20,77;19,28;19,22;21,43;23,13;19,78;17,71;16,09;15,7;16,29;16,76;16,79;17,91;17,45;17,45;17,63;17,44;22,06;25,36;26,19;35,55;32,4;37,46;41,03;39,7;42,82;41,98;38,76;41,88;39,18;44,86;48,57;49,79;54,98;41,59;37,94;50,7;51,84;44,15;57,03;47,33;53,94;41,22;38,22;44,55;46,46;40,58;50,86;47,94;45,02;39,09;44,29;39,31;40,27;43,74;39,05;44,41;42,72;41,72;41,37;48,37;47,63;45,59;48,8;50,5;40,07;34,36;49,52;35,17;44,92;34,66;40,14;39,82;30,38;29,02;28,12;27,8;26,88;24,68;18,22;26,13;23,4;20,61;19,38;21,55;20,2;21,87;19,09;17,86;21,41;24,74;23,38;7,2;;;;
08/01/2024;22,71;21,12;21,61;20,8;17,84;21,01;21,6;23,46;24,62;23,91;17,23;17,37;20,09;19,16;17,28;23,16;22,26;24,15;24,77;19,41;29,34;26,55;26,59;30,52;28,25;35,65;40,35;52,71;60,99;61,88;50,91;56,46;53,12;44,98;55,47;50,77;39,88;52,58;46,8;39,9;35,31;46,04;53,29;60,13;45,96;55,85;51,26;48,49;43,24;55,22;44,7;41,27;47,18;38,06;40,76;31,64;33,93;32,05;36,97;38,55;43,5;41,46;40,16;38,58;33,42;38,41;37,16;45,27;39,58;32,75;29,85;35,7;37,77;34,16;39,14;33,53;27,8;25,25;27,57;25,98;25,33;25,94;20,78;19,28;18,64;20,65;17,9;20,32;20,03;18,7;19,75;21,36;23,26;19,59;24,6;6,9;;;;
09/01/2024;16,84;20,16;19,44;20,27;22,62;22,43;23,44;20,78;17,58;20,77;22,05;18,11;22,66;18,4;23,78;21,11;21,1;22,1;22,7;17,53;24,05;28,04;25,02;25,22;35,25;37,6;44,49;43,92;56,67;45,34;46,39;34,8;46,71;48,0;41,76;43,05;39,04;49,62;38,09;41,25;43,64;43,48;42,34;48,12;48,11;37,16;37,67;39,6;39,15;38,13;52,02;47,34;30,6;28,8;39,44;32,45;27,62;36,61;31,51;29,21;32,64;34,02;44,84;32,84;40,36;36,21;42,79;36,69;41,33;33,77;45,39;44,37;32,39;39,07;29,62;32,41;36,25;31,56;30,26;22,78;23,96;19,51;20,67;24,16;22,96;25,35;20,28;19,56;17,98;23,05;18,06;21,72;21,51;24,45;17,56;6,9;;;;
10/01/2024;19,66;20,98;22,29;24,59;19,29;17,35;20,26;19,33;21,32;21,42;23,12;17,39;17,69;22,25;23,39;18,53;20,8;24,43;19,44;22,04;20,49;26,71;27,75;26,04;29,97;34,32;42,27;39,57;40,5;47,14;42,98;54,07;49,68;43,84;37,53;37,23;50,34;49,22;45,83;45,49;46,81;49,66;43,38;32,87;40,1;40,1;46,37;39,72;46,91;40,32;41,66;36,12;32,01;34,25;29,22;35,19;33,85;32,95;33,42;29,67;34,57;34,33;37,4;34,9;33,64;44,92;40,28;48,09;37,81;31,56;37,39;36,62;34,62;43,94;36,64;31,66;29,88;27,2;23,28;24,79;27,13;24,37;23,95;24,89;25,34;24,96;24,17;21,97;22,77;23,88;24,62;23,21;25,0;23,48;25,18;6,9;;;;
11/01/2024;17,66;23,98;25,04;20,85;20,61;21,14;21,29;23,93;18,36;24,95;19,82;21,97;20,36;20,25;22,75;21,2;20,84;23,27;25,71;23,55;26,71;25,49;24,07;35,49;32,74;47,91;39,98;49,65;46,27;46,76;50,26;61,08;51,18;41,45;49,35;52,09;49,37;41,68;42,06;50,92;38,61;48,64;34,98;49,6;49,78;43,18;41,58;52,88;48,86;45,54;54,06;38,93;42,26;48,97;52,01;42,0;44,4;42,42;41,01;46,47;50,46;47,37;44,17;46,75;45,08;49,73;38,19;44,06;45,6;51,81;41,52;46,56;42,66;38,07;29,07;30,35;36,74;28,5;29,87;28,03;23,11;20,65;22,18;21,47;21,65;22,63;22,0;19,24;16,9;22,06;17,29;25,15;19,89;23,66;23,49;7,2;;;;
12/01/2024;20,69;22,68;19,07;21,01;25,13;19,77;21,86;18,64;16,73;16,63;17,87;23,1;20,26;23,05;22,91;20,03;22,46;21,51;17,06;24,67;23,4;26,31;24,83;24,09;38,68;38,2;39,61;53,39;59,6;57,73;57,12;56,36;53,22;62,04;47,86;54,0;56,93;50,35;46,14;66,24;47,94;55,7;59,25;51,46;51,68;45,07;41,01;54,53;44,43;45,97;49,05;46,42;41,2;37,91;39,19;38,63;39,49;37,74;31,16;32,56;40,99;35,12;37,48;37,14;35,56;45,19;39,78;51,74;42,6;42,83;43,01;35,53;29,34;39,97;37,15;36,5;32,7;33,83;32,33;29,21;23,47;26,02;19,33;21,09;21,44;16,56;20,51;19,92;20,74;20,3;19,83;20,64;19,27;17,05;21,9;6,3;;;;
13/01/2024;19,0;20,58;18,32;20,55;20,05;17,55;15,92;18,99;20,34;16,55;21,55;19,31;20,17;22,43;17,29;18,6;19,15;17,25;21,16;21,25;23,48;24,69;25,21;32,31;26,84;32,7;48,24;43,81;46,33;51,1;58,03;56,5;52,95;56,22;53,74;51,66;37,54;48,77;55,51;42,73;50,08;61,2;53,42;51,49;51,38;46,73;42,83;40,81;45,47;48,42;36,54;33,28;40,69;27,81;36,35;28,33;28,99;30,8;36,82;39,63;32,76;37,56;36,13;45,45;34,95;48,79;36,77;52,13;39,66;34,15;34,66;35,05;39,08;42,18;29,16;34,59;29,37;31,56;31,79;23,82;25,91;27,31;19,7;23,28;22,19;18,94;21,98;16,36;16,55;21,9;19,78;18,05;22,82;23,79;19,18;7,2;;;;
14/01/2024;21,34;20,98;17,58;16,73;17,5;21,14;18,85;21,63;21,59;23,09;15,34;14,52;18,95;20,81;16,84;23,71;17,76;20,09;18,04;19,69;19,39;24,28;21,94;25,3;33,38;29,84;43,59;45,35;54,85;44,5;46,45;44,32;40,47;46,69;40,04;48,19;49,21;39,74;48,67;41,26;43,7;54,76;51,09;48,68;46,21;53,73;43,53;50,0;47,14;55,51;46,01;40,95;47,92;28,6;30,97;28,06;34,01;30,61;34,22;30,16;34,13;30,76;40,93;37,99;30,77;39,89;46,15;37,07;41,97;32,79;33,42;36,87;38,58;35,33;34,13;38,51;31,6;24,23;24,19;27,85;28,15;18,82;24,77;24,61;21,49;22,77;22,02;19,59;18,09;16,09;18,0;16,66;23,89;21,34;22,14;6,6;;;;
15/01/2024;23,83;16,69;20,97;22,37;21,82;22,69;21,31;21,11;21,33;17,93;16,03;15,95;17,91;15,49;18,45;18,58;17,1;17,15;14,98;17,16;19,61;19,66;22,88;24,09;22,61;36,3;45,83;48,99;43,92;56,14;44,92;40,1;38,1;40,67;35,51;50,26;46,19;50,27;42,3;51,16;43,89;37,56;44,37;46,07;42,3;58,05;49,36;49,87;40,11;38,1;45,1;43,62;36,23;40,49;35,49;32,1;37,83;41,88;37,59;37,88;33,46;34,21;42,32;38,18;37,43;50,59;46,19;39,48;45,23;34,96;40,02;45,3;34,64;34,43;32,99;34,17;35,52;37,6;27,94;23,37;25,73;20,53;20,91;27,07;22,76;20,49;21,58;21,0;21,52;18,5;22,85;20,37;22,98;22,62;20,67;7,2;;;;
16/01/2024;26,56;23,25;21,04;20,11;20,76;21,93;24,22;19,3;19,13;19,02;16,73;23,58;20,77;22,84;20,49;20,89;21,62;21,52;23,6;20,92;24,09;24,47;23,51;35,67;30,6;42,73;34,12;39,96;42,89;52,44;39,48;40,24;46,4;54,46;44,53;53,53;39,74;49,01;33,42;46,9;47,12;44,15;46,88;36,81;38,37;42,68;37,18;33,16;37,84;44,48;53,17;44,09;30,21;40,16;35,78;27,5;37,27;34,75;35,02;31,51;35,8;37,73;35,15;31,71;35,78;37,41;43,06;36,59;43,4;33,38;29,82;38,24;33,27;35,62;35,12;36,12;28,77;32,19;24,42;27,49;22,69;22,26;23,19;22,45;23,61;19,1;20,33;19,04;19,82;22,81;19,76;18,08;21,83;19,6;21,77;7,2;;;;
17/01/2024;23,79;22,32;23,99;18,37;20,76;19,94;23,25;24,75;22,14;18,58;25,42;20,64;19,3;23,86;22,47;23,96;20,95;21,5;23,88;22,37;22,9;22,06;21,96;26,7;36,21;42,47;36,89;37,89;42,43;46,0;56,06;43,77;48,32;38,51;41,57;44,84;44,03;34,77;44,43;45,58;49,68;51,18;41,29;36,68;32,96;48,78;43,54;45,82;39,84;53,15;47,09;41,85;40,07;39,0;40,92;30,94;28,02;35,37;29,22;30,82;32,11;41,22;42,34;32,86;35,46;40,22;35,87;43,93;32,48;34,26;47,34;37,94;32,28;35,65;41,62;39,26;39,45;27,45;24,88;28,04;22,52;23,72;26,64;21,33;25,12;22,11;22,3;18,25;18,99;22,32;22,34;15,62;21,15;21,4;20,8;6,9;;;;
18/01/2024;20,25;22,54;22,83;17,38;17,54;21,32;21,94;22,27;23,08;21,57;20,61;21,99;23,39;21,83;17,75;22,92;23,44;24,7;18,02;19,38;19,88;24,62;29,35;29,93;32,27;40,1;49,23;42,11;45,65;50,78;51,55;38,05;44,27;50,05;41,71;42,59;37,88;33,5;39,07;50,25;43,33;36,38;42,54;42,66;49,26;43,8;35,49;51,97;53,5;45,87;45,61;41,22;43,91;37,34;40,88;32,74;39,38;30,95;38,24;36,6;40,5;40,06;44,12;48,95;43,18;45,27;41,23;51,1;46,82;36,5;40,18;39,24;35,28;32,03;40,14;38,01;35,42;27,43;29,1;24,74;23,04;25,09;26,48;21,68;23,76;20,41;20,4;16,48;19,81;18,47;20,72;18,07;17,46;22,02;24,36;6,6;;;;
19/01/2024;18,32;16,64;20,89;21,61;17,64;22,39;20,57;18,57;20,17;16,96;21,52;21,91;16,9;20,15;21,91;21,75;16,76;21,07;23,35;18,38;21,2;21,15;26,14;23,97;28,68;35,74;37,77;54,75;52,16;50,65;48,25;54,49;38,28;39,42;52,07;45,06;39,13;42,13;45,09;56,07;48,55;57,46;47,36;59,35;44,92;59,46;44,59;55,96;47,21;56,2;50,33;57,2;45,78;38,92;32,82;38,77;41,81;33,62;34,73;38,92;40,11;36,95;35,42;44,8;39,5;44,14;42,32;42,11;49,77;46,79;41,78;32,98;35,21;34,49;38,0;33,41;37,33;31,46;26,32;22,02;25,3;24,73;21,63;23,34;19,16;20,16;20,71;19,31;16,16;19,46;16,84;19,99;17,58;19,41;23,99;6,9;;;;
20/01/2024;18,97;22,5;20,49;17,43;19,38;19,31;20,04;16,55;21,41;20,9;20,72;17,0;16,03;18,39;16,95;18,22;16,45;15,91;15,66;22,73;19,02;20,8;27,41;28,16;25,95;33,98;35,58;40,93;51,17;44,98;50,75;46,52;61,56;57,23;38,95;54,11;45,25;44,61;59,92;59,34;59,17;48,19;52,31;45,96;49,31;53,32;44,13;60,64;49,19;41,26;52,62;38,35;34,7;37,16;33,31;37,17;34,66;34,86;37,04;44,62;43,37;38,93;51,79;37,27;38,81;44,22;47,36;50,33;53,41;43,27;36,29;50,27;42,97;31,83;39,75;42,8;32,24;27,52;26,51;28,15;24,5;19,56;20,22;17,21;19,9;15,95;21,67;19,69;18,97;14,37;17,97;20,45;19,37;20,85;22,05;6,3;;;;
21/01/2024;23,52;18,73;17,92;16,6;20,75;17,62;18,03;17,27;21,94;17,72;19,82;18,42;19,94;19,85;15,83;15,95;16,22;17,76;16,84;20,08;19,95;23,86;26,39;23,08;23,79;34,96;47,54;38,44;55,15;49,89;54,49;46,98;51,23;51,63;44,43;48,44;47,93;38,4;56,42;51,04;50,5;44,27;51,02;46,29;45,35;51,87;38,98;45,72;43,25;47,54;53,39;35,59;46,48;41,84;35,17;42,38;44,46;46,53;41,84;47,08;41,32;44,43;44,52;43,24;45,36;45,11;37,33;50,4;39,77;36,91;39,54;31,28;32,07;32,22;35,0;39,89;38,18;23,68;25,52;29,67;20,4;19,18;24,92;22,07;22,93;21,49;18,93;16,6;15,67;18,94;14,68;15,82;17,88;22,22;21,8;6,3;;;;
22/01/2024;16,47;16,65;21,81;21,52;20,45;19,2;17,45;22,0;16,54;15,68;18,67;16,65;18,71;14,96;19,88;17,31;15,12;17,93;15,56;20,89;21,75;24,62;23,21;31,84;34,76;33,18;45,4;45,38;37,7;43,66;46,62;44,77;49,01;49,55;53,07;40,09;44,45;40,79;46,89;51,22;48,92;58,18;50,67;46,01;54,07;39,79;43,21;50,34;52,67;40,24;45,57;40,76;46,86;46,34;38,67;38,03;31,64;36,53;36,43;33,75;36,79;45,2;38,12;36,93;47,91;41,47;45,33;43,65;42,07;38,85;43,46;37,52;35,46;42,8;45,21;38,3;37,89;31,68;21,77;28,55;26,84;22,76;21,13;20,85;25,13;21,23;17,25;21,63;15,21;18,78;20,11;18,09;22,03;22,2;23,64;6,6;;;;
23/01/2024;17,86;20,32;18,78;17,8;20,79;18,94;18,22;19,34;20,54;15,91;19,93;17,35;15,21;15,82;17,91;19,58;18,91;16,58;20,13;21,62;20,67;25,2;24,11;31,53;32,84;42,75;40,39;42,62;53,85;42,22;47,31;53,36;45,58;51,01;37,05;42,04;45,46;40,14;43,9;46,85;51,57;39,54;36,95;50,32;39,56;42,44;35,51;44,24;36,4;51,66;46,66;48,07;29,0;33,49;29,62;31,58;31,37;40,12;32,98;34,48;32,86;32,8;33,73;33,89;40,14;42,02;35,61;37,76;32,52;38,53;36,37;34,3;33,56;39,44;32,21;31,1;27,24;23,94;22,32;29,7;26,83;25,21;23,03;19,81;18,58;19,57;20,45;17,65;21,92;21,35;16,81;17,42;19,57;22,69;21,56;6,6;;;;
24/01/2024;20,94;18,44;18,81;21,76;24,82;22,56;22,77;18,52;17,28;24,41;16,12;18,94;18,34;15,3;20,89;18,59;16,06;16,57;21,28;18,03;24,82;25,83;25,44;30,43;37,42;43,13;43,21;38,15;45,42;56,13;50,56;53,06;41,89;48,4;48,1;42,09;35,18;35,87;56,46;54,08;47,27;39,0;42,24;49,39;51,24;37,77;31,26;34,6;33,79;44,29;39,79;35,52;41,67;36,18;35,62;27,74;35,19;32,53;26,09;33,22;28,59;35,44;32,9;39,76;38,95;45,7;40,56;40,77;43,52;34,72;40,72;38,47;42,16;31,19;32,42;41,27;35,54;30,41;21,05;29,21;27,33;20,3;22,53;18,48;16,58;20,3;15,77;19,23;17,95;17,14;15,67;20,2;22,62;21,35;17,88;6,6;;;;
25/01/2024;19,89;22,86;16,23;17,55;19,03;21,23;21,8;15,8;17,84;17,95;16,89;17,17;19,96;14,08;18,56;18,32;17,27;19,26;19,5;17,9;22,49;25,94;23,55;31,0;33,02;38,95;44,59;42,38;55,6;58,17;47,86;48,42;57,56;54,21;46,06;50,79;44,46;45,96;36,45;39,73;49,86;49,88;43,95;42,57;34,93;46,44;50,43;50,51;37,88;52,37;35,26;40,74;46,52;38,76;34,21;44,79;37,97;50,07;45,32;50,51;41,72;35,13;43,94;41,62;42,35;44,25;45,64;54,46;37,64;37,19;32,12;33,62;40,69;35,39;31,89;29,82;42,06;35,97;26,24;25,98;31,29;22,26;22,53;23,14;21,61;22,17;19,68;17,36;17,65;20,65;19,08;20,83;19,85;20,54;23,97;7,2;;;;
26/01/2024;22,54;17,37;17,3;19,13;21,4;18,27;22,3;19,88;21,72;16,64;16,69;19,22;17,82;15,87;16,34;17,61;19,05;21,03;22,28;20,74;24,05;28,25;22,05;32,26;35,55;42,9;45,06;55,26;50,74;49,72;47,89;42,2;49,91;47,18;55,49;41,9;53,43;50,96;48,29;51,98;49,35;53,16;45,75;48,84;50,53;49,8;42,82;54,78;46,67;35,5;35,14;46,14;52,43;42,71;37,12;42,89;32,74;40,69;36,29;34,94;34,74;36,32;31,29;33,12;33,69;32,47;41,36;37,04;45,08;33,26;36,87;42,15;36,04;37,58;36,48;36,14;33,14;33,42;30,5;23,68;27,29;19,76;22,44;19,68;17,48;19,07;24,06;17,27;18,98;16,87;20,08;21,98;16,89;17,93;25,11;6,9;;;;
27/01/2024;22,71;19,11;20,15;22,53;22,81;22,31;23,1;17,69;17,94;18,64;17,15;20,64;16,14;14,52;17,35;21,5;16,6;18,37;20,41;23,54;27,73;23,1;21,83;32,11;26,73;36,72;37,6;35,77;43,43;45,62;49,59;51,47;59,08;44,19;46,61;44,07;38,71;50,65;43,45;52,76;40,23;54,57;43,12;61,94;56,09;38,2;43,09;35,83;48,88;42,2;44,85;40,55;46,22;47,71;48,53;47,91;39,89;43,82;49,29;49,19;36,33;40,66;47,16;44,71;35,51;45,02;43,93;36,03;38,79;28,76;39,16;40,82;32,29;34,66;41,42;36,42;27,85;30,14;27,89;30,0;21,15;22,43;20,01;23,26;21,68;23,55;17,38;21,02;19,44;20,82;17,74;20,56;17,07;17,44;16,74;6,3;;;;
28/01/2024;17,69;17,44;21,33;21,13;19,89;17,48;18,01;17,63;18,27;18,24;20,33;14,96;14,23;16,38;20,19;15,31;17,75;16,13;15,27;15,13;25,98;20,34;22,2;28,58;35,64;29,77;36,73;46,39;40,13;52,46;45,05;42,26;43,38;48,97;43,1;46,49;40,06;50,64;62,85;51,24;55,03;50,8;43,95;63,72;48,37;46,81;41,17;44,7;43,8;45,41;45,45;48,6;42,8;40,69;33,65;35,42;38,04;30,96;33,48;33,65;34,98;33,26;40,41;45,74;36,08;36,42;44,77;46,13;48,66;45,78;38,29;39,78;39,41;34,42;30,82;34,6;38,47;30,08;24,15;30,32;22,28;24,63;18,08;19,83;19,32;18,92;16,71;15,85;18,61;17,96;15,58;22,78;18,04;17,01;21,47;6,9;;;;
29/01/2024;21,67;22,37;16,22;23,96;20,78;22,87;19,97;18,07;19,93;17,6;16,77;16,58;19,36;18,03;17,91;14,99;16,53;19,2;18,94;16,93;26,16;19,56;21,21;22,87;30,34;35,32;44,27;36,5;54,03;49,88;45,41;48,83;41,62;55,02;49,9;40,88;50,93;45,42;47,05;46,7;49,31;39,22;58,4;49,44;53,73;47,11;37,06;44,9;37,47;40,18;32,61;38,96;35,97;40,63;39,58;34,99;39,21;42,46;30,34;32,33;33,05;33,67;32,52;37,45;34,38;35,81;37,26;38,72;40,74;38,47;30,94;31,56;36,33;31,15;34,1;34,51;28,51;31,1;35,57;28,65;25,02;25,75;23,99;24,18;18,41;25,88;16,51;19,43;16,34;16,23;21,1;17,7;23,58;24,22;18,59;6,6;;;;
30/01/2024;21,69;18,98;17,27;17,97;19,93;24,41;20,16;17,7;20,91;23,05;16,72;19,21;20,93;17,29;19,31;15,57;15,3;19,01;19,35;20,12;22,68;25,9;26,88;25,93;24,36;37,32;43,8;40,94;45,5;50,66;54,25;35,44;43,64;36,96;36,18;35,61;40,16;46,78;49,67;41,66;37,55;38,41;42,01;43,12;41,22;41,07;38,98;29,95;39,89;37,45;49,63;44,7;44,3;33,06;33,45;30,88;34,08;31,52;27,17;30,9;29,63;38,65;30,87;32,51;37,84;33,57;41,93;40,07;38,58;36,6;35,99;38,67;34,9;42,66;37,24;30,18;32,97;26,41;22,55;24,89;24,35;23,95;20,71;16,8;17,54;24,2;23,33;20,27;19,18;18,45;15,23;19,74;18,19;16,42;20,62;6,3;;;;
31/01/2024;16,34;17,9;19,26;18,02;19,11;16,56;23,0;18,65;17,48;20,64;18,45;18,61;14,07;16,16;20,67;16,77;15,75;15,86;20,44;18,56;25,82;24,59;24,2;34,37;34,82;35,87;43,96;47,53;40,22;45,0;38,93;42,64;45,94;37,78;40,0;47,84;44,06;34,22;39,73;50,05;49,2;33,58;46,8;50,22;36,98;35,79;44,47;44,81;39,58;37,09;36,11;43,04;39,57;32,85;29,96;27,02;29,76;34,32;31,04;27,2;29,74;26,33;28,5;27,3;42,67;42,82;31,68;42,67;32,64;43,5;36,54;34,81;28,67;40,82;33,86;35,01;28,31;37,75;26,62;28,56;27,02;23,56;19,29;20,69;19,58;24,61;19,34;22,41;20,13;19,38;18,93;17,76;18,13;21,7;20,92;6,9;;;;
01/02/2024;21,81;21,13;19,2;20,24;23,61;18,67;21,35;20,09;23,26;18,94;19,93;17,41;24,14;18,71;19,32;16,18;15,92;16,3;16,83;18,26;20,09;18,4;20,8;18,81;20,53;20,13;27,36;29,53;27,51;32,66;41,95;48,32;53,23;47,61;40,23;48,19;50,68;47,82;45,83;36,45;38,43;46,62;40,19;52,72;48,68;43,08;46,15;59,71;49,14;40,21;52,59;64,21;57,79;43,6;45,71;38,74;47,97;41,55;51,82;42,12;45,15;45,62;39,62;44,15;50,19;42,15;44,45;39,76;50,78;47,98;40,42;37,3;49,03;33,87;31,21;38,07;38,95;41,59;41,59;29,86;26,02;29,51;33,2;23,2;24,7;27,75;19,42;26,46;25,85;22,44;24,52;19,83;17,36;16,79;17,98;6,3;;;;
02/02/2024;23,56;19,04;21,84;17,69;22,68;18,97;22,06;18,67;18,78;20,67;23,19;21,45;22,03;20,91;20,61;18,67;18,2;19,94;20,0;14,34;15,48;15,24;18,82;22,05;18,96;22,9;27,19;31,03;31,13;34,92;43,29;36,08;46,1;50,91;51,43;51,34;47,11;43,87;47,24;55,15;40,98;43,77;62,07;51,01;44,5;42,87;40,62;45,3;54,55;52,45;48,44;48,25;44,92;39,82;43,61;47,43;40,31;50,01;45,17;50,15;46,61;38,73;32,31;39,65;33,3;39,68;41,99;37,22;32,28;47,4;43,3;43,74;37,91;41,15;42,37;43,89;38,58;40,75;31,36;33,31;36,08;31,99;32,68;27,72;26,3;23,54;20,52;20,91;25,3;19,41;17,46;24,18;17,03;18,44;18,15;6,3;;;;
03/02/2024;16,52;23,73;21,73;22,57;18,09;17,11;20,43;22,06;20,17;17,61;21,5;17,2;17,94;19,81;16,82;15,59;15,27;15,69;17,98;15,26;15,54;17,67;19,49;19,96;19,27;23,03;23,89;23,4;24,02;29,02;44,87;45,9;50,16;42,09;51,95;42,02;45,45;42,51;47,09;43,69;52,41;39,79;53,4;58,07;51,15;52,24;45,98;50,85;54,43;48,34;44,86;58,16;51,93;43,92;54,51;39,91;42,66;46,89;36,72;42,59;33,03;43,33;44,84;34,03;46,76;40,37;38,57;45,97;36,28;45,75;43,66;52,24;48,52;33,93;41,11;39,3;37,43;31,19;30,65;32,78;36,22;35,46;25,23;25,53;22,01;21,87;21,45;19,72;24,64;20,41;16,78;19,31;18,89;19,67;20,76;5,7;;;;
04/02/2024;18,7;21,52;23,08;20,01;21,25;17,09;18,51;22,26;21,94;18,53;15,8;17,29;20,54;18,33;13,97;15,64;16,94;16,37;15,67;18,01;18,95;16,46;17,75;19,8;25,98;26,48;24,6;28,86;27,85;38,57;36,39;43,79;50,54;45,94;45,55;42,72;55,31;49,73;41,96;41,86;45,05;48,97;42,14;52,75;49,04;40,27;42,64;41,63;57,85;52,86;49,06;41,71;54,62;48,23;40,08;45,45;48,02;40,15;33,9;30,97;30,16;35,71;40,29;38,07;33,1;42,12;41,49;43,65;41,97;42,64;41,46;40,15;39,73;40,83;34,31;37,05;35,97;29,18;38,04;36,35;32,89;33,82;26,7;27,1;26,45;19,81;21,2;19,4;22,2;20,86;19,28;19,62;15,97;19,31;17,06;6,3;;;;
05/02/2024;22,38;17,75;21,74;16,53;20,09;18,5;22,86;21,51;22,14;24,53;17,34;19,35;19,56;19,66;19,06;20,42;17,61;20,65;19,5;18,53;19,7;19,82;19,08;22,1;23,03;23,18;28,87;30,23;25,89;37,07;44,11;39,61;42,96;44,45;58,15;54,12;47,09;38,92;44,03;50,27;48,14;41,92;40,84;55,15;56,02;42,84;42,66;40,98;47,96;47,26;36,39;42,67;44,83;41,23;39,28;58,57;47,89;41,39;40,83;41,07;40,93;36,55;31,37;38,84;38,84;38,02;35,14;34,08;40,51;41,26;45,5;35,29;46,7;38,51;29,51;41,83;30,11;32,45;32,99;36,88;28,38;26,97;28,86;24,76;27,05;27,41;20,53;19,54;24,86;19,96;15,89;23,97;19,43;20,21;15,92;6,6;;;;
06/02/2024;17,49;20,62;18,46;20,65;19,01;18,4;25,12;18,28;20,85;17,57;20,65;21,89;21,61;16,47;19,36;17,23;15,96;16,8;20,66;17,43;15,29;21,54;19,2;17,56;23,59;22,13;25,13;31,24;32,05;43,42;48,15;38,37;51,4;46,8;40,66;40,58;42,69;50,28;39,63;54,81;42,51;53,27;47,46;50,94;48,92;46,19;38,91;38,65;42,8;42,31;43,82;35,88;46,61;43,33;45,92;36,98;41,63;33,21;36,21;41,61;41,36;28,03;36,52;35,18;33,19;36,07;30,16;42,62;35,57;36,32;34,59;44,08;40,61;43,47;38,29;32,73;30,91;39,12;32,76;36,31;30,66;30,41;34,31;30,57;27,16;24,4;24,25;23,26;20,96;16,54;22,33;20,0;16,73;20,29;19,56;6,0;;;;
07/02/2024;24,05;18,3;23,77;18,02;19,71;18,86;23,34;18,33;18,36;23,61;21,13;18,32;20,8;22,35;15,53;15,2;18,75;19,06;20,58;18,98;17,39;19,39;17,44;21,58;19,46;22,08;24,87;27,17;25,78;38,35;44,0;47,69;55,84;42,59;36,15;53,74;54,35;46,91;53,59;41,15;44,84;49,13;42,65;52,2;38,01;50,08;45,13;45,87;45,19;49,42;31,84;42,4;40,58;39,22;48,71;36,5;45,31;41,26;34,3;38,54;37,49;36,33;39,56;28,72;33,33;33,51;43,06;40,45;43,72;46,63;36,75;39,14;41,56;39,9;44,89;38,87;41,4;31,3;30,39;35,68;38,41;29,74;30,67;26,5;25,9;27,55;22,68;27,88;26,62;19,2;22,64;23,41;20,71;18,24;22,69;7,5;;;;
08/02/2024;22,48;23,91;20,35;20,66;17,38;22,39;18,86;23,97;23,43;21,8;20,2;21,27;18,41;20,83;17,85;19,58;20,0;17,72;20,06;20,4;17,66;22,46;16,16;21,26;18,85;22,1;29,09;26,49;23,38;35,95;52,32;42,25;53,54;46,98;35,1;44,8;52,09;39,41;54,43;44,55;41,37;42,37;41,49;48,72;42,78;49,34;46,91;47,11;42,97;44,06;35,13;48,46;38,65;38,3;37,29;47,71;41,44;41,48;30,93;28,3;31,28;34,37;38,19;27,84;34,13;28,87;41,14;34,27;44,06;45,1;37,06;47,71;37,94;39,25;41,36;39,52;35,2;38,61;38,48;31,3;36,34;38,45;33,55;24,16;23,06;26,73;21,24;24,26;21,41;23,02;22,8;24,09;23,54;18,91;20,05;6,3;;;;
09/02/2024;17,33;18,02;21,8;17,65;22,37;24,23;23,14;20,97;17,72;22,6;19,9;21,12;24,03;22,29;19,26;20,14;16,64;18,4;15,65;17,63;15,93;18,93;16,23;18,86;28,33;18,17;19,9;22,49;37,23;42,48;37,57;40,18;47,91;45,86;52,25;49,98;36,66;37,14;47,09;44,56;42,45;52,48;42,42;43,81;52,18;45,34;38,22;43,61;44,93;42,02;43,4;43,88;48,53;52,41;47,84;43,05;49,64;35,6;37,08;41,13;38,62;47,78;45,1;45,87;44,82;35,09;38,24;31,58;46,67;43,36;46,2;41,18;39,41;33,55;33,4;45,23;31,14;31,49;35,43;37,34;33,57;25,85;33,8;32,69;23,37;18,98;19,13;24,0;20,14;22,7;23,06;20,26;15,75;17,02;16,77;6,0;;;;
10/02/2024;16,65;17,56;19,15;15,98;18,88;22,57;17,46;21,93;17,41;18,82;20,07;22,67;19,95;21,73;20,44;15,3;15,16;20,04;15,48;15,2;17,62;16,29;14,81;14,82;18,17;20,5;22,41;26,09;31,16;39,86;36,98;50,4;57,8;52,62;56,31;36,97;40,0;39,86;52,07;48,5;50,27;48,57;54,68;54,12;54,47;57,15;51,12;51,83;56,7;56,51;53,05;44,53;42,22;46,32;40,84;51,76;54,95;41,88;26,31;30,84;35,59;31,46;34,57;37,91;37,23;36,73;38,84;38,26;34,87;45,93;36,55;38,54;39,01;36,73;34,52;32,39;37,66;28,86;31,91;34,64;34,66;28,8;27,79;29,05;30,0;24,56;21,19;27,1;22,2;24,51;23,02;19,88;22,93;22,23;21,86;6,6;;;;
11/02/2024;27,09;21,84;21,84;23,48;23,96;22,16;24,29;19,67;23,69;21,24;24,84;22,89;21,78;24,93;21,1;18,25;16,63;21,75;20,38;17,89;21,86;20,82;24,43;19,17;21,17;23,82;28,05;24,83;28,12;34,83;50,46;39,96;46,54;48,79;51,13;37,3;40,76;49,48;47,1;43,55;36,2;50,31;54,92;42,83;49,56;48,37;40,3;57,13;49,46;36,94;48,3;37,79;43,83;45,68;35,75;45,38;39,79;27,61;30,27;28,74;31,08;33,54;26,76;36,39;28,9;37,75;37,45;38,92;34,99;35,92;36,93;37,41;34,43;34,65;36,63;31,94;33,44;31,48;29,79;28,58;34,17;32,7;30,39;23,7;20,95;22,21;24,28;19,25;21,93;24,11;15,28;20,86;20,2;16,58;17,28;6,3;;;;
12/02/2024;25,14;21,45;19,5;22,71;17,91;15,3;18,76;21,43;17,18;19,04;21,72;18,58;19,71;19,87;15,5;14,16;15,47;13,25;19,9;15,67;18,6;17,67;18,27;19,39;19,49;22,73;23,02;29,75;31,19;33,33;45,14;53,3;53,4;51,18;49,55;40,02;50,08;35,8;47,39;41,0;36,14;37,67;39,78;51,29;51,39;39,2;50,06;49,72;53,0;30,8;42,75;34,51;39,08;45,99;52,21;52,73;35,54;56,58;43,61;54,9;32,59;34,92;36,35;37,03;46,78;36,24;40,43;43,81;46,63;36,78;39,23;47,81;35,86;30,65;39,54;35,59;32,27;39,79;35,72;34,31;28,65;27,99;22,96;27,08;23,44;25,13;22,67;20,89;22,19;21,82;20,04;18,57;16,29;19,14;19,68;6,0;;;;
13/02/2024;17,91;24,62;19,13;17,74;20,9;23,04;21,59;18,06;22,5;23,26;21,87;18,79;20,66;22,14;19,48;19,35;17,89;17,75;17,27;21,97;19,25;22,61;16,44;23,06;19,44;23,03;24,23;26,97;31,38;34,79;36,17;43,64;48,39;38,1;49,89;44,55;45,87;56,63;47,15;40,52;45,18;42,55;49,42;45,81;56,34;48,94;40,42;46,23;34,01;42,38;44,36;33,77;38,53;45,82;51,64;48,49;34,38;42,96;43,65;38,85;29,63;27,0;29,7;38,01;32,89;30,05;35,86;39,7;44,76;40,57;33,7;37,54;45,54;29,25;30,25;39,53;34,79;30,61;35,04;27,49;28,34;29,45;27,62;29,64;27,83;25,22;19,61;22,77;20,66;19,8;24,15;18,68;23,62;19,18;17,52;6,9;;;;
14/02/2024;23,94;25,15;24,26;20,6;20,75;24,35;21,35;19,53;23,72;20,26;20,54;19,64;20,96;16,6;21,37;19,14;24,14;19,51;22,8;22,45;18,97;25,95;22,97;21,62;25,0;22,02;20,31;27,55;25,89;33,38;50,52;40,52;44,56;44,78;40,97;41,55;40,2;42,02;40,14;41,31;35,48;42,25;41,89;47,23;49,45;34,35;39,74;50,7;55,52;40,6;40,32;28,66;41,83;43,09;35,3;48,11;53,66;38,18;33,69;32,71;34,25;29,58;36,46;26,64;38,57;34,91;30,66;33,19;34,29;32,26;37,46;35,86;36,77;38,49;35,6;42,47;33,94;37,09;38,79;35,07;27,02;22,64;26,54;20,68;23,56;23,11;20,5;24,23;26,19;24,64;18,24;24,65;20,8;18,29;22,74;6,9;;;;
15/02/2024;20,74;28,27;25,87;21,98;19,69;20,95;22,49;20,99;23,83;18,04;21,08;20,24;21,22;24,87;18,58;20,81;22,05;19,16;20,85;15,81;21,63;23,47;22,72;21,11;20,66;25,56;24,99;30,07;27,22;41,48;40,79;40,52;49,1;39,44;51,78;43,37;44,08;40,52;47,85;36,0;41,92;36,78;36,97;48,37;54,41;51,91;39,14;47,87;50,32;38,04;49,95;40,82;49,27;51,91;51,04;50,26;45,5;35,15;38,68;33,0;31,91;36,34;38,13;39,53;33,72;42,65;46,48;44,48;43,89;41,35;39,57;38,64;42,2;33,6;32,57;41,1;30,43;42,36;30,02;37,86;38,76;32,17;26,89;24,98;27,47;18,8;21,83;18,65;22,03;21,19;20,99;16,71;17,17;16,13;17,06;6,0;;;;
16/02/2024;22,73;18,21;19,89;18,85;21,09;18,42;20,2;20,27;23,25;18,22;19,06;23,05;17,37;20,27;14,7;19,18;16,85;19,54;14,7;15,35;19,68;15,83;21,3;17,88;19,24;28,4;20,99;23,93;26,02;33,09;32,39;42,77;42,33;45,71;53,2;44,75;38,1;39,23;48,58;46,57;48,32;39,6;40,84;46,51;50,37;42,38;54,12;46,87;49,3;47,22;42,77;45,93;42,19;44,78;53,09;41,12;53,56;46,47;49,63;40,05;36,68;52,75;37,27;32,82;41,15;39,83;43,91;38,91;42,67;50,51;44,28;39,28;41,07;32,98;44,08;38,63;37,54;42,22;39,47;32,46;29,74;27,5;29,96;21,34;24,21;24,82;22,08;23,75;19,13;20,87;21,27;20,05;21,8;18,91;18,39;6,3;;;;
17/02/2024;19,87;21,53;19,6;21,33;23,65;22,56;16,63;18,07;20,84;22,02;21,35;17,19;22,52;21,37;20,64;18,03;19,32;21,38;19,87;17,3;21,84;22,4;16,41;18,13;25,68;30,11;27,24;27,96;29,35;38,05;39,42;51,15;44,44;56,99;46,04;52,57;53,0;54,68;62,78;54,56;48,82;43,14;60,87;48,81;51,3;48,4;46,54;46,83;54,68;51,09;36,08;45,02;41,19;49,25;38,9;43,11;43,5;29,64;31,28;34,01;33,86;35,51;38,48;36,01;40,16;33,07;30,04;40,84;42,84;39,0;40,93;47,58;53,24;42,14;35,91;34,74;37,56;37,59;31,07;33,84;33,45;29,51;27,33;28,01;22,62;25,8;24,17;20,85;21,35;20,96;20,3;19,11;14,55;15,47;15,32;6,6;;;;
18/02/2024;20,14;20,92;20,42;24,95;19,38;19,21;24,51;21,32;17,28;19,24;19,67;22,59;19,58;19,4;16,74;15,34;17,57;14,72;19,52;17,49;16,19;15,45;16,93;20,18;23,76;25,08;23,32;27,77;30,27;40,82;48,49;46,52;48,64;43,04;51,86;57,56;53,1;40,56;49,18;39,01;39,05;43,99;49,41;52,73;45,02;39,35;50,77;44,7;55,1;60,8;44,23;48,58;56,12;51,52;49,58;52,58;37,68;28,54;45,05;40,47;30,86;32,42;40,02;45,23;37,52;36,05;42,2;34,84;36,61;51,94;47,21;41,38;43,14;31,76;42,23;39,89;45,18;38,14;37,57;34,33;32,03;30,15;27,08;27,52;28,9;23,64;24,57;24,28;22,47;23,58;19,3;17,79;16,48;22,47;16,13;6,3;;;;
19/02/2024;24,11;18,07;21,18;19,6;22,77;19,38;18,99;17,82;22,51;20,79;22,87;20,4;17,15;22,91;20,25;21,16;16,17;20,65;17,57;20,28;19,2;20,8;17,19;18,49;27,35;22,82;32,56;32,56;29,19;31,07;47,85;41,92;54,76;51,87;58,25;48,67;56,78;44,88;42,28;46,06;40,56;46,34;45,67;46,79;45,49;54,73;52,21;46,55;40,54;42,16;57,76;44,84;44,18;46,26;53,24;44,65;50,74;45,32;39,03;40,1;34,82;37,39;30,32;33,1;43,95;42,57;40,87;42,03;42,31;38,1;40,92;49,75;47,18;39,65;33,14;36,15;40,36;32,63;30,29;34,14;32,82;25,23;25,0;31,27;22,8;26,31;21,93;23,61;24,71;20,25;17,71;17,0;21,91;18,54;17,78;6,6;;;;
20/02/2024;24,63;19,81;20,96;22,29;22,63;20,5;19,77;25,87;17,65;22,61;21,83;20,25;18,95;19,61;16,27;21,57;18,38;19,0;17,39;18,05;17,89;17,53;15,69;17,71;20,55;21,01;25,57;29,25;33,51;51,44;43,71;46,17;37,86;41,45;42,28;50,13;39,77;52,93;34,41;38,77;38,9;42,22;36,2;40,39;52,23;47,91;35,21;48,17;37,18;41,75;41,2;31,45;44,61;48,82;42,04;38,78;47,94;37,12;36,83;33,66;34,43;39,87;31,72;37,96;34,79;34,09;34,26;39,26;41,97;44,16;45,84;44,29;38,41;36,33;30,74;32,55;41,65;31,02;37,14;34,92;31,41;21,1;21,02;26,05;26,37;24,25;20,08;22,88;18,64;23,57;19,53;18,53;17,07;20,84;17,67;6,6;;;;
21/02/2024;20,42;19,63;18,57;24,23;19,38;19,23;21,95;20,02;17,48;19,24;22,49;21,18;19,81;22,86;15,82;18,08;19,62;20,04;19,9;15,85;17,93;16,54;20,34;19,43;22,08;22,55;25,44;27,36;24,27;50,25;40,28;41,38;36,08;43,14;42,36;43,71;35,51;35,65;53,45;50,13;52,33;32,62;40,24;39,56;49,82;35,62;50,29;48,62;45,32;48,4;44,66;50,91;49,41;50,87;42,7;45,02;41,78;46,85;34,98;38,1;27,83;39,38;28,0;35,37;31,52;37,06;30,83;37,96;33,16;31,03;34,79;41,32;38,4;37,28;49,29;44,94;40,35;42,78;37,07;33,43;27,66;25,86;26,04;23,84;25,34;22,0;23,01;19,61;19,74;20,23;23,04;16,67;19,12;18,84;22,01;6,0;;;;
22/02/2024;20,13;23,03;19,99;22,55;17,7;23,64;17,34;22,2;17,5;22,48;22,93;23,19;21,27;17,54;20,4;19,39;17,73;20,82;18,99;19,12;19,19;18,14;20,38;16,97;23,99;28,58;21,33;25,39;29,03;26,27;38,77;51,0;48,57;43,82;52,9;43,35;35,87;51,22;36,95;33,99;40,28;40,96;50,45;47,94;43,91;43,74;42,93;53,03;49,04;48,99;44,65;46,08;41,73;39,35;43,49;31,57;31,74;40,33;29,29;37,57;35,7;32,82;35,12;37,7;30,36;39,1;37,78;41,63;42,4;35,39;43,52;49,96;46,69;37,25;33,06;42,22;33,76;31,69;36,63;30,24;30,08;33,37;32,73;24,2;26,77;24,82;26,8;26,21;19,97;19,9;22,6;22,19;17,77;22,35;16,52;6,6;;;;
23/02/2024;23,87;21,82;23,4;19,42;20,19;20,87;17,61;24,05;23,13;22,78;22,36;23,58;21,04;16,72;20,68;19,04;17,47;15,29;15,89;16,97;20,76;20,01;18,59;21,1;24,6;26,28;23,72;26,8;24,12;34,17;43,99;52,7;43,59;45,3;40,55;43,48;37,5;33,94;53,04;52,16;38,65;36,79;41,33;44,12;36,89;49,72;32,16;39,98;43,35;46,96;48,62;46,55;48,16;43,06;44,05;29,94;39,38;38,26;30,87;37,45;38,78;33,6;33,36;28,69;30,5;36,79;34,67;37,14;30,42;42,45;40,99;42,12;46,85;39,47;29,82;39,79;45,57;41,67;32,26;35,76;31,35;31,06;29,18;28,51;26,56;19,19;23,3;26,67;17,25;21,53;21,79;17,24;18,82;20,84;16,8;6,3;;;;
24/02/2024;19,56;18,43;17,92;17,99;16,2;16,87;21,04;19,23;19,85;16,56;23,41;19,49;18,67;22,44;20,62;13,85;16,65;16,81;13,84;17,62;15,27;16,95;19,29;15,99;23,37;26,31;26,07;24,44;27,6;33,63;39,17;45,61;46,73;38,65;34,6;41,18;48,55;48,53;48,16;41,82;48,12;36,85;34,83;45,45;46,53;39,9;39,48;39,19;46,1;48,51;50,01;52,08;46,32;46,01;38,39;36,24;39,04;37,43;40,89;36,33;34,48;34,13;29,45;35,48;33,74;37,99;40,88;34,49;41,53;42,6;34,2;36,13;41,66;38,39;38,54;39,18;33,78;40,72;39,0;29,43;28,22;28,68;28,5;27,34;22,17;22,27;20,23;21,28;19,13;24,53;17,58;21,45;16,33;20,32;17,12;6,0;;;;
25/02/2024;18,76;22,88;21,52;22,02;21,32;16,55;17,38;15,52;20,09;16,97;17,83;15,92;20,67;16,2;14,18;16,41;19,91;17,25;16,95;18,5;14,83;18,18;14,67;19,55;25,49;27,76;25,59;27,81;29,75;36,32;32,47;50,67;41,61;44,3;50,46;35,13;37,53;40,21;50,12;39,19;33,38;39,26;57,68;45,32;45,87;42,89;36,62;45,42;52,65;48,29;45,52;51,49;40,11;45,69;40,3;34,03;44,38;29,46;33,31;36,42;26,65;37,81;36,71;29,13;38,62;29,53;38,9;34,93;32,28;35,47;38,77;46,36;41,7;31,41;40,52;37,83;36,73;43,29;38,62;40,6;31,57;34,46;23,75;29,14;25,79;21,78;19,71;24,02;19,89;20,66;18,83;21,56;20,42;19,95;15,76;6,6;;;;
26/02/2024;25,18;17,55;20,51;17,9;19,4;23,44;18,55;18,56;18,11;24,39;19,5;24,18;19,51;22,41;17,76;20,74;17,65;18,16;18,13;19,9;18,04;19,06;18,64;23,99;26,21;25,52;24,08;24,51;28,37;42,98;45,04;39,97;39,51;38,61;46,41;44,71;40,05;39,04;39,09;39,33;36,64;43,79;43,64;49,11;43,4;38,87;51,06;52,6;39,42;38,36;46,68;54,91;44,35;34,85;38,75;46,66;34,47;47,0;33,66;27,67;31,04;31,03;37,89;35,6;29,75;34,9;38,48;39,4;39,31;39,1;42,77;40,53;43,89;38,26;36,26;44,9;34,58;37,41;33,44;30,92;26,63;25,73;27,53;24,57;27,19;19,29;21,92;20,14;19,11;22,53;19,95;16,77;18,49;19,78;17,35;6,0;;;;
27/02/2024;16,54;17,62;17,23;22,48;21,54;21,8;21,25;20,61;18,04;19,63;21,49;17,19;20,64;18,61;14,54;15,59;15,82;15,33;15,25;14,32;19,85;15,8;17,99;15,17;22,98;27,14;22,23;27,07;38,83;35,42;30,79;44,65;48,23;39,4;49,8;45,31;41,08;37,97;41,93;35,91;38,8;33,59;39,34;37,21;49,95;47,19;47,9;45,88;38,31;42,34;36,93;35,34;42,8;33,01;41,75;44,09;49,34;37,22;40,79;30,92;28,25;32,54;28,0;32,27;33,19;26,56;27,84;33,98;33,27;37,01;37,09;37,03;40,44;35,35;37,68;34,68;33,6;39,49;34,94;33,19;36,52;29,09;23,49;31,69;27,44;26,12;25,91;19,67;21,12;19,52;20,65;17,37;16,61;17,61;17,47;6,0;;;;
28/02/2024;21,36;23,01;19,45;17,04;17,23;18,02;23,13;19,87;18,97;23,01;21,72;19,56;18,84;17,66;18,19;19,8;17,6;17,98;14,67;18,04;16,2;14,98;15,15;21,5;22,81;23,46;18,84;28,42;24,79;30,19;42,69;43,0;40,46;33,77;42,06;40,42;39,41;40,21;38,93;39,65;35,34;32,55;33,1;38,48;37,5;38,01;50,81;34,08;51,37;39,41;42,23;32,56;30,76;40,11;34,6;38,69;42,14;33,32;33,99;30,14;28,8;26,04;32,24;36,14;34,21;32,27;27,91;32,1;35,53;34,48;28,13;39,16;32,95;27,48;31,58;36,22;33,84;32,86;35,79;30,99;41,7;36,29;24,7;24,31;19,43;18,85;19,3;23,27;23,97;19,33;16,9;20,35;16,97;20,84;14,51;6,0;;;;
01/03/2024;23,69;20,77;17,46;18,59;18,69;21,46;17,96;19,02;20,78;21,44;21,47;17,6;18,35;18,97;17,43;17,94;14,29;14,6;16,31;19,03;15,0;21,92;20,29;22,54;23,94;25,55;26,71;26,73;25,94;43,99;37,31;43,94;44,89;37,15;47,31;50,25;42,33;46,79;43,0;44,88;41,79;41,13;44,66;48,13;45,13;42,8;35,07;49,0;44,03;46,03;47,01;42,21;49,91;52,74;35,76;34,06;34,46;30,97;53,29;37,38;33,08;29,01;34,32;33,6;36,25;36,11;31,16;37,97;36,23;40,6;42,91;44,9;33,56;40,63;28,9;37,14;34,8;35,01;33,13;38,14;28,76;27,4;26,2;24,1;24,87;22,8;20,77;21,21;24,42;18,61;18,66;19,29;17,69;19,3;14,4;5,7;;;;
02/03/2024;20,57;17,51;19,22;16,6;17,67;20,22;22,84;19,72;19,96;19,89;16,44;22,61;18,53;16,92;13,84;19,38;18,5;15,24;15,97;18,52;15,51;18,59;18,43;18,31;28,8;24,81;24,32;29,35;25,68;40,21;39,56;47,55;52,93;52,17;47,87;40,39;42,98;33,89;39,92;47,35;35,52;37,81;39,36;45,28;56,9;55,21;45,89;49,31;53,8;49,19;49,85;54,99;50,83;38,82;38,69;41,01;36,75;48,27;44,77;37,97;35,22;35,98;33,52;37,7;34,96;32,38;36,33;34,78;38,41;43,23;38,81;33,95;43,77;33,77;33,26;39,46;39,05;40,91;32,37;39,94;29,46;26,12;24,89;27,55;26,23;27,14;17,59;19,81;19,7;23,04;18,76;21,04;17,79;19,07;15,92;6,0;;;;
03/03/2024;18,44;18,39;17,38;17,22;19,71;19,61;16,93;19,21;22,86;20,55;15,8;16,04;21,29;19,81;15,17;14,38;20,99;15,79;15,39;14,91;15,15;17,66;19,48;21,29;24,49;23,2;29,66;24,84;27,27;34,46;43,24;44,17;50,44;49,73;50,07;40,61;43,38;41,59;50,61;37,56;41,41;47,81;39,61;45,7;42,98;42,12;40,73;49,54;44,78;43,52;45,57;36,54;35,71;44,68;48,96;42,55;45,01;34,87;36,54;40,38;39,99;45,99;40,54;39,65;33,57;37,62;39,03;33,42;35,52;38,99;37,25;37,85;40,24;30,91;42,58;34,78;31,87;37,24;31,25;39,67;34,61;25,71;24,68;28,87;25,86;20,89;25,01;26,51;19,3;24,97;19,32;18,94;18,43;15,95;18,66;6,9;;;;
04/03/2024;20,69;22,51;23,36;26,19;17,37;25,11;24,88;19,85;22,77;20,12;20,69;22,0;23,24;21,62;22,0;22,91;19,27;20,36;18,66;15,88;16,96;21,04;18,47;23,43;23,67;24,06;24,59;30,15;25,09;36,4;40,34;45,51;38,94;40,15;40,56;37,22;37,53;44,23;42,98;40,5;36,18;40,81;46,23;40,77;43,08;44,71;40,48;51,52;41,21;47,12;39,65;40,52;38,93;43,49;43,53;47,02;45,7;36,08;33,84;30,46;29,68;27,43;31,57;35,52;35,41;30,59;33,98;35,32;38,78;41,17;43,56;41,82;49,87;34,71;39,83;36,43;35,58;37,16;33,78;35,3;33,98;34,3;26,25;28,11;23,39;23,69;20,15;22,88;18,55;20,82;20,83;21,1;17,87;18,12;19,36;6,3;;;;
05/03/2024;18,26;17,68;20,03;17,6;19,32;22,92;16,93;20,58;24,0;20,82;17,46;21,37;19,68;22,05;18,86;17,75;20,18;17,86;18,49;16,03;20,62;17,6;13,79;19,2;22,97;25,7;25,48;22,51;30,86;49,84;39,95;37,51;40,06;42,75;44,46;37,81;31,16;40,07;41,52;34,53;42,27;37,9;35,74;38,09;42,76;42,24;32,44;47,89;54,32;49,26;36,75;41,6;40,43;38,77;47,79;35,27;44,48;42,09;32,01;28,02;35,53;31,76;38,83;31,52;33,28;37,85;31,95;38,94;42,95;35,72;41,93;42,82;45,34;34,34;41,84;41,43;33,84;36,78;38,6;35,76;29,8;27,7;24,93;26,09;19,99;24,37;22,89;19,77;24,06;22,93;19,84;17,59;17,97;19,87;18,44;6,0;;;;
06/03/2024;22,22;21,04;20,12;18,45;21,35;22,67;20,4;21,07;21,31;23,03;16,85;17,4;20,77;21,59;19,2;14,85;17,25;17,87;20,6;15,14;18,25;18,06;16,37;19,16;19,74;24,59;21,46;28,47;32,0;33,03;41,65;45,58;43,6;40,91;36,26;31,16;34,64;46,96;41,59;35,32;36,98;38,18;47,11;39,57;51,61;45,52;53,48;38,47;38,63;37,47;30,25;38,4;39,82;48,47;47,97;40,94;34,97;40,11;49,93;38,55;38,52;35,07;45,51;33,81;34,68;27,43;39,73;38,16;38,91;44,26;40,74;34,39;36,08;29,0;44,25;46,61;46,77;42,69;34,87;30,27;33,0;35,61;25,51;24,05;19,99;25,35;19,12;24,09;22,61;25,06;23,19;21,5;21,45;21,68;20,1;6,0;;;;
07/03/2024;25,01;21,53;18,06;17,94;22,47;17,75;21,74;17,36;21,83;21,59;18,4;20,39;20,63;16,58;20,21;19,78;15,14;16,11;15,52;17,83;18,2;20,86;19,85;18,69;23,32;26,38;23,86;26,86;34,64;38,81;42,38;41,17;45,46;39,05;47,04;50,33;35,84;35,34;44,03;36,7;47,19;39,22;38,08;40,4;50,48;40,35;40,33;42,64;49,27;39,9;48,08;43,66;40,3;46,91;39,73;48,65;42,2;36,2;32,47;29,6;29,8;30,12;27,0;33,83;28,78;27,82;28,95;36,91;34,96;45,02;31,76;37,74;30,98;37,79;37,35;44,94;36,82;41,62;34,45;39,16;24,09;29,4;26,16;22,96;23,13;22,99;21,58;21,99;22,27;20,8;20,84;18,97;20,97;15,98;18,75;6,0;;;;
08/03/2024;17,68;18,82;21,37;19,21;17,93;16,63;15,92;19,98;16,93;20,61;22,52;19,19;21,3;18,54;15,19;15,25;17,47;18,23;15,2;16,45;17,88;19,83;17,9;17,16;17,53;26,22;20,13;23,05;26,58;45,99;52,96;50,53;42,44;41,84;39,34;40,34;30,81;33,35;39,37;40,95;46,66;35,13;42,52;41,73;45,24;53,55;42,65;47,28;56,3;45,93;42,56;43,94;48,28;48,86;49,65;40,4;38,82;30,56;34,36;37,86;32,96;37,2;35,75;34,94;42,29;30,88;31,0;38,45;39,92;38,24;41,46;34,2;31,81;36,65;42,74;39,71;43,25;39,06;40,6;38,64;34,15;28,92;22,74;22,56;24,77;23,86;21,46;22,47;23,64;19,59;24,69;19,19;22,14;16,67;24,0;6,6;;;;
09/03/2024;23,9;23,48;24,89;22,94;20,95;18,68;22,74;19,39;20,3;20,61;19,54;26,07;18,89;18,75;18,8;18,31;20,02;20,25;16,75;15,49;21,59;20,48;21,3;19,03;23,85;21,53;20,4;22,99;26,47;37,76;44,07;37,08;49,72;37,33;41,74;38,61;38,26;42,7;43,0;38,89;36,2;33,62;48,68;43,46;59,9;42,87;49,86;50,42;37,99;47,6;44,53;44,1;34,51;35,76;44,46;42,08;47,27;38,13;37,81;44,35;38,16;44,43;44,85;35,27;40,53;31,53;40,57;38,18;44,68;38,22;40,22;37,64;40,83;40,16;45,56;43,86;38,5;37,15;42,19;38,93;26,62;24,18;25,28;32,42;30,4;23,43;23,11;21,62;25,51;18,02;16,67;20,86;20,07;18,85;17,48;6,0;;;;
10/03/2024;23,52;23,33;18,44;20,91;17,89;21,95;19,24;23,37;20,75;16,79;19,5;23,11;21,34;18,06;15,35;19,1;18,73;17,89;17,86;22,78;16,95;20,24;15,61;19,5;18,54;18,28;26,98;22,3;27,1;40,85;41,51;38,25;54,61;41,11;45,76;38,08;36,81;45,18;44,11;34,14;48,65;37,92;52,4;44,07;48,63;48,57;44,15;58,69;50,04;38,58;38,29;43,82;53,93;47,47;43,21;40,68;45,92;36,25;30,79;38,06;32,1;27,07;30,79;31,47;34,82;29,55;39,35;42,86;43,42;45,37;41,63;43,6;38,33;30,78;41,29;34,84;41,46;30,21;37,84;36,24;38,91;25,74;28,6;27,76;23,51;21,38;20,87;22,27;19,98;26,19;16,74;21,45;19,67;17,16;16,64;6,6;;;;
11/03/2024;18,71;18,39;19,56;17,33;18,81;17,5;21,31;23,95;22,41;22,91;22,91;22,49;19,09;18,03;18,93;20,25;15,17;18,39;18,29;21,21;20,41;19,36;21,88;16,86;25,22;20,31;22,65;22,54;26,22;39,96;45,85;51,92;48,0;49,35;49,36;49,18;42,24;52,72;44,92;41,34;43,84;51,51;46,45;50,6;41,28;47,41;46,6;49,16;58,56;59,6;37,68;37,71;48,42;52,27;46,59;34,21;46,66;32,47;38,96;40,87;34,61;39,45;35,0;38,53;36,64;40,29;38,13;34,43;43,24;35,1;41,17;45,39;39,81;35,45;42,98;39,09;36,38;40,86;31,44;30,78;28,27;31,47;29,51;32,81;23,33;26,19;19,82;21,4;20,13;21,35;20,2;16,94;19,43;17,01;19,8;6,6;;;;
12/03/2024;20,54;20,86;16,57;19,17;16,87;20,62;22,76;24,13;19,39;21,03;17,48;19,03;23,49;19,23;19,44;15,05;15,22;16,25;19,04;16,08;20,05;16,54;16,79;20,92;24,74;24,52;21,11;24,77;28,19;35,27;43,68;38,95;46,63;47,9;37,44;49,21;38,35;43,66;55,87;54,27;46,17;41,17;43,7;40,96;48,54;50,66;46,2;45,75;44,26;48,03;42,38;43,49;47,44;49,17;50,46;46,31;42,48;33,65;29,98;32,72;34,54;34,06;31,72;31,05;38,19;37,17;35,73;36,55;35,21;35,62;42,04;40,73;36,93;28,78;40,97;38,31;32,93;42,71;40,85;40,06;36,36;22,76;30,3;26,0;19,61;22,67;21,62;26,25;19,42;19,09;21,32;22,56;20,99;18,95;20,97;6,9;;;;
13/03/2024;21,62;19,2;18,3;23,97;17,21;18,15;20,32;21,39;22,36;19,65;20,48;21,33;22,59;19,91;17,85;18,76;19,32;17,55;15,97;17,9;16,29;20,36;16,22;18,32;19,46;21,55;21,08;29,02;28,37;30,74;33,44;43,84;39,5;32,35;41,52;39,3;43,35;50,75;36,21;38,39;44,79;45,14;31,86;37,94;34,88;42,57;46,35;39,26;47,17;34,35;32,22;35,4;38,28;38,09;45,18;41,21;34,56;32,12;30,03;29,33;33,83;27,36;27,05;36,23;27,29;29,17;28,93;37,08;33,54;39,83;29,26;34,59;35,19;30,98;35,78;33,63;34,51;37,25;29,42;40,95;37,41;25,28;27,34;22,73;20,06;22,96;24,59;19,76;19,15;25,04;17,24;19,27;17,26;20,35;18,49;6,0;;;;
14/03/2024;20,69;25,95;19,06;18,99;19,43;17,67;18,02;18,24;18,52;20,89;17,25;19,87;22,63;17,8;17,3;14,5;16,06;18,78;17,65;17,47;15,41;15,03;17,28;21,78;20,35;21,37;21,28;24,1;24,43;40,39;39,33;43,01;43,33;39,9;43,39;36,81;46,99;51,23;38,58;37,78;40,86;34,87;40,03;35,18;48,84;38,92;43,48;38,72;35,22;41,78;35,08;40,63;43,36;49,25;46,38;33,49;33,02;35,49;33,54;32,26;28,89;30,08;32,11;30,28;29,57;29,51;34,66;30,45;32,12;30,59;35,61;33,31;27,77;37,4;34,59;37,21;31,6;32,96;38,36;34,98;29,34;30,93;24,81;27,05;27,16;21,67;20,09;23,73;22,77;23,95;22,94;21,25;21,27;18,08;20,61;6,0;;;;
15/03/2024;23,0;18,81;20,03;24,44;18,52;23,38;17,06;24,32;22,71;20,33;21,36;17,98;23,15;21,77;16,35;20,52;17,74;17,88;16,4;20,86;17,5;17,98;22,01;25,18;22,14;28,87;24,74;27,85;26,79;52,0;52,59;45,24;37,84;37,15;48,69;36,31;42,77;44,94;33,39;49,68;42,74;46,0;46,24;50,81;55,55;51,03;32,92;45,72;44,3;43,08;41,03;44,19;41,39;41,02;38,27;30,79;31,19;33,06;29,02;38,92;37,05;27,74;34,54;37,9;37,12;29,71;26,45;33,29;34,88;42,55;40,48;33,4;37,27;30,34;33,73;32,65;42,63;36,24;37,54;40,34;30,12;37,19;31,27;29,55;33,19;26,46;25,84;24,57;24,43;20,66;22,03;23,13;21,34;18,59;18,87;6,9;;;;
16/03/2024;21,91;24,78;21,49;19,54;21,67;22,85;21,38;17,64;21,68;31,81;31,13;20,33;22,37;22,01;23,0;17,23;21,52;19,75;18,69;16,27;17,45;22,78;19,39;18,75;23,65;20,2;22,9;22,58;24,44;40,83;34,17;42,8;48,31;48,11;47,5;40,64;47,46;40,46;36,07;47,05;32,36;36,62;43,87;45,33;37,45;49,78;36,72;50,54;38,61;54,68;60,14;48,21;36,38;44,71;43,32;50,07;43,67;35,52;36,07;39,03;30,54;35,54;33,39;30,19;28,71;32,95;35,16;38,16;30,3;26,57;31,98;37,52;31,21;32,46;44,5;36,68;40,75;36,09;39,45;41,6;36,66;27,02;24,78;27,33;25,48;25,0;18,59;22,51;22,01;20,92;23,87;21,66;15,2;20,91;20,0;6,0;;;;
17/03/2024;24,09;17,96;20,85;22,62;21,2;19,51;23,07;21,68;18,57;17,94;17,3;22,93;18,54;20,68;16,79;19,33;18,59;19,52;16,54;18,34;19,71;18,68;17,62;16,4;20,33;25,93;22,83;24,59;27,83;38,29;45,54;34,94;50,43;40,63;48,26;47,22;37,61;45,87;42,12;47,79;34,08;41,89;42,73;48,75;42,85;44,93;48,34;39,38;58,62;51,12;39,14;48,06;50,14;54,26;46,67;43,77;41,32;36,69;35,6;34,85;37,35;37,74;33,48;35,97;34,17;32,54;32,17;32,63;29,98;41,71;29,87;34,84;33,85;33,5;41,73;36,21;36,43;36,17;36,43;28,4;32,33;24,47;30,68;27,89;21,91;22,45;22,53;18,84;21,89;22,06;16,6;16,86;18,39;16,14;14,65;5,7;;;;
18/03/2024;19,29;21,34;20,23;16,25;19,0;16,67;17,79;18,3;20,65;21,48;18,14;21,81;20,89;19,34;15,37;18,45;18,58;17,69;17,97;15,35;17,98;16,01;16,6;15,51;20,25;23,53;18,48;26,09;25,94;38,37;43,64;40,65;47,01;46,97;41,8;48,41;42,24;43,65;37,45;45,28;35,45;41,8;34,99;44,65;44,22;39,17;54,09;53,37;50,8;51,66;39,55;44,99;46,01;52,9;48,06;42,16;47,8;45,17;33,2;30,9;30,68;29,0;33,98;38,57;35,27;36,93;36,6;39,93;38,58;34,07;35,6;35,59;39,11;30,39;31,37;36,13;32,11;36,05;36,57;33,77;36,16;27,61;28,38;23,62;27,03;20,3;22,62;25,84;19,84;20,99;20,31;19,26;21,4;19,81;16,71;6,0;;;;
19/03/2024;26,03;17,26;21,06;19,71;23,33;21,73;17,7;20,61;18,81;21,2;17,86;20,24;21,65;22,13;19,39;19,8;19,89;21,92;17,19;19,59;18,01;16,62;17,01;17,87;23,69;22,49;21,12;28,23;25,93;32,85;42,4;35,09;51,23;44,05;51,28;39,08;42,78;44,76;41,02;48,31;37,35;45,15;40,7;38,3;45,64;38,47;40,99;47,98;45,07;37,63;45,99;43,6;54,76;48,28;50,12;44,17;47,27;50,16;44,4;34,7;32,12;32,73;41,51;30,54;42,0;36,72;33,49;33,54;37,71;42,78;33,77;40,17;34,69;28,47;33,97;33,79;31,58;27,77;40,41;31,17;33,21;30,6;27,88;27,88;20,57;22,68;24,78;19,99;18,12;19,5;19,99;20,06;15,23;14,49;20,75;6,0;;;;
20/03/2024;20,15;22,38;23,0;20,16;17,29;21,59;20,41;20,17;19,12;18,71;21,08;21,68;20,37;23,57;21,74;15,05;19,89;17,29;21,72;16,51;15,28;16,21;17,06;18,1;23,25;28,22;23,15;22,0;27,16;40,13;41,16;41,69;40,55;44,4;51,3;53,01;38,22;38,85;35,46;35,36;33,04;34,5;40,74;52,98;47,35;36,84;36,8;43,25;38,22;43,61;42,44;30,36;46,34;37,83;49,64;44,68;34,39;38,45;33,68;34,95;28,88;34,96;35,42;32,02;30,8;32,72;31,57;32,06;33,89;39,66;29,85;37,66;31,5;33,25;37,48;36,53;30,85;33,13;36,52;35,39;30,89;36,35;26,17;23,05;18,34;19,52;21,49;16,49;18,08;20,33;19,52;16,17;15,89;17,63;17,28;5,7;;;;
21/03/2024;18,9;21,24;18,61;20,94;20,65;20,28;19,36;18,44;16,03;18,82;20,42;20,0;20,68;17,32;14,27;18,78;15,52;18,6;16,95;17,26;15,28;19,96;16,38;20,23;21,29;23,97;23,61;19,64;22,06;37,95;37,65;41,6;35,04;41,99;38,42;31,19;41,18;41,38;43,03;31,79;45,77;41,81;40,68;27,02;46,0;36,55;29,49;41,72;36,67;36,74;34,76;29,41;41,72;45,91;43,91;37,87;34,9;36,21;41,16;47,08;41,46;44,56;41,89;38,0;37,35;33,95;32,4;33,58;32,28;35,56;31,06;36,23;31,6;34,96;33,45;33,96;36,76;33,16;27,28;28,69;23,21;32,13;24,05;28,53;19,79;22,27;21,44;24,43;18,9;20,8;18,63;22,99;16,53;21,58;19,94;6,9;;;;
22/03/2024;23,64;24,75;21,25;24,26;23,29;23,61;24,64;19,71;20,4;20,75;18,27;23,7;23,81;24,8;15,19;19,76;20,39;19,54;17,38;14,44;19,45;18,81;16,17;17,25;24,55;21,27;24,09;27,57;30,69;36,31;40,57;51,38;54,32;50,2;41,57;52,72;38,67;47,53;36,98;37,84;48,61;37,55;34,26;41,08;37,57;42,95;43,72;38,58;50,37;50,31;38,74;39,71;37,63;48,78;35,44;37,14;38,01;31,98;37,44;33,58;41,55;31,34;34,84;31,98;31,55;37,21;28,3;30,91;32,04;33,65;29,89;32,52;34,23;37,56;39,15;35,25;35,75;31,97;36,32;29,37;34,58;25,1;25,96;29,35;25,4;17,6;21,93;22,25;23,7;17,79;20,3;22,81;20,82;15,99;20,96;5,7;;;;
23/03/2024;19,81;19,3;18,29;22,06;21,67;23,05;16,71;19,56;22,54;17,58;22,99;17,85;21,83;21,71;17,68;18,95;17,68;19,36;18,04;18,13;15,69;18,0;17,95;20,32;21,41;22,27;22,73;27,64;23,85;36,84;39,65;37,26;44,91;40,86;45,57;55,48;44,29;37,57;33,48;42,03;33,2;34,12;46,12;50,75;44,68;51,38;49,25;45,59;46,26;49,48;39,91;41,16;43,84;48,28;50,21;38,63;47,28;31,53;41,52;38,9;32,15;35,52;31,26;39,71;38,95;29,27;29,23;38,03;31,46;34,33;35,5;43,11;37,67;34,07;41,25;41,44;32,67;37,6;33,16;27,17;32,03;24,14;31,39;27,48;30,44;21,14;17,64;25,04;25,16;20,32;23,93;22,21;19,15;15,86;19,64;6,3;;;;
24/03/2024;21,62;22,93;19,17;17,85;23,97;17,48;21,01;17,8;19,7;18,92;17,74;20,93;21,83;17,52;15,97;18,15;19,33;17,43;19,56;19,33;18,1;18,82;16,08;19,41;20,28;24,78;21,49;23,0;24,32;33,41;39,33;42,08;38,02;38,67;54,62;49,12;46,6;38,97;46,71;43,12;36,37;35,14;40,47;38,96;43,38;39,23;47,61;44,27;47,06;53,55;52,47;35,09;45,78;48,47;49,51;40,78;44,59;38,36;37,65;39,25;47,14;38,24;37,54;38,39;32,87;34,12;30,66;27,83;36,96;37,4;28,36;36,77;30,09;31,35;30,1;35,53;28,83;31,11;32,29;30,76;34,53;29,9;31,95;22,78;23,25;23,63;22,25;24,06;22,47;18,49;16,11;17,98;21,96;19,82;21,49;6,0;;;;
25/03/2024;24,35;21,72;21,29;17,25;17,88;22,84;18,1;17,29;17,35;18,54;17,88;22,76;19,81;23,32;18,58;21,37;21,54;20,4;17,11;15,54;16,87;16,33;16,84;20,82;20,83;25,59;20,82;26,67;26,25;37,25;35,78;38,68;37,22;46,44;53,75;39,23;38,72;35,27;38,22;42,0;41,58;40,43;34,76;30,84;34,45;40,25;35,62;32,24;40,33;38,07;45,27;38,44;39,21;42,03;41,43;47,6;40,57;37,98;36,17;43,08;41,29;34,38;26,82;30,29;33,95;37,33;36,73;37,01;29,26;28,5;31,98;38,67;37,92;39,09;41,71;36,88;33,04;33,05;35,57;37,46;27,68;27,23;23,89;28,67;24,71;21,15;19,95;24,04;18,61;23,86;18,48;18,39;15,86;18,19;14,5;6,0;;;;
26/03/2024;18,51;19,9;19,11;18,15;15,8;20,66;19,51;21,0;18,29;19,85;17,18;17,08;15,09;23,04;15,49;18,82;15,32;19,37;14,77;13,87;16,43;16,55;20,96;15,9;18,91;19,78;18,97;22,96;30,27;41,22;40,99;33,16;39,12;41,96;39,48;38,97;38,86;41,79;36,72;38,29;39,6;38,3;33,8;34,64;41,73;44,42;33,22;35,77;42,0;37,29;33,65;30,28;33,28;36,48;36,03;45,03;35,05;37,18;35,27;35,81;28,69;33,37;28,94;26,96;31,36;33,46;33,05;29,63;32,99;38,21;32,27;28,84;29,01;37,22;34,2;36,15;36,47;40,42;35,03;26,67;26,63;30,63;28,93;22,22;22,21;22,79;21,12;22,66;25,18;22,99;17,59;16,33;19,94;19,35;16,13;5,7;;;;
27/03/2024;17,73;21,17;20,64;20,57;19,89;15,84;17,8;22,87;19,23;20,91;17,25;19,73;17,33;17,47;17,28;17,91;17,37;17,57;18,35;17,88;13,92;16,93;23,06;18,77;20,14;27,04;24,36;22,57;27,31;35,03;35,06;33,39;31,69;34,84;34,36;42,75;32,7;46,73;38,6;41,63;38,17;45,86;35,17;41,31;38,61;50,17;37,32;33,76;42,53;42,38;39,18;55,86;48,56;42,1;36,4;45,71;43,54;40,26;32,39;41,2;30,78;25,49;31,84;29,49;35,85;27,6;24,21;36,75;38,32;27,71;31,29;36,51;28,24;34,69;35,34;36,44;39,86;35,79;35,49;34,2;29,19;23,34;27,26;32,3;24,13;18,22;20,2;23,05;21,54;19,91;21,65;20,5;19,54;17,64;17,83;6,0;;;;
28/03/2024;18,42;18,98;23,6;18,58;16,78;22,58;18,07;17,01;18,8;22,14;21,93;19,14;17,59;17,68;18,92;21,76;16,55;21,12;20,74;20,12;20,53;20,61;25,68;28,76;31,97;43,01;38,54;43,08;44,58;45,77;40,02;46,83;42,32;40,14;42,22;35,26;33,06;29,75;34,83;42,3;34,36;40,17;40,88;37,54;45,7;36,23;29,66;28,72;38,37;40,79;48,59;40,91;28,98;34,71;31,3;31,1;36,35;35,25;24,9;33,29;31,55;32,82;30,68;25,58;32,04;23,35;29,34;31,7;38,63;29,37;34,74;31,98;29,13;35,64;34,85;33,62;25,04;25,55;27,6;21,38;22,97;21,74;21,57;20,76;20,57;22,69;24,08;20,82;19,93;16,06;19,46;18,9;0,0;0,0;0,0;;;;;
29/03/2024;16,79;23,78;18,66;21,3;20,71;22,53;22,58;18,3;19,86;18,4;21,08;20,63;23,0;20,27;17,72;21,54;20,39;19,81;17,08;18,15;21,82;19,48;19,67;17,38;21,82;28,21;24,76;27,31;23,54;37,43;44,55;49,2;43,54;46,95;34,41;44,08;35,77;46,71;51,2;40,45;32,46;40,7;35,56;30,53;31,47;36,31;42,92;43,31;48,77;34,59;45,21;33,87;39,26;46,75;32,43;36,7;35,7;37,07;38,51;32,9;33,42;37,84;46,82;35,66;32,75;35,67;29,08;33,07;29,55;28,12;26,9;37,52;28,91;33,29;35,71;36,69;33,45;29,62;33,11;36,04;34,8;25,22;24,21;21,54;24,02;18,27;23,67;23,66;24,48;21,25;21,65;21,96;17,56;17,81;18,62;6,0;;;;
30/03/2024;20,46;20,8;16,24;17,78;20,19;18,12;18,77;20,79;19,13;20,49;20,78;21,73;17,92;20,6;19,86;16,85;20,84;14,38;19,74;19,88;18,32;16,49;20,73;18,44;18,77;20,28;24,36;29,16;29,02;29,0;39,59;36,2;40,11;43,1;44,58;38,44;39,63;48,07;33,38;38,24;36,53;32,3;38,37;41,31;35,61;34,81;50,17;35,27;42,53;41,81;41,53;43,9;43,37;37,83;48,63;47,81;47,2;40,71;33,95;40,56;33,26;30,43;32,23;35,25;31,96;31,4;36,51;27,41;31,88;33,76;38,65;39,55;34,6;34,27;26,95;35,39;34,32;30,08;29,11;31,24;29,17;27,82;23,44;29,93;20,22;23,36;23,8;22,69;24,46;20,02;21,47;17,72;21,33;15,79;21,12;6,0;;;;
31/03/2024;17,38;17,86;20,55;17,69;20,22;23,61;17,55;17,1;20,24;16,84;19,79;19,73;23,09;20,46;19,49;16,86;16,99;17,67;15,8;17,59;16,61;20,89;20,6;16,99;22,52;18,64;22,96;21,31;23,41;32,78;34,61;42,41;38,67;31,67;44,93;45,85;37,52;41,14;37,02;35,53;36,99;41,52;31,57;41,65;38,16;39,49;39,59;38,67;41,26;36,85;46,47;38,17;42,84;38,04;43,74;32,95;33,84;29,5;40,58;43,06;37,22;30,16;35,99;33,85;30,82;32,16;37,42;34,42;29,0;36,95;35,0;33,43;32,17;28,41;30,45;36,07;32,19;32,29;26,93;28,98;25,04;27,09;25,72;24,72;23,24;26,45;20,29;23,76;24,65;20,96;21,07;18,81;21,53;15,18;16,95;6,6;;;;
01/04/2024;16,02;18,14;16,31;22,19;20,2;20,09;18,31;21,65;18,33;18,41;19,28;22,72;18,78;21,26;16,19;17,85;14,7;18,25;16,08;15,32;21,98;21,52;16,5;19,26;21,8;24,1;19,02;28,89;24,79;38,5;43,78;40,22;40,65;42,21;46,08;50,99;44,58;35,72;31,63;46,81;45,24;36,14;37,12;35,68;38,36;42,32;49,34;37,75;42,88;41,05;40,81;44,55;45,01;47,07;37,88;42,29;33,3;35,78;33,74;31,08;26,47;33,45;32,64;32,43;31,52;26,7;34,35;34,15;34,91;38,16;37,64;41,58;37,19;33,81;30,65;30,85;29,14;32,61;27,36;31,92;22,74;21,25;29,19;23,22;19,37;23,57;20,97;21,64;20,07;18,2;20,13;18,08;23,05;17,55;15,02;6,6;;;;
02/04/2024;19,18;17,35;23,07;20,7;18,22;18,23;20,06;17,41;19,54;19,1;20,82;20,62;18,35;19,31;19,05;17,11;19,29;20,1;18,03;15,2;15,84;22,93;18,6;21,47;25,22;27,58;24,45;25,42;22,66;32,66;45,49;45,58;41,85;40,33;45,28;50,21;42,91;42,96;50,13;37,26;40,47;36,95;31,83;34,8;45,36;39,45;44,83;49,79;32,49;38,34;39,04;37,21;48,78;45,93;41,2;39,79;38,1;36,01;41,81;48,04;41,65;29,4;37,72;28,88;38,62;30,54;29,11;32,18;31,16;36,69;42,58;28,34;43,95;33,79;33,68;30,42;41,66;30,5;34,5;32,96;29,18;29,25;25,21;24,92;22,26;20,89;19,79;22,7;23,5;21,95;19,72;21,56;19,35;17,84;15,76;6,0;;;;
03/04/2024;25,16;19,09;17,59;22,66;20,12;22,31;19,57;19,24;19,89;20,2;16,53;21,39;22,92;20,97;20,91;18,32;21,19;21,35;17,9;14,46;19,71;19,24;15,63;18,07;23,29;26,22;20,66;31,88;27,53;40,83;32,07;36,44;40,48;35,02;39,59;41,9;35,5;45,82;34,21;38,57;32,84;36,26;38,53;34,09;45,02;38,04;32,94;37,8;39,91;33,83;38,26;46,95;47,22;55,06;40,62;40,89;36,03;45,57;35,53;42,98;32,06;33,59;35,87;31,9;37,03;26,81;34,57;33,74;35,12;38,43;40,73;29,57;34,55;36,25;27,55;37,5;36,05;33,03;33,91;34,85;27,08;27,78;23,93;21,59;20,9;19,9;23,72;19,83;21,44;21,4;19,63;21,84;18,05;15,56;18,7;6,3;;;;
04/04/2024;19,63;16,79;18,16;23,52;20,92;17,8;22,87;22,24;17,04;21,5;24,44;19,88;23,81;21,37;18,87;16,84;18,45;16,01;21,47;16,33;16,91;21,96;15,15;19,57;26,0;23,21;24,86;27,12;30,0;35,41;40,21;39,83;41,93;37,89;46,95;46,7;37,5;48,4;37,26;39,72;43,93;35,15;36,07;33,49;37,06;49,23;35,4;33,71;45,13;46,57;35,99;29,86;44,07;47,07;36,45;34,26;40,17;34,17;44,05;37,16;28,58;38,68;24,77;32,04;27,03;29,1;37,65;31,6;25,55;29,24;37,3;38,25;35,98;34,37;36,19;37,57;31,87;39,0;27,81;30,33;33,55;29,72;23,15;24,33;22,27;25,45;19,43;20,2;19,07;18,33;20,37;16,65;22,76;16,55;15,97;5,7;;;;
05/04/2024;21,46;21,95;17,6;19,54;23,08;21,81;21,67;26,03;19,0;19,9;19,13;22,77;21,67;16,64;17,58;20,48;17,0;17,17;20,25;18,15;15,95;16,95;20,04;19,16;18,67;24,66;24,66;27,65;29,3;38,87;45,65;52,35;53,44;44,46;38,92;37,84;42,93;35,3;36,18;42,36;34,71;36,23;30,03;38,48;26,61;44,84;37,87;43,67;49,53;34,68;42,89;41,26;34,94;36,74;43,81;45,7;33,35;24,42;35,11;42,91;33,72;35,28;36,24;32,62;33,68;37,35;30,55;29,05;33,67;30,19;29,75;40,04;34,17;36,1;26,04;30,84;32,31;33,68;28,68;34,43;34,74;36,0;31,88;22,54;27,39;23,36;25,07;18,72;21,36;16,52;19,76;21,66;16,03;17,49;18,53;6,3;;;;
06/04/2024;20,36;22,76;21,68;19,35;20,72;21,18;19,04;21,25;24,08;20,13;19,05;20,34;17,36;16,72;18,61;15,24;20,24;20,77;18,62;18,96;19,21;21,32;19,23;18,19;24,74;20,65;23,69;26,99;26,25;41,03;39,5;37,63;31,95;37,08;34,06;32,13;44,99;48,68;36,21;37,33;38,28;35,45;42,19;31,16;39,41;44,19;45,97;58,26;47,68;41,71;39,89;53,03;53,95;50,21;41,68;41,87;35,0;31,37;36,32;46,06;32,67;32,7;31,97;33,81;32,27;32,46;37,35;29,92;35,74;33,81;39,9;38,49;38,02;30,56;35,0;34,68;38,56;38,68;32,46;36,18;28,74;30,62;31,47;28,92;24,1;20,59;20,4;21,97;17,32;21,78;21,67;20,46;18,79;17,01;19,24;5,7;;;;
07/04/2024;21,22;19,17;18,2;18,29;16,19;18,88;23,12;19,77;21,04;20,94;19,12;16,04;18,62;18,35;15,77;17,46;13,64;17,62;16,07;14,84;19,23;14,42;19,08;18,0;23,17;20,83;26,71;20,44;26,2;29,08;35,27;41,58;31,24;45,72;45,74;33,04;39,01;41,34;36,6;39,27;40,52;45,62;36,21;36,55;36,36;44,57;48,7;48,56;39,58;45,37;36,99;49,81;49,96;59,01;42,81;46,61;50,52;40,9;38,91;43,15;42,94;38,4;36,93;26,12;30,91;35,56;27,96;37,62;30,8;38,49;30,33;40,84;42,67;33,95;26,35;29,73;32,02;35,7;27,95;29,66;35,69;27,6;29,98;24,43;25,48;22,79;21,11;24,9;18,55;21,25;15,3;18,77;16,5;17,63;15,68;5,4;;;;
08/04/2024;21,05;21,29;21,18;20,56;20,53;16,57;18,18;17,07;18,68;17,12;16,91;17,89;17,92;22,77;13,96;21,52;16,28;19,63;13,93;16,61;21,0;16,61;17,76;20,51;20,6;23,99;23,14;30,84;28,71;40,25;36,41;35,75;45,17;46,17;38,52;46,67;58,08;51,5;50,38;43,0;42,16;34,11;35,45;39,07;49,73;37,75;54,2;40,79;38,94;39,13;40,08;40,47;43,73;40,88;46,23;49,42;44,81;45,67;36,49;37,51;32,54;29,6;34,24;38,74;35,95;33,24;30,1;32,74;33,49;32,15;28,15;30,05;36,0;24,37;27,97;30,17;25,52;30,88;28,76;32,59;32,96;24,44;30,53;28,96;21,74;22,23;19,35;18,61;20,51;21,45;17,31;19,03;17,58;18,59;17,01;5,7;;;;
09/04/2024;22,94;20,42;17,96;22,11;21,6;21,06;19,44;21,34;20,87;20,5;18,0;20,18;21,96;21,36;19,12;15,28;21,9;20,65;18,29;17,15;19,3;20,97;19,48;15,38;21,8;24,17;24,13;25,65;29,93;38,33;40,1;44,97;41,4;46,22;51,18;46,72;45,09;44,79;42,82;40,42;33,29;46,35;44,3;44,54;43,95;55,34;40,31;54,88;36,45;48,92;40,68;37,42;45,38;51,83;43,11;42,14;44,37;45,0;37,03;45,67;36,46;30,45;37,21;33,67;29,95;32,2;35,25;38,11;35,84;41,03;33,43;38,41;37,5;29,73;41,16;39,55;34,68;28,99;38,26;39,64;35,15;34,45;26,15;30,9;23,72;23,73;23,35;18,83;18,99;20,98;22,12;20,19;16,74;16,69;16,28;5,7;;;;
10/04/2024;22,95;22,99;19,82;20,25;21,89;21,1;20,97;17,85;15,99;21,31;17,43;20,76;18,47;20,48;21,39;16,88;19,05;20,88;18,23;19,26;18,73;19,26;20,45;15,63;20,17;26,12;26,67;22,52;26,48;48,05;44,84;40,2;45,13;46,24;32,57;34,66;38,88;38,97;37,32;37,19;32,47;43,64;37,69;45,42;36,6;33,12;38,81;40,02;49,79;32,63;44,46;37,59;38,15;51,62;48,03;48,88;47,16;37,18;26,08;29,85;33,77;34,24;25,54;26,81;38,22;30,11;35,25;29,76;30,78;42,25;30,67;37,94;41,91;36,04;39,01;38,81;35,15;38,23;31,95;31,68;27,1;30,3;23,35;31,71;21,12;21,69;20,48;27,11;18,86;23,39;19,23;20,37;18,09;22,7;24,05;6,9;;;;
11/04/2024;22,75;24,57;22,1;25,68;18,9;24,96;19,96;21,82;18,13;23,37;20,52;18,96;22,1;23,23;18,74;22,1;17,01;22,8;19,64;16,55;21,91;16,17;18,48;21,86;28,05;25,62;25,28;31,04;31,98;39,35;40,39;42,07;45,42;32,71;37,77;42,74;57,87;43,33;43,78;41,32;43,22;36,63;34,47;51,09;42,36;44,82;42,44;40,91;41,68;36,78;31,55;35,73;36,25;43,28;49,4;43,79;36,58;46,88;45,01;40,21;35,8;36,57;34,05;39,38;35,38;33,73;36,4;31,35;33,87;30,08;32,42;38,31;29,06;35,88;35,55;30,51;32,7;39,69;38,06;42,23;27,22;27,69;29,87;26,24;29,15;26,22;21,61;24,35;25,86;24,29;20,98;23,95;22,4;23,43;21,96;6,6;;;;
12/04/2024;23,65;24,35;18,44;20,85;18,63;18,17;23,86;25,05;19,69;22,8;18,88;25,34;24,25;25,35;17,44;23,23;20,93;22,66;20,67;24,11;17,34;21,98;24,54;24,12;26,16;25,81;24,35;32,71;25,94;40,11;49,45;52,0;47,72;44,82;52,36;43,78;41,84;40,29;42,7;37,25;53,71;46,87;45,55;44,74;43,65;43,26;39,22;48,03;45,82;41,42;51,24;42,06;44,97;52,3;47,12;46,08;40,6;39,61;39,05;38,06;39,36;33,53;38,46;36,18;38,98;35,48;34,45;38,18;36,15;36,86;37,34;43,3;35,43;36,68;38,18;40,88;35,03;39,51;37,69;29,14;35,17;27,49;26,52;25,38;23,91;19,7;19,74;23,44;22,23;23,26;15,76;19,23;16,89;17,39;19,42;5,7;;;;
13/04/2024;18,15;19,28;22,71;21,45;16,1;22,2;15,8;18,06;15,55;23,51;20,78;18,62;19,83;23,35;16,09;15,92;16,32;18,89;19,0;16,43;15,34;21,13;18,61;15,84;20,0;22,95;26,05;23,34;33,34;38,71;44,78;45,24;47,82;52,61;42,96;40,01;47,34;40,14;41,6;45,29;36,66;36,37;35,24;36,2;35,4;45,08;38,08;48,83;42,22;44,79;43,55;50,93;49,83;42,67;48,97;51,17;46,15;39,6;35,0;35,7;36,92;32,67;34,78;33,17;34,1;29,72;35,45;30,31;35,98;34,14;32,83;41,59;36,37;30,18;34,78;35,11;34,86;32,02;35,02;36,16;28,13;31,08;32,44;25,31;26,55;25,76;23,7;20,7;20,66;23,09;20,71;17,0;17,85;21,23;18,82;6,3;;;;
14/04/2024;18,81;16,98;19,71;21,83;24,19;19,47;23,83;22,74;20,09;18,87;18,63;16,99;20,58;19,83;16,28;22,23;16,51;18,38;17,76;16,29;19,57;19,63;17,13;18,4;26,18;22,83;22,62;21,83;26,92;43,28;37,49;55,04;44,27;52,61;47,73;49,95;41,17;42,89;32,69;44,21;41,85;45,43;43,29;33,92;42,46;40,12;50,74;44,55;34,56;47,12;39,75;40,86;50,8;49,81;40,4;38,44;39,74;44,98;41,42;40,16;37,35;32,05;27,2;32,97;39,96;30,86;31,85;33,88;35,1;36,56;31,04;35,67;45,1;35,15;30,86;34,15;38,63;31,34;31,6;32,21;33,83;24,53;28,75;31,66;20,43;25,36;23,61;25,1;22,19;18,74;21,86;20,76;18,91;19,59;20,45;6,6;;;;
15/04/2024;21,91;19,25;22,02;18,63;20,12;19,71;25,8;21,17;21,17;18,92;20,49;17,79;22,85;20,9;18,0;21,49;19,52;16,81;18,74;19,47;22,62;20,97;16,89;24,07;22,75;19,27;25,4;27,21;32,61;43,63;44,21;44,22;38,85;33,28;35,84;37,25;49,98;43,55;38,48;44,73;32,68;41,62;33,0;34,31;34,44;37,38;48,87;50,36;44,78;39,4;53,32;55,0;46,7;43,35;42,54;52,22;40,25;35,23;35,07;31,53;39,16;29,34;30,05;36,52;39,5;34,97;31,99;30,59;37,79;32,92;41,56;44,63;30,5;38,14;35,98;32,39;37,0;34,25;28,35;39,86;29,79;37,51;28,9;32,56;26,32;23,74;20,88;23,53;20,53;22,11;19,7;18,1;18,9;18,7;16,51;6,6;;;;
16/04/2024;18,28;19,4;19,99;21,11;19,44;17,98;18,61;22,31;21,63;17,14;18,94;23,49;20,96;18,03;21,85;22,48;19,31;17,59;17,97;18,16;17,1;16,16;15,33;21,69;23,77;18,44;27,23;27,52;25,45;29,35;45,85;47,8;46,69;39,23;43,6;39,47;44,86;42,44;37,25;48,89;42,61;37,92;38,51;39,37;38,36;49,75;47,12;35,61;38,53;38,54;43,74;42,94;47,53;47,44;41,06;40,77;42,2;36,92;31,03;32,75;38,27;34,3;30,97;32,59;35,77;32,48;36,66;27,64;33,76;33,41;37,03;36,64;41,19;35,84;35,6;33,74;38,96;38,37;32,19;37,02;31,33;34,92;28,4;28,73;20,04;26,42;19,2;19,29;20,03;24,15;15,91;21,09;21,48;18,46;16,3;6,3;;;;
17/04/2024;19,07;20,88;18,43;23,36;16,78;20,35;20,73;22,71;22,51;23,18;18,06;18,2;22,55;17,63;19,01;16,87;18,35;15,86;15,52;16,31;16,53;16,41;18,52;17,98;19,63;26,88;24,41;25,26;28,75;34,01;46,01;46,24;52,97;37,87;48,16;47,3;50,24;38,22;39,97;45,18;40,99;39,18;37,74;39,96;45,97;43,77;33,33;42,06;33,82;43,4;36,71;29,7;36,04;40,92;41,69;43,14;45,28;40,56;30,1;36,58;34,44;31,0;30,17;31,81;33,05;30,19;29,62;37,37;30,08;28,55;30,45;31,63;37,87;30,3;36,73;35,49;37,71;35,23;25,8;33,9;31,44;31,54;26,95;24,46;22,48;23,16;21,44;19,03;24,23;20,68;20,38;20,16;20,87;16,73;16,43;6,6;;;;
18/04/2024;21,71;16,67;17,41;20,66;21,74;18,41;20,21;23,09;17,04;21,81;18,16;18,09;18,39;21,58;16,96;21,96;16,41;17,75;20,22;19,35;15,97;17,17;17,94;19,05;18,13;24,41;26,2;21,81;29,3;38,04;35,34;44,4;43,97;46,57;38,62;42,35;33,98;38,25;33,95;42,78;38,13;38,42;53,92;37,65;38,46;28,48;41,77;47,28;39,02;35,31;43,75;38,1;41,44;50,22;54,49;53,03;36,95;44,96;37,62;39,37;41,7;36,0;37,34;27,77;33,21;31,91;37,52;35,91;31,19;36,18;38,0;44,22;35,99;30,06;34,58;31,92;33,3;38,52;38,33;31,6;37,1;25,58;24,25;28,24;22,74;25,91;22,22;18,62;19,66;20,54;15,26;17,4;16,13;17,75;15,65;5,7;;;;
19/04/2024;20,51;18,65;16,56;15,84;21,25;18,81;20,88;19,61;20,73;15,98;18,36;19,49;20,63;17,73;15,53;16,45;18,34;17,2;14,44;17,03;16,28;20,65;16,78;20,69;19,69;25,99;26,88;25,43;26,91;43,56;48,71;54,63;53,0;48,98;46,0;43,18;38,26;35,64;33,94;40,13;33,21;35,43;30,02;31,89;43,03;37,59;36,92;39,5;44,59;35,12;52,56;40,09;42,73;47,08;29,55;30,9;30,99;40,01;27,23;33,08;33,11;45,98;34,69;31,94;36,28;38,19;31,21;35,37;28,9;35,5;33,13;40,47;36,98;34,28;31,34;36,42;32,17;34,31;29,2;35,91;31,76;29,13;28,27;25,22;20,97;19,56;25,66;23,37;23,46;22,26;19,21;19,21;18,57;19,17;20,72;6,0;;;;
20/04/2024;21,86;25,14;17,87;19,49;24,07;23,41;19,51;19,07;20,99;20,68;23,09;19,52;24,12;21,23;15,22;17,2;19,17;17,15;18,81;15,82;19,03;16,28;19,88;21,17;22,06;25,82;22,44;25,49;30,54;38,83;34,65;40,18;40,93;49,83;49,08;40,25;39,43;31,43;35,73;39,84;41,41;33,2;37,07;30,69;38,94;48,3;37,41;39,62;44,61;47,92;47,85;40,75;54,59;45,19;48,82;46,09;37,21;44,73;35,28;29,78;41,32;31,05;34,08;30,14;34,77;30,1;32,13;31,76;33,42;29,09;29,5;31,9;43,31;37,65;33,91;30,96;38,76;40,19;32,73;27,77;26,62;27,11;29,57;20,95;24,45;21,67;22,78;23,72;17,77;24,65;19,65;18,19;21,84;18,28;19,68;6,0;;;;
21/04/2024;18,44;16,77;17,2;17,1;24,07;21,13;17,3;16,96;20,03;19,15;18,52;21,41;20,75;18,16;20,19;20,2;18,11;14,98;14,84;16,83;17,15;18,17;20,52;21,69;23,97;22,39;24,64;24,01;28,18;36,95;38,75;45,2;48,09;37,22;56,94;33,02;34,72;47,15;40,51;40,3;37,35;33,87;33,97;37,97;46,54;46,76;46,29;48,56;34,75;51,15;38,98;43,9;33,62;46,09;43,87;43,53;39,13;38,27;31,46;29,19;29,51;36,63;31,47;34,96;31,88;35,28;33,8;27,15;37,84;27,04;31,37;42,96;30,12;30,55;36,04;31,8;27,79;33,34;37,72;26,29;35,85;37,21;34,11;29,03;19,72;19,25;28,02;22,89;19,52;20,7;20,25;19,0;16,68;20,88;14,37;6,0;;;;
22/04/2024;18,34;20,69;23,94;17,25;19,03;21,69;18,23;22,5;23,23;20,38;23,91;22,65;16,65;21,05;19,56;17,76;16,91;18,05;19,56;15,62;19,76;19,68;18,15;21,17;29,31;22,46;27,22;26,84;25,93;40,61;41,34;40,17;44,04;44,14;43,01;36,85;46,53;40,03;37,87;32,71;48,3;36,44;40,27;32,97;45,95;36,11;42,95;43,62;48,47;50,3;39,96;39,99;45,06;54,23;51,1;38,4;51,67;41,07;32,65;42,63;34,52;32,27;31,09;31,28;30,7;26,27;25,8;32,83;25,53;27,99;34,4;31,98;36,33;32,45;37,01;33,16;33,86;36,53;32,02;29,12;31,05;28,4;23,86;28,02;20,34;17,89;18,85;18,21;22,49;22,75;19,18;21,33;17,32;20,91;14,86;6,6;;;;
23/04/2024;18,72;22,92;20,51;16,0;17,44;18,33;23,84;20,04;18,45;19,21;16,92;21,11;18,61;23,95;18,77;19,05;21,08;19,66;16,38;17,81;20,68;17,47;17,75;15,42;27,21;22,3;24,1;30,77;32,49;38,03;43,06;41,22;43,19;42,89;55,06;35,52;35,89;36,41;35,08;36,39;52,65;34,25;30,87;29,34;38,66;45,29;42,39;42,94;35,43;41,99;33,46;53,29;44,64;41,47;43,45;43,42;45,61;35,77;32,47;30,95;28,02;27,21;30,92;35,8;34,76;35,8;26,08;36,36;26,05;28,41;28,19;38,84;35,91;37,43;33,94;38,66;30,75;28,87;29,73;29,98;26,63;30,82;31,87;24,32;21,92;19,71;22,27;22,06;17,7;23,62;19,12;21,55;16,46;20,26;16,54;6,3;;;;
24/04/2024;24,81;18,76;19,49;18,85;23,31;19,77;24,67;21,87;21,54;19,38;21,83;25,67;22,94;18,04;21,54;22,03;20,36;17,66;18,84;18,0;16,22;22,68;21,27;17,62;21,4;30,79;27,49;27,68;32,9;34,79;36,04;34,65;39,51;42,56;46,12;41,57;50,56;34,41;43,51;46,29;48,11;38,87;35,83;41,47;41,3;39,3;36,71;35,66;44,87;43,71;36,4;40,84;40,81;51,91;48,04;40,18;31,16;38,2;33,17;23,27;24,82;28,97;27,76;28,74;26,37;28,96;22,02;29,59;28,66;32,53;31,12;40,44;35,19;32,77;35,81;28,83;25,91;34,2;29,54;35,27;30,22;27,29;29,51;24,07;24,44;23,45;19,03;17,48;18,9;21,6;19,78;15,77;16,81;18,49;19,62;5,4;;;;
25/04/2024;23,68;20,58;20,55;19,55;23,2;19,71;18,16;23,61;17,7;19,9;20,64;17,65;18,42;20,17;16,09;16,02;15,63;14,28;17,31;18,71;14,5;19,33;18,67;15,55;24,51;22,12;20,07;29,29;33,44;49,0;45,85;48,79;48,81;49,54;38,72;46,73;38,04;34,84;41,61;35,04;36,65;31,57;38,34;27,24;44,17;43,92;33,18;39,89;46,31;39,05;37,49;35,29;36,73;32,54;46,48;37,13;33,01;32,09;38,0;38,54;36,27;31,33;29,82;26,17;34,07;33,06;32,31;27,47;33,04;28,34;35,33;28,66;33,23;31,43;34,94;29,51;32,88;30,08;35,53;39,06;32,56;27,55;30,57;23,0;24,45;22,49;19,1;21,4;24,06;22,28;17,98;17,93;21,77;19,51;15,28;6,3;;;;
26/04/2024;21,89;17,21;23,28;23,95;22,05;22,54;18,29;21,06;18,41;18,73;24,47;21,21;15,9;24,84;17,08;21,33;15,02;17,51;19,65;16,72;18,71;14,72;20,65;16,0;23,0;23,69;23,26;28,26;36,02;40,28;40,94;45,72;41,92;51,31;45,13;35,02;32,93;39,06;34,43;41,21;48,0;37,95;34,93;38,35;45,22;47,09;38,43;45,19;37,96;45,91;36,21;31,61;42,45;50,28;31,57;46,16;38,31;36,24;35,91;27,91;32,89;34,9;37,03;37,41;38,62;38,84;33,03;28,98;28,51;31,51;38,39;38,41;35,01;32,14;37,08;31,56;31,15;30,22;35,34;32,97;33,69;31,71;30,26;22,46;27,03;18,45;19,05;24,26;18,77;21,5;20,26;24,2;17,85;17,56;18,5;6,6;;;;
27/04/2024;20,83;19,45;21,51;18,94;17,77;19,37;24,64;21,33;20,3;18,5;20,56;21,71;22,32;23,06;16,58;17,16;18,05;17,14;16,3;15,69;21,84;21,14;15,89;20,48;25,25;25,16;24,82;26,36;26,97;36,62;40,02;42,47;55,38;46,14;35,35;44,73;39,17;36,32;39,21;44,6;40,16;35,7;34,32;40,31;39,0;48,29;47,45;42,38;45,06;39,78;41,8;51,1;51,68;52,74;46,09;43,25;33,31;32,61;37,6;39,53;27,36;28,31;30,82;38,22;30,16;29,52;31,36;32,7;36,68;37,21;32,11;41,72;34,6;34,86;37,42;34,72;37,15;34,16;31,18;32,02;33,18;27,22;26,95;29,14;19,51;20,76;18,07;20,75;21,84;19,35;19,82;21,78;17,38;19,4;13,56;6,0;;;;
28/04/2024;18,31;18,62;18,62;18,55;18,27;19,11;18,64;17,18;20,83;18,85;18,07;17,54;16,25;19,57;17,66;15,29;16,41;17,14;18,12;16,11;15,54;17,35;17,17;17,78;24,8;21,45;21,6;30,34;32,63;38,37;41,33;49,31;52,98;34,31;43,31;39,87;31,11;30,94;36,71;42,87;40,4;35,78;41,33;31,99;42,24;38,69;39,46;35,13;34,75;47,68;37,43;37,53;36,84;58,01;37,46;31,62;46,36;41,41;31,86;25,0;32,65;26,55;25,57;34,48;32,54;28,05;24,28;30,97;29,33;38,99;36,16;45,96;39,39;28,38;29,5;39,86;38,24;34,87;34,97;39,73;37,56;31,16;26,73;22,74;25,85;18,58;25,09;17,07;18,67;21,56;22,0;17,26;20,39;17,86;16,4;6,0;;;;
29/04/2024;20,19;19,2;20,66;17,58;21,5;22,72;19,61;20,69;19,22;18,02;18,42;22,68;21,36;15,01;16,11;22,93;20,23;15,97;17,02;15,01;19,89;17,31;18,8;19,6;23,64;26,24;19,6;20,85;29,41;47,56;48,06;43,37;51,84;44,56;44,51;40,8;47,46;37,9;41,94;48,68;36,37;35,91;41,35;34,08;55,68;40,52;38,62;37,33;48,81;43,32;44,51;54,39;52,11;38,74;45,21;46,41;45,5;33,49;29,55;33,93;35,31;39,96;31,9;33,46;31,77;44,11;34,68;31,92;42,26;41,67;30,99;44,08;35,15;34,75;37,4;38,66;38,39;39,5;34,1;40,61;34,1;36,78;23,28;26,77;26,3;24,35;22,67;21,48;27,05;24,07;17,48;18,29;17,25;18,74;22,03;6,3;;;;
30/04/2024;23,55;22,25;22,73;18,87;21,52;24,01;24,02;22,19;18,81;20,35;22,89;25,55;17,51;22,32;18,29;18,52;21,25;18,97;21,51;23,05;18,21;21,09;16,61;16,8;19,38;19,91;28,47;28,86;30,03;40,68;34,98;42,5;46,13;51,65;41,32;48,24;40,41;43,41;34,27;47,75;39,19;42,02;30,38;38,97;35,3;50,64;49,63;47,86;56,0;47,47;42,85;39,55;53,18;46,19;41,03;38,48;46,42;37,81;40,27;28,89;38,6;32,02;29,73;36,02;32,53;32,28;31,88;35,35;30,14;33,35;36,84;28,73;31,75;39,24;36,21;37,16;33,01;36,23;26,81;34,62;26,86;31,81;27,53;22,47;27,05;22,32;23,09;22,55;22,55;20,98;21,46;20,27;21,34;20,95;16,81;6,0;;;;
01/05/2024;20,46;19,5;22,12;19,45;20,65;18,49;18,17;17,91;19,21;20,74;22,97;21,98;21,38;19,67;21,66;17,7;16,61;15,66;19,37;18,48;16,63;18,55;20,88;23,72;24,46;28,25;24,96;27,81;31,73;57,08;51,38;52,76;46,04;39,05;30,86;36,35;41,42;42,57;40,58;38,2;38,45;42,92;34,66;36,47;28,87;37,98;42,35;38,72;37,08;41,85;40,88;32,91;35,38;44,73;41,52;46,16;39,16;35,5;37,45;29,81;28,21;29,26;26,61;27,67;33,38;33,63;28,71;29,22;41,36;41,9;29,61;31,65;34,36;32,83;42,45;35,18;33,95;34,53;29,3;38,12;28,98;32,21;23,15;22,1;20,4;24,22;25,62;18,71;21,03;20,52;23,14;20,65;21,66;22,91;18,45;6,3;;;;
02/05/2024;22,78;24,93;19,48;21,7;24,67;23,18;21,39;22,5;18,97;20,99;22,67;22,68;22,79;18,76;17,33;20,2;19,78;18,82;22,17;18,2;17,64;22,22;17,35;20,69;23,17;21,17;26,49;31,92;41,53;44,23;39,92;44,72;42,71;34,18;35,26;42,47;43,23;46,44;42,07;30,89;34,61;44,97;33,6;43,98;35,64;36,42;46,22;37,52;35,88;42,48;40,55;47,57;52,86;38,9;46,04;40,22;49,74;36,97;37,63;29,58;27,02;29,52;34,11;31,59;26,27;33,21;31,29;28,39;27,64;31,7;29,31;39,71;38,8;42,57;35,65;41,75;34,61;36,55;37,94;31,37;37,8;37,16;29,5;23,5;24,49;18,44;21,97;16,83;19,85;21,33;19,7;15,89;17,41;18,81;15,2;5,7;;;;
03/05/2024;19,76;18,46;19,19;20,9;18,81;18,96;18,13;17,17;21,44;20,0;23,62;18,0;19,8;20,59;19,48;15,45;20,82;22,39;18,33;15,36;21,4;14,8;17,63;20,4;18,62;22,59;25,33;23,84;27,48;50,08;54,74;47,01;40,71;35,87;40,7;32,64;49,62;39,15;39,04;37,7;38,01;43,75;42,53;44,67;45,79;43,31;38,44;41,64;42,23;43,28;40,49;34,82;51,33;47,41;47,62;29,04;40,03;48,62;36,25;30,82;31,86;32,02;34,73;34,29;36,4;30,4;37,68;32,88;28,79;37,96;37,82;35,69;46,14;31,49;30,27;38,5;38,25;34,64;34,84;31,28;41,9;32,43;26,25;27,59;27,11;25,9;19,72;24,91;20,88;17,55;16,95;21,1;16,19;15,94;19,44;6,0;;;;
04/05/2024;16,83;19,8;25,06;20,34;20,61;19,0;25,43;27,28;27,12;27,34;29,08;30,49;23,3;28,08;26,38;29,47;25,93;32,83;25,4;29,44;30,98;29,52;26,96;25,07;30,09;26,48;35,53;30,21;34,55;35,41;48,25;48,11;52,39;55,86;48,3;43,97;52,83;49,41;48,28;43,63;58,63;47,04;38,76;50,43;47,72;57,43;54,53;46,8;49,1;56,67;63,06;52,32;57,03;52,11;46,21;53,67;53,47;53,44;55,02;43,94;48,1;45,84;33,59;41,25;43,14;49,98;35,55;35,77;41,84;53,23;46,62;53,77;54,26;37,53;50,17;37,55;38,46;36,58;48,54;46,86;40,55;45,62;31,84;34,87;33,12;38,49;33,93;39,3;31,53;32,56;29,67;32,39;28,19;30,77;26,6;9,6;;;;
05/05/2024;28,13;35,02;27,04;33,71;27,44;27,29;30,91;29,51;28,04;30,49;26,89;33,76;31,02;27,34;28,88;29,26;24,28;30,64;24,04;33,16;26,94;30,82;29,08;30,24;32,12;28,46;28,6;40,39;31,87;46,81;52,82;59,31;44,0;57,42;46,42;61,15;47,65;59,07;48,19;43,07;51,07;60,01;43,24;47,71;45,01;51,98;50,09;53,23;45,65;51,56;43,76;49,91;57,3;52,44;48,01;48,73;56,85;56,6;40,63;46,02;40,67;49,54;45,12;48,73;44,53;45,65;42,79;47,22;43,64;49,41;39,79;43,72;33,35;38,11;32,49;37,77;33,91;42,64;38,02;44,69;39,53;46,13;36,94;33,14;27,74;38,26;27,76;35,57;25,47;35,68;32,98;34,65;27,06;25,97;28,49;9,6;;;;
06/05/2024;34,5;29,43;30,73;31,89;30,19;29,96;29,86;32,49;25,37;30,83;28,93;31,47;33,26;34,46;27,07;28,99;29,76;26,38;31,45;28,45;25,4;29,27;27,72;31,38;31,41;30,48;33,84;35,13;32,24;41,1;44,07;59,8;55,9;46,65;57,09;47,42;51,8;45,07;48,59;52,29;46,16;49,97;39,39;50,98;46,15;41,3;47,52;51,37;56,24;39,49;46,46;51,06;63,3;61,22;49,56;56,99;50,46;56,82;43,68;38,95;35,88;38,44;40,56;47,0;44,96;40,44;36,24;35,86;44,77;44,76;40,86;48,99;53,38;44,02;43,24;50,28;50,34;46,02;48,93;46,45;43,6;37,36;45,73;33,58;38,59;26,55;34,98;32,45;30,44;25,02;27,43;28,91;25,16;30,76;27,99;8,4;;;;
07/05/2024;33,76;31,38;33,77;27,7;25,04;32,14;30,25;29,34;27,67;24,33;26,88;24,44;31,84;32,0;29,33;23,6;24,69;27,2;26,58;28,78;29,9;29,61;26,37;34,49;32,24;30,43;28,67;29,66;33,96;57,4;53,72;60,97;44,13;53,24;45,47;43,24;47,88;48,89;46,78;43,78;41,23;43,91;49,23;40,47;44,06;51,88;47,12;44,09;50,1;50,6;50,48;51,05;57,19;53,68;50,09;50,54;46,11;44,52;42,62;37,36;42,38;44,64;36,3;41,7;50,22;46,65;43,86;35,81;46,49;38,31;36,39;46,91;45,94;50,88;47,79;41,9;41,19;40,13;36,17;45,48;39,1;36,29;44,0;44,26;32,33;33,22;31,48;31,99;25,7;26,06;24,68;26,86;23,17;25,45;22,54;9,0;;;;
08/05/2024;31,4;27,4;33,98;27,1;24,23;34,09;27,13;32,27;30,02;29,22;27,55;30,04;29,0;28,07;31,9;30,85;29,24;30,43;30,58;26,84;25,64;26,91;28,84;26,39;33,09;31,92;38,5;33,86;39,16;41,24;57,8;45,71;52,34;53,55;46,52;53,75;47,98;56,27;53,91;40,35;35,51;53,96;41,86;45,38;32,71;38,0;56,18;47,52;47,99;47,15;38,61;51,1;50,48;64,94;64,66;49,68;51,15;39,82;42,32;40,71;41,13;44,76;32,1;47,35;45,12;32,54;47,49;46,74;46,25;43,6;40,68;40,57;40,03;39,24;46,67;44,85;35,34;37,91;48,8;38,55;40,12;40,9;39,73;41,27;35,08;32,65;34,92;29,15;34,49;31,87;32,37;33,08;23,67;32,63;24,32;9,9;;;;
09/05/2024;25,69;26,27;29,44;32,6;31,15;30,96;31,02;33,33;26,72;29,38;30,41;33,13;25,4;33,32;29,08;25,04;23,33;30,9;25,62;26,08;26,27;25,08;33,38;25,75;36,44;30,67;34,79;38,5;30,13;51,92;47,36;54,07;53,17;54,01;61,94;49,71;57,71;49,16;41,65;55,75;40,92;38,79;36,06;34,44;53,29;65,68;47,02;48,05;36,92;55,23;44,4;52,0;63,44;58,23;48,75;61,3;57,79;51,56;50,09;33,95;39,68;45,92;36,9;43,36;45,51;43,45;34,14;39,29;34,19;42,23;33,45;49,02;34,16;44,12;52,42;34,22;42,86;36,84;34,13;44,04;45,88;44,01;44,45;32,81;29,62;26,56;35,38;28,96;28,98;33,05;32,59;27,89;27,91;25,0;28,79;9,6;;;;
10/05/2024;26,61;26,34;34,5;31,93;31,11;33,27;27,53;31,83;31,69;29,57;32,43;26,54;34,17;28,88;29,52;25,83;24,41;30,64;23,28;29,81;24,58;30,4;27,13;25,75;26,79;24,79;33,99;32,89;30,08;51,51;55,82;63,63;55,93;60,97;60,18;53,92;44,57;54,3;47,79;41,91;60,35;46,23;41,26;38,17;54,85;61,4;51,67;60,49;44,42;57,62;46,29;51,76;64,64;55,25;56,65;57,79;52,5;51,48;41,34;48,64;40,93;37,84;49,7;52,97;38,68;45,98;47,52;37,24;38,01;50,89;40,71;52,52;47,41;37,25;41,79;42,44;41,31;44,5;50,02;45,81;39,16;33,3;41,3;36,12;39,96;31,5;27,47;30,47;30,83;30,32;30,68;25,64;28,7;27,38;21,79;9,3;;;;
11/05/2024;32,1;30,31;27,89;28,55;31,88;30,92;26,06;32,52;27,3;28,17;31,75;32,18;28,07;29,86;27,06;24,02;30,2;27,87;23,65;30,8;27,05;25,44;26,06;30,71;36,08;31,96;32,28;34,32;30,21;55,78;45,96;56,87;66,61;56,98;51,39;54,42;57,42;58,59;44,28;61,47;62,44;47,1;48,73;40,13;49,62;60,92;58,41;57,18;46,49;61,13;58,17;55,65;54,59;57,21;67,49;55,44;52,61;62,97;59,57;49,29;36,49;53,45;39,65;50,1;44,98;44,53;48,74;37,2;52,08;49,4;46,03;48,76;44,43;41,85;50,89;50,18;40,42;40,57;37,68;41,79;34,28;35,69;41,17;32,19;36,93;25,55;28,67;25,49;34,17;33,98;26,92;33,54;30,16;28,64;24,51;9,3;;;;
12/05/2024;26,35;27,22;31,69;26,66;34,14;34,09;31,6;33,07;29,72;26,34;31,68;28,78;25,79;26,28;33,59;24,82;30,17;29,98;31,44;28,4;30,95;27,48;32,42;27,44;33,68;24,32;36,65;35,98;30,68;45,49;43,8;48,87;58,86;59,89;53,18;51,21;56,9;53,3;39,09;43,38;49,14;46,68;42,7;42,05;45,14;56,05;49,13;40,62;50,79;47,35;59,85;47,36;45,29;47,8;56,89;51,2;54,6;51,31;43,18;37,96;35,4;33,88;37,42;44,71;35,65;33,74;38,93;40,04;36,27;37,06;38,81;47,55;40,68;42,72;42,24;35,63;51,57;43,44;33,62;38,79;47,57;42,86;34,77;40,03;34,47;34,63;32,23;37,03;28,97;32,38;29,7;31,01;26,77;31,75;22,81;9,6;;;;
13/05/2024;30,27;28,48;32,31;34,43;27,68;31,69;29,08;29,45;32,95;25,68;31,95;24,34;25,89;25,44;29,19;22,52;24,86;28,3;25,25;27,62;31,18;27,21;25,69;31,37;34,81;29,14;37,36;31,09;31,4;38,51;47,61;62,65;53,39;48,38;43,72;45,57;48,83;49,04;38,87;50,24;38,26;56,54;44,43;53,03;53,4;52,61;51,54;44,6;51,89;61,77;56,51;43,79;51,94;54,64;48,77;57,34;54,9;38,12;48,01;46,42;49,01;42,54;41,49;42,29;38,83;44,25;51,32;43,44;41,24;41,86;43,07;45,64;46,38;39,38;37,8;45,82;41,07;40,05;41,35;41,35;42,0;33,94;34,86;30,04;37,86;36,84;32,69;31,11;30,66;35,15;32,87;31,55;28,71;26,91;26,56;10,2;;;;
14/05/2024;28,68;32,22;34,13;27,55;30,68;27,69;33,64;33,16;32,99;31,8;27,09;27,41;27,15;32,57;31,48;28,84;35,18;31,57;34,86;28,95;34,14;27,29;27,65;32,89;34,57;36,48;29,04;43,15;32,07;49,03;54,18;57,73;62,03;60,73;48,32;55,42;60,29;49,91;41,12;47,91;51,91;45,76;44,26;50,29;48,62;56,27;52,0;47,71;40,33;51,6;52,29;50,76;62,03;63,48;49,31;51,48;43,84;51,53;45,0;39,09;45,92;41,66;48,28;38,92;44,4;37,69;48,51;48,79;34,91;42,5;49,93;57,17;47,61;37,37;37,99;47,74;39,88;39,63;37,61;37,97;40,42;34,12;38,55;30,18;30,28;33,8;30,59;34,92;28,75;29,69;30,86;30,69;33,6;31,75;31,69;9,9;;;;
15/05/2024;30,55;27,99;35,09;28,52;28,26;27,42;36,65;33,02;26,16;28,38;31,29;32,81;30,0;33,78;35,65;33,58;34,58;33,63;28,42;31,2;25,8;30,84;35,19;38,41;29,29;29,8;33,32;31,15;35,58;50,34;41,62;53,04;43,94;41,02;50,46;54,42;45,5;43,95;38,32;47,84;51,03;44,62;49,72;50,96;47,15;51,95;46,9;45,65;44,89;45,75;39,75;39,59;44,24;57,37;48,1;51,82;50,34;45,02;34,98;43,76;33,43;43,38;42,53;48,07;42,77;40,84;45,63;47,1;43,69;49,57;36,8;45,09;35,39;35,66;47,83;49,9;44,36;41,06;43,72;42,98;44,09;38,12;41,34;31,36;28,64;29,18;35,75;31,05;34,97;32,19;25,63;24,04;32,53;29,69;25,61;10,2;;;;
16/05/2024;30,87;27,2;28,95;27,48;35,22;29,55;32,72;28,75;27,18;35,05;25,27;34,85;26,23;25,5;28,32;34,98;26,68;33,2;26,26;30,42;25,87;27,2;35,83;29,46;26,89;26,4;40,88;40,48;36,18;42,02;63,68;46,1;56,7;58,74;48,11;39,16;42,57;55,55;55,67;45,13;54,29;57,09;44,58;47,1;50,73;50,96;52,09;46,1;40,03;50,95;54,06;42,99;61,22;58,53;62,8;63,21;45,82;50,2;35,02;40,11;35,5;40,27;45,94;46,66;35,46;37,91;49,91;48,0;52,39;41,28;42,8;41,6;39,47;41,86;49,23;51,47;50,13;49,59;42,38;43,55;39,36;37,53;32,27;35,04;33,36;32,64;33,34;36,17;29,32;27,02;34,43;27,53;31,33;30,9;27,06;10,2;;;;
17/05/2024;31,65;31,89;27,54;27,72;31,94;31,06;27,8;30,08;29,84;29,45;27,05;24,06;31,26;29,42;29,11;24,83;27,68;24,26;32,13;29,53;35,34;31,97;29,36;23,33;35,52;30,61;36,4;34,06;36,19;43,13;44,83;44,79;49,57;58,78;50,15;54,73;52,17;51,16;56,13;40,91;54,93;49,44;48,82;42,37;48,46;49,96;46,76;44,64;60,12;61,66;55,96;55,51;58,17;50,82;49,02;49,32;55,59;43,22;55,86;44,29;36,45;45,34;42,72;47,73;45,62;43,11;39,77;36,64;46,66;41,42;46,65;40,92;40,4;45,93;41,27;47,61;42,74;37,74;34,23;36,66;33,66;32,61;31,17;42,21;33,42;36,61;32,11;30,33;26,28;31,64;36,98;32,31;29,13;24,22;34,09;9,6;;;;
18/05/2024;32,44;32,76;30,31;28,53;37,34;31,15;26,74;32,74;35,23;33,2;33,66;26,64;30,68;30,23;29,43;26,99;26,16;34,13;25,4;32,68;33,43;30,91;27,33;31,02;29,19;31,8;33,84;34,89;28,55;51,54;45,4;48,84;46,77;41,74;47,86;46,24;49,69;54,88;53,03;47,28;63,15;44,13;44,89;46,2;49,25;52,56;53,71;44,95;41,65;57,39;58,16;45,5;62,31;50,15;60,46;48,72;40,65;58,47;49,05;42,35;47,85;43,6;35,64;41,02;32,16;34,16;35,4;38,43;40,03;44,56;40,0;50,51;46,61;38,89;39,54;43,15;47,98;34,21;43,12;34,89;37,7;39,47;34,35;29,18;33,68;29,44;29,42;24,88;29,61;21,26;27,93;22,98;27,44;24,99;19,67;8,4;;;;
19/05/2024;26,25;26,55;25,68;27,86;20,49;25,3;19,87;27,26;26,21;23,44;24,83;22,87;21,67;21,59;26,85;25,11;23,22;22,03;25,7;21,55;28,87;22,86;30,38;26,74;24,52;30,5;29,04;26,97;31,43;42,08;50,36;53,54;53,81;53,14;39,63;48,56;42,14;42,62;50,52;56,45;46,88;48,26;46,94;54,82;40,97;48,33;46,31;48,46;53,8;57,87;50,64;63,88;43,72;52,58;46,17;36,26;42,89;40,09;36,95;39,89;46,86;38,47;46,61;38,61;42,33;38,39;46,25;32,11;49,48;36,04;38,55;40,34;44,52;35,38;45,3;34,92;38,15;33,93;40,31;37,32;30,34;37,14;27,04;27,92;29,76;29,3;25,23;31,85;24,59;30,64;27,62;29,3;28,35;26,45;21,59;9,6;;;;
20/05/2024;28,62;22,32;25,53;29,03;30,1;24,86;28,32;21,65;28,45;24,04;31,54;23,71;31,09;25,72;24,17;25,7;22,81;25,63;29,33;27,18;25,93;28,0;28,86;26,56;20,87;29,9;26,02;32,72;25,37;45,5;40,19;46,57;44,07;42,71;39,84;50,6;50,77;50,29;41,66;44,03;37,76;49,23;51,29;48,57;53,63;44,91;40,58;58,75;51,63;42,42;40,53;37,85;47,58;50,86;43,49;49,73;44,25;35,92;38,15;48,4;40,88;30,89;42,78;39,95;40,17;31,72;37,01;36,41;33,84;42,13;44,86;46,71;43,26;47,81;41,31;42,47;41,7;41,65;43,26;39,14;37,39;35,23;32,01;37,69;26,68;24,26;29,91;24,31;25,2;27,04;33,07;23,2;30,3;21,64;24,37;8,7;;;;
21/05/2024;24,24;31,5;30,18;29,44;26,61;25,35;21,09;24,81;21,32;24,23;25,61;23,03;25,66;32,77;22,42;27,01;21,89;25,69;22,61;28,19;26,87;27,02;23,98;22,69;24,75;21,33;29,96;30,36;31,94;38,49;51,89;40,52;51,43;50,69;43,64;43,5;56,03;38,92;41,15;42,46;41,83;43,15;33,99;47,57;57,28;54,95;38,21;58,64;44,9;59,01;48,29;54,01;44,31;46,88;36,53;45,95;34,99;32,36;32,57;38,32;48,76;39,13;40,1;50,23;43,36;39,54;38,2;35,77;36,45;44,31;38,76;45,92;44,47;39,22;33,54;32,75;40,37;39,38;34,15;34,85;38,58;35,78;29,46;27,44;33,56;26,14;23,63;27,07;28,15;24,21;26,29;24,29;27,63;28,76;29,08;9,0;;;;
22/05/2024;25,6;29,67;27,0;30,39;24,78;26,21;24,87;26,68;23,43;23,48;27,69;25,7;29,75;22,25;30,6;24,6;33,39;27,95;23,58;23,69;30,95;28,88;25,27;27,27;26,38;23,95;30,1;33,23;27,44;39,63;38,62;50,87;47,76;49,12;42,24;37,86;56,32;42,02;42,5;51,27;43,14;44,78;44,37;40,96;60,69;42,29;41,36;41,92;45,35;42,24;33,82;38,19;33,26;46,19;40,06;41,55;51,33;52,23;46,34;47,0;44,25;36,26;34,81;30,83;31,14;29,62;33,3;30,54;31,26;33,63;40,07;40,67;45,28;41,76;45,28;38,23;34,0;42,51;36,36;37,47;41,19;32,0;25,75;29,73;26,01;28,78;25,57;29,92;26,5;24,68;30,26;27,75;26,67;25,87;31,91;9,0;;;;
23/05/2024;27,68;26,95;27,39;26,13;28,53;21,68;26,05;29,92;30,51;26,35;26,87;24,46;29,58;23,44;21,22;24,52;26,46;24,49;26,79;23,31;25,48;32,32;24,92;30,56;26,6;23,39;30,02;32,87;34,03;30,99;47,01;40,73;51,73;45,39;40,93;43,97;45,18;49,26;50,69;38,6;52,84;39,64;46,34;45,64;56,29;41,37;47,4;52,31;44,15;33,57;41,06;55,87;39,17;36,98;45,79;51,18;47,96;47,88;34,54;40,76;41,93;34,35;41,96;39,33;33,1;33,3;38,88;38,89;42,4;37,48;37,32;39,91;37,24;35,28;45,48;35,29;32,69;36,63;42,77;37,81;25,55;26,51;34,97;28,29;23,52;30,71;22,94;24,12;25,05;27,98;21,18;29,22;20,74;25,42;27,76;8,4;;;;
24/05/2024;26,85;30,26;29,08;28,43;25,92;27,68;28,19;23,82;21,25;21,2;25,22;22,98;26,93;25,75;23,01;28,86;26,83;19,74;25,64;21,73;26,88;21,0;23,41;22,37;28,93;23,9;31,52;34,91;28,19;53,51;48,51;57,58;45,37;39,09;48,47;52,66;57,25;51,26;48,36;45,67;46,22;42,05;49,27;56,26;41,08;46,9;62,89;49,71;49,36;53,41;61,94;60,62;51,34;49,37;61,03;50,6;49,9;36,14;39,28;46,31;48,16;47,77;35,39;47,99;44,33;33,79;44,84;35,09;49,89;44,12;38,27;54,12;37,68;45,71;45,23;42,01;36,03;38,11;44,03;44,01;36,74;30,98;39,47;36,15;30,52;29,07;28,0;31,92;26,75;30,19;27,95;22,64;27,2;21,38;28,89;7,8;;;;
25/05/2024;24,95;25,23;26,37;24,21;28,27;21,43;25,47;26,09;24,56;25,75;25,55;25,76;27,49;26,95;24,43;25,54;24,77;26,03;24,2;25,92;21,75;30,69;25,76;28,2;24,03;28,92;23,92;25,69;35,13;45,41;50,23;48,58;46,24;43,99;42,73;47,69;33,98;40,28;32,41;32,02;32,06;37,77;36,4;29,79;43,44;42,43;41,87;39,09;33,77;43,88;33,14;43,21;39,64;50,38;43,97;39,81;42,79;33,73;28,22;30,79;37,47;42,7;31,93;35,54;27,67;30,48;33,37;27,67;28,53;30,52;38,22;28,59;33,41;25,43;27,22;26,64;26,76;27,58;27,42;23,23;29,79;25,38;19,75;22,81;24,59;20,28;20,49;16,69;21,27;19,72;20,71;16,72;16,96;17,94;14,49;5,4;;;;
26/05/2024;15,62;14,71;14,91;17,82;16,81;18,83;14,89;18,29;20,04;17,2;17,65;15,48;15,34;15,61;16,96;19,5;18,1;15,35;14,31;15,36;18,57;18,38;19,57;17,83;16,06;18,8;15,19;17,87;28,0;34,13;39,96;34,73;36,08;28,71;27,66;29,81;40,83;35,46;33,66;31,37;50,18;35,31;31,65;32,35;43,42;54,8;36,44;38,13;46,78;40,78;30,13;30,18;40,98;43,88;44,32;44,97;35,93;28,46;36,47;34,02;32,04;27,01;29,0;23,54;29,12;29,5;27,25;31,35;33,91;34,66;28,9;32,35;28,51;31,55;31,87;27,18;23,7;33,67;29,23;25,67;24,93;27,47;22,47;17,99;20,93;18,37;13,57;16,4;14,73;13,57;17,86;15,33;18,24;16,66;17,14;5,1;;;;
27/05/2024;17,48;14,2;16,09;12,96;16,03;13,87;13,57;15,78;14,19;14,43;14,27;17,52;15,7;12,81;15,16;18,64;14,09;17,39;14,69;14,87;16,52;13,55;13,18;16,61;13,75;14,79;17,72;18,39;21,31;30,2;32,44;35,32;28,04;27,18;28,76;33,86;39,9;47,42;42,3;28,76;42,98;29,96;30,21;35,53;34,39;43,13;39,6;43,72;48,91;36,38;37,84;27,87;33,12;39,18;42,35;38,62;27,83;25,71;30,61;29,14;35,22;25,97;26,18;33,34;28,52;32,5;30,33;31,11;33,37;28,8;34,24;28,23;32,29;27,33;31,73;34,84;30,53;26,36;35,28;32,58;28,8;26,48;28,64;24,42;20,42;18,64;16,91;19,93;19,81;14,96;17,37;14,81;17,16;18,17;13,19;5,7;;;;
28/05/2024;17,3;16,24;13,92;17,83;14,52;14,81;18,16;17,14;15,69;15,19;16,8;16,58;17,11;14,25;16,45;15,51;18,84;16,06;15,37;15,77;17,0;16,73;18,25;19,62;17,68;17,14;17,98;17,73;24,13;31,66;36,47;49,29;44,75;36,47;36,53;38,84;32,09;36,33;30,47;25,87;39,95;36,4;42,6;40,19;38,53;38,76;38,75;31,51;41,31;43,19;36,24;31,04;39,16;37,23;39,83;40,56;29,11;26,79;23,06;30,41;37,05;32,43;24,28;28,28;31,05;30,24;32,5;31,22;32,19;29,73;31,51;32,97;36,25;26,91;26,65;32,2;35,88;30,22;34,04;24,92;29,24;28,36;24,49;21,11;16,49;18,63;18,87;17,61;19,05;14,18;14,7;15,87;17,66;16,7;17,06;5,399;;;;
29/05/2024;16,9;15,32;18,12;13,97;17,59;15,91;18,43;15,71;15,42;18,02;18,2;14,38;14,37;16,91;13,68;16,27;15,73;18,4;14,36;16,99;14,23;13,7;16,68;17,33;18,66;15,77;19,56;19,04;27,63;26,42;36,55;32,5;34,58;28,64;33,19;34,61;43,71;35,2;34,4;36,69;29,08;31,62;32,94;42,98;36,91;35,59;35,65;35,66;42,91;40,64;29,76;28,24;29,64;36,37;34,74;36,48;42,79;37,68;32,16;33,49;25,84;22,83;24,69;22,35;27,53;26,28;21,12;24,81;24,56;34,58;27,98;28,7;30,01;25,29;34,56;34,86;32,33;26,69;29,0;29,72;27,97;22,93;18,0;24,85;18,47;22,19;16,86;19,61;17,67;18,27;14,3;17,32;19,8;17,84;17,95;6,0;;;;
30/05/2024;14,95;13,84;20,86;19,9;14,58;14,69;19,71;13,94;16,92;18,56;16,07;17,13;15,85;19,07;17,04;13,54;16,66;19,53;12,78;15,34;17,19;16,96;18,09;17,36;17,46;19,28;18,12;20,74;26,72;33,37;37,11;33,16;34,11;37,74;37,98;34,08;32,49;32,0;29,29;32,58;33,19;36,7;33,07;28,07;30,62;38,45;33,14;36,16;32,13;36,68;45,69;32,09;26,32;34,98;35,58;45,19;36,6;37,58;34,21;23,11;28,34;23,31;23,82;29,17;23,49;21,79;32,85;23,05;28,97;33,8;27,32;35,46;33,63;31,16;33,1;29,34;34,23;32,34;31,03;29,35;29,53;22,3;20,02;18,98;16,76;13,99;16,94;15,26;12,97;15,7;15,48;15,62;12,76;14,03;17,53;5,1;;;;
31/05/2024;14,89;18,87;16,17;17,41;16,36;17,14;16,69;12,8;15,12;15,54;13,38;16,51;14,21;16,28;16,44;16,65;13,62;12,82;13,82;17,85;14,53;14,98;19,92;16,11;15,15;19,76;19,13;17,39;17,51;33,76;36,75;36,3;35,78;34,17;39,33;37,63;39,32;40,41;35,36;37,34;35,38;33,02;32,67;39,05;48,79;40,04;40,91;32,84;49,12;38,29;36,21;30,2;40,26;38,16;42,95;40,69;31,84;30,92;28,46;35,41;30,62;29,94;33,28;30,61;26,02;26,06;32,31;30,2;27,65;32,01;26,78;31,81;32,46;28,12;29,44;33,49;28,51;35,9;29,35;26,47;23,81;25,06;28,07;18,25;16,22;19,92;15,79;19,15;20,56;17,77;16,3;15,05;14,99;17,43;17,41;5,7;;;;
01/06/2024;17,26;13,94;16,46;15,55;13,99;16,34;19,9;15,87;14,98;15,6;17,75;16,96;16,19;14,67;13,82;14,59;18,58;14,27;14,32;14,04;16,01;17,42;18,69;15,64;19,75;19,48;18,05;23,54;20,37;38,92;35,73;37,58;30,94;37,27;39,26;42,62;34,15;31,63;40,15;36,28;43,86;38,4;27,05;28,34;29,24;49,42;28,67;31,48;37,43;40,7;39,02;39,14;39,27;44,97;39,83;47,71;38,68;44,37;39,27;34,34;24,25;26,51;31,61;28,86;27,5;28,2;25,44;33,48;29,52;29,98;37,4;33,34;32,16;29,05;29,25;30,82;34,63;25,37;23,2;30,96;27,74;25,2;21,66;17,06;19,82;17,76;17,39;19,56;13,53;14,09;14,96;15,96;15,12;17,59;17,71;5,101;;;;
02/06/2024;13,36;14,65;15,6;14,22;14,3;14,28;16,57;16,81;18,24;15,45;17,68;17,05;15,29;17,3;14,84;18,72;14,65;18,12;13,3;17,19;17,09;15,49;18,68;18,37;14,18;17,95;20,74;20,8;23,54;33,0;33,8;32,19;40,65;36,48;39,06;44,32;47,63;47,26;30,8;33,17;32,58;38,12;35,35;32,22;40,07;43,96;43,51;31,63;33,89;33,29;44,91;34,05;33,98;39,18;37,15;39,08;40,94;30,94;29,9;29,26;28,27;33,24;31,58;34,81;29,25;25,23;31,94;30,63;24,86;35,37;34,18;38,84;28,19;24,17;24,83;31,94;28,04;24,05;24,48;29,33;25,91;20,13;18,89;23,14;22,14;17,65;21,57;18,05;19,73;16,44;18,83;16,55;17,58;17,74;16,25;5,4;;;;
03/06/2024;15,13;15,99;18,01;15,84;14,91;13,68;16,82;14,85;18,7;16,21;19,67;13,25;18,74;17,19;16,56;14,08;16,68;19,85;12,97;14,78;15,95;16,65;16,0;18,89;20,17;17,23;24,17;25,64;20,82;29,38;31,29;38,99;38,97;38,48;35,47;29,46;35,93;43,68;38,41;42,1;32,43;32,31;34,6;42,37;34,34;38,45;37,32;33,58;36,51;45,35;36,31;46,87;40,59;38,24;39,2;28,84;32,71;35,83;25,21;31,44;38,75;29,86;29,12;32,06;25,78;25,12;31,38;31,61;29,09;27,49;28,33;30,7;41,81;26,25;31,32;33,75;30,13;22,81;26,54;32,4;26,45;26,47;21,03;23,15;22,35;17,11;19,94;19,08;18,88;18,84;18,35;14,46;15,45;17,16;14,15;5,1;;;;
04/06/2024;15,79;13,87;13,91;13,43;16,05;14,61;17,61;17,32;16,96;17,12;16,68;15,43;16,34;13,43;16,16;16,46;13,79;17,1;12,85;15,37;12,08;15,69;16,84;15,94;17,11;16,43;16,96;16,51;16,27;36,42;44,03;39,11;38,77;32,61;34,71;30,03;32,13;42,84;26,78;38,87;28,37;31,86;35,71;35,66;38,51;42,45;28,89;35,38;34,87;31,74;37,23;31,51;33,82;45,84;35,09;41,77;34,55;34,43;35,27;33,97;31,68;30,84;23,95;23,85;25,79;34,33;29,71;32,54;27,88;36,5;37,17;35,07;37,08;25,04;27,79;29,3;33,55;23,86;26,89;22,11;28,58;27,89;21,04;20,76;19,89;20,61;18,97;15,3;18,72;14,8;15,39;15,69;14,33;13,96;19,78;5,1;;;;
05/06/2024;12,35;18,19;12,31;14,96;15,3;15,22;16,14;13,77;16,63;15,76;15,68;14,1;15,28;14,87;13,63;15,47;17,29;14,97;16,47;15,54;15,69;18,24;12,62;17,94;18,63;16,6;18,43;15,87;23,77;39,15;32,69;44,98;40,0;37,86;27,96;37,18;29,16;40,92;29,9;32,08;29,66;38,87;37,72;35,48;30,36;43,6;37,82;34,03;29,69;30,44;23,56;42,9;46,39;36,65;47,78;43,06;38,36;36,87;32,98;30,3;33,26;25,74;28,51;31,26;23,14;26,67;22,94;31,5;28,54;36,69;24,91;37,98;28,22;27,91;28,4;27,7;27,17;30,32;26,29;23,58;28,88;22,19;16,55;14,62;20,83;19,43;18,34;20,79;14,46;15,81;19,84;15,65;16,71;18,68;17,35;5,7;;;;
06/06/2024;16,23;18,08;13,78;15,79;17,44;16,11;16,7;16,71;18,75;13,91;14,14;16,68;13,35;16,58;18,74;16,43;18,68;16,56;16,87;15,49;16,71;17,79;18,59;15,55;15,25;25,69;24,38;25,07;22,98;34,8;34,19;30,62;34,2;44,64;31,8;31,25;41,32;35,46;34,19;33,18;26,67;37,44;30,14;33,0;34,3;43,73;30,27;29,34;36,28;38,46;40,07;32,92;36,67;38,52;37,93;33,95;30,05;29,84;31,26;28,91;29,01;27,22;32,29;25,03;26,46;22,39;25,28;29,13;27,03;28,92;27,35;34,23;32,72;29,82;30,62;28,55;25,45;29,98;30,8;33,58;22,57;20,23;20,93;20,14;17,95;19,76;17,65;17,64;16,89;16,63;20,16;18,45;17,01;17,04;19,68;5,7;;;;
07/06/2024;17,92;18,29;15,94;16,85;21,83;18,44;19,02;19,35;17,52;14,71;19,98;17,54;19,21;19,39;19,24;15,12;20,82;15,52;19,88;21,01;17,26;17,36;20,63;19,58;15,56;18,14;21,18;23,59;28,59;26,44;47,19;41,67;35,67;43,2;34,78;34,66;40,56;39,1;31,61;39,91;42,8;37,56;37,54;38,13;48,08;43,38;42,0;38,46;39,1;41,86;30,95;34,46;50,38;44,47;41,38;36,86;35,03;33,77;36,79;36,93;30,98;29,79;32,46;25,97;34,03;31,15;31,02;29,05;32,58;37,52;40,52;42,93;37,0;37,63;30,74;28,23;34,49;28,95;25,84;32,32;24,19;25,89;18,75;25,04;19,91;21,59;18,79;14,77;20,14;17,51;14,17;20,41;17,86;15,41;16,03;5,1;;;;
08/06/2024;17,93;15,64;15,54;13,79;18,35;16,46;16,0;18,59;14,4;14,91;17,27;15,75;15,75;19,33;17,8;15,92;17,92;16,9;15,35;18,22;17,65;14,23;18,23;18,27;14,87;19,88;18,3;22,72;22,07;30,07;40,66;46,49;35,87;41,57;33,43;29,56;53,13;41,97;26,1;38,27;41,99;38,5;37,83;32,36;33,21;48,95;43,3;34,62;51,74;46,25;41,7;36,94;39,89;50,17;49,99;33,4;36,09;32,11;35,43;33,31;40,9;39,26;31,92;31,75;30,55;35,74;36,22;27,41;30,41;38,76;28,89;39,27;34,83;25,8;36,23;28,34;30,68;27,36;25,4;26,95;32,04;28,01;22,06;19,28;19,64;18,67;16,04;16,66;16,48;15,31;15,88;16,31;17,01;19,72;15,77;5,4;;;;
09/06/2024;17,44;16,53;14,89;15,88;16,66;16,61;15,95;17,96;15,65;17,33;15,1;15,38;14,84;17,72;15,87;17,64;15,91;13,63;14,56;17,39;14,59;15,91;16,62;15,22;16,68;17,18;19,54;20,84;23,57;38,1;39,51;41,98;34,94;45,13;36,41;33,73;36,48;35,53;40,34;45,23;30,26;36,45;38,33;41,45;38,57;46,85;36,7;33,7;50,91;35,27;41,59;39,76;40,36;48,25;53,18;52,7;32,31;39,96;31,83;38,98;37,35;27,97;28,87;28,46;27,84;37,22;32,78;32,48;35,99;28,5;37,66;43,93;32,78;31,42;32,57;36,64;29,4;33,57;36,58;31,66;33,64;25,17;21,24;28,17;18,14;21,69;19,84;18,8;15,32;17,79;15,3;15,37;15,97;14,94;15,26;6,3;;;;
10/06/2024;18,74;18,62;17,94;17,07;15,46;17,83;17,15;16,02;16,84;18,02;14,14;16,69;18,59;14,97;17,75;18,82;17,37;17,21;17,26;19,13;18,64;14,29;16,01;15,1;16,5;16,43;18,05;20,79;22,72;22,71;34,83;37,97;48,14;42,71;33,83;36,42;38,41;31,04;29,18;30,63;32,63;34,04;36,51;28,76;32,89;39,97;48,5;46,81;39,45;42,14;49,96;45,11;46,52;45,75;34,1;46,12;42,08;36,31;41,26;35,43;38,64;41,41;35,81;36,02;36,86;35,29;37,82;40,83;44,02;43,27;36,6;37,95;42,5;32,86;37,19;29,12;37,7;37,11;31,85;34,19;36,37;25,48;30,62;27,69;22,81;23,8;17,28;19,05;18,03;20,26;17,48;20,03;21,0;17,65;17,68;6,3;;;;
11/06/2024;20,01;17,18;20,58;14,36;15,71;19,04;16,92;17,7;17,03;17,55;19,13;20,5;16,12;18,25;21,6;16,14;15,09;18,83;21,55;17,17;14,38;19,24;14,62;18,26;14,62;14,97;17,78;22,49;16,09;28,31;33,52;48,68;38,61;33,64;41,4;35,21;32,94;29,01;33,38;37,16;30,59;31,17;26,43;43,54;36,12;37,83;42,71;38,72;38,63;41,1;41,37;42,61;43,51;47,17;30,29;25,76;35,58;33,49;32,13;29,14;31,63;27,04;29,8;44,28;40,39;32,57;44,36;43,76;36,46;37,0;38,84;42,82;47,84;42,2;43,33;37,52;33,72;33,46;31,66;26,64;33,06;26,08;25,93;18,68;22,68;16,98;21,67;21,15;16,98;15,39;19,7;19,55;18,86;18,38;18,35;5,4;;;;
12/06/2024;17,75;15,56;15,38;17,34;16,3;14,36;18,33;17,75;18,25;16,63;17,14;15,2;14,65;15,7;15,1;17,09;16,23;19,51;16,05;15,16;17,87;17,51;17,38;19,41;19,23;17,2;16,47;20,79;24,63;35,19;33,06;29,06;29,7;37,15;27,62;34,78;31,11;37,34;32,54;40,87;36,03;39,97;36,63;36,52;39,09;36,34;42,1;43,63;34,83;43,25;35,05;35,46;37,78;35,59;40,26;51,96;45,09;37,36;45,17;31,87;30,96;28,78;35,35;29,83;34,92;40,91;33,39;36,31;35,58;49,65;39,38;35,29;37,84;43,3;42,7;41,68;35,96;36,69;29,58;32,34;27,4;32,37;26,45;22,15;19,45;24,65;19,42;23,98;21,48;19,52;24,02;19,82;18,41;20,39;19,9;6,301;;;;
13/06/2024;20,22;17,74;18,96;20,08;15,76;16,67;21,11;18,06;18,31;16,01;16,39;15,66;19,66;19,65;16,73;18,67;17,95;16,44;19,8;19,45;19,69;18,58;18,95;15,24;16,81;17,85;19,36;17,9;18,32;31,91;39,46;36,32;35,61;27,93;41,15;35,88;34,07;38,87;37,65;31,56;29,47;35,79;42,95;38,26;35,58;35,98;33,82;54,11;62,9;37,98;46,53;47,39;55,53;51,96;58,16;46,48;46,98;51,16;39,83;45,96;32,18;40,39;34,1;30,45;33,18;35,79;36,96;40,76;47,29;43,01;45,29;48,34;52,91;46,63;41,11;39,33;43,05;39,32;38,55;42,95;37,26;32,53;33,07;26,53;27,18;30,68;34,53;40,83;31,79;45,14;37,86;35,22;35,36;38,96;36,81;12,6;;;;
14/06/2024;29,36;27,54;27,52;28,65;29,67;31,32;32,62;33,61;32,15;24,49;29,56;28,7;31,75;33,9;26,04;32,41;34,09;30,87;29,67;27,03;24,77;28,0;26,76;21,91;26,77;34,41;29,89;28,62;26,1;35,14;46,75;42,1;42,38;51,23;45,91;40,16;48,75;37,75;38,57;36,11;44,39;38,78;45,79;40,34;53,13;58,86;68,04;55,86;60,29;49,33;57,88;47,7;57,94;59,85;55,2;46,06;41,27;45,54;49,96;52,83;49,09;50,25;40,75;65,95;49,85;55,63;51,28;65,71;70,57;54,93;63,43;70,28;62,15;56,66;50,24;62,76;50,1;53,71;48,2;44,96;50,33;47,71;40,04;39,55;47,58;37,24;32,67;38,93;36,08;36,2;35,77;39,95;23,81;31,95;28,49;9,6;;;;
15/06/2024;30,51;32,11;25,67;24,49;26,68;27,08;23,4;27,23;27,48;30,33;24,47;28,39;28,55;29,54;23,33;24,2;24,31;24,35;28,59;24,29;28,06;27,2;31,49;27,19;23,29;24,57;27,95;28,11;27,93;35,14;35,44;45,75;53,13;51,76;50,9;46,17;48,32;36,95;46,75;48,88;41,06;40,75;57,82;52,21;49,19;58,71;52,26;47,18;64,59;56,52;57,21;60,2;57,05;63,76;49,33;53,38;62,65;38,29;37,46;43,38;37,74;49,13;54,93;46,25;54,06;42,25;59,54;58,12;57,41;54,89;57,15;59,86;47,49;47,84;51,72;47,2;57,49;51,72;41,49;34,52;31,76;37,27;27,84;27,31;27,17;39,12;31,17;34,74;29,87;34,6;30,35;27,03;32,26;30,31;30,39;8,7;;;;
16/06/2024;22,65;21,12;25,21;24,17;22,27;21,68;26,21;27,55;20,94;23,55;26,4;29,49;30,87;22,08;32,44;26,61;30,82;30,37;23,73;26,24;29,29;29,12;25,23;25,89;23,08;27,63;29,43;30,54;31,2;43,69;35,61;43,72;46,9;40,81;38,96;34,35;47,71;33,85;37,99;51,48;49,12;50,64;41,71;41,23;52,42;60,67;58,12;61,07;57,74;51,73;55,07;57,16;48,21;50,53;53,45;44,19;43,95;38,67;42,19;50,92;41,56;42,23;49,42;55,2;58,45;49,19;52,43;59,35;58,26;49,22;47,71;54,72;58,52;51,53;56,46;42,98;42,35;39,89;38,37;43,55;45,01;40,76;34,67;40,19;30,37;32,83;30,64;34,52;25,18;27,08;30,07;31,12;27,19;27,33;29,88;9,6;;;;
17/06/2024;21,53;24,53;29,25;27,52;29,89;29,86;24,5;21,46;30,14;23,87;28,37;20,1;28,02;22,31;18,27;23,83;22,49;24,64;34,61;30,48;32,03;29,2;31,47;26,52;26,47;20,44;20,8;21,53;22,61;22,6;39,3;41,21;44,31;50,86;49,03;50,38;39,26;32,13;33,89;37,98;33,3;54,67;49,89;65,65;54,05;55,87;60,35;45,79;54,88;50,94;41,66;52,67;47,48;66,98;59,55;48,96;45,02;47,93;60,72;53,8;57,12;52,12;48,05;50,84;46,8;61,29;62,77;62,03;45,78;46,65;62,36;53,54;66,99;55,17;51,99;51,69;49,38;42,91;43,64;51,19;50,51;40,16;36,13;38,91;36,71;33,21;30,33;31,2;27,61;23,96;20,31;21,13;25,58;22,14;28,84;7,5;;;;
18/06/2024;23,38;22,1;26,33;20,01;23,52;26,7;22,85;22,87;18,91;19,3;21,56;25,67;22,49;21,35;21,05;24,49;20,23;21,34;21,43;20,83;24,74;21,3;23,15;23,1;22,96;18,31;19,45;23,7;29,55;31,78;50,43;52,35;46,85;37,41;52,11;34,94;54,33;50,56;46,41;44,29;45,26;45,86;51,56;64,49;60,56;58,12;55,78;63,48;64,83;53,89;54,54;58,72;67,06;49,36;55,72;56,68;43,05;46,47;48,89;56,61;46,53;42,68;52,52;55,02;65,44;46,82;60,29;62,7;61,68;57,21;51,12;62,83;56,52;45,8;42,47;40,48;53,85;45,21;43,78;48,07;43,73;32,77;37,74;36,97;30,53;29,01;31,0;34,29;27,28;29,3;24,77;23,26;26,37;22,18;24,47;8,4;;;;
19/06/2024;26,13;26,43;29,92;21,28;24,52;26,72;28,12;24,17;27,87;24,79;26,38;25,57;23,0;20,74;28,14;20,51;25,33;21,16;20,0;22,77;21,89;24,54;25,42;24,98;22,68;19,64;22,55;33,35;35,46;41,57;38,6;45,53;36,16;41,34;38,43;35,37;50,07;38,18;44,19;47,67;48,21;35,76;46,21;59,87;56,71;45,28;52,19;58,09;57,55;43,57;51,9;51,99;50,7;53,76;49,16;52,15;41,21;47,44;46,57;46,3;41,0;46,18;44,47;53,18;56,03;53,36;41,79;43,19;56,22;53,71;43,52;60,12;49,39;41,95;42,09;47,46;47,24;49,12;43,17;33,73;34,22;36,38;25,05;25,87;32,6;25,3;24,38;23,98;24,92;26,59;25,53;24,39;23,93;28,54;21,01;8,1;;;;
20/06/2024;26,22;28,0;25,69;25,13;21,67;22,73;27,24;23,56;21,94;22,81;26,29;20,8;22,54;19,76;21,26;20,54;23,69;23,94;22,44;22,25;26,05;27,27;22,3;17,35;21,02;17,94;25,61;21,25;26,64;44,87;35,6;39,95;43,34;45,65;33,1;37,48;35,99;35,28;36,97;44,41;36,72;37,97;33,79;44,3;54,49;48,38;48,56;47,35;39,12;43,3;38,36;49,7;45,4;45,22;49,33;51,5;55,63;51,32;50,89;55,59;40,35;43,64;40,69;42,15;39,88;48,65;46,7;60,8;39,45;57,1;47,5;57,28;46,93;44,09;38,59;47,75;46,12;42,64;44,53;41,43;40,63;33,82;29,86;26,58;30,23;23,2;25,59;26,62;25,09;22,21;20,89;23,41;19,51;25,08;20,61;7,2;;;;
21/06/2024;23,39;23,07;22,12;28,06;24,43;21,26;20,82;19,36;26,26;19,05;22,54;18,94;24,05;26,55;24,13;19,88;25,65;23,66;23,6;20,46;23,59;20,72;18,63;18,74;23,77;20,76;17,66;22,45;23,07;40,17;34,6;44,18;51,95;42,02;38,57;41,19;43,54;50,6;45,28;40,74;33,07;49,86;43,32;44,82;53,13;55,29;46,89;60,43;61,16;58,8;59,24;58,49;59,57;48,6;51,43;58,7;50,5;46,33;50,04;56,84;54,39;54,53;66,65;66,18;68,32;69,18;51,19;55,15;61,36;54,64;66,2;55,87;62,5;49,13;59,93;61,32;55,61;55,05;58,39;54,06;47,55;45,71;40,25;34,9;37,98;33,6;28,43;33,42;32,82;25,38;30,96;30,04;26,2;25,03;26,05;9,3;;;;
22/06/2024;26,72;28,53;25,91;29,19;28,01;29,09;21,83;26,95;27,34;23,52;22,68;23,57;21,63;27,63;24,51;20,3;29,02;21,92;23,08;21,99;18,26;20,79;19,04;20,64;16,66;14,77;18,27;17,24;23,04;23,85;33,81;42,53;40,1;43,58;37,88;38,38;41,62;42,84;44,0;44,51;34,0;51,13;45,57;41,68;63,39;51,23;44,04;48,76;38,04;36,98;48,09;51,98;50,34;57,34;58,11;55,52;54,87;48,05;51,17;55,97;42,4;53,59;51,07;47,08;59,65;59,29;58,4;44,97;51,86;49,5;59,41;63,41;55,12;51,51;48,17;49,7;45,72;47,71;53,25;48,7;38,11;39,51;35,07;43,26;30,07;34,78;36,3;34,85;32,67;26,1;26,61;28,76;24,8;26,92;29,47;9,6;;;;
23/06/2024;29,19;24,8;21,74;22,26;25,81;25,9;26,75;22,72;25,59;26,42;21,52;22,77;18,01;22,18;22,64;20,71;25,09;19,15;22,0;19,98;17,92;21,74;20,85;18,92;17,74;22,01;15,89;19,6;25,26;42,75;47,06;37,77;42,13;43,64;42,37;35,42;38,53;34,44;50,4;39,75;40,79;36,39;39,62;46,11;46,17;62,17;42,19;60,73;61,2;60,92;50,73;55,68;53,74;60,66;54,15;57,28;64,76;52,91;59,65;49,48;44,76;44,04;45,31;48,23;59,0;56,33;59,08;64,55;58,41;49,35;62,82;53,96;49,57;55,55;46,02;46,58;45,78;47,65;49,94;38,41;42,48;39,23;38,21;43,64;37,47;25,65;29,84;33,68;32,93;29,92;32,89;30,33;28,14;21,37;19,85;7,8;;;;
24/06/2024;22,72;20,42;26,36;17,43;20,57;20,66;21,32;19,01;23,1;23,12;22,91;23,11;22,89;22,74;20,25;20,66;19,76;20,73;21,91;18,56;19,56;18,83;20,26;22,05;20,21;21,01;19,27;21,11;25,99;31,9;42,51;50,52;41,98;44,4;39,35;32,76;35,58;34,59;37,73;40,79;47,18;45,03;33,39;43,84;47,75;57,43;63,57;55,42;48,39;54,57;50,62;56,55;48,27;38,58;48,95;55,17;49,02;51,02;54,74;47,13;45,64;46,88;39,64;38,52;38,02;47,08;45,63;39,6;43,35;47,37;40,98;50,16;57,09;51,0;40,92;39,47;44,86;42,08;40,92;33,89;36,97;33,45;37,5;36,3;27,72;24,29;24,59;25,67;26,72;25,44;25,73;26,93;23,65;29,21;21,12;7,8;;;;
25/06/2024;23,74;20,24;23,59;24,93;23,3;20,72;20,1;22,55;18,32;23,42;19,9;23,7;19,33;23,76;23,4;20,57;19,29;21,04;23,46;20,11;22,22;22,42;16,4;15,79;18,13;17,8;15,26;16,74;22,51;32,25;40,2;44,83;41,71;29,01;30,08;26,1;29,2;36,01;30,36;31,27;26,81;30,68;32,32;31,34;38,29;49,05;39,08;48,8;57,18;43,1;48,61;40,66;41,96;48,24;50,84;37,37;39,95;45,38;40,0;42,96;29,68;36,3;40,82;39,18;35,37;45,32;42,99;44,1;50,24;44,15;42,19;48,43;42,71;46,47;42,13;39,96;43,64;41,0;45,05;34,2;42,1;34,14;34,41;25,79;23,54;24,39;25,17;22,03;22,29;19,8;27,48;20,64;25,92;19,53;22,03;8,4;;;;
26/06/2024;20,83;27,18;22,72;18,64;25,63;21,35;17,64;18,38;17,14;21,36;20,74;19,38;24,29;22,77;22,63;23,1;21,0;20,03;18,38;20,8;19,38;16,87;18,28;22,34;21,62;22,27;19,17;26,05;25,93;36,35;40,38;50,72;43,31;42,94;39,57;34,36;31,43;41,21;38,31;37,23;35,3;42,83;40,82;43,25;50,8;52,98;56,68;55,74;50,64;55,9;37,41;45,41;59,78;50,78;61,1;61,11;49,52;61,36;44,47;60,4;54,69;57,58;41,15;46,01;48,73;54,31;44,87;51,48;51,95;49,66;53,71;59,63;53,66;52,85;44,03;46,66;54,38;43,11;50,84;50,47;43,25;44,14;36,93;46,01;34,63;27,18;31,41;32,12;31,94;29,08;23,75;21,31;25,39;25,62;18,95;7,8;;;;
27/06/2024;19,46;20,48;22,81;14,91;21,47;15,96;15,66;16,69;13,59;18,25;17,49;19,76;16,52;16,98;16,38;18,3;20,01;16,42;13,97;16,95;16,61;18,54;16,78;19,35;14,08;19,81;18,24;16,97;27,4;40,37;28,5;37,49;36,84;32,97;45,84;43,13;43,63;45,82;49,04;40,44;48,52;42,72;54,8;47,52;48,59;48,29;67,46;59,73;54,4;47,08;56,63;63,7;47,54;49,02;48,83;76,77;59,76;50,15;53,87;53,36;63,88;47,27;55,27;55,38;55,01;43,59;58,25;50,08;56,81;61,11;48,75;55,06;64,49;48,5;58,14;50,18;51,05;49,79;56,02;53,08;40,87;38,89;46,85;38,39;36,15;35,83;29,41;31,22;35,28;31,54;31,21;33,24;37,49;27,2;30,52;9,3;;;;
28/06/2024;33,68;20,03;24,17;26,87;25,68;27,34;25,93;23,65;22,16;24,89;23,81;20,19;20,7;26,31;20,12;20,49;22,83;21,98;18,93;22,24;21,46;22,33;19,94;21,45;23,84;25,16;25,49;28,92;33,79;37,46;46,58;43,05;53,21;61,51;42,14;39,8;55,3;47,43;48,91;46,89;59,16;56,61;47,21;44,84;60,97;72,73;57,59;66,16;67,64;63,7;63,92;60,57;62,91;49,75;59,02;56,73;57,37;50,71;62,05;55,77;56,48;65,55;57,97;65,0;63,53;50,13;61,92;63,61;50,22;51,49;67,42;71,23;62,93;56,47;54,91;63,2;53,33;50,57;53,37;50,86;54,27;57,18;43,28;44,86;47,12;40,49;38,41;38,0;33,78;42,74;36,75;38,16;41,13;36,1;30,54;11,7;;;;
29/06/2024;34,49;26,31;31,15;32,13;35,17;25,82;27,92;29,25;29,28;30,27;30,6;29,88;34,92;27,46;33,21;31,92;27,92;34,05;24,67;35,53;35,46;27,22;34,21;30,56;32,7;31,76;32,07;35,95;36,93;34,71;41,43;47,39;43,11;39,48;37,27;41,9;43,08;44,59;38,95;46,16;43,95;60,82;59,33;53,41;57,6;47,94;74,32;67,35;47,14;52,83;61,16;53,45;57,09;74,42;59,66;51,48;67,58;58,69;44,15;58,46;60,43;49,66;52,23;47,07;69,14;46,94;59,78;51,57;55,93;59,18;73,84;61,07;56,1;60,54;57,77;48,38;47,72;56,35;45,07;46,98;51,12;46,53;41,46;35,23;35,75;34,13;37,6;30,02;26,95;27,18;26,26;32,43;31,86;35,05;28,96;9,9;;;;
30/06/2024;28,99;27,9;30,49;34,0;33,07;30,51;28,32;26,26;24,87;26,82;26,76;31,82;29,7;30,49;27,14;23,14;28,89;28,54;29,95;31,55;28,44;31,18;29,5;31,65;22,78;22,45;22,61;21,22;27,48;32,58;45,31;44,7;49,68;55,71;44,44;55,04;50,84;44,51;48,5;39,59;46,66;48,85;51,7;41,86;48,18;44,86;47,6;48,45;59,93;42,49;45,76;58,82;45,3;45,19;58,09;47,29;50,16;45,67;44,14;38,3;50,34;46,98;44,84;49,78;45,06;40,33;40,85;48,02;45,18;52,21;41,5;50,63;48,92;41,09;49,49;59,34;52,24;48,24;46,41;46,32;44,12;37,9;44,32;47,8;29,53;26,31;34,42;25,29;25,85;25,74;27,63;22,48;17,27;19,77;23,6;6,9;;;;
01/07/2024;22,19;20,35;24,14;23,0;20,6;19,65;19,94;16,94;19,61;22,23;18,87;17,83;21,72;21,97;20,28;17,7;18,76;18,82;17,03;19,5;20,69;18,48;20,58;19,87;20,92;18,05;23,28;22,56;25,19;32,9;40,8;45,51;40,0;33,52;34,09;41,86;28,87;44,77;31,32;40,26;39,8;39,19;41,87;56,54;61,63;55,31;58,8;54,76;61,95;61,93;67,11;50,2;53,18;66,81;61,08;53,87;64,83;53,56;51,93;59,41;45,83;58,36;55,63;64,7;57,21;63,98;67,5;55,8;57,36;61,14;66,59;72,48;46,4;63,82;66,39;59,5;57,81;51,78;44,55;48,18;47,47;41,11;41,59;48,19;36,54;32,02;29,49;38,19;32,44;27,1;35,82;32,16;31,76;30,22;29,45;11,1;;;;
02/07/2024;27,6;30,29;34,19;25,53;33,05;26,72;32,69;33,14;27,13;33,2;26,29;29,35;31,8;27,04;32,45;24,98;24,78;29,25;27,18;26,68;25,08;27,84;24,27;19,76;18,23;18,74;21,72;18,48;20,41;32,39;47,88;46,96;43,15;36,85;34,95;30,46;33,42;29,29;32,18;29,34;35,3;32,81;35,91;49,38;47,89;53,26;48,65;43,27;47,73;43,55;44,67;56,14;57,14;55,54;67,69;49,34;60,49;48,18;50,59;44,09;49,36;42,85;49,85;47,85;64,13;58,79;59,46;49,68;59,16;57,15;56,63;48,31;46,0;51,65;53,13;55,32;47,7;43,7;51,25;41,76;37,99;48,77;33,89;33,38;32,86;38,05;37,03;38,48;32,08;38,81;30,77;30,74;25,58;28,61;28,62;8,4;;;;
03/07/2024;22,87;23,17;29,58;26,4;25,17;29,13;23,23;21,64;27,93;21,63;28,22;26,49;29,1;23,95;30,64;26,59;29,32;23,75;24,67;23,83;26,69;27,16;27,74;21,48;18,64;21,07;20,92;32,67;28,31;35,47;43,03;40,34;36,61;48,04;50,68;44,98;57,38;38,05;50,34;45,03;43,41;50,54;43,49;55,03;54,89;60,38;57,11;45,65;52,48;50,13;50,17;64,8;51,98;53,38;63,2;53,11;59,45;61,5;53,32;44,62;44,12;42,11;61,88;46,3;56,91;50,69;48,86;57,24;50,26;51,34;56,19;52,04;59,44;53,53;61,0;54,11;49,21;43,43;51,54;46,06;46,77;39,03;48,37;33,8;36,03;31,92;29,07;37,0;32,77;32,55;31,8;36,13;27,23;31,86;27,84;10,5;;;;
04/07/2024;33,55;31,01;34,57;30,43;28,13;31,19;26,73;34,14;32,14;28,11;31,59;29,73;28,58;26,21;29,83;32,41;28,86;32,8;29,0;29,07;29,51;33,67;28,93;28,06;24,71;17,66;16,34;18,4;25,65;29,86;30,14;45,89;38,15;38,59;40,06;36,46;34,6;36,89;35,48;42,36;35,73;43,68;44,06;47,43;52,09;39,8;34,71;41,67;30,03;34,57;34,41;37,43;42,87;29,53;38,0;45,51;39,39;39,58;37,08;28,82;38,7;43,17;39,93;43,69;31,31;42,74;36,83;38,29;36,64;44,97;40,7;38,28;34,61;34,08;42,43;36,97;38,89;42,91;31,39;41,95;36,84;38,07;32,3;34,63;30,62;26,29;29,71;29,99;31,27;26,19;24,73;26,58;27,7;22,93;28,72;8,1;;;;
05/07/2024;25,35;21,22;20,31;22,54;18,68;24,87;22,24;22,96;20,84;22,92;21,68;23,02;22,92;18,25;18,26;17,37;17,51;17,47;21,62;20,4;16,15;19,41;19,38;18,63;13,41;15,96;16,11;17,49;27,7;31,54;32,22;44,85;43,92;31,65;33,97;33,27;33,78;33,37;34,17;42,76;34,63;29,44;36,62;37,14;46,37;38,57;32,03;29,74;34,24;42,54;33,17;41,86;39,94;35,05;36,91;30,35;37,96;37,27;33,42;30,63;29,35;34,12;27,48;33,68;41,16;38,71;48,65;36,33;43,53;47,89;47,53;59,39;52,42;45,6;49,29;52,86;49,39;49,52;43,02;37,0;37,56;37,81;32,18;35,93;25,89;27,88;25,86;23,16;28,39;25,54;21,74;25,52;21,78;28,83;22,93;8,1;;;;
06/07/2024;23,17;23,18;22,36;28,3;22,36;25,23;22,79;20,01;19,66;20,17;19,31;19,83;19,91;16,95;13,78;14,49;13,69;15,49;15,96;16,67;15,26;15,13;18,41;16,3;16,66;14,86;21,75;20,8;23,86;32,27;42,37;38,07;29,63;25,88;31,86;40,4;37,67;40,84;37,61;34,73;49,37;41,15;46,87;52,07;39,02;46,9;55,27;50,56;48,18;44,99;48,28;50,75;41,5;48,73;61,44;49,04;54,33;44,98;62,73;47,39;46,23;47,03;47,04;45,33;60,98;48,13;50,99;48,9;43,82;48,55;57,74;59,16;56,61;46,36;51,32;49,94;46,69;44,33;54,15;44,48;41,23;47,64;41,69;45,57;38,94;30,69;33,41;33,22;30,3;28,52;27,18;28,93;27,15;27,88;24,1;9,9;;;;
07/07/2024;26,7;29,99;33,85;31,38;26,05;25,44;24,22;30,13;27,33;28,45;25,14;31,28;23,05;25,05;21,45;24,88;27,72;24,69;28,06;20,44;19,29;20,93;20,43;15,92;19,31;17,61;16,76;21,05;27,17;40,48;40,12;50,26;44,86;43,09;34,66;34,49;45,09;36,05;46,79;55,69;44,18;54,41;42,53;57,91;62,3;48,95;67,18;53,29;52,5;49,37;46,8;45,3;51,67;60,48;61,06;75,63;62,2;52,09;56,85;62,34;59,11;44,4;52,22;55,31;62,04;57,63;54,14;59,53;54,92;50,22;48,12;56,8;58,83;53,19;49,81;48,11;46,29;52,46;42,38;51,73;51,8;42,25;40,89;39,77;28,49;27,62;25,9;24,84;26,77;27,9;29,56;27,61;27,19;27,08;32,94;9,9;;;;
08/07/2024;23,91;27,85;26,56;31,14;32,12;29,18;26,56;22,64;23,71;23,54;26,5;22,09;21,84;21,12;22,93;22,82;21,69;25,15;22,3;18,52;21,1;20,73;21,43;20,51;19,92;15,82;21,5;17,6;17,67;34,82;37,93;41,26;36,75;43,64;36,64;30,92;38,72;37,17;40,76;38,81;32,79;46,62;43,35;43,61;59,36;47,22;40,67;58,19;62,09;57,5;49,04;43,47;54,87;62,79;68,97;60,33;60,05;51,04;57,35;54,38;49,92;64,81;47,35;49,01;47,23;54,61;59,86;47,77;44,33;61,97;64,17;51,85;65,35;47,44;44,56;47,27;42,32;47,85;45,78;40,25;35,02;37,96;31,38;29,99;19,13;25,14;20,89;21,36;20,99;17,69;19,24;21,29;16,45;20,28;15,98;6,3;;;;
09/07/2024;19,11;16,63;16,59;17,15;19,04;18,51;16,4;19,09;19,65;16,16;19,56;18,93;18,82;20,33;20,14;16,57;17,65;17,45;19,99;15,18;15,28;19,35;17,88;18,31;17,84;22,47;19,86;20,53;23,43;36,81;41,45;40,38;36,68;30,19;45,15;38,23;46,22;31,59;39,45;49,02;33,64;31,78;31,23;53,25;46,88;38,19;40,08;45,55;52,7;39,48;49,39;42,45;41,64;46,45;47,91;59,1;49,07;43,59;36,27;43,29;47,94;45,4;34,37;44,25;46,01;45,5;45,37;42,07;43,17;44,25;41,87;44,41;48,46;44,84;39,51;48,89;43,72;48,02;38,79;47,82;37,15;35,48;35,52;33,49;33,74;25,07;26,05;27,31;24,82;20,65;28,47;23,96;22,43;24,22;21,47;6,6;;;;
10/07/2024;21,34;19,19;18,05;16,99;19,26;21,35;18,33;20,46;14,05;17,09;15,88;16,17;12,32;16,27;16,22;17,27;15,94;15,39;18,18;16,88;16,92;18,42;12,05;16,51;15,4;14,94;13,05;26,04;32,88;31,92;35,08;35,8;27,79;33,74;28,76;44,17;33,21;28,59;28,44;37,22;32,7;40,39;35,41;30,36;41,12;37,53;34,95;43,84;41,28;41,88;27,17;35,67;42,08;39,27;51,86;50,47;51,45;41,6;49,2;38,74;43,08;44,57;47,75;35,67;41,25;36,93;45,58;43,94;51,64;49,07;46,99;58,37;57,79;41,52;52,1;47,51;48,59;36,07;47,94;45,29;33,92;33,45;34,58;29,27;28,6;26,06;32,85;24,33;27,15;32,28;29,42;24,63;23,81;21,56;27,97;7,2;;;;
11/07/2024;24,52;23,31;27,68;21,87;27,39;23,48;25,12;20,92;28,19;21,3;25,07;27,27;21,41;22,89;26,82;27,65;22,31;20,87;24,01;24,88;25,82;19,48;19,92;19,75;17,74;22,32;28,87;30,88;28,24;33,09;41,47;36,24;30,56;45,82;43,3;48,16;37,54;38,18;46,55;42,94;38,59;47,96;38,29;51,57;59,1;50,2;58,2;47,37;61,76;52,01;36,36;46,63;49,23;63,66;46,77;58,35;56,89;66,28;52,14;44,05;46,94;47,76;46,3;40,57;38,68;41,25;53,84;38,45;46,11;47,59;56,03;43,92;46,24;50,51;54,08;50,95;51,04;43,03;41,27;47,52;38,99;44,36;29,41;32,43;29,88;28,32;33,25;28,64;28,91;28,19;23,11;32,31;25,88;28,74;27,08;9,3;;;;
12/07/2024;29,68;27,63;23,24;22,82;27,95;27,64;26,27;25,04;25,54;24,01;26,12;21,77;22,92;26,73;20,4;24,46;27,42;24,99;28,02;22,53;21,18;29,48;24,25;19,34;25,02;22,3;21,49;20,31;31,48;31,78;35,6;37,55;43,09;44,87;38,72;36,85;32,69;35,37;43,46;32,45;38,82;33,63;43,45;39,38;42,4;53,2;50,21;62,02;60,47;53,3;39,75;42,39;56,86;64,04;57,51;52,01;71,47;61,63;61,64;60,3;59,13;44,12;50,16;44,06;44,95;53,21;40,61;42,77;46,8;48,54;54,29;67,14;54,02;54,69;55,39;43,28;44,9;51,82;47,6;40,38;36,62;41,98;44,07;42,5;38,17;34,23;31,46;37,83;27,4;29,81;36,5;33,38;30,75;31,65;30,18;9,6;;;;
13/07/2024;36,99;32,9;32,92;26,06;31,46;28,71;26,42;29,74;26,09;28,47;31,01;26,47;24,98;33,2;22,55;24,82;25,78;28,96;24,38;25,82;29,67;27,66;20,54;16,85;14,61;19,76;15,13;24,05;29,44;37,48;35,19;33,84;39,84;48,35;43,21;46,3;35,55;39,45;43,1;44,29;56,13;45,43;50,92;49,34;46,4;52,06;58,84;61,55;48,45;42,37;50,04;58,83;49,7;49,72;45,21;51,39;51,31;54,91;43,04;38,38;47,46;50,32;37,47;44,93;48,23;36,31;43,56;37,2;53,49;44,83;48,68;57,28;56,54;41,93;47,43;53,51;40,49;44,72;37,93;37,16;36,3;33,39;35,35;28,54;30,86;27,0;23,47;21,08;23,99;22,07;20,94;18,69;21,17;23,04;21,01;6,3;;;;
14/07/2024;19,54;20,08;16,03;18,76;20,7;20,32;19,8;14,75;21,41;20,98;15,4;18,96;16,11;20,58;20,83;16,61;20,03;20,06;16,87;21,71;18,91;20,98;19,38;13,58;14,57;17,74;17,54;21,38;25,73;29,01;37,65;51,74;41,68;40,58;31,29;30,02;35,58;40,84;31,68;42,38;33,76;33,48;40,34;40,86;34,87;41,71;32,72;33,06;43,2;26,31;25,98;36,96;51,95;42,96;52,0;49,63;49,87;32,37;42,44;51,34;33,42;41,84;39,91;36,46;34,71;35,19;30,72;28,89;35,98;43,25;47,58;48,09;48,02;45,79;32,18;47,38;37,62;42,15;33,12;30,84;39,41;29,83;29,88;26,9;33,49;30,51;27,26;24,5;27,71;22,37;24,04;23,68;20,74;25,93;23,83;7,8;;;;
15/07/2024;24,28;25,6;23,06;21,41;24,54;24,33;27,9;23,93;22,85;23,17;25,56;19,01;22,39;24,97;18,64;19,77;23,99;19,92;19,99;18,9;20,16;20,52;25,94;20,52;18,41;21,07;22,36;20,4;31,81;38,48;31,78;33,91;36,64;47,74;48,26;39,67;34,75;34,63;34,33;38,37;32,44;35,99;38,66;41,31;46,83;39,33;34,09;53,84;41,18;40,71;25,86;36,26;33,94;55,07;48,25;46,27;38,54;43,26;44,15;31,33;28,9;30,74;29,24;30,05;32,7;24,96;34,7;35,11;43,75;28,71;45,93;34,33;43,16;36,87;39,22;35,43;36,51;33,89;29,55;27,01;33,16;27,5;23,13;29,74;21,04;21,78;17,49;18,37;16,64;18,89;18,21;17,73;17,77;17,13;16,75;6,301;;;;
16/07/2024;18,77;19,72;18,76;15,59;19,3;15,56;16,59;17,81;16,42;16,75;19,98;15,59;17,28;18,13;18,53;15,79;18,19;13,59;16,9;17,67;15,43;16,66;15,98;18,21;19,45;14,67;14,73;22,23;28,92;28,96;41,89;36,62;34,05;41,94;38,49;36,1;39,24;35,98;30,77;40,88;31,26;39,14;34,11;32,75;49,07;36,71;33,01;32,79;41,61;34,21;35,55;40,43;36,73;45,48;46,43;45,79;48,39;40,51;48,82;38,3;44,04;37,21;40,48;39,48;32,4;43,06;40,22;42,53;47,8;51,01;33,62;50,31;49,76;34,08;43,45;44,99;42,77;42,17;33,32;30,99;31,65;38,0;33,41;29,98;28,79;28,7;22,55;20,41;21,72;26,26;26,89;26,56;26,84;27,11;23,06;7,8;;;;
17/07/2024;25,83;30,3;27,01;23,59;21,06;22,79;24,04;25,3;26,12;21,99;26,42;26,14;21,48;22,89;27,26;22,43;20,17;28,31;22,06;19,93;21,27;23,35;27,13;21,82;16,71;15,93;18,11;27,03;30,87;35,53;38,56;44,97;38,64;37,66;41,91;34,53;39,9;31,55;31,34;47,85;28,19;27,93;47,04;39,15;47,06;48,36;42,58;45,55;35,38;34,14;40,92;41,54;48,12;49,48;47,97;45,61;37,95;46,85;27,27;34,6;38,18;29,21;37,8;37,81;33,44;41,86;42,08;35,57;40,92;45,05;38,63;44,55;39,89;43,71;45,28;54,16;49,54;45,2;39,89;34,02;31,68;39,29;33,91;29,42;31,2;33,94;24,19;26,82;27,43;24,9;24,4;22,02;23,11;26,43;21,87;8,4;;;;
18/07/2024;28,03;26,0;30,12;27,85;28,86;26,03;25,53;24,37;26,44;21,39;29,58;22,47;23,89;25,11;24,97;27,45;24,64;25,62;25,68;18,45;18,46;18,63;19,2;15,81;19,53;20,69;15,79;23,88;32,2;32,03;36,66;37,39;41,63;38,73;33,73;35,85;37,18;36,73;41,87;31,97;36,51;32,46;36,23;32,94;51,09;60,58;39,45;48,16;51,08;53,61;39,24;58,15;53,27;56,22;55,93;47,99;50,49;40,45;47,78;44,2;38,73;49,86;47,87;42,35;40,94;41,2;41,84;52,56;62,38;47,82;56,89;54,37;54,84;48,46;49,55;48,73;39,66;43,46;46,86;45,11;39,12;40,88;37,44;33,37;34,11;29,59;32,04;27,6;28,37;29,23;26,75;29,59;31,18;29,92;23,7;8,7;;;;
19/07/2024;25,9;23,66;25,71;26,52;23,77;20,92;23,03;20,83;18,81;21,72;17,58;22,05;24,88;22,32;16,16;15,42;16,51;14,22;19,05;15,61;13,88;18,17;15,04;16,09;16,22;18,37;16,9;21,39;33,14;32,46;35,4;34,05;37,54;34,2;46,13;43,75;44,37;46,06;42,87;38,34;50,25;41,15;48,93;52,91;47,57;66,06;48,37;58,56;56,37;57,2;62,36;49,04;62,36;57,34;60,27;57,64;46,78;54,9;57,41;46,35;43,09;44,76;48,71;55,55;52,46;44,01;42,73;51,53;57,92;46,35;47,32;52,36;38,27;36,34;44,71;43,35;47,46;42,16;54,1;42,72;44,13;40,32;40,39;42,48;33,54;29,55;38,22;31,62;29,58;35,23;28,28;25,56;32,29;30,44;34,4;9,6;;;;
20/07/2024;31,63;26,61;31,74;30,77;32,33;32,73;30,42;28,02;23,4;34,01;30,54;28,18;32,04;26,18;22,99;23,43;17,33;18,48;20,03;18,39;20,95;17,65;17,12;22,52;17,86;22,59;23,68;29,58;28,48;35,02;30,05;41,82;38,95;37,06;49,55;45,35;39,5;38,02;38,02;47,01;53,09;53,27;50,96;61,59;63,54;49,84;52,89;62,88;61,74;55,85;43,81;39,12;57,26;43,86;50,82;60,96;51,68;60,98;54,56;62,39;64,89;52,09;51,5;54,04;51,93;61,43;65,86;52,4;54,54;52,35;60,58;52,32;64,99;61,68;49,71;45,2;56,91;55,08;55,09;46,53;39,95;45,68;38,36;39,25;34,14;39,44;35,22;34,89;35,37;29,05;40,68;37,54;31,47;34,34;36,79;11,1;;;;
21/07/2024;31,25;34,53;31,17;34,19;32,02;28,87;30,68;33,97;34,23;32,79;30,42;30,6;28,55;28,38;32,44;33,26;35,29;32,9;30,63;24,24;30,46;16,66;16,92;18,19;21,72;21,22;23,76;24,08;31,47;34,56;30,61;43,3;35,12;51,99;42,49;42,87;50,01;37,16;39,32;52,89;55,48;52,7;58,48;54,06;78,29;62,69;54,88;71,87;51,54;54,54;60,5;56,31;62,68;62,84;62,55;63,2;56,07;70,74;67,6;49,68;43,39;47,36;58,75;48,78;50,17;48,83;51,09;62,81;54,78;53,01;57,46;53,44;54,27;59,63;53,35;50,75;56,36;57,64;54,1;47,19;51,67;46,67;44,89;47,3;40,02;33,12;32,6;30,29;33,59;35,96;30,5;28,27;33,78;32,49;33,49;11,1;;;;
22/07/2024;29,69;35,01;37,4;29,41;30,48;30,61;27,33;32,4;34,38;30,53;29,31;27,66;26,69;27,24;32,7;36,74;38,06;30,83;33,56;27,23;32,33;23,91;28,14;29,73;31,85;25,68;28,16;31,3;36,6;40,84;38,0;49,06;47,73;42,58;37,03;50,26;44,58;45,8;48,73;40,02;46,62;46,27;42,78;55,36;48,76;58,57;53,66;62,23;58,83;51,46;40,18;37,87;52,44;49,85;45,91;46,12;56,86;59,9;41,72;42,21;51,41;50,46;55,1;45,85;49,57;59,65;47,11;53,81;51,38;64,45;50,29;69,23;68,56;51,7;50,81;59,15;49,01;65,12;50,68;42,23;43,65;41,67;38,28;39,4;35,34;26,25;30,66;30,07;31,39;23,58;28,76;32,28;28,87;26,49;29,2;9,6;;;;
23/07/2024;25,42;31,34;29,81;23,94;26,01;31,12;26,09;29,52;28,92;29,14;27,44;26,92;24,43;25,36;25,33;24,46;24,97;19,93;18,11;18,05;22,44;18,05;17,75;16,76;17,95;21,52;22,48;24,13;34,12;45,28;29,81;41,21;49,32;42,78;40,75;43,27;47,42;54,78;46,11;40,71;57,25;47,67;50,92;69,19;63,8;78,4;63,94;53,99;69,71;69,29;58,2;68,47;53,94;69,05;58,7;58,2;52,88;55,12;50,17;61,82;60,4;48,42;58,89;44,91;45,68;61,03;57,4;49,1;53,12;52,21;52,86;52,78;53,47;50,48;56,65;56,24;59,46;53,02;52,82;41,41;50,64;43,48;38,5;37,86;36,03;30,11;34,3;32,98;29,4;25,67;32,09;29,05;28,5;26,53;34,54;9,9;;;;
24/07/2024;33,04;29,51;28,78;32,36;29,6;29,61;30,99;26,15;26,12;24,12;28,45;34,34;32,78;24,79;31,23;34,1;29,47;28,63;25,89;28,88;22,88;20,34;20,89;21,28;21,94;20,99;25,14;32,87;40,11;33,95;39,71;50,3;49,48;52,24;39,89;47,68;48,37;44,48;40,06;55,3;58,42;39,92;57,19;55,95;51,99;47,41;70,03;65,02;50,89;56,31;53,32;48,75;56,01;58,55;39,04;53,89;44,4;56,4;45,52;52,27;44,54;39,27;45,8;62,38;62,03;61,88;49,03;47,4;60,02;62,7;59,16;51,63;52,23;43,71;67,11;57,31;46,34;49,6;41,02;44,9;43,27;36,1;39,45;44,48;36,89;41,79;40,49;35,56;30,82;33,01;30,21;33,47;34,4;37,54;31,25;11,4;;;;
25/07/2024;30,07;30,59;30,57;33,41;27,47;34,8;27,25;36,19;25,99;31,07;33,93;27,04;30,31;29,64;29,24;37,19;34,44;34,76;30,56;33,19;27,52;30,86;33,71;27,54;33,28;35,13;31,18;39,75;50,45;44,42;50,49;43,8;51,19;50,04;53,88;69,18;48,34;58,14;59,23;55,18;44,62;56,07;48,68;45,13;53,63;74,0;77,63;80,07;66,32;73,11;69,37;66,33;61,07;63,65;65,27;71,31;48,54;59,41;48,51;42,14;51,52;43,06;40,63;55,0;59,27;54,95;52,62;61,7;55,59;56,2;68,67;46,64;56,95;59,61;52,32;50,43;64,54;46,05;47,43;55,28;53,26;40,2;35,02;32,37;34,01;40,56;31,16;31,36;36,12;33,31;38,69;32,62;31,6;38,04;32,54;10,2;;;;
26/07/2024;36,0;35,03;33,03;33,65;37,18;32,28;36,55;31,56;24,45;31,85;25,9;34,08;29,95;31,05;34,29;34,02;26,42;36,51;30,35;28,24;27,3;26,4;22,86;23,3;19,89;18,97;25,19;22,83;33,48;39,86;38,39;45,73;39,79;36,17;42,45;38,67;48,34;43,41;36,31;44,01;33,71;37,27;42,0;41,98;47,13;50,42;38,93;40,8;47,96;52,66;51,04;36,04;32,94;42,25;40,66;40,02;41,14;38,08;40,07;42,72;29,53;30,75;28,2;27,27;35,88;30,0;34,43;33,0;32,27;38,07;52,01;56,43;54,85;51,99;52,2;58,71;47,7;40,92;41,46;38,01;34,51;39,32;30,07;34,53;29,11;29,62;23,22;23,46;16,77;21,39;21,68;17,99;18,19;17,29;18,12;6,6;;;;
27/07/2024;15,78;21,23;17,03;17,57;17,05;15,56;19,46;15,54;18,68;14,29;15,02;19,87;17,39;19,78;13,54;18,99;14,33;14,5;17,44;15,78;17,15;16,41;18,57;20,62;18,33;17,41;20,79;22,9;26,26;33,85;47,37;39,08;44,3;39,05;35,11;33,67;33,11;43,63;37,83;41,1;43,62;48,9;37,36;42,77;53,27;54,6;51,44;43,44;40,33;43,44;35,91;36,18;36,24;48,91;48,91;48,77;43,97;36,6;48,28;48,54;44,22;37,42;35,76;40,08;39,68;38,69;42,34;38,39;42,05;52,76;44,43;40,36;46,33;37,04;34,71;50,19;41,71;36,98;44,65;39,64;38,15;37,03;30,29;32,69;32,88;35,02;27,61;39,58;27,09;30,96;32,89;38,33;32,26;27,09;26,33;10,2;;;;
28/07/2024;34,29;31,17;30,3;29,02;30,25;26,7;27,85;33,94;29,98;29,26;29,36;27,62;30,1;31,3;27,58;26,16;25,43;26,81;27,43;24,06;28,95;23,74;27,0;23,03;25,11;21,65;20,73;28,62;30,49;34,18;33,16;35,9;43,04;34,75;41,28;43,25;33,8;52,47;38,91;49,52;46,78;37,12;36,14;44,64;60,04;55,27;38,15;45,23;39,98;42,18;43,32;52,52;38,87;46,38;54,77;32,29;37,93;52,54;40,63;51,32;37,1;37,72;32,33;42,53;44,82;39,28;40,51;47,19;50,21;48,0;40,72;39,15;45,09;41,45;42,21;37,56;36,56;33,89;36,18;33,02;25,72;29,14;26,29;24,87;22,89;18,61;25,16;16,54;19,07;19,57;21,82;22,01;22,74;16,99;22,95;6,0;;;;
29/07/2024;19,88;19,22;21,61;19,7;19,57;17,83;16,77;21,26;15,7;19,56;16,71;21,41;19,55;14,41;16,66;16,52;21,56;16,72;19,95;20,89;19,92;15,99;19,74;18,86;19,27;19,41;21,0;18,89;22,58;29,8;38,73;38,59;34,65;38,17;39,4;40,05;44,8;40,72;40,84;37,58;40,03;49,24;53,44;44,52;64,04;52,76;65,15;51,29;51,61;40,13;45,05;49,77;44,07;48,3;50,15;49,82;50,3;41,24;46,6;48,59;60,12;43,6;36,53;43,0;46,05;46,07;44,32;43,19;48,49;52,19;46,31;47,31;56,58;51,5;52,0;59,7;43,18;46,37;40,44;41,99;33,11;35,64;39,47;29,96;34,19;30,33;28,62;28,99;27,56;30,04;28,76;27,62;22,24;23,28;29,9;8,7;;;;
30/07/2024;27,47;23,05;25,51;22,6;29,4;24,15;24,45;28,05;24,93;22,49;24,19;24,72;25,96;25,58;21,25;26,6;23,8;21,38;21,24;21,23;26,56;27,76;19,12;20,94;23,52;22,68;22,19;25,36;29,21;35,21;46,18;44,33;33,35;39,3;39,36;43,61;45,67;53,89;42,15;45,64;32,49;35,3;33,85;47,81;50,76;62,31;52,33;57,14;54,14;51,34;44,62;40,09;45,92;43,41;40,93;37,57;47,72;44,78;45,59;48,74;44,8;49,13;60,49;50,45;47,7;50,69;50,47;53,19;44,43;56,21;42,3;43,9;57,18;54,55;54,16;48,75;44,79;50,42;42,62;36,64;37,71;31,87;25,24;35,24;30,56;26,62;26,63;28,76;22,71;23,5;21,8;21,09;21,64;28,05;25,12;8,1;;;;
31/07/2024;23,41;22,62;19,84;21,38;20,39;21,91;25,51;25,76;21,08;26,31;23,43;18,95;20,51;19,52;22,25;19,73;20,56;20,12;22,35;22,88;23,71;20,62;20,07;16,42;19,54;26,47;26,0;33,97;31,61;28,38;35,51;46,57;49,16;29,45;30,51;39,22;54,65;40,42;43,51;31,27;36,56;46,14;41,3;43,3;62,03;66,47;49,76;61,81;65,71;43,58;49,39;60,5;60,39;49,58;52,09;54,88;58,05;64,71;58,58;46,33;54,59;49,22;38,03;46,62;56,32;57,23;51,81;61,57;58,05;47,64;59,73;47,91;51,23;43,12;38,71;54,49;50,23;45,33;49,13;38,31;36,99;34,34;26,32;30,95;23,26;29,46;26,59;24,44;25,04;21,72;21,75;22,42;21,76;20,57;25,37;7,5;;;;
01/08/2024;28,06;22,48;25,55;21,33;26,06;27,14;21,31;25,71;21,83;21,13;23,72;23,55;21,7;19,91;25,42;25,62;22,08;19,68;19,82;24,95;25,11;23,1;19,42;17,93;20,92;16,03;21,82;23,6;22,71;30,58;30,28;34,79;44,05;34,04;35,03;38,5;34,55;37,22;32,74;45,99;44,5;41,93;34,12;32,07;46,17;36,06;28,04;39,51;50,2;37,98;30,66;35,18;39,53;45,12;34,58;41,78;39,3;42,91;48,14;43,11;41,18;41,91;30,86;42,32;34,03;48,45;37,95;32,8;46,65;45,72;42,77;42,89;34,78;40,71;37,03;39,91;44,96;42,0;43,57;38,67;31,44;28,18;31,04;26,92;33,86;27,68;25,37;24,84;24,66;27,01;27,17;20,49;25,79;24,58;21,51;8,7;;;;
02/08/2024;21,64;23,91;22,99;21,57;23,3;19,79;24,99;25,68;25,76;25,67;21,5;23,8;20,96;21,3;23,55;29,05;22,8;22,56;20,47;25,49;22,73;25,08;21,12;15,51;20,15;18,0;17,27;21,73;22,43;24,97;29,99;31,4;39,97;29,39;38,07;35,1;32,74;41,2;41,95;36,05;34,53;29,49;38,11;37,28;55,38;51,22;37,96;38,72;31,94;28,78;39,07;51,39;51,75;41,06;39,99;42,83;41,87;39,89;45,29;45,66;29,48;34,88;32,36;40,11;36,08;34,49;44,36;39,87;40,39;41,54;34,83;48,6;41,02;46,4;44,56;47,87;45,57;46,55;35,91;38,7;31,35;33,95;28,34;24,63;25,17;23,36;24,36;27,93;22,26;21,39;25,53;19,54;21,21;18,97;19,64;7,2;;;;
03/08/2024;16,86;21,29;19,4;22,7;23,69;20,25;23,91;17,44;22,15;21,46;21,13;18,2;16,46;20,29;16,58;16,63;19,32;17,2;16,18;18,46;20,18;18,18;18,59;16,68;20,87;17,53;16,35;17,44;26,87;35,14;43,42;32,74;37,68;31,84;30,95;37,05;33,52;44,83;39,69;42,73;40,82;30,63;45,62;35,15;43,86;37,6;50,28;47,24;35,6;36,95;35,63;40,12;48,52;41,28;41,73;36,53;39,13;34,82;30,52;31,84;30,39;32,12;31,65;34,54;35,03;39,73;30,92;44,62;41,27;31,34;36,0;43,86;32,46;31,75;30,19;35,46;35,34;37,3;28,57;32,33;31,89;35,14;26,97;23,37;19,83;21,61;22,01;18,87;18,42;16,39;17,27;15,38;15,42;17,61;14,17;6,0;;;;
04/08/2024;14,31;19,13;17,24;18,89;15,38;13,55;16,99;17,12;18,56;19,92;15,29;19,95;13,98;12,85;15,86;18,03;15,21;13,95;16,37;14,79;14,78;15,74;18,5;18,24;19,36;17,58;22,0;22,02;23,54;33,07;32,82;39,36;44,1;32,28;37,65;36,27;38,4;36,22;44,2;35,2;35,53;43,38;51,2;57,99;48,95;50,56;43,8;44,1;39,59;34,36;44,13;39,36;47,89;50,32;49,11;45,96;39,68;44,42;36,87;35,96;28,15;29,89;34,8;33,47;30,23;32,94;40,54;39,31;41,85;42,16;41,54;35,58;36,63;33,26;37,07;37,88;40,44;36,85;36,24;33,59;27,0;31,45;20,33;23,32;22,95;19,66;18,45;17,79;14,62;18,2;14,81;13,73;18,94;16,51;17,33;6,6;;;;
05/08/2024;17,77;17,4;21,76;19,31;19,5;16,65;14,09;19,12;19,08;17,32;19,58;13,74;15,33;16,92;18,57;15,41;15,76;15,63;13,14;16,9;14,8;13,67;16,73;16,37;18,83;20,73;19,75;20,79;22,97;28,59;34,41;48,37;39,53;35,15;38,21;34,7;33,88;46,04;26,45;32,3;37,04;41,29;44,85;39,68;45,06;50,26;30,0;34,69;36,13;38,1;38,81;28,88;37,88;48,92;40,04;37,43;29,24;39,34;38,17;42,38;33,71;27,35;31,16;27,74;33,48;29,54;32,52;32,58;36,1;43,24;42,06;38,97;49,84;45,57;40,37;35,21;35,56;39,63;29,1;33,72;29,61;35,15;31,11;26,51;23,27;26,62;21,91;21,86;20,62;19,65;18,49;16,65;22,59;22,66;18,86;6,899;;;;
06/08/2024;19,34;22,25;22,83;19,81;18,27;22,17;20,96;16,77;17,29;17,4;20,87;22,57;18,23;20,72;22,18;15,95;16,82;18,93;17,27;19,17;18,82;19,99;18,26;17,04;20,44;23,36;25,31;20,55;24,08;26,08;35,24;33,6;31,33;36,04;41,04;39,53;43,39;45,32;38,62;43,03;42,81;47,05;32,82;30,91;43,68;43,36;39,01;47,48;41,43;39,65;33,74;45,3;40,98;52,02;50,0;47,53;33,27;43,2;33,7;38,93;39,03;31,87;33,4;35,81;42,83;37,92;46,34;39,68;41,95;51,7;36,9;48,3;46,6;41,11;39,42;34,88;40,95;43,92;35,35;31,59;39,35;40,94;31,53;32,07;29,18;29,05;28,03;27,57;24,14;22,98;25,86;22,76;26,33;25,19;25,64;9,3;;;;
07/08/2024;28,86;24,92;23,44;26,74;27,29;21,17;24,57;22,53;18,07;21,17;23,21;21,83;27,25;23,19;23,53;20,88;20,02;19,31;23,78;25,24;25,97;24,17;26,07;20,68;23,11;26,4;22,6;33,79;36,56;44,29;39,49;45,46;39,54;35,4;36,13;35,06;36,69;39,05;31,61;28,9;35,75;37,6;41,46;37,72;39,54;42,78;44,82;37,2;43,47;36,58;42,0;41,27;43,62;49,74;53,54;46,79;38,72;36,69;32,34;33,56;33,93;40,35;37,42;32,75;41,3;35,4;37,6;32,54;44,32;38,11;36,79;40,97;33,71;30,91;36,13;38,92;29,97;29,86;30,71;33,68;32,35;28,77;26,28;23,76;27,1;24,71;22,32;23,71;24,88;19,38;19,02;22,46;24,77;21,34;22,04;7,8;;;;
08/08/2024;24,16;21,51;21,26;21,64;19,31;22,31;21,47;24,69;23,75;22,3;22,17;24,76;20,31;23,53;20,02;25,04;25,22;18,78;20,95;19,25;19,46;25,14;18,03;23,71;24,68;19,05;18,97;24,25;28,18;34,66;31,41;43,28;35,46;36,0;43,85;49,52;40,53;39,77;44,97;32,07;40,93;45,77;44,73;38,55;37,09;49,48;46,08;44,45;40,87;34,85;34,11;46,28;44,05;45,92;44,47;44,87;43,94;42,72;44,84;36,3;41,57;52,08;45,77;50,15;38,35;42,19;43,67;45,61;38,45;53,75;51,81;50,48;44,39;47,15;46,18;47,7;45,33;54,06;44,88;32,68;33,95;29,05;28,76;35,61;31,97;28,59;25,47;21,53;21,75;22,24;22,89;27,02;21,35;21,64;22,18;7,8;;;;
09/08/2024;23,73;21,84;23,94;23,68;18,85;22,37;23,92;21,86;19,36;24,36;18,64;22,34;21,77;21,58;19,23;21,53;24,39;17,32;22,06;17,75;23,61;18,62;18,74;18,35;23,02;21,42;17,24;21,96;24,86;41,33;32,02;45,48;39,23;41,77;31,94;44,52;41,32;34,54;42,21;45,46;46,56;36,53;39,89;46,63;52,9;54,76;53,16;50,79;40,92;53,66;48,23;56,98;52,48;43,07;51,61;46,24;55,27;46,43;40,21;48,28;44,4;49,79;44,98;41,07;45,16;43,75;40,16;51,23;40,29;47,29;38,35;36,26;37,0;38,94;40,93;37,57;45,79;38,29;36,24;34,33;33,31;34,81;30,08;25,92;30,67;29,3;26,79;24,06;24,3;25,6;26,74;25,67;28,19;23,24;24,92;7,8;;;;
10/08/2024;25,21;27,18;23,49;19,76;23,78;23,47;22,19;23,23;21,31;20,25;20,94;21,07;26,67;24,88;19,63;22,99;25,43;21,22;26,23;22,79;23,07;23,19;22,7;22,76;18,29;20,81;18,99;24,21;31,31;43,42;37,46;39,0;43,32;39,38;35,56;43,9;37,13;41,76;34,71;47,77;38,2;36,95;46,66;57,92;51,22;54,5;50,57;52,1;42,74;51,51;48,64;51,9;50,66;48,7;46,22;56,41;45,78;42,71;42,35;48,87;47,47;51,59;44,08;45,74;55,21;43,15;52,98;53,22;57,56;51,06;60,24;51,67;46,4;52,88;57,85;49,9;50,8;54,94;42,3;35,4;44,01;35,55;38,29;34,12;35,82;29,51;26,45;26,26;25,36;29,19;24,9;23,16;22,02;25,41;25,17;8,4;;;;
11/08/2024;20,33;22,88;20,4;25,03;25,25;25,17;20,33;18,96;20,84;26,13;20,86;23,89;20,47;27,1;25,62;25,95;19,16;23,18;23,97;21,17;25,35;19,39;24,59;17,39;18,38;25,84;21,82;27,16;30,09;40,77;39,17;41,56;40,56;41,67;45,36;40,11;48,33;35,07;42,75;35,0;30,99;33,57;43,16;50,52;49,31;44,06;47,97;44,45;47,88;49,74;44,23;50,08;50,2;55,17;62,25;58,08;62,3;56,6;50,7;45,89;45,29;49,24;48,03;48,57;58,1;44,07;43,62;52,94;52,45;63,17;48,26;57,56;51,28;55,67;48,54;46,0;46,4;52,17;39,81;44,0;45,58;44,34;44,41;37,9;38,84;29,62;30,19;29,59;31,18;31,34;30,3;27,86;30,34;31,12;30,52;10,2;;;;
12/08/2024;32,21;29,03;28,05;32,81;32,83;32,44;28,63;24,93;24,63;27,45;30,45;25,19;26,56;28,18;23,93;31,14;28,16;23,98;23,35;28,11;23,29;22,73;25,0;21,9;27,6;24,42;26,88;32,08;31,41;45,56;38,89;44,75;42,82;42,55;49,8;54,91;51,67;46,26;59,08;53,17;61,34;50,77;61,76;71,79;54,57;58,21;62,85;71,94;54,15;53,75;45,53;65,14;47,49;62,42;57,96;51,8;43,89;53,52;53,96;57,59;50,99;57,77;48,33;48,18;54,72;66,6;61,36;57,15;64,78;51,58;52,92;52,94;47,37;48,1;56,3;54,03;54,81;48,34;44,54;46,01;42,38;51,05;39,2;38,79;37,62;37,43;39,8;36,97;29,21;29,17;36,26;30,91;30,06;32,73;35,46;10,5;;;;
13/08/2024;28,32;29,73;33,88;26,38;24,03;25,96;24,43;27,14;30,96;27,4;26,13;24,52;29,28;29,87;26,42;25,16;30,54;31,87;24,17;30,92;24,75;26,83;27,29;30,89;23,92;24,4;27,74;27,45;34,18;47,7;33,79;37,93;42,01;48,3;60,09;45,1;52,75;51,24;47,69;63,03;48,02;63,42;58,48;57,08;78,2;59,9;59,85;56,47;64,85;60,16;57,01;56,12;70,07;53,85;71,95;63,05;50,16;53,68;54,98;55,13;57,9;62,95;54,09;60,33;52,18;58,57;48,12;43,09;53,34;48,55;59,78;49,21;47,16;58,95;57,41;63,33;48,57;46,36;48,66;41,77;38,74;49,97;39,26;35,75;43,55;37,99;38,89;37,99;32,4;38,75;32,61;35,15;29,63;25,67;26,77;10,2;;;;
14/08/2024;27,38;30,51;29,24;24,94;32,91;33,85;24,77;24,97;31,5;27,6;23,85;23,98;25,25;27,66;25,85;27,31;29,95;24,56;31,02;28,2;24,14;21,51;21,65;24,18;22,61;27,87;25,3;24,63;28,35;35,73;42,27;39,4;41,26;39,07;40,64;46,91;50,35;51,93;48,77;43,43;49,51;58,72;46,74;55,73;65,11;53,83;51,6;59,03;58,78;58,2;56,21;57,68;49,33;56,18;55,26;47,16;56,8;58,97;48,52;65,09;52,48;51,14;63,7;55,04;51,7;61,42;63,75;47,5;63,69;63,98;59,93;64,76;61,56;58,53;59,1;55,12;54,34;57,91;58,42;50,69;41,33;38,9;48,99;44,6;35,39;39,05;33,53;32,43;37,63;29,83;31,76;36,98;38,1;38,02;31,93;12,0;;;;
15/08/2024;32,41;33,92;35,57;29,09;33,15;33,71;30,42;36,1;28,06;38,14;34,67;31,83;36,08;35,89;30,25;29,31;31,87;27,31;29,46;28,35;31,46;32,69;32,12;30,81;30,15;31,74;31,73;27,24;31,03;34,34;44,49;37,39;50,02;51,47;52,45;43,44;51,12;38,7;45,0;51,96;49,8;46,22;51,41;52,47;72,08;54,91;60,12;61,36;63,67;64,35;60,97;61,27;49,84;64,89;65,97;54,11;54,32;66,13;67,68;52,59;50,0;54,83;50,54;51,9;63,68;62,15;58,97;67,88;52,99;68,44;55,73;51,58;63,93;67,27;53,32;63,98;52,72;51,09;55,6;56,61;51,18;50,51;58,99;43,85;37,9;42,44;37,92;38,79;40,85;40,26;41,56;37,15;38,26;38,74;35,2;11,7;;;;
16/08/2024;39,03;32,39;33,43;30,83;29,51;31,53;35,45;34,94;34,22;32,54;36,2;35,95;29,14;38,24;35,16;27,85;40,76;31,33;40,52;32,1;37,46;39,61;29,5;19,74;21,91;24,42;25,6;26,29;23,6;40,57;43,23;48,91;50,57;47,78;38,37;37,11;42,37;44,69;63,63;55,5;63,02;65,14;65,86;55,94;60,47;55,71;61,58;59,17;66,49;59,19;65,53;55,64;59,17;57,4;63,91;68,27;55,53;56,47;62,92;55,94;56,83;55,67;71,9;66,65;58,33;57,12;58,43;56,52;69,54;70,85;74,2;70,24;56,45;70,45;57,31;58,93;53,71;59,34;58,82;45,32;53,48;44,09;54,46;39,9;37,9;43,57;30,78;38,53;36,09;35,23;30,47;28,19;30,08;26,28;33,8;10,2;;;;
17/08/2024;27,06;29,9;35,67;28,09;27,83;26,92;24,88;25,75;25,12;27,9;27,32;23,78;23,01;25,59;27,07;21,65;26,14;20,3;24,26;25,99;21,6;25,11;24,49;24,47;19,22;23,39;20,58;25,24;34,66;31,91;42,5;45,72;39,75;40,26;38,84;33,76;39,52;46,09;35,12;40,39;43,38;44,45;37,67;44,24;48,44;64,05;57,76;55,46;47,04;40,46;43,82;57,36;45,91;47,26;54,68;48,96;44,51;42,93;51,46;53,75;49,13;47,92;50,55;55,69;56,08;57,68;45,21;50,17;45,67;49,26;49,55;47,64;45,83;49,78;57,27;56,79;48,41;40,22;34,96;33,34;39,08;42,25;36,45;33,23;31,42;26,27;30,07;24,45;30,9;27,6;30,01;25,65;23,95;31,31;27,47;9,6;;;;
18/08/2024;29,38;26,62;28,88;26,55;24,3;22,65;26,42;26,14;23,72;25,23;25,6;27,51;21,84;24,36;30,83;29,05;28,66;24,73;28,77;23,49;25,57;29,41;25,36;26,01;24,47;22,61;24,62;26,75;29,84;41,89;33,49;43,06;38,51;45,37;51,92;42,37;56,98;52,88;45,93;43,93;41,64;37,41;48,28;53,73;59,71;50,06;61,51;52,99;53,44;44,31;37,78;42,11;56,4;44,45;48,27;58,18;44,97;53,83;45,57;43,73;44,16;42,54;41,62;45,8;44,53;42,18;46,26;50,97;45,56;54,92;40,46;54,58;53,98;40,91;55,8;51,23;39,89;39,91;50,48;44,87;45,77;36,51;39,19;37,0;31,57;28,63;36,42;29,63;34,18;31,07;27,87;29,28;30,76;25,38;25,67;9,9;;;;
19/08/2024;25,57;27,5;29,02;32,36;25,23;24,16;25,09;26,22;21,26;22,27;23,87;17,36;19,25;19,46;22,56;20,44;20,61;23,16;23,29;20,32;24,01;19,1;20,15;16,74;22,72;24,0;22,71;22,48;27,07;32,09;33,86;44,92;37,59;40,68;39,11;33,81;48,48;44,0;35,97;43,4;37,26;39,28;43,75;52,41;64,58;57,57;55,23;41,5;44,49;50,67;44,26;39,85;44,83;38,94;42,25;46,69;38,44;40,59;47,98;42,65;49,31;41,86;41,52;42,77;48,46;49,01;38,31;45,78;48,02;45,03;49,29;44,95;45,47;42,69;47,18;43,98;45,48;42,52;41,8;33,66;42,67;38,11;31,93;37,61;36,53;26,87;25,48;31,31;24,58;25,94;25,21;26,7;30,92;26,67;28,72;8,701;;;;
20/08/2024;26,44;21,89;25,37;25,73;23,76;23,44;21,33;25,61;20,7;20,29;25,45;19,67;27,59;27,15;22,07;28,1;25,01;27,57;26,22;24,55;24,48;21,93;26,69;26,56;29,97;24,9;29,43;27,96;43,44;38,23;34,88;34,45;39,82;49,5;42,56;34,3;46,17;34,5;38,3;34,79;32,91;46,29;47,3;41,62;40,22;47,43;43,1;54,71;45,19;44,29;49,65;58,02;40,44;42,54;54,35;51,81;56,42;58,59;45,43;44,83;53,06;55,06;48,62;47,76;47,02;58,78;51,63;51,39;60,67;53,14;54,17;61,39;57,35;53,24;57,94;40,2;38,88;42,88;49,25;36,24;44,33;44,41;37,29;42,44;34,75;32,61;31,93;30,92;35,87;27,31;30,58;30,43;35,45;32,01;33,43;9,6;;;;
21/08/2024;28,06;31,02;31,35;27,78;28,83;23,73;24,01;28,77;28,29;32,08;25,73;29,27;24,51;29,7;28,22;28,52;28,7;24,49;22,65;24,15;31,26;24,74;25,06;30,16;22,23;22,85;21,37;21,36;29,03;39,86;34,34;39,36;40,86;36,95;29,65;36,04;36,96;31,02;34,7;42,23;39,95;32,57;37,68;40,66;55,74;45,81;31,37;36,62;34,99;39,93;42,41;47,48;47,67;44,57;51,66;51,42;44,59;52,25;45,44;54,5;43,17;42,37;47,82;45,26;47,67;38,04;57,44;40,46;53,84;57,67;43,34;43,42;58,68;55,82;50,92;48,17;56,69;56,18;48,08;46,43;37,35;38,16;43,23;30,15;29,62;29,11;28,45;30,33;31,0;34,25;29,85;27,24;24,19;25,21;27,65;9,9;;;;
22/08/2024;28,13;26,89;26,01;24,07;22,21;24,76;24,05;23,11;26,03;19,97;23,38;23,64;24,78;24,09;20,61;18,14;20,13;20,21;21,61;19,03;20,71;21,63;25,3;24,53;21,68;27,27;25,09;25,49;23,02;26,6;27,8;46,93;45,12;41,06;37,9;38,5;34,99;49,16;45,47;33,09;46,38;39,62;47,24;34,08;42,47;48,21;44,79;40,28;44,26;37,15;44,36;54,24;46,01;42,41;40,04;49,62;51,19;45,39;51,23;42,13;51,56;46,92;60,31;58,61;53,19;57,26;52,33;60,73;45,4;59,22;51,38;58,95;57,63;60,12;62,5;65,79;62,17;46,52;48,06;44,52;37,44;39,41;43,44;40,24;40,0;38,06;32,6;30,04;34,86;27,88;26,24;33,46;28,0;32,38;30,65;9,3;;;;
23/08/2024;29,59;32,43;25,72;28,08;23,44;25,99;26,62;32,03;22,84;25,64;28,18;31,85;24,48;28,62;23,25;29,53;24,02;28,06;27,41;28,34;30,72;25,34;19,92;16,41;19,03;19,68;18,96;21,67;26,22;32,3;38,14;40,82;41,84;33,16;36,33;31,11;35,21;31,51;45,22;44,59;42,33;36,23;42,36;44,0;47,25;53,69;53,34;50,01;57,83;60,07;49,73;50,55;47,58;52,1;49,32;50,3;57,2;48,66;58,39;48,78;54,04;60,83;62,46;44,24;55,69;57,8;46,36;51,78;62,73;65,71;62,81;66,13;56,01;48,07;39,76;46,63;45,99;43,61;51,92;49,42;40,28;39,38;38,72;41,01;39,11;28,91;35,09;28,02;32,97;29,11;32,14;27,34;34,42;26,71;29,9;9,3;;;;
24/08/2024;29,44;24,97;29,53;24,79;28,9;22,62;30,07;24,27;25,99;23,24;22,52;28,15;21,77;19,93;22,1;18,63;23,07;18,24;23,58;23,43;22,72;22,85;25,28;22,38;20,49;23,66;23,69;22,55;23,53;35,29;36,08;31,39;36,09;40,21;34,64;35,67;38,75;36,31;37,42;35,74;41,75;40,19;41,18;35,56;49,29;34,3;49,56;60,99;56,06;46,79;41,63;43,53;41,29;39,68;38,63;40,58;42,16;45,67;42,95;48,15;42,88;44,17;38,83;48,69;49,81;40,82;49,65;51,97;54,97;61,92;51,96;56,49;40,55;36,74;43,85;38,25;36,71;45,06;31,5;38,08;38,15;30,31;34,78;35,67;26,13;22,86;27,43;26,57;30,76;29,52;26,34;29,4;33,39;31,02;33,74;9,3;;;;
25/08/2024;25,02;25,54;33,12;24,27;27,19;23,26;27,81;28,15;22,37;24,92;24,88;19,16;20,27;25,24;24,82;24,2;24,77;24,03;19,27;21,52;27,17;22,83;25,06;25,85;21,41;22,62;24,33;23,27;27,06;38,64;38,75;45,45;46,13;46,9;38,44;41,1;39,82;39,07;37,08;37,42;35,34;40,6;40,57;32,43;39,66;35,68;34,63;44,67;43,19;45,51;45,31;32,52;35,59;37,96;47,76;47,53;51,03;38,56;49,77;49,75;49,23;44,33;48,17;38,71;45,79;43,27;45,4;34,78;42,26;40,8;52,92;43,38;49,36;38,2;45,38;45,54;50,08;34,68;39,73;37,08;37,37;34,94;27,32;25,36;25,54;22,88;23,4;22,24;24,63;24,45;24,13;20,4;25,12;18,31;21,99;7,5;;;;
26/08/2024;20,21;26,61;22,73;19,07;22,94;23,83;23,55;17,64;21,15;24,35;18,49;19,68;21,44;20,5;22,53;19,8;24,05;21,45;20,38;20,6;24,76;16,51;18,33;20,54;23,67;23,48;19,49;24,16;33,32;37,47;42,85;33,63;33,97;44,37;34,61;36,53;39,38;42,3;43,9;53,32;49,35;45,03;38,2;44,22;35,25;52,96;49,12;41,93;35,6;36,75;49,17;32,57;37,48;48,2;41,8;42,81;45,18;37,81;34,7;42,11;44,05;44,12;43,04;50,32;48,62;42,19;41,86;45,13;47,18;43,03;43,8;53,37;55,25;39,45;43,7;44,39;36,18;36,29;45,07;41,65;40,38;34,13;31,86;31,8;24,32;26,03;25,04;25,23;21,59;25,84;23,59;23,42;26,64;24,97;23,06;7,8;;;;
27/08/2024;21,2;18,88;15,73;21,43;16,45;17,99;20,36;14,53;21,08;18,62;18,16;19,08;18,38;19,78;20,43;19,86;20,4;18,17;17,72;21,16;22,04;21,85;19,67;16,03;19,25;27,08;18,23;24,77;31,28;29,8;39,81;33,54;40,29;45,82;41,76;46,18;40,5;40,27;38,39;32,51;30,99;32,82;30,09;34,75;48,1;35,52;34,85;39,82;46,94;36,49;29,69;38,73;32,38;31,33;30,95;33,93;42,65;35,76;37,94;38,7;27,25;29,45;28,95;30,88;29,15;28,78;37,76;30,06;32,17;37,45;26,74;33,74;30,68;32,56;34,17;36,4;31,69;25,89;33,76;27,22;26,8;32,1;36,25;25,12;18,0;18,91;20,47;19,75;16,41;20,83;18,55;22,62;20,06;20,99;19,17;5,7;;;;
28/08/2024;16,56;17,73;20,6;20,09;16,85;19,03;18,19;15,96;18,15;18,59;16,98;15,61;18,97;18,06;19,5;20,8;17,21;20,59;20,43;17,35;15,46;18,83;17,54;17,25;16,27;18,26;22,79;28,48;28,11;34,32;30,13;29,27;28,92;39,99;31,1;31,66;40,03;35,71;31,71;26,57;33,75;29,81;29,57;34,21;34,95;44,91;43,82;41,07;36,01;29,52;31,18;35,85;35,97;33,77;38,83;39,81;41,41;41,72;33,4;27,51;27,32;31,98;32,78;26,19;33,38;31,57;23,89;30,11;27,84;29,85;27,28;28,39;36,34;28,71;31,15;29,3;33,22;33,03;30,67;27,81;27,29;29,31;31,39;24,31;19,05;21,5;18,25;17,08;15,57;18,55;16,75;18,73;14,14;18,62;15,38;5,4;;;;
29/08/2024;15,91;13,88;12,85;16,62;15,18;14,7;12,44;17,38;14,52;15,52;16,13;13,13;16,69;13,21;14,83;16,3;16,66;14,87;15,9;17,49;16,04;13,65;16,89;16,07;17,61;16,35;18,42;21,38;20,6;34,9;38,59;42,51;38,53;31,09;34,5;31,31;42,6;43,07;35,06;36,8;44,64;32,08;28,39;40,95;34,46;35,58;27,08;28,21;39,24;39,2;33,96;29,9;28,95;36,89;34,28;40,29;32,24;33,79;33,63;30,87;23,22;22,57;22,49;29,8;27,93;28,95;29,78;25,5;37,26;32,5;26,63;28,12;30,13;25,97;23,25;30,1;31,86;28,41;25,49;26,75;34,76;27,6;31,96;27,16;21,2;20,27;21,5;16,71;19,37;16,89;16,02;17,85;17,24;19,24;19,52;5,4;;;;
30/08/2024;19,48;18,36;18,73;16,06;18,4;17,96;15,6;19,46;13,86;19,86;18,57;16,16;18,22;18,47;15,21;13,8;14,64;19,85;13,58;19,38;16,93;17,41;16,06;18,76;19,07;20,69;18,58;18,77;21,97;34,73;37,35;40,46;34,81;33,99;32,64;38,59;37,76;46,32;33,26;31,94;28,66;25,63;39,81;29,01;34,83;32,42;34,72;36,78;36,82;39,62;32,67;32,02;40,78;28,9;39,37;33,63;36,97;28,56;27,59;38,26;29,62;34,15;29,56;37,62;36,74;37,94;38,18;40,44;34,9;46,39;36,48;36,26;49,34;38,21;39,88;37,27;32,7;37,05;30,65;31,48;30,32;32,26;30,66;24,61;22,76;20,81;18,06;15,87;16,83;16,6;15,98;15,53;18,54;16,71;16,49;5,7;;;;
31/08/2024;18,58;14,81;16,44;15,95;16,87;13,01;15,81;14,39;14,74;14,04;14,57;16,29;13,45;14,08;15,35;18,41;13,66;14,99;18,95;13,73;18,59;16,89;15,57;16,74;15,79;16,9;15,07;20,06;19,19;34,72;34,73;34,33;38,01;36,91;37,71;38,65;46,39;37,52;43,69;30,74;35,06;31,33;26,69;29,34;42,77;46,08;31,86;30,27;40,54;33,91;33,06;35,63;39,88;35,88;43,83;31,34;25,77;28,0;35,88;28,93;31,28;26,84;35,91;36,76;34,26;37,84;30,16;29,56;37,53;39,88;41,23;39,29;40,86;39,97;29,59;35,38;37,77;31,37;28,2;28,66;33,07;26,38;23,6;24,74;22,72;19,96;23,67;20,49;17,16;18,07;18,44;18,67;18,53;17,61;16,59;5,7;;;;
01/09/2024;14,84;15,98;14,63;16,21;14,44;17,24;18,14;14,39;16,21;19,04;15,39;18,74;18,8;15,69;19,53;16,16;18,22;18,7;13,71;18,28;17,77;15,73;18,56;18,66;15,27;17,18;18,76;20,51;25,68;30,99;36,25;35,86;38,13;36,25;40,63;34,37;39,28;33,82;34,34;38,39;28,92;42,1;45,38;43,51;30,57;41,55;40,58;52,94;35,16;27,21;36,9;31,48;32,23;32,8;38,62;31,29;28,54;29,92;26,49;34,15;33,87;37,87;32,51;42,67;33,71;36,38;34,17;30,6;33,33;33,34;34,47;48,87;39,48;39,41;33,78;30,65;30,59;28,32;24,81;31,05;26,79;26,36;27,07;24,48;18,91;22,48;19,13;18,22;22,33;16,83;16,43;21,78;19,78;18,92;16,96;6,0;;;;
02/09/2024;16,01;15,92;16,81;20,57;17,58;18,35;22,89;18,36;21,69;19,34;20,55;19,3;16,5;15,22;15,31;16,4;16,61;13,53;16,72;18,89;20,1;18,66;19,72;21,49;19,88;20,58;23,57;27,19;20,33;27,0;40,13;41,51;44,13;42,31;45,0;37,88;33,29;45,54;41,8;38,46;38,77;30,51;33,77;30,65;33,94;41,44;36,95;34,41;39,6;31,44;39,41;31,3;36,83;38,02;32,61;38,0;36,62;35,43;37,61;34,78;35,87;35,95;36,57;29,37;40,83;31,36;34,7;31,22;38,73;35,36;43,93;37,73;45,25;40,97;36,41;32,2;32,19;32,22;28,63;29,24;26,4;25,4;27,09;31,51;31,8;28,0;29,21;21,96;22,14;18,8;18,2;23,77;24,74;21,08;22,55;7,2;;;;
03/09/2024;18,56;17,51;19,21;22,83;16,8;23,95;22,96;22,2;23,93;22,84;18,52;21,77;23,3;21,35;19,41;20,76;20,68;17,28;21,2;17,15;18,29;19,9;24,0;23,42;20,27;20,99;18,46;23,56;25,87;27,79;32,31;30,69;38,33;36,45;40,31;41,08;34,43;39,65;39,06;40,76;32,72;33,89;31,59;38,71;39,0;35,45;36,36;42,67;44,13;30,54;36,67;38,37;41,63;32,02;34,51;29,88;29,32;32,23;32,48;34,29;40,66;34,17;39,69;37,17;40,64;31,85;34,21;41,74;35,06;39,56;32,02;33,59;30,14;31,28;26,66;30,57;33,36;30,5;29,82;30,21;25,73;33,99;24,77;25,42;21,17;22,5;17,07;19,83;19,08;16,35;17,38;17,02;19,49;15,53;16,2;5,7;;;;
04/09/2024;16,01;16,31;15,02;17,73;17,01;15,23;17,3;16,5;15,34;15,26;15,52;17,02;15,14;18,66;14,7;14,29;14,79;13,88;14,88;15,97;14,68;19,66;17,65;14,94;17,13;14,8;16,72;29,47;28,54;40,31;31,07;36,83;32,03;34,91;29,83;37,3;31,12;29,97;42,51;36,58;35,91;30,6;28,87;29,05;29,59;46,93;34,28;32,21;33,33;33,08;27,94;26,13;34,95;38,32;35,47;36,21;31,14;45,43;30,7;33,57;34,76;30,86;35,74;35,3;34,72;31,77;38,24;35,93;35,2;31,88;34,28;37,75;32,62;35,84;30,61;25,44;39,21;33,53;29,75;36,8;35,15;35,73;31,06;25,83;21,18;17,94;17,43;19,09;15,95;20,1;17,24;19,84;17,5;16,98;16,37;6,3;;;;
05/09/2024;17,12;16,71;15,27;17,11;20,67;17,37;17,85;17,68;14,22;17,69;17,16;16,96;17,48;17,84;19,85;20,06;17,54;17,29;16,51;17,4;14,51;15,16;16,51;20,04;18,94;23,31;26,63;22,45;34,68;32,42;29,41;37,66;29,04;39,1;35,98;41,41;33,43;46,63;36,09;38,76;32,61;35,08;41,35;34,7;34,24;48,67;37,94;36,9;40,61;31,75;31,2;43,24;35,39;43,67;41,4;42,38;34,86;34,06;42,46;28,71;30,61;28,28;30,45;34,75;37,33;30,67;31,36;34,45;35,15;38,16;40,59;39,38;33,1;38,08;36,86;34,36;25,5;30,69;28,89;33,6;29,93;25,48;31,05;26,81;26,1;21,58;17,25;16,87;17,18;13,85;18,01;16,23;16,69;18,85;17,26;6,3;;;;
06/09/2024;16,88;13,5;15,16;16,05;14,73;14,38;13,58;19,12;15,13;13,04;17,38;18,64;17,37;12,79;16,12;16,67;16,61;15,68;17,91;18,45;14,86;15,95;19,17;16,54;15,29;15,43;18,44;20,06;23,2;33,73;35,07;41,66;36,52;33,47;38,23;32,92;47,04;37,34;34,02;41,46;31,94;31,47;34,26;28,69;35,77;38,01;34,94;29,21;36,06;33,56;29,47;38,67;32,32;32,44;33,37;48,96;33,52;37,51;30,78;43,59;32,58;32,25;34,35;30,91;29,6;39,79;35,62;44,43;37,66;39,26;45,69;43,22;44,51;43,11;40,17;42,68;39,15;31,86;31,25;32,97;33,69;44,54;31,02;40,14;31,12;31,36;25,25;21,65;28,25;22,03;23,14;21,7;22,03;28,23;24,69;8,1;;;;
07/09/2024;23,93;22,85;27,63;24,35;22,45;28,4;21,37;23,02;27,08;24,34;21,34;22,65;23,82;24,33;21,64;24,52;20,72;20,2;24,72;17,19;21,94;23,72;21,65;24,31;22,43;25,51;25,98;26,89;34,02;27,99;36,57;39,34;36,31;39,85;49,49;39,3;40,44;37,32;38,13;38,53;36,41;36,06;36,51;33,81;37,36;30,41;43,64;36,19;39,54;44,79;40,22;42,21;40,24;37,95;37,64;30,01;32,53;31,8;37,51;37,7;32,02;28,88;34,48;38,42;33,1;39,59;31,03;31,37;45,59;42,14;41,0;35,86;37,96;38,63;41,13;39,11;39,54;41,57;39,53;39,62;37,93;36,13;41,87;37,28;29,18;24,94;25,47;28,27;23,4;27,72;24,69;22,8;23,7;20,44;24,67;8,1;;;;
08/09/2024;19,57;26,54;21,91;20,69;21,14;20,59;19,1;18,0;18,99;18,46;17,28;17,4;17,65;21,91;17,03;19,81;20,44;21,78;19,75;17,97;19,35;23,09;19,94;23,51;18,98;24,95;20,19;20,46;23,86;30,31;42,18;41,94;48,7;37,65;33,34;35,89;34,9;44,47;36,29;40,35;37,67;33,61;38,83;33,62;34,49;33,05;35,29;36,2;31,16;32,45;31,46;40,32;37,89;35,06;33,87;36,77;38,44;35,8;39,54;30,26;32,52;33,54;33,48;35,0;42,53;30,83;34,42;34,5;35,65;46,88;42,24;43,99;35,95;42,92;37,25;40,28;41,12;40,7;42,01;43,0;34,72;34,14;26,2;31,76;25,39;23,34;28,16;25,29;28,65;24,88;21,21;21,28;26,85;23,88;23,69;7,2;;;;
09/09/2024;21,2;21,01;19,38;17,83;17,16;22,37;22,62;22,49;21,29;23,01;22,42;20,64;20,63;23,33;22,07;19,81;23,83;21,5;20,52;24,01;16,64;18,46;25,01;21,9;23,11;21,97;26,5;23,86;31,39;34,87;36,19;44,03;39,13;47,07;48,16;46,84;48,76;42,43;40,15;38,34;43,38;49,97;28,9;34,2;32,11;45,57;28,23;43,63;44,04;36,82;33,89;29,68;29,69;40,76;36,45;33,3;29,53;35,85;38,78;34,28;34,63;29,16;29,12;30,81;26,11;31,06;34,37;36,64;31,42;41,95;37,69;35,34;44,5;28,17;33,75;28,81;27,9;30,64;26,48;38,46;33,35;25,72;25,42;24,84;20,38;18,22;20,9;25,94;18,54;16,5;16,22;17,76;17,28;27,61;26,02;6,3;;;;
10/09/2024;17,28;18,94;15,45;17,78;15,03;15,32;14,7;16,91;16,68;17,37;14,47;15,37;17,74;18,52;14,65;14,66;17,07;14,35;18,67;13,92;19,4;17,4;20,84;18,37;20,31;16,66;21,15;25,13;24,93;28,29;44,69;39,44;46,77;39,54;32,84;43,37;33,0;31,65;41,75;38,53;49,99;45,38;37,42;35,37;38,38;37,28;37,93;35,26;36,2;32,06;34,52;37,46;37,7;35,25;33,02;35,32;33,72;35,12;34,9;25,92;35,99;38,59;27,06;34,89;28,33;27,21;31,93;35,22;40,37;33,49;38,46;33,23;39,67;30,29;26,66;29,71;30,87;38,29;32,22;28,18;26,36;23,89;33,14;29,97;20,99;21,24;23,26;17,13;20,67;18,03;18,79;15,07;20,92;16,94;19,92;6,0;;;;
11/09/2024;16,47;19,37;17,39;19,49;18,72;20,06;15,11;18,71;20,44;18,7;17,24;15,87;15,77;19,72;15,83;18,08;16,14;17,51;15,33;18,02;15,31;15,32;16,42;18,83;13,55;20,36;18,44;20,51;26,02;27,65;23,28;26,15;38,2;37,71;42,63;37,13;35,99;36,8;36,87;41,96;41,29;38,08;40,97;39,56;40,73;39,45;36,19;29,78;37,62;36,03;32,07;31,32;30,15;33,87;38,84;37,36;33,96;37,56;31,87;41,97;34,82;31,83;37,41;33,37;28,4;33,81;25,25;36,55;30,65;40,45;32,38;33,07;32,18;30,65;27,08;29,69;34,8;30,76;30,71;30,27;31,41;29,35;32,27;26,58;18,08;20,35;22,12;16,8;17,84;18,05;16,96;18,31;19,63;16,77;16,65;5,7;;;;
12/09/2024;16,97;13,61;17,45;19,95;16,4;18,99;14,88;15,61;20,65;17,16;16,87;18,66;15,99;20,41;20,42;16,42;21,39;17,44;16,85;19,55;14,41;17,49;18,09;19,91;20,53;20,84;22,69;23,65;26,12;32,22;45,57;38,31;36,61;33,91;41,1;41,11;37,14;36,3;47,61;33,01;46,05;40,36;34,45;40,14;42,48;39,36;46,02;36,84;43,65;38,87;26,95;33,77;32,05;29,6;28,64;24,87;26,83;34,61;30,72;29,8;32,14;32,45;35,71;30,7;37,64;27,93;39,68;37,73;39,09;50,02;37,72;46,42;42,55;50,34;43,36;41,19;41,26;38,8;38,22;38,61;29,36;41,0;34,66;29,21;30,79;25,47;27,82;24,51;24,64;21,99;21,23;25,16;26,59;25,81;24,53;7,5;;;;
13/09/2024;20,14;20,37;17,73;21,02;21,95;17,9;20,26;18,14;16,78;17,63;18,48;20,4;17,51;21,51;24,07;17,34;22,04;21,76;18,89;17,79;22,78;18,99;21,56;17,9;25,23;21,84;19,41;26,71;30,74;36,37;44,57;33,54;47,87;40,52;45,18;44,17;43,1;41,48;47,64;44,88;46,01;46,69;37,91;41,51;35,24;36,55;36,95;35,55;47,13;35,8;40,42;38,18;38,73;42,45;48,24;35,52;42,65;33,34;36,89;33,66;32,87;32,82;39,92;43,21;42,87;49,75;42,57;39,07;52,14;55,87;49,69;49,73;45,26;42,16;48,39;45,78;46,25;42,98;35,09;34,56;37,39;41,64;37,76;36,64;29,33;31,2;27,53;28,09;26,56;26,69;27,24;24,16;24,24;23,46;26,56;9,0;;;;
14/09/2024;22,44;23,12;26,54;25,28;21,83;23,28;27,65;21,04;22,9;23,71;20,2;23,84;23,81;23,77;25,19;20,92;23,78;28,99;23,7;25,93;23,8;26,99;24,96;25,09;27,55;25,15;23,43;36,72;31,04;37,42;43,15;35,9;40,24;40,71;42,51;44,79;44,49;33,25;45,41;37,73;48,61;39,17;45,57;36,06;49,76;44,08;51,06;44,96;57,56;38,87;46,88;34,58;36,44;30,94;44,32;31,03;30,83;38,37;33,66;43,58;43,43;30,32;29,02;40,56;34,6;35,04;33,29;34,93;34,05;35,0;37,19;32,74;45,06;41,94;36,92;34,51;34,69;31,19;29,06;39,37;30,46;33,66;33,81;42,2;28,97;25,69;20,75;24,31;25,69;20,39;24,94;21,68;21,03;26,36;23,62;7,8;;;;
15/09/2024;18,94;22,65;22,32;24,21;22,67;19,2;16,79;20,79;22,4;23,52;20,19;20,23;24,07;20,89;23,88;20,49;20,55;22,74;25,34;19,55;19,87;21,55;21,89;25,16;18,46;26,39;29,81;24,93;25,78;33,48;42,88;42,38;45,41;40,94;43,18;45,42;33,44;50,13;42,57;41,74;45,85;47,44;42,13;34,27;34,34;39,47;41,02;34,59;35,78;35,04;43,17;34,25;35,68;40,22;33,02;37,78;32,64;37,3;33,79;42,66;30,38;40,88;30,32;33,97;40,86;35,96;35,06;30,65;30,98;41,43;35,85;37,55;43,72;34,41;38,02;36,33;36,19;32,03;28,3;31,71;32,09;37,28;27,72;30,69;25,59;19,84;20,01;17,95;23,41;20,94;20,97;21,09;18,49;19,39;17,81;6,6;;;;
16/09/2024;19,01;17,77;17,72;20,26;18,24;15,07;19,36;18,78;19,9;19,46;15,41;17,62;14,79;18,48;20,05;17,78;16,09;18,92;16,63;18,79;17,56;16,32;20,95;18,73;23,24;17,65;18,17;22,42;27,37;40,24;39,1;46,13;39,84;47,85;40,81;44,59;47,18;34,6;38,6;44,37;42,02;43,0;32,26;38,85;39,2;39,42;41,9;35,83;40,62;33,51;37,47;38,47;38,17;39,79;42,08;42,87;32,19;42,31;37,22;47,7;32,77;33,77;30,45;31,09;29,47;34,25;35,76;33,66;33,74;36,06;40,03;45,0;39,98;35,95;32,01;32,75;30,17;28,38;35,65;28,55;35,44;24,77;26,06;28,9;18,14;17,4;18,32;19,39;18,6;15,77;20,58;18,44;17,68;17,81;19,22;6,0;;;;
17/09/2024;19,72;20,74;15,03;13,59;17,68;15,68;16,34;16,88;16,69;18,16;17,44;14,2;20,56;15,65;15,41;15,94;15,03;20,09;15,42;14,86;20,03;15,61;17,06;18,32;18,8;16,98;20,67;18,53;29,72;28,4;32,74;43,77;44,13;43,0;40,76;29,9;43,55;37,67;34,24;37,17;37,85;44,66;39,57;39,93;38,4;31,37;45,93;41,09;36,07;38,36;41,64;32,92;36,33;39,07;40,38;31,85;35,57;40,83;31,49;45,64;35,69;36,06;29,74;36,37;39,27;40,49;33,37;34,77;31,63;44,68;38,71;34,73;40,88;33,56;38,42;35,29;40,43;35,54;36,16;30,11;32,4;26,47;22,68;20,49;23,34;20,49;20,34;19,18;17,51;18,96;18,7;20,7;16,24;15,9;18,02;5,7;;;;
18/09/2024;17,31;16,25;17,53;17,12;20,31;16,73;15,79;17,42;17,88;15,82;18,16;19,03;18,04;14,3;18,09;16,83;19,7;14,79;17,15;17,15;17,4;15,75;17,19;19,03;19,28;17,04;21,67;26,42;27,63;34,21;32,0;40,06;38,57;29,19;41,65;36,53;45,03;35,31;35,44;33,5;38,18;36,43;35,14;40,19;42,58;31,56;28,0;33,06;45,33;33,0;34,22;34,88;31,73;32,42;47,16;38,4;35,11;29,16;28,4;30,99;29,91;37,31;25,21;37,33;32,63;30,25;35,01;32,43;31,75;33,31;26,33;35,3;32,09;32,3;30,41;32,35;33,5;33,33;27,02;31,02;26,04;26,93;29,61;20,87;23,13;16,37;16,85;18,12;18,43;17,01;14,39;14,28;13,2;17,29;15,97;5,1;;;;
19/09/2024;13,75;15,9;14,76;15,67;15,06;17,13;17,82;18,7;16,59;15,21;16,46;17,08;18,1;15,16;17,72;17,38;19,59;13,56;17,28;13,8;15,03;19,81;18,16;17,15;16,29;18,65;20,43;19,02;34,12;31,14;34,04;49,04;32,36;41,83;49,41;50,07;47,14;39,07;38,21;39,26;43,45;36,53;46,67;34,17;40,86;34,51;35,51;44,51;39,2;34,8;26,37;38,99;32,32;39,76;43,81;47,87;44,79;39,68;43,48;31,16;30,69;38,42;35,93;30,44;28,61;26,51;27,32;31,46;31,21;38,79;30,86;35,48;29,34;28,39;29,78;28,19;29,07;33,77;34,61;27,72;29,28;25,2;34,3;29,46;20,81;22,17;18,34;20,29;15,85;15,24;18,02;19,22;17,43;16,82;14,73;5,4;;;;
20/09/2024;16,58;15,98;15,92;14,03;17,29;15,86;17,19;16,03;13,96;16,2;15,2;17,94;15,29;18,62;18,25;14,11;14,61;14,38;16,07;12,77;14,16;16,89;19,43;15,94;15,19;17,15;19,81;20,71;25,73;43,53;29,33;31,13;33,27;35,81;42,14;31,65;37,99;30,02;45,56;32,46;29,37;25,8;30,72;41,17;42,39;43,56;29,06;33,33;39,51;35,06;35,3;39,88;29,74;33,04;36,94;29,79;26,06;27,67;32,76;42,62;40,3;37,22;26,79;25,98;28,03;32,9;27,8;31,25;29,27;28,41;37,85;30,9;38,66;27,32;26,2;27,96;29,93;28,22;28,45;32,58;25,84;24,06;23,04;25,33;22,45;20,46;17,5;21,4;18,37;15,61;16,11;16,5;15,15;16,79;16,35;5,7;;;;
21/09/2024;15,77;13,94;18,68;14,25;13,85;18,58;14,7;17,06;15,3;15,12;16,24;18,87;15,28;13,51;15,39;17,37;17,55;14,9;14,27;16,88;14,08;17,92;14,7;17,17;19,81;17,97;19,53;20,48;28,87;31,81;39,77;40,59;38,07;34,94;37,44;34,36;45,34;46,06;45,91;46,65;36,02;33,34;45,32;37,42;37,65;36,19;36,76;31,79;33,38;35,55;32,85;38,4;29,63;37,41;36,33;35,69;29,51;31,57;31,1;31,96;34,01;46,18;40,25;41,69;32,92;32,1;32,73;36,31;30,41;35,16;31,75;27,41;37,92;34,43;25,28;30,05;38,34;29,9;30,21;33,43;29,29;22,06;23,24;23,83;23,02;20,93;16,22;20,62;17,9;19,3;20,42;18,02;16,5;18,04;16,57;5,1;;;;
22/09/2024;17,16;17,9;13,82;13,76;18,34;15,94;15,17;15,74;20,5;16,7;15,44;19,65;17,93;14,63;13,99;16,27;18,61;16,83;17,85;17,24;19,59;16,63;17,32;14,78;18,35;18,11;25,01;30,49;30,91;40,42;36,52;36,84;38,65;46,25;50,6;45,62;40,82;49,14;31,86;35,25;33,45;34,07;34,06;41,87;39,49;37,76;38,25;35,28;32,72;32,33;30,92;28,02;32,54;41,12;50,83;45,18;42,72;31,45;34,2;32,2;30,31;31,66;27,79;26,64;27,55;30,17;23,32;21,33;37,48;32,86;35,11;29,46;30,76;36,0;34,4;44,36;32,63;29,93;34,55;36,12;27,78;25,15;32,82;32,87;29,37;15,81;19,86;14,9;18,49;20,19;14,27;16,53;18,36;17,73;16,28;5,7;;;;
23/09/2024;15,4;13,23;12,94;15,37;17,35;17,62;15,89;13,2;14,06;16,48;15,95;14,54;17,35;19,31;17,65;17,11;14,63;14,49;15,55;16,51;14,98;14,61;14,23;16,95;15,6;16,13;16,1;21,27;26,79;31,48;41,29;43,1;43,07;32,95;38,4;31,58;32,58;33,99;29,27;37,41;32,81;39,83;33,14;35,27;49,43;46,76;41,24;31,93;36,2;40,12;39,96;35,5;42,07;38,93;28,98;23,28;29,53;30,47;30,23;33,24;32,01;31,06;30,03;29,5;36,04;26,0;30,23;31,75;38,55;33,93;26,19;32,79;30,74;29,99;25,88;27,65;33,78;37,28;32,06;28,03;26,41;29,41;27,62;21,46;22,6;16,53;20,0;21,51;18,88;17,45;16,96;15,16;14,31;16,22;14,61;5,399;;;;
24/09/2024;17,17;16,41;18,46;15,8;16,97;19,59;15,72;19,5;18,38;12,91;16,31;18,62;15,28;16,68;14,99;16,33;17,07;18,94;14,97;16,73;15,69;16,57;14,74;15,95;17,34;15,44;17,81;17,93;29,38;30,79;42,37;36,22;31,13;44,0;37,0;26,92;37,51;28,8;45,17;31,31;30,22;44,12;35,32;28,29;33,45;38,49;39,14;28,72;29,25;32,18;27,17;28,97;24,96;28,54;32,36;32,79;33,99;29,62;27,7;27,91;41,22;35,08;38,63;28,73;31,71;39,49;26,56;24,77;28,91;33,51;30,81;25,65;29,44;34,04;23,72;24,72;24,56;29,73;37,04;26,73;25,85;23,14;32,91;31,05;18,29;19,49;17,03;18,57;15,73;15,61;18,16;19,71;14,28;14,61;19,05;6,0;;;;
25/09/2024;15,79;17,78;17,95;16,26;14,66;16,53;14,9;13,93;16,98;18,89;16,18;17,07;19,14;17,22;18,62;13,81;15,19;17,87;14,21;17,86;16,94;15,18;18,18;13,72;17,33;22,85;18,18;18,34;33,51;34,06;33,84;36,23;45,83;45,85;32,84;44,79;41,07;32,91;37,57;38,05;35,57;33,56;32,32;26,89;42,05;43,21;35,3;48,0;26,35;33,34;39,36;33,53;31,64;32,6;29,67;39,12;34,76;31,15;37,06;34,5;35,64;35,71;24,24;31,35;32,22;38,36;31,74;29,22;37,21;36,87;35,19;40,88;27,21;27,75;33,37;35,03;33,54;28,82;27,59;31,33;34,43;33,49;20,64;19,95;21,05;16,23;17,77;22,71;14,3;16,13;13,91;15,0;17,34;17,69;17,75;5,4;;;;
26/09/2024;19,55;19,92;14,97;14,72;17,82;16,34;18,33;19,93;18,86;15,69;14,15;14,62;14,28;13,67;16,03;16,3;14,16;18,51;15,61;16,02;17,61;17,07;13,05;17,39;17,69;17,62;21,03;25,47;23,88;27,43;37,22;39,39;41,86;43,73;41,34;41,16;40,94;32,21;37,68;46,57;41,71;43,77;42,24;31,83;44,52;34,14;39,14;47,44;41,19;37,3;27,89;28,54;34,83;39,29;42,76;44,89;34,98;33,64;36,18;31,88;31,14;26,02;26,33;33,67;27,95;37,0;28,65;29,04;31,92;34,19;27,53;31,62;30,75;25,68;32,0;32,32;34,54;30,78;29,77;31,62;25,16;21,68;25,68;20,25;18,16;19,78;17,36;18,85;17,71;14,61;16,02;15,57;15,87;14,71;16,45;5,1;;;;
27/09/2024;17,04;13,48;19,38;15,03;13,47;15,61;17,16;14,13;15,01;15,8;16,22;14,12;17,34;13,14;13,65;16,55;15,31;14,8;14,32;14,54;15,08;15,81;16,47;15,79;18,05;15,08;20,32;22,5;29,67;30,13;42,25;41,12;38,06;31,73;45,23;43,95;38,17;48,28;33,98;35,19;36,97;31,21;38,82;34,09;39,45;50,68;40,11;34,05;42,76;38,21;35,41;40,24;30,82;41,04;34,48;35,44;41,9;38,73;39,74;39,87;34,16;36,89;31,02;32,77;33,12;28,07;28,4;27,29;31,81;28,94;30,76;35,0;45,81;40,05;35,22;31,2;33,77;35,3;28,65;29,4;33,31;24,78;26,65;24,99;18,33;19,03;20,18;19,4;14,46;16,8;17,37;17,82;19,91;18,45;15,64;6,0;;;;
28/09/2024;13,77;16,32;16,55;17,13;18,38;18,38;17,11;14,24;16,4;15,33;16,81;16,34;15,09;15,94;14,68;17,65;14,03;15,88;15,15;16,9;12,73;13,5;16,97;14,4;14,02;19,62;22,25;23,34;29,56;33,99;32,39;40,32;32,94;42,1;35,27;30,56;34,64;38,81;32,77;42,65;46,17;39,9;43,45;40,95;42,13;35,06;41,34;35,11;50,24;39,47;34,06;28,26;26,7;32,97;48,24;25,11;22,29;31,16;29,07;41,53;34,95;37,24;36,26;30,96;34,32;33,34;30,22;30,08;35,06;41,28;36,24;34,94;30,38;29,78;33,98;31,02;34,41;32,2;33,06;41,15;34,27;30,88;28,64;26,21;20,77;16,09;16,8;18,15;17,46;17,77;16,12;17,21;18,48;14,64;15,64;6,0;;;;
29/09/2024;15,08;14,89;19,34;18,1;19,06;20,6;14,76;13,71;19,2;14,0;17,77;20,85;18,29;15,08;16,74;16,78;18,59;20,99;15,36;15,51;16,8;17,07;16,41;15,1;21,67;20,22;20,84;24,2;20,75;25,81;36,1;42,74;39,37;35,88;40,83;40,52;46,83;35,32;39,69;29,86;33,92;38,88;42,18;31,6;35,43;35,69;45,39;33,84;44,2;26,26;37,29;31,49;48,48;35,43;31,41;34,24;33,05;33,28;29,88;35,03;43,21;28,02;27,22;26,59;29,04;31,5;30,87;36,16;30,23;42,36;48,29;39,85;39,25;30,29;24,68;35,19;36,37;27,37;30,27;32,8;30,08;26,59;21,53;22,33;17,52;19,07;17,45;21,51;19,19;16,01;17,35;17,71;15,22;15,93;16,62;5,7;;;;
30/09/2024;17,14;18,01;16,72;15,89;17,24;15,41;17,38;18,06;14,71;14,07;18,82;14,47;14,35;14,4;17,74;14,59;17,76;16,58;13,42;18,42;17,66;14,83;16,48;20,35;18,15;18,74;23,55;28,75;28,37;33,65;32,45;42,74;41,4;39,36;28,8;32,61;33,39;31,9;32,99;39,29;31,09;44,08;31,49;28,16;32,83;35,76;42,08;46,74;32,73;36,59;42,31;32,13;42,99;29,37;30,38;28,65;28,12;35,0;39,2;33,34;27,64;32,29;32,17;27,45;30,51;35,33;25,69;28,63;27,26;35,88;33,09;33,13;28,17;29,41;22,72;26,51;30,35;30,73;27,63;33,08;29,93;33,57;26,89;24,67;19,71;24,68;18,67;20,82;14,93;18,78;18,84;13,41;17,5;15,01;16,87;5,4;;;;
01/10/2024;13,16;13,83;16,56;19,42;17,23;15,39;17,34;15,63;15,27;18,79;13,57;16,28;14,73;16,45;14,67;15,81;18,46;13,55;14,54;16,4;16,73;15,02;16,48;14,89;17,77;14,61;22,38;17,6;25,38;34,57;38,27;32,15;39,13;31,21;34,12;45,53;37,38;33,21;38,88;31,79;41,61;38,94;26,4;29,85;40,99;49,75;36,26;34,65;33,6;32,92;33,04;42,57;54,46;37,97;39,08;31,99;31,74;34,92;28,63;39,66;39,41;33,5;27,72;26,9;38,41;31,05;29,42;33,85;28,84;27,71;29,01;30,0;33,71;27,18;23,85;24,53;24,12;31,0;33,04;31,36;30,06;33,39;23,22;21,25;21,1;19,62;17,01;20,22;18,41;13,67;17,01;16,44;14,39;16,73;13,05;5,1;;;;
02/10/2024;14,68;13,88;13,39;14,32;16,99;13,62;14,25;15,2;13,73;12,94;16,62;16,81;14,2;15,39;16,09;15,81;12,99;14,94;17,0;15,56;13,58;17,92;13,3;16,82;18,45;18,33;21,09;18,41;23,5;32,05;31,39;36,61;33,84;35,28;34,3;30,24;34,6;33,7;46,7;38,25;29,34;29,2;29,64;35,56;32,38;36,9;37,34;35,69;33,59;34,51;28,95;30,81;47,91;29,76;27,08;38,43;39,99;37,84;35,76;33,54;35,13;35,19;25,86;28,25;23,54;28,77;25,29;21,27;25,32;24,27;25,0;27,28;39,69;28,73;32,43;34,02;29,82;29,16;29,01;27,44;34,39;35,57;22,21;24,56;20,4;20,91;18,8;19,12;20,47;16,21;15,23;19,54;17,71;15,31;14,4;5,4;;;;
03/10/2024;13,41;16,74;17,68;14,04;17,61;19,61;16,11;13,87;13,63;16,62;13,2;16,97;15,13;15,13;16,1;13,53;17,05;18,36;14,3;16,65;16,24;14,28;17,76;14,32;14,98;17,14;18,06;20,93;28,11;30,57;31,33;36,04;35,38;34,44;34,85;30,09;33,95;33,14;42,06;50,57;37,35;36,67;34,63;45,6;48,66;38,49;35,46;40,68;39,84;30,95;31,08;29,38;39,6;34,82;32,23;36,71;42,81;40,92;37,88;36,88;38,81;28,88;22,7;39,78;40,3;25,87;24,83;29,67;28,64;26,17;27,38;30,81;30,11;27,43;27,87;27,68;26,53;23,88;33,56;26,16;25,86;21,92;28,79;19,57;19,22;17,47;19,22;18,38;13,61;14,84;14,82;17,01;13,05;13,92;12,46;4,8;;;;
04/10/2024;14,27;13,91;16,86;14,99;14,72;16,63;12,3;14,67;13,32;14,79;12,44;14,28;14,01;14,21;13,39;14,02;13,85;14,54;14,49;12,13;16,97;14,97;15,54;12,79;18,25;15,84;15,7;18,04;18,88;26,68;43,24;37,87;43,92;45,65;41,71;36,59;35,44;34,61;36,78;40,77;33,13;34,88;38,97;48,53;47,82;40,74;35,89;38,17;45,75;37,43;46,08;40,46;50,91;42,65;36,78;29,92;42,21;34,04;29,29;31,47;38,74;33,58;27,86;32,6;35,6;31,96;32,77;30,1;29,25;42,29;37,86;29,81;41,9;32,88;36,87;31,45;30,91;35,79;35,56;34,55;26,85;24,0;21,74;20,58;24,05;17,31;15,0;18,1;17,21;14,88;13,75;17,1;16,85;15,03;15,81;5,1;;;;
05/10/2024;15,91;14,08;13,1;17,36;14,93;17,63;18,66;15,08;15,68;15,48;15,33;16,41;16,18;15,27;16,42;16,81;17,39;15,66;13,75;15,76;14,12;17,81;14,89;15,26;17,57;14,48;21,5;29,71;38,35;41,69;36,25;32,54;48,25;40,83;47,53;37,98;38,44;43,16;42,37;39,96;43,78;38,8;43,47;39,16;40,43;52,78;55,44;36,96;38,8;46,96;38,06;46,73;51,34;42,36;34,67;32,13;38,45;32,82;36,98;34,98;34,79;27,6;32,57;38,78;37,05;35,56;33,35;26,76;29,34;36,34;41,28;40,47;49,1;38,26;37,32;47,25;40,98;32,48;38,15;36,47;26,51;35,61;34,9;23,24;22,6;27,63;17,12;19,27;17,94;17,37;15,95;18,47;18,78;16,26;20,83;6,0;;;;
06/10/2024;18,48;17,29;15,42;18,01;18,73;14,27;15,19;16,2;17,52;15,49;17,07;13,82;18,93;19,7;15,3;19,5;15,54;16,79;19,35;14,36;16,93;18,51;14,16;14,31;16,75;17,69;20,69;17,76;24,83;27,84;47,99;46,36;37,36;40,62;33,79;35,67;41,72;44,03;43,06;38,0;44,39;43,29;47,59;36,04;34,31;40,53;37,57;33,49;40,82;37,2;37,01;29,17;42,78;35,0;35,7;38,3;41,49;48,94;38,42;30,84;34,89;31,1;27,65;36,56;34,34;29,86;26,89;31,42;27,94;32,53;29,44;38,45;33,37;28,97;30,99;31,9;30,4;34,61;31,48;26,16;26,83;31,57;32,39;20,38;21,11;25,23;16,18;19,36;19,86;17,49;18,8;16,21;19,0;18,18;15,73;6,0;;;;
07/10/2024;16,23;15,67;17,73;16,94;18,11;18,81;15,08;14,85;13,8;14,8;15,27;14,88;16,01;16,59;18,36;17,87;18,73;15,3;18,71;18,86;13,84;18,46;16,26;14,69;19,61;19,54;15,87;18,4;23,7;37,34;38,14;46,67;41,14;44,28;41,55;49,87;52,72;37,79;42,79;44,85;42,83;29,83;37,29;37,03;45,68;43,66;39,77;32,48;45,96;35,08;34,9;38,31;51,33;33,08;40,86;41,23;38,23;40,26;37,81;33,44;47,39;42,74;35,84;41,3;36,11;32,89;35,81;42,96;41,51;48,96;36,06;36,98;46,07;40,43;30,48;38,39;34,13;35,87;37,99;29,12;37,89;33,49;26,91;26,4;32,7;25,74;22,37;24,64;20,91;17,08;19,5;20,84;18,33;16,32;16,73;5,7;;;;
08/10/2024;20,25;19,86;19,91;15,02;19,58;16,28;18,47;17,13;15,34;19,17;19,75;15,21;20,32;20,19;15,48;17,2;15,91;19,6;20,56;19,57;21,36;21,1;20,29;24,98;26,86;18,59;23,87;25,33;21,28;39,03;53,01;45,7;45,33;42,02;36,11;40,01;33,37;39,99;35,4;32,35;38,94;39,72;34,09;40,44;44,43;42,45;41,2;39,96;39,18;52,06;41,71;41,58;43,0;40,76;33,48;32,44;40,18;38,81;43,84;45,19;32,27;38,76;32,32;31,98;37,34;33,38;34,58;37,13;33,08;34,83;35,72;36,8;32,63;36,69;28,76;31,87;34,99;33,13;29,39;26,54;32,08;31,92;30,84;32,44;25,09;21,88;22,07;18,07;15,95;18,98;17,48;18,72;19,66;20,53;17,38;6,0;;;;
09/10/2024;20,89;21,24;18,5;17,73;15,97;18,85;20,79;18,47;21,16;16,4;17,58;17,81;15,52;20,34;18,99;18,05;18,26;19,39;23,2;18,01;21,4;17,04;21,76;18,2;20,64;24,99;20,42;23,92;38,56;37,56;43,1;44,66;39,21;36,28;39,57;34,93;36,33;34,72;36,98;45,61;42,84;34,27;36,17;44,03;43,8;50,86;36,6;43,35;32,43;42,7;33,16;34,61;41,96;42,24;39,72;38,9;46,64;30,61;29,9;29,87;32,05;27,92;27,41;25,68;27,59;23,59;26,2;30,75;31,21;30,13;29,26;30,48;37,11;32,54;28,82;33,52;35,6;27,86;33,68;33,7;31,97;22,05;29,25;32,56;30,62;18,45;17,91;22,26;18,79;17,85;15,78;18,62;16,45;14,8;17,14;5,7;;;;
10/10/2024;17,71;14,63;17,73;18,0;18,49;18,67;19,03;15,31;18,85;15,86;17,11;15,69;13,84;16,52;16,68;17,04;14,52;16,56;18,47;15,46;14,5;19,72;16,92;18,74;19,07;20,42;18,72;26,8;19,54;32,54;42,2;32,28;42,91;34,49;45,76;36,16;41,58;38,56;45,97;39,62;33,21;34,05;42,05;44,06;37,55;35,81;43,06;40,28;49,01;29,42;31,9;36,25;49,54;39,31;39,43;32,83;27,85;25,66;30,61;31,04;27,67;23,41;30,26;25,72;32,22;25,92;33,56;27,1;30,23;36,02;31,51;35,38;27,89;39,26;32,87;29,48;32,45;30,82;34,21;30,75;27,0;25,27;25,81;32,11;35,19;20,54;21,68;23,47;19,79;20,75;15,16;24,94;18,02;20,6;20,04;6,3;;;;
11/10/2024;21,69;15,93;17,82;17,26;15,03;17,1;17,88;18,08;15,7;16,88;17,19;14,75;20,62;16,98;18,6;18,21;18,65;21,32;18,96;20,89;20,74;20,08;20,18;19,12;18,2;20,37;20,91;25,08;29,59;38,31;36,19;42,06;41,53;38,56;39,08;36,15;34,52;34,51;47,38;34,1;38,04;41,86;36,4;34,2;44,43;33,22;31,76;35,49;41,21;44,3;41,11;36,86;38,57;44,72;45,11;30,81;28,19;34,84;46,76;42,58;37,64;36,55;26,59;46,79;53,41;41,93;39,7;37,14;31,82;33,32;31,22;30,96;40,85;41,2;36,99;32,92;41,98;29,61;34,55;37,84;31,11;28,26;30,31;35,96;34,72;31,68;24,21;22,44;23,95;23,3;22,17;22,18;22,85;22,97;18,6;7,5;;;;
12/10/2024;18,99;19,66;22,31;18,19;21,28;22,83;24,69;21,85;20,3;18,6;20,06;18,84;22,29;24,87;16,79;23,86;19,53;21,03;20,1;20,3;20,33;18,94;21,14;20,8;25,15;23,85;24,04;29,17;36,43;40,47;32,98;33,45;34,4;43,29;46,21;43,42;39,12;39,25;42,8;43,3;37,39;39,6;47,03;39,57;43,91;40,18;31,58;42,6;45,49;46,55;47,12;41,6;32,35;39,1;40,02;39,96;31,47;36,3;25,5;26,38;33,86;26,55;33,98;31,87;40,57;30,31;26,72;28,81;30,21;41,77;35,38;29,82;40,01;35,61;30,56;33,71;30,68;29,61;31,17;37,62;30,69;23,46;31,06;32,92;34,51;25,87;20,22;23,56;19,47;17,6;18,46;20,02;16,27;17,7;21,09;6,0;;;;
13/10/2024;17,41;15,71;17,25;18,71;16,89;21,11;17,96;18,32;19,71;19,95;14,42;19,19;18,35;16,28;14,65;20,78;15,45;18,46;20,83;17,21;19,75;20,32;19,29;23,1;19,82;25,1;24,56;25,68;21,67;38,71;41,75;36,0;33,7;39,51;34,59;34,97;47,0;43,08;35,64;46,56;35,37;40,42;51,12;48,17;43,13;53,32;38,8;33,12;42,73;41,71;40,5;35,32;44,29;30,71;32,78;39,67;33,95;36,81;45,96;29,39;38,88;42,56;32,51;42,79;30,5;31,83;35,11;33,7;34,58;32,54;40,05;38,6;39,12;28,96;29,38;32,3;43,01;32,14;37,18;37,49;37,49;38,32;31,03;31,09;26,42;20,68;19,51;20,05;17,95;23,71;22,17;19,15;20,31;21,75;16,48;6,3;;;;
14/10/2024;22,35;15,86;21,6;18,03;21,17;19,65;18,03;16,92;17,8;15,94;22,6;22,01;16,31;17,53;18,81;20,09;15,62;18,22;15,37;19,23;16,05;22,91;20,91;17,8;20,47;19,32;17,58;28,13;29,17;35,33;45,99;40,43;45,48;45,54;49,85;38,29;36,4;36,07;34,58;47,76;37,9;35,76;36,97;43,28;40,51;35,79;40,9;51,58;36,64;41,48;43,82;39,57;31,97;28,97;27,12;30,6;36,35;41,25;39,72;42,79;40,21;35,87;32,56;35,5;40,44;30,72;32,42;36,81;40,03;40,83;41,7;38,59;34,43;39,44;35,03;30,97;29,28;29,25;31,06;29,85;28,76;36,19;30,89;31,62;26,86;17,67;21,81;18,44;16,55;20,66;20,98;20,48;21,83;19,61;20,41;6,6;;;;
15/10/2024;15,14;21,47;18,29;19,81;16,53;18,76;15,39;20,39;17,22;16,49;16,44;19,91;18,69;21,75;17,04;21,96;21,38;17,1;17,92;19,11;17,76;17,63;21,15;21,38;16,49;22,44;24,92;25,91;30,31;30,89;48,05;45,36;52,15;41,96;48,81;37,69;32,53;36,66;43,09;42,12;44,58;38,65;39,28;36,71;47,89;48,32;45,39;42,3;47,24;35,85;44,18;46,4;37,63;34,18;45,36;36,68;32,37;45,1;28,47;35,52;29,06;28,62;39,29;34,73;40,99;39,93;33,43;31,98;31,07;35,96;38,19;48,05;45,26;35,79;37,86;43,18;39,85;40,8;36,15;36,26;30,3;27,99;30,12;33,52;25,52;19,24;17,41;17,86;20,05;18,07;17,56;16,48;16,58;14,31;22,88;5,4;;;;
16/10/2024;16,37;15,85;20,3;17,33;18,71;18,42;19,31;19,91;17,15;17,01;16,29;15,09;20,54;17,05;22,35;17,9;16,46;18,79;19,61;19,25;19,4;20,36;19,63;19,94;18,39;19,36;22,79;26,2;28,58;31,7;43,3;35,46;40,63;45,9;43,21;38,02;37,29;34,19;34,5;37,52;36,68;34,02;34,71;43,54;38,13;35,41;35,04;49,32;39,85;45,27;39,44;44,21;44,98;41,21;34,18;37,97;46,89;42,64;35,45;37,37;30,1;27,57;28,64;34,58;28,8;34,2;33,36;25,68;26,7;33,95;35,13;35,22;38,08;27,73;33,41;41,02;38,39;34,57;27,78;29,3;30,92;27,6;24,91;27,45;20,79;22,36;18,84;17,4;19,44;22,69;18,61;24,56;17,31;18,29;22,41;6,3;;;;
17/10/2024;17,76;21,02;21,18;17,98;20,48;17,25;20,4;17,21;16,12;20,1;22,04;19,23;16,86;16,25;20,39;23,02;20,7;16,57;20,02;19,95;22,71;19,33;22,26;18,93;20,58;20,73;24,11;22,46;24,48;26,39;31,39;49,81;56,64;40,18;52,63;44,01;41,16;32,97;42,88;36,9;30,43;32,62;41,64;39,17;47,23;48,82;33,83;48,09;49,17;43,99;35,29;36,61;41,85;28,47;24,99;46,49;37,8;30,9;40,49;31,48;28,0;25,54;37,81;29,1;31,64;35,0;29,31;25,47;34,52;26,61;30,07;34,83;32,43;28,2;31,67;30,78;26,92;26,54;33,66;36,53;30,65;28,34;25,43;33,28;26,36;19,12;24,58;20,61;20,18;18,48;19,01;24,27;18,3;21,68;20,52;6,6;;;;
18/10/2024;21,79;17,24;19,54;22,65;18,23;20,13;19,09;19,6;20,41;23,04;18,9;18,87;21,17;18,44;19,16;23,72;19,41;21,99;18,96;21,63;20,29;16,81;19,07;19,78;18,27;22,71;25,45;33,28;31,94;37,91;40,81;46,78;42,38;49,5;46,53;49,06;34,58;39,4;40,03;37,95;38,63;42,55;29,37;39,76;40,98;38,71;39,59;39,25;44,51;48,68;49,41;39,43;50,43;31,3;30,61;43,51;48,14;40,4;36,26;41,26;29,06;30,8;38,08;33,33;34,28;35,55;34,07;38,64;34,82;41,81;36,52;33,6;40,01;39,85;31,4;38,1;32,57;34,56;35,32;35,2;28,86;32,27;30,92;26,93;24,96;18,67;16,88;23,75;23,0;17,25;19,8;20,23;16,43;17,8;20,16;6,3;;;;
19/10/2024;16,06;19,76;18,37;19,38;16,2;18,85;18,28;19,19;17,27;16,21;17,98;15,48;19,37;18,76;17,74;22,25;15,84;19,65;14,56;16,89;15,87;20,46;18,42;17,38;22,41;18,94;23,38;25,6;21,64;30,2;40,81;41,83;50,37;43,06;34,95;48,2;47,33;44,51;50,66;34,87;39,91;47,07;35,43;51,89;45,69;39,76;45,64;44,51;49,03;38,35;39,41;54,29;50,62;39,31;37,6;52,96;47,91;32,0;30,83;40,23;36,89;34,61;28,71;35,89;32,5;43,03;28,83;32,27;38,56;38,61;30,0;43,23;41,46;30,08;26,74;35,3;35,17;34,92;36,91;28,26;34,97;29,88;25,57;25,19;27,88;21,51;22,26;21,85;16,7;16,85;22,58;17,86;21,04;15,44;15,54;6,6;;;;
20/10/2024;16,59;16,57;20,51;22,41;19,81;21,57;20,33;19,78;20,19;21,8;18,27;16,89;20,49;18,96;19,3;20,38;19,5;21,5;16,63;15,74;19,36;20,05;17,13;21,09;22,84;20,04;23,24;18,91;23,44;30,38;30,92;37,75;36,34;35,15;32,11;44,65;49,72;42,47;53,57;52,45;35,7;46,63;49,26;44,89;41,78;40,18;49,75;44,01;56,02;38,96;50,95;50,95;38,31;32,41;35,66;44,94;45,12;36,43;34,85;35,88;32,25;44,67;42,32;37,7;44,07;40,85;32,05;38,35;42,13;40,77;39,36;43,88;46,56;30,76;34,07;37,54;30,24;29,6;31,99;29,29;32,29;27,87;28,37;30,45;26,25;20,4;23,76;18,75;22,81;20,29;22,52;18,18;20,65;20,47;16,94;6,3;;;;
21/10/2024;17,28;16,3;21,83;20,02;19,68;20,36;19,67;18,52;21,36;18,22;16,95;19,48;18,69;19,04;16,75;18,76;15,41;20,24;18,29;19,83;23,09;19,13;21,36;21,6;19,86;21,82;19,63;20,48;29,38;39,02;44,19;44,88;44,08;38,85;37,26;40,16;47,88;43,08;51,01;35,71;44,28;50,04;42,62;39,32;41,78;54,88;50,06;37,48;43,24;39,05;39,55;34,65;34,64;33,44;37,68;34,1;46,28;32,71;29,58;32,75;28,97;29,94;37,49;31,6;37,62;34,27;44,97;43,13;41,29;33,71;36,38;42,65;34,55;40,02;36,64;38,55;33,75;31,47;36,06;29,27;34,61;31,15;27,51;26,35;29,28;22,62;18,22;21,89;19,11;21,54;20,73;21,61;16,08;18,19;19,67;6,0;;;;
22/10/2024;18,68;17,4;17,12;20,19;21,24;18,94;18,63;19,5;17,44;20,64;15,34;15,48;17,23;17,3;15,02;20,55;16,71;17,4;15,46;20,07;15,92;18,43;17,32;21,8;19,12;20,24;20,87;26,1;26,75;37,52;48,94;40,27;48,33;42,11;44,87;35,79;47,32;40,97;44,95;33,78;33,24;37,11;45,77;50,33;40,89;34,99;34,51;43,52;49,63;46,45;38,17;36,36;38,03;42,67;42,56;40,23;40,5;31,31;33,27;31,99;39,54;33,69;29,81;37,9;37,65;28,64;38,11;35,97;25,0;33,81;40,1;30,17;31,99;34,99;32,67;31,51;38,81;36,61;34,73;26,18;28,09;31,27;26,84;29,71;26,3;23,84;17,43;18,16;17,43;21,03;20,04;18,06;19,34;20,25;20,61;6,3;;;;
23/10/2024;15,16;17,48;22,15;15,83;17,5;20,22;17,42;21,65;17,39;18,46;20,18;19,98;18,55;21,63;17,92;19,67;17,46;18,05;18,42;22,1;16,88;19,05;22,64;24,78;23,47;27,28;20,47;24,72;27,79;28,84;38,45;41,81;38,59;41,31;51,66;43,8;33,14;34,78;40,89;27,35;33,14;31,28;39,57;42,78;39,37;39,96;44,09;42,06;35,28;43,81;29,97;37,58;39,07;35,3;31,92;32,06;37,97;43,9;42,67;31,11;28,02;31,65;34,73;39,38;37,34;29,74;36,47;33,08;34,18;32,2;30,94;37,98;33,65;26,79;37,08;37,86;37,99;27,01;36,28;30,58;27,37;29,26;23,91;27,43;28,15;21,55;22,52;20,75;18,37;19,56;22,68;16,65;21,11;18,56;24,84;6,0;;;;
24/10/2024;18,48;20,79;23,09;20,14;20,35;20,24;15,24;16,43;17,82;18,3;14,75;15,39;17,27;21,01;16,54;16,13;19,07;14,78;21,22;18,29;21,34;15,03;22,17;18,2;20,5;20,8;23,86;26,58;28,06;41,66;41,4;39,85;33,26;35,67;37,39;51,88;45,64;47,64;42,86;33,08;33,48;36,44;37,6;34,23;42,17;38,2;37,78;32,29;30,84;39,7;40,36;27,42;32,51;33,32;38,01;42,29;39,69;31,88;22,62;36,13;30,86;33,36;28,39;34,18;29,34;31,1;33,02;32,96;30,72;30,02;29,28;35,01;35,07;38,84;36,24;35,98;28,55;30,79;34,97;31,61;29,2;27,34;28,39;30,03;36,19;30,8;22,48;20,74;15,91;19,91;16,75;20,89;22,31;21,48;15,36;6,0;;;;
25/10/2024;17,49;19,71;16,99;16,11;20,4;16,39;20,04;21,37;20,75;16,99;18,36;18,1;20,57;21,33;19,36;18,47;18,74;22,16;19,46;18,86;18,8;18,97;18,43;17,17;20,19;17,63;22,16;28,36;30,36;41,28;37,71;46,91;40,85;48,2;50,75;39,82;47,04;44,68;50,13;33,53;42,71;42,44;35,59;50,09;47,83;42,02;29,38;37,35;40,08;38,97;34,6;30,28;37,27;37,16;32,63;29,86;27,81;30,96;31,34;35,49;37,97;28,06;34,31;35,06;40,4;28,81;34,75;37,83;40,81;32,83;37,23;39,86;36,99;37,32;36,69;36,47;33,81;38,13;33,55;27,44;26,93;28,84;28,82;29,25;22,46;21,91;17,34;20,65;22,2;18,8;17,68;24,51;19,53;20,93;16,71;6,9;;;;
26/10/2024;21,94;15,19;20,2;21,52;19,46;16,97;18,35;22,64;19,33;18,84;18,94;17,22;16,23;19,18;20,48;21,57;18,72;19,61;18,81;21,31;15,52;17,21;15,62;23,53;21,26;18,74;22,46;28,89;32,98;40,31;42,28;44,41;44,21;47,13;48,63;47,14;46,06;44,71;36,77;43,72;37,02;43,15;46,24;38,44;47,96;45,18;38,88;36,08;35,92;45,68;31,57;44,87;48,34;49,97;43,86;41,82;47,5;42,63;34,97;38,02;28,37;32,73;30,01;37,57;30,95;33,28;30,72;30,2;35,62;31,62;32,89;30,16;34,39;36,53;33,9;31,31;29,95;28,16;30,45;23,78;32,75;33,43;27,78;30,81;30,76;30,91;27,76;28,93;26,22;22,92;23,83;22,23;17,63;18,21;18,06;6,6;;;;
27/10/2024;23,69;18,78;18,77;17,3;19,63;17,08;17,8;18,26;21,09;17,54;19,97;18,93;20,62;19,91;19,79;23,25;19,99;17,8;19,45;20,98;19,22;19,31;18,44;24,76;21,85;18,37;18,38;22,44;25,57;33,85;39,32;38,15;48,58;53,52;48,57;43,33;45,33;37,11;43,07;34,98;38,16;43,7;39,59;42,79;39,64;43,25;42,24;38,27;52,16;44,97;38,39;46,57;48,33;44,6;36,21;41,49;42,6;36,27;39,49;40,37;33,73;25,56;34,66;35,13;32,96;28,21;39,65;27,94;36,86;43,72;44,05;39,88;38,3;33,67;38,07;39,73;41,04;32,8;32,19;33,37;31,61;31,97;28,21;31,88;29,26;18,97;19,26;23,48;19,59;19,12;18,69;21,26;21,69;22,54;19,31;6,6;;;;
28/10/2024;24,8;16,32;19,69;19,02;21,99;22,37;17,0;20,04;20,83;22,59;22,07;18,82;21,91;21,19;19,66;21,88;17,65;19,39;18,52;18,94;24,11;18,57;19,08;24,5;23,73;26,14;23,49;21,22;31,07;33,47;41,46;45,56;54,82;48,1;44,04;41,05;39,73;33,74;40,59;41,53;40,22;34,08;33,49;35,88;44,27;41,04;47,52;44,87;37,78;33,9;51,13;36,56;43,92;53,39;51,52;51,84;42,9;37,26;40,57;37,88;32,64;28,33;39,06;34,57;33,8;34,23;27,98;31,23;35,25;37,36;30,36;29,0;33,56;33,76;29,17;30,69;32,2;25,18;31,26;24,21;31,07;27,5;21,52;26,79;24,82;15,51;19,85;18,49;17,03;14,56;19,79;21,99;18,53;20,67;21,14;5,7;;;;
29/10/2024;19,48;15,8;17,68;17,51;15,67;18,87;14,61;19,92;14,26;17,04;17,32;18,41;21,74;15,46;17,73;15,13;16,41;15,26;18,25;14,43;21,91;23,03;18,85;20,7;20,94;24,87;23,48;22,66;24,99;39,83;34,95;43,08;45,53;46,02;40,5;41,45;39,9;35,79;43,9;30,17;34,06;41,87;31,93;42,18;42,79;37,0;36,31;38,3;32,46;32,77;38,11;46,96;42,35;38,89;36,86;37,15;49,12;42,11;40,86;34,51;35,53;35,54;35,25;27,11;27,72;31,96;36,09;36,76;30,8;31,8;28,12;31,66;28,01;32,82;45,09;30,7;28,93;28,74;32,0;24,84;26,4;27,09;26,13;32,53;22,97;19,24;23,46;19,45;18,92;17,61;21,92;20,94;18,38;16,51;17,26;6,3;;;;
30/10/2024;22,36;18,1;20,36;21,71;20,93;17,72;16,46;15,14;14,71;18,55;19,56;17,73;17,61;17,67;18,52;16,04;16,0;15,45;15,54;15,65;17,57;17,33;17,13;19,02;17,38;17,21;17,55;22,91;33,98;37,7;33,19;44,96;51,77;52,02;52,04;44,78;40,32;43,22;39,06;36,25;48,05;31,2;31,24;35,82;48,94;43,23;38,04;41,86;37,73;37,88;33,36;39,62;37,05;37,37;28,2;28,69;37,56;32,79;32,89;35,63;32,5;42,47;27,01;34,07;28,22;31,34;26,31;28,13;30,29;28,87;35,02;32,32;34,74;42,98;39,21;33,35;36,44;29,82;32,18;30,33;33,79;30,22;28,63;27,71;29,35;24,2;23,48;24,44;23,67;23,63;23,12;19,81;22,13;19,32;15,05;6,0;;;;
31/10/2024;17,75;18,92;16,73;15,05;17,43;18,53;19,09;21,74;17,24;20,23;15,92;17,1;21,29;17,39;14,49;19,54;17,27;15,19;17,15;17,32;18,32;19,49;15,26;17,95;16,79;19,89;17,16;20,64;23,15;18,65;23,88;21,39;27,04;36,22;35,87;38,29;37,97;35,01;42,45;51,05;39,83;52,06;49,02;46,46;39,53;35,9;43,1;38,76;41,62;42,57;39,1;43,9;37,93;40,89;49,18;34,68;31,68;29,2;44,85;48,13;36,76;34,37;35,82;36,97;37,77;25,73;29,92;26,64;32,68;30,19;33,08;27,07;32,1;33,5;38,52;36,01;41,07;33,9;24,04;25,82;23,32;30,47;29,95;32,89;26,65;30,64;28,38;31,45;29,28;24,63;30,53;24,05;22,32;22,26;21,49;6,9;6,9;6,3;6,0;6,6
01/11/2024;17,78;19,7;19,65;17,78;17,18;17,27;19,43;18,35;17,05;19,51;21,75;16,3;16,13;15,97;18,32;20,37;19,91;20,91;15,98;17,74;20,43;20,87;23,02;23,9;20,03;17,81;27,48;26,73;29,6;26,85;31,87;37,54;48,66;48,48;49,6;55,43;39,83;39,18;36,12;43,55;39,38;33,28;31,13;38,61;42,47;36,32;47,91;42,14;36,78;40,25;32,86;56,47;44,4;40,21;38,58;39,89;37,19;38,03;40,33;30,84;28,98;29,33;36,92;34,8;44,04;41,02;45,88;38,87;36,78;38,6;37,15;31,73;39,65;29,91;29,06;38,02;30,75;28,3;32,69;28,79;33,08;37,43;27,05;30,06;24,77;18,01;17,15;16,83;17,27;17,53;15,67;18,13;18,11;18,32;16,13;6,0;;;;
02/11/2024;17,74;16,59;16,19;16,76;18,37;15,48;16,25;19,4;15,08;17,93;17,96;17,49;16,52;16,59;16,92;17,49;18,64;14,9;18,0;18,01;21,21;21,95;21,68;17,75;19,55;22,35;23,86;26,91;37,0;40,83;38,71;49,98;47,8;51,69;43,33;43,75;50,23;45,7;33,51;44,96;45,85;44,11;47,13;37,36;46,91;39,81;50,33;40,39;43,44;38,46;44,2;45,9;41,63;31,89;39,51;40,43;31,66;38,29;52,92;52,42;48,93;37,71;45,07;49,21;38,12;42,11;51,23;40,1;43,86;40,53;35,27;41,0;36,33;37,37;43,25;32,38;35,06;32,18;32,17;33,71;34,76;23,74;20,4;25,91;18,79;16,69;18,63;15,85;21,41;17,13;16,76;19,58;18,18;16,81;18,88;5,4;;;;
03/11/2024;12,69;16,03;15,44;14,1;13,07;15,94;14,02;15,12;18,2;18,2;13,41;17,11;15,75;17,95;18,38;16,23;14,08;16,68;14,08;14,5;20,53;18,21;21,59;23,29;18,59;20,88;18,57;22,4;23,66;45,08;42,62;44,42;52,76;43,59;50,0;51,65;39,46;39,07;42,17;38,68;48,39;31,98;38,99;39,36;52,28;46,55;51,34;40,85;43,42;39,74;41,18;41,85;47,43;38,01;57,34;40,57;40,83;30,2;41,47;39,12;39,08;41,88;34,17;41,22;40,98;40,46;43,63;35,87;34,23;41,97;48,5;32,19;45,23;31,0;34,48;37,14;34,49;33,66;33,7;38,96;31,54;24,17;33,35;25,66;24,16;20,78;18,7;22,81;19,8;19,78;16,43;15,15;20,16;19,65;21,25;6,3;;;;
04/11/2024;19,5;21,34;20,36;20,05;20,48;19,66;15,04;19,08;16,95;15,68;19,52;17,73;17,59;20,12;16,15;19,65;18,93;16,71;20,15;20,69;19,64;22,87;17,46;21,8;22,65;21,64;24,12;25,48;30,43;35,21;40,38;38,14;44,5;38,81;44,07;41,08;40,77;42,09;37,71;40,72;49,47;44,14;35,53;30,44;49,41;40,44;41,92;46,83;42,05;41,89;41,15;58,24;49,35;39,07;46,48;43,87;41,72;33,25;41,36;36,46;28,87;36,38;31,65;37,32;33,63;37,73;43,55;42,14;36,19;35,64;39,43;31,7;37,06;37,99;37,58;38,66;32,21;30,19;35,49;32,24;28,93;29,68;29,29;25,65;26,09;18,22;17,32;18,78;17,96;22,06;17,86;18,26;21,15;19,73;19,82;6,6;;;;
05/11/2024;18,68;16,11;21,26;17,81;15,96;21,94;21,41;17,5;17,95;16,86;18,38;20,65;15,49;19,12;16,93;17,8;20,87;18,48;15,98;19,71;18,49;18,19;15,17;16,61;23,88;20,25;21,34;22,77;31,85;35,25;41,85;41,31;38,65;35,77;46,56;50,45;54,34;44,72;46,85;41,69;40,74;43,93;42,48;43,76;40,95;46,14;43,12;44,94;39,91;45,65;41,46;57,02;36,94;34,95;42,94;39,45;41,19;37,2;34,69;34,63;41,09;42,25;39,04;41,15;33,46;34,56;40,67;53,92;43,03;32,37;40,74;43,76;42,56;37,32;40,05;34,48;36,64;31,94;32,07;28,1;28,64;29,13;28,34;18,58;19,54;18,5;17,15;18,71;14,23;14,98;20,43;16,84;15,3;19,77;16,47;5,7;;;;
06/11/2024;19,24;19,48;16,27;16,59;14,39;18,93;15,73;16,41;17,29;15,15;17,97;15,24;16,58;15,4;17,7;14,96;16,01;13,68;15,87;18,2;13,69;16,01;16,07;18,13;20,39;24,98;26,22;26,75;31,4;45,19;40,91;39,33;46,88;36,04;49,44;41,93;42,73;56,5;41,16;43,26;31,26;41,47;38,76;38,74;39,22;37,4;32,67;39,96;41,84;47,29;39,35;45,93;34,89;41,54;43,23;34,47;49,21;31,19;30,13;30,29;36,39;26,74;26,14;29,45;21,09;23,36;35,22;35,96;37,31;33,0;37,61;35,84;29,11;31,3;34,2;33,86;28,39;33,1;27,97;32,24;23,99;31,2;28,54;22,49;22,66;16,3;20,04;19,43;20,91;15,49;18,78;15,09;18,56;16,24;18,32;6,0;;;;
07/11/2024;17,01;16,89;17,39;18,42;20,65;19,24;15,25;20,43;15,25;18,93;13,76;17,59;15,48;14,28;15,01;14,45;17,28;17,41;15,93;16,23;16,59;17,5;17,97;15,08;18,09;20,6;21,52;22,4;31,55;36,36;42,16;34,58;38,59;43,92;33,4;45,61;48,42;52,06;39,53;36,84;34,01;37,76;39,77;36,14;39,46;44,46;47,18;36,71;45,2;41,46;36,04;48,55;55,47;38,2;39,28;39,67;41,89;42,66;39,83;34,67;35,67;38,83;23,85;29,53;33,09;34,94;48,62;36,04;46,29;40,92;38,15;36,58;27,71;27,55;33,06;38,01;33,03;29,87;30,39;32,52;30,61;26,55;22,18;24,63;23,82;15,81;22,02;17,82;19,56;17,81;18,74;16,72;19,14;19,75;15,86;6,3;;;;
08/11/2024;20,83;19,51;22,92;17,95;20,19;20,2;19,63;19,35;21,31;20,96;17,09;18,66;18,56;15,76;16,82;16,49;17,83;15,72;14,78;18,11;18,73;14,07;15,27;16,9;20,78;20,81;21,06;25,59;24,45;37,15;40,85;48,42;51,32;49,73;39,08;42,3;39,24;44,02;38,77;31,03;37,07;40,82;44,28;31,59;37,0;45,97;51,42;51,76;49,36;40,23;43,19;52,57;46,98;37,66;33,21;41,48;48,55;41,07;30,23;47,41;44,29;52,08;49,94;32,1;30,08;38,2;48,65;47,51;38,32;33,61;45,15;38,35;40,95;38,54;40,75;32,89;38,55;32,36;38,41;29,99;25,15;27,01;24,37;20,79;22,62;18,83;17,21;13,04;14,86;14,9;15,74;15,41;20,07;18,97;16,61;6,0;;;;
09/11/2024;19,95;15,17;14,68;19,11;18,36;17,93;14,66;16,05;16,39;20,2;14,82;15,5;13,38;13,2;13,43;15,55;15,1;13,34;15,38;18,59;13,84;17,45;17,94;19,5;22,31;21,5;22,24;31,17;29,33;32,28;39,91;47,74;46,68;48,4;53,44;39,98;38,64;48,13;46,24;50,72;34,67;45,02;34,61;48,97;55,89;47,99;44,77;49,2;43,08;39,66;41,51;47,96;47,08;44,93;45,24;45,78;36,95;34,55;32,26;38,44;30,3;40,83;38,62;39,11;39,34;34,65;44,03;38,43;39,96;45,8;43,61;44,93;31,26;39,7;31,81;29,72;39,39;38,21;36,53;39,19;38,48;34,02;25,35;26,64;22,24;24,82;15,4;15,52;16,53;17,47;15,13;13,38;13,28;15,25;16,42;5,1;;;;
10/11/2024;20,88;16,76;17,67;17,04;17,63;19,04;17,0;18,24;18,97;20,36;17,98;22,03;15,29;15,13;15,12;20,94;15,33;16,38;16,44;17,11;12,86;12,42;15,29;18,72;22,28;17,66;22,2;21,9;25,31;34,15;45,99;35,11;43,5;50,3;51,04;43,21;46,82;51,72;42,96;48,51;45,63;39,45;32,39;37,43;42,15;48,14;47,06;38,01;39,49;53,57;48,06;49,16;38,18;36,43;30,82;34,84;47,55;37,48;38,19;44,23;32,01;35,81;38,78;34,56;33,53;28,3;41,57;41,49;50,25;38,16;42,48;38,04;41,61;33,06;28,45;34,9;35,14;35,51;29,75;38,76;38,63;33,08;30,7;26,69;17,87;20,18;15,1;17,22;15,65;19,08;13,99;15,45;14,89;17,25;15,42;5,4;;;;
11/11/2024;22,68;18,57;16,76;22,07;20,7;15,69;19,2;19,96;17,03;18,56;18,2;18,59;17,39;18,26;16,93;16,95;14,3;13,0;16,96;18,56;17,34;14,75;15,15;18,63;21,62;24,64;18,39;26,63;25,28;42,82;44,16;44,3;51,47;40,02;50,11;49,03;48,25;46,51;45,12;44,24;48,23;39,47;32,46;38,57;45,54;52,26;47,45;37,34;39,74;41,51;44,65;56,53;42,57;46,9;37,99;49,47;40,4;36,28;35,06;35,73;36,8;35,93;32,84;29,33;35,38;29,84;34,4;41,22;43,29;34,06;41,76;42,86;44,68;31,23;29,39;40,41;35,7;32,78;35,0;29,48;27,02;32,52;33,27;30,33;24,33;23,74;18,32;17,42;20,18;16,64;19,03;19,15;19,06;18,52;19,46;5,7;;;;
12/11/2024;20,4;20,91;15,56;17,93;16,22;16,13;18,13;20,0;20,49;20,67;15,21;19,17;16,17;16,77;22,04;18,31;14,48;18,55;18,55;14,27;17,97;15,28;19,62;17,96;18,23;21,04;25,61;21,15;20,1;35,59;46,93;49,54;50,15;49,82;48,65;52,82;39,85;45,57;45,96;40,41;43,8;34,67;40,8;41,33;47,46;53,5;38,74;36,28;34,05;41,54;38,89;41,92;50,0;41,32;37,54;38,29;41,24;34,97;28,03;42,89;33,99;30,85;31,18;28,56;36,24;34,83;37,34;38,15;46,99;37,07;43,36;42,41;42,44;40,35;38,13;38,27;38,86;33,38;39,6;31,36;35,31;38,21;32,28;29,13;24,25;26,32;21,5;18,83;18,23;16,74;18,02;16,64;18,11;16,21;15,87;6,0;;;;
13/11/2024;22,98;19,0;21,24;20,22;22,71;21,65;18,94;17,36;15,76;19,81;17,66;19,13;21,4;20,88;20,39;21,43;15,44;13,72;16,45;17,71;19,65;14,4;16,43;21,9;18,88;22,96;21,21;33,67;32,44;35,1;38,1;53,52;55,61;50,04;49,94;45,39;41,26;41,66;39,18;41,08;39,74;35,19;33,58;37,5;44,36;36,22;36,16;49,89;41,93;47,13;31,49;37,29;55,73;37,16;33,38;40,1;45,17;32,44;34,16;35,5;29,87;35,14;43,96;27,29;32,86;29,44;44,09;29,82;41,92;38,03;34,43;28,93;28,97;28,12;41,18;32,53;38,68;32,82;38,32;36,84;31,37;23,1;24,63;23,23;26,8;18,36;19,9;15,08;17,77;16,37;18,4;16,84;13,62;17,84;19,62;5,4;;;;
14/11/2024;21,54;15,99;18,36;20,18;19,51;20,98;17,24;17,73;18,46;20,21;17,19;21,87;17,58;21,44;18,34;17,55;17,07;13,48;15,24;16,59;19,62;17,65;19,66;17,55;21,61;25,09;21,09;27,88;32,24;33,02;38,15;40,59;51,09;42,12;40,56;45,41;36,07;34,74;41,98;44,84;34,43;40,48;44,64;45,5;41,16;39,15;36,57;39,58;42,69;42,09;33,45;52,46;45,37;42,12;43,99;46,13;36,48;38,89;36,84;37,89;38,78;31,95;35,33;33,9;39,88;41,4;33,04;42,71;44,34;36,97;42,86;36,96;40,18;32,13;39,44;36,17;35,27;30,13;31,19;28,11;32,59;31,54;30,97;23,17;20,89;17,77;16,94;17,59;17,79;16,54;13,52;17,3;15,1;12,05;12,54;4,8;;;;
15/11/2024;17,52;19,17;19,09;20,9;18,9;16,34;16,89;18,08;16,52;16,81;15,65;15,21;17,2;15,12;16,48;17,01;15,07;14,57;13,33;14,75;12,76;15,39;17,69;18,13;23,2;20,4;22,7;24,7;23,24;33,7;40,98;47,1;36,48;41,62;53,44;40,23;38,19;38,44;44,59;46,43;40,87;47,83;43,73;41,46;48,16;39,11;34,68;52,77;51,63;35,78;36,36;46,51;42,83;36,26;31,38;40,22;53,32;39,27;32,23;32,08;45,59;43,08;36,0;40,53;36,99;39,84;35,87;42,39;42,11;34,62;38,33;41,22;33,27;35,82;33,26;31,79;37,14;32,34;42,02;35,05;26,48;31,41;29,0;30,43;23,89;24,94;20,81;16,64;17,11;16,08;19,92;17,42;19,04;15,07;17,37;5,7;;;;
16/11/2024;17,36;20,7;20,67;19,28;15,9;17,95;17,09;16,75;19,27;18,22;16,15;18,37;16,94;18,84;21,15;16,73;13,7;16,03;16,14;17,24;15,51;16,47;16,03;14,82;22,62;15,91;21,4;22,95;24,75;27,56;33,04;47,94;56,16;41,62;48,28;48,72;39,1;45,05;46,1;50,05;38,4;46,26;42,4;40,4;57,71;56,92;36,32;42,16;48,78;43,06;49,2;47,64;43,45;33,79;51,71;48,08;43,45;33,58;45,71;45,65;39,58;38,8;38,87;38,68;41,35;37,13;38,6;43,79;40,79;34,4;34,08;43,83;32,87;37,37;29,82;36,29;32,63;33,62;32,27;35,71;33,13;35,1;26,98;33,2;23,99;23,36;17,87;23,49;19,36;19,48;17,43;17,47;14,64;19,09;16,26;6,0;;;;
17/11/2024;22,91;17,39;21,26;22,67;20,99;16,79;22,59;19,79;17,52;18,29;18,55;17,97;22,0;21,03;17,56;19,92;14,83;15,44;18,62;16,82;17,94;19,39;19,07;20,11;20,35;26,78;24,78;26,17;33,48;31,25;41,13;52,08;47,76;56,18;49,0;59,15;45,42;45,43;45,13;44,67;42,71;47,14;38,46;47,3;42,84;53,96;44,5;43,06;39,1;38,06;38,04;47,6;47,65;44,71;42,39;44,87;46,55;37,91;34,62;41,26;44,39;41,54;33,23;31,24;35,75;30,23;41,38;45,86;39,39;35,83;41,13;33,79;41,42;38,69;31,93;33,36;36,41;33,77;30,32;31,41;29,84;39,42;33,35;24,13;20,67;17,29;15,4;19,54;14,99;14,97;15,42;13,53;13,88;13,73;14,3;5,1;;;;
18/11/2024;19,91;17,04;15,36;17,94;18,0;16,91;19,31;15,28;16,26;20,57;19,34;17,27;19,42;19,89;16,15;16,35;16,25;15,02;15,63;18,1;15,85;19,79;17,66;15,09;24,95;19,3;24,51;25,53;30,18;38,59;34,3;40,1;43,86;55,59;41,34;42,33;49,67;35,05;40,43;47,0;33,93;33,16;33,28;44,75;52,4;53,12;42,61;51,01;49,1;46,63;48,87;51,48;43,68;36,69;42,12;47,21;39,71;48,87;39,2;46,48;29,85;32,53;28,51;38,76;33,11;33,41;36,77;36,0;43,81;43,18;36,43;45,66;40,27;40,18;37,37;40,18;33,34;41,27;40,59;30,57;29,41;22,36;26,47;29,61;23,1;16,94;16,23;17,85;19,4;19,58;16,13;18,86;17,68;15,85;13,91;5,4;;;;
19/11/2024;21,77;19,43;15,33;19,34;21,67;16,47;19,96;20,97;20,48;16,58;20,35;21,94;20,06;20,66;21,56;16,41;16,89;15,7;17,56;14,48;15,9;18,63;16,57;18,98;18,66;20,66;21,66;26,71;30,36;32,64;42,87;45,51;50,12;51,11;46,52;46,95;42,24;50,77;49,13;37,15;40,9;43,94;38,99;47,03;45,34;41,32;41,31;40,12;41,21;40,35;41,38;55,0;48,48;33,76;36,1;45,76;45,6;40,42;30,01;44,53;43,96;45,51;47,5;37,87;35,72;31,31;44,61;47,54;46,59;38,65;41,34;41,71;38,66;42,13;45,58;37,23;40,81;36,34;39,71;29,43;30,07;31,36;33,14;23,02;23,84;21,37;18,01;17,25;18,0;14,32;16,81;17,4;17,32;18,61;16,49;5,4;;;;
20/11/2024;18,26;18,66;19,46;18,74;17,4;17,05;17,44;16,81;15,59;17,58;18,65;16,96;20,23;16,73;16,15;20,91;16,78;18,51;15,73;16,21;15,73;14,98;16,49;18,48;22,69;21,99;22,28;22,27;28,03;37,21;34,57;42,56;49,38;43,3;41,84;42,74;42,94;47,25;53,44;46,11;51,01;43,92;35,07;38,14;53,2;51,88;39,94;34,67;38,06;45,1;44,63;48,13;46,83;41,45;42,21;45,4;39,15;37,93;34,47;41,95;36,98;37,68;27,5;29,74;37,07;27,79;41,81;38,71;44,74;44,79;37,96;34,91;29,46;32,6;33,07;30,33;39,13;39,66;33,88;26,17;36,52;26,97;23,11;27,53;24,04;17,76;18,67;17,0;17,31;12,76;15,56;16,13;14,62;14,4;16,65;4,8;;;;
21/11/2024;15,62;17,26;16,61;17,08;17,26;17,44;19,06;14,55;15,35;14,8;13,88;14,96;18,49;16,66;14,1;17,18;15,07;14,01;14,21;16,17;16,19;15,57;15,34;15,93;18,37;21,8;23,73;22,26;28,29;35,4;33,27;38,33;40,06;48,36;41,54;42,54;43,42;39,87;39,3;40,98;46,8;36,55;33,03;44,84;39,1;42,04;32,0;33,39;36,08;39,49;30,79;45,9;48,54;38,95;44,03;40,9;45,97;36,95;45,92;32,98;45,28;39,42;36,96;33,43;35,0;31,44;32,01;40,34;41,6;42,23;45,94;45,99;33,76;28,88;38,5;31,87;31,86;34,14;29,67;40,19;29,01;37,28;31,26;26,62;23,02;22,06;20,99;21,5;17,84;19,52;15,2;18,38;19,09;16,65;16,26;6,0;;;;
22/11/2024;19,9;21,3;22,76;17,61;22,96;19,5;18,36;21,9;18,98;19,91;16,86;18,7;22,17;21,6;20,59;20,12;16,32;19,76;18,16;16,55;17,63;16,52;22,2;20,9;23,27;25,92;19,39;28,95;22,66;38,29;49,0;48,6;43,64;42,07;42,21;38,52;38,82;45,99;36,45;42,63;40,55;39,97;36,2;36,83;57,29;46,17;48,46;41,66;40,47;42,12;33,94;45,84;50,96;48,32;40,18;37,93;34,18;43,61;36,64;49,05;42,88;38,4;53,43;40,07;34,93;45,56;52,06;48,7;46,56;43,86;42,18;50,71;44,28;47,31;32,01;37,09;41,45;30,02;30,58;39,39;29,82;36,33;35,01;24,4;22,86;20,99;20,66;15,16;16,75;18,94;14,34;17,29;18,1;15,89;14,47;5,7;;;;
23/11/2024;23,95;17,77;19,56;20,99;22,71;21,9;22,03;20,41;21,86;23,4;17,53;22,44;18,42;19,34;17,68;22,38;18,34;19,18;19,21;20,24;17,12;17,33;18,72;17,23;21,02;20,88;17,64;28,9;24,49;35,12;38,36;39,38;51,58;43,92;48,04;47,27;48,02;46,64;48,83;44,79;44,67;37,37;37,48;41,72;50,95;45,78;37,8;42,07;47,11;51,06;48,31;43,81;45,1;51,49;46,65;40,71;41,15;46,87;28,31;37,1;33,65;46,67;40,23;37,83;49,38;40,85;39,99;45,28;42,77;40,43;36,37;38,39;45,34;37,55;37,61;30,89;37,06;31,91;28,45;38,79;27,04;21,78;23,83;23,07;20,51;22,17;19,08;14,44;15,63;16,07;18,29;14,33;14,88;14,79;17,81;5,4;;;;
24/11/2024;19,69;21,82;18,04;17,27;19,9;16,68;15,33;18,93;18,0;15,83;19,76;16,51;20,34;14,28;17,86;15,84;14,05;17,21;17,31;14,63;17,74;15,43;18,43;18,09;18,72;19,18;19,89;27,99;30,26;36,48;42,2;38,91;47,92;45,62;49,33;52,4;53,47;52,28;52,9;42,04;45,48;40,84;40,19;40,45;46,91;42,81;53,91;42,71;46,86;41,36;47,78;46,79;43,4;31,03;32,25;34,38;48,01;30,95;32,67;40,8;35,86;34,23;41,48;39,72;31,83;35,74;45,43;47,42;41,2;47,71;37,96;32,48;34,49;40,76;34,99;32,59;32,58;35,53;34,81;38,13;32,37;26,42;25,24;22,05;20,19;19,13;17,98;19,23;14,64;15,4;13,96;15,72;17,04;16,19;17,36;5,4;;;;
25/11/2024;18,77;20,11;20,35;20,43;19,73;20,1;20,15;21,67;15,99;15,61;20,57;17,19;17,09;15,3;16,66;20,88;12,94;13,53;15,38;15,03;15,12;15,6;15,97;21,21;24,35;20,69;21,96;30,85;30,79;38,11;50,77;54,86;47,91;45,09;43,16;58,71;48,41;50,13;44,95;37,78;42,36;41,15;40,12;36,53;53,37;53,53;43,29;51,15;54,36;47,12;59,73;59,18;40,01;34,85;34,24;41,73;45,92;37,82;43,45;42,46;39,79;48,56;36,18;45,01;37,54;34,94;40,24;49,44;39,43;45,67;50,0;32,97;40,2;39,73;39,94;34,93;36,0;33,78;36,65;35,41;30,45;34,61;25,55;27,24;20,39;20,02;15,46;19,22;16,73;15,93;15,79;13,03;18,45;15,9;14,01;5,4;;;;
26/11/2024;21,55;16,46;17,39;17,25;17,07;21,75;18,11;17,56;15,54;20,95;21,21;16,17;19,79;16,44;16,36;19,55;14,11;17,27;18,22;15,05;15,9;15,87;16,33;19,1;19,18;25,82;22,48;27,07;26,11;28,23;36,13;52,33;45,07;40,76;45,83;38,85;55,82;47,25;42,03;41,44;46,18;37,12;38,41;29,63;46,96;56,36;38,84;51,26;35,58;48,02;48,95;47,71;56,11;37,05;50,96;36,1;43,95;45,96;26,89;30,13;33,33;27,2;33,71;30,56;28,08;35,06;39,03;40,53;41,04;34,21;43,99;40,51;38,16;31,08;37,24;42,97;39,48;42,91;30,29;35,46;33,89;24,74;22,02;24,09;19,08;18,6;17,06;15,22;16,56;15,05;15,15;14,86;13,09;17,81;16,44;5,4;;;;
27/11/2024;16,09;19,21;18,4;20,89;14,58;15,65;20,27;16,83;18,25;17,46;15,28;17,22;15,86;19,9;15,45;18,01;16,11;14,03;13,88;16,31;14,34;3,82;14,26;14,46;26,6;23,84;23,83;27,04;29,22;37,24;52,71;51,12;50,61;43,62;48,22;54,35;49,71;42,3;45,62;47,48;48,77;33,18;39,57;49,45;55,89;49,62;42,06;50,64;37,93;43,52;35,29;35,32;27,19;32,1;38,2;43,87;39,26;44,21;44,77;28,97;32,68;28,16;29,48;26,29;30,21;33,42;32,74;31,66;32,09;38,48;41,55;37,1;35,14;35,6;31,17;32,96;32,29;37,8;34,13;31,38;26,83;28,72;36,35;29,7;25,2;28,13;20,07;22,57;16,65;15,88;19,81;16,69;16,23;16,41;17,63;5,7;;;;
28/11/2024;16,3;17,76;22,94;21,6;16,48;22,33;18,12;21,48;20,94;20,26;22,46;15,61;20,99;18,15;15,76;18,36;16,46;15,23;15,73;17,92;13,63;14,27;15,4;21,0;16,68;23,32;24,14;32,87;37,87;35,98;39,36;39,84;38,35;41,97;46,28;54,65;44,09;62,14;43,32;47,26;45,27;42,72;39,4;46,97;42,98;45,95;39,6;36,49;37,24;40,44;45,69;41,72;49,17;38,3;34,58;33,84;30,75;33,6;39,11;28,49;30,9;34,77;39,05;40,1;44,84;42,1;56,04;44,32;39,14;33,85;36,49;36,46;32,26;25,34;29,76;39,85;28,18;32,56;37,2;30,81;36,21;38,33;31,66;21,1;22,72;19,79;14,73;15,07;18,9;19,26;18,86;19,53;16,64;14,57;19,35;5,7;;;;
29/11/2024;20,44;20,66;16,05;18,17;18,84;20,74;16,72;20,58;23,06;21,93;20,2;21,87;20,78;21,25;21,8;18,9;19,49;14,27;17,99;17,57;17,52;19,64;15,08;17,72;24,13;23,27;24,42;28,71;22,97;39,15;38,75;48,21;57,18;43,84;60,33;51,91;40,76;39,95;49,08;40,68;41,98;45,65;40,74;49,43;54,18;45,65;54,1;43,42;47,93;44,17;50,39;51,97;38,31;39,42;41,31;46,11;41,33;49,28;42,63;48,63;33,43;42,51;45,83;42,11;39,52;44,55;40,56;39,07;38,95;41,59;40,03;49,04;44,11;39,78;42,61;33,18;40,0;39,96;35,02;34,2;31,88;32,79;37,08;36,64;24,91;22,4;23,41;21,95;17,98;16,73;18,13;17,66;18,32;19,15;14,13;5,7;;;;
30/11/2024;21,03;22,44;20,69;19,21;19,89;19,89;18,62;19,34;22,16;20,2;21,78;18,92;17,85;15,88;19,14;19,48;21,76;15,64;20,97;19,42;21,13;21,66;16,92;17,96;22,61;18,99;22,0;24,96;33,27;37,87;40,72;46,6;39,45;59,98;48,35;46,66;50,68;69,22;57,36;48,21;54,91;39,89;49,63;45,28;55,41;49,7;54,77;50,85;58,54;60,31;53,83;48,79;52,45;57,59;38,78;53,96;49,81;47,44;45,4;47,52;44,67;48,05;45,33;47,11;45,94;38,49;40,35;53,42;45,78;47,31;34,73;41,98;34,95;36,74;41,97;37,93;37,57;39,87;29,26;37,67;37,3;37,17;33,14;29,95;27,73;22,11;19,64;18,71;17,42;21,54;14,31;19,14;21,48;20,22;17,78;6,9;;;;
01/12/2024;20,87;21,23;17,76;20,22;19,61;19,84;17,25;22,65;17,89;19,6;17,65;15,4;14,99;17,24;15,07;14,82;14,13;16,3;16,78;15,79;16,34;15,29;16,53;15,07;20,63;26,98;26,65;23,14;33,87;35,67;52,59;57,13;53,97;55,62;52,52;57,6;48,76;42,26;54,86;44,48;46,69;44,04;35,76;46,1;61,01;45,04;60,75;49,22;56,52;43,44;48,1;60,47;51,68;51,62;58,99;46,27;44,01;37,97;41,9;42,38;43,66;43,43;50,9;36,38;44,72;37,66;37,03;40,77;42,02;41,77;35,94;45,21;37,09;36,43;37,31;38,84;40,0;32,6;34,07;29,02;26,71;28,87;29,53;39,56;28,27;23,21;24,11;19,08;20,07;14,66;15,92;15,55;21,76;22,69;17,1;6,9;;;;
02/12/2024;23,43;22,05;19,93;21,29;21,24;18,62;19,28;20,54;19,53;20,6;17,58;21,64;20,01;17,78;18,48;17,9;15,68;16,08;19,2;20,05;16,64;17,68;18,31;22,71;24,02;25,06;27,7;30,86;26,17;36,4;42,44;51,8;61,63;50,85;50,35;51,79;42,77;54,57;53,53;45,16;47,66;44,98;35,67;41,64;49,62;49,83;52,58;53,35;50,58;42,56;50,08;46,86;52,38;51,37;47,86;41,9;49,6;34,25;31,59;37,08;37,56;37,33;36,06;36,43;34,85;39,36;38,61;33,94;38,61;35,2;36,2;44,4;42,1;40,86;43,1;39,67;36,32;35,98;34,48;34,85;27,31;28,33;30,36;30,41;29,13;22,62;23,33;19,34;20,31;19,25;15,56;17,86;18,81;19,26;18,52;6,0;;;;
03/12/2024;17,14;20,05;21,1;21,04;16,73;18,38;19,13;20,36;22,38;20,0;15,88;18,27;14,29;19,17;15,83;14,37;16,98;14,35;14,85;13,67;15,12;18,63;16,62;19,99;21,35;18,41;25,51;30,36;22,78;44,61;50,8;58,69;47,52;55,2;53,05;51,01;49,85;59,57;45,71;50,04;42,32;35,84;42,35;48,94;46,08;58,6;46,86;45,83;44,04;42,5;42,27;49,76;43,79;41,2;42,97;33,93;37,53;34,62;34,85;35,24;39,19;43,12;48,37;42,94;36,02;34,79;31,82;31,48;30,08;41,61;30,66;38,08;33,54;32,72;32,74;27,43;30,59;29,38;24,68;24,28;27,26;25,76;27,5;25,42;24,08;19,18;20,69;20,53;17,92;15,97;19,21;16,8;19,98;15,05;17,68;6,3;;;;
04/12/2024;18,89;17,82;22,18;21,64;15,54;19,75;18,91;16,43;18,48;17,73;19,07;16,41;13,71;14,34;18,21;15,49;18,57;17,12;18,26;18,74;18,72;13,23;14,96;18,2;22,21;26,33;21,58;26,74;36,17;34,56;37,5;48,54;44,43;44,76;45,93;45,86;53,17;50,54;44,75;50,92;39,13;48,67;45,14;44,11;48,26;51,26;41,39;47,12;42,64;44,38;44,73;49,28;37,13;33,49;35,37;44,64;37,51;29,21;28,41;34,77;41,78;26,18;31,95;30,46;32,31;30,53;32,75;33,52;41,33;33,13;30,68;32,39;38,75;35,3;31,2;31,99;32,49;26,42;29,7;26,66;24,6;25,86;32,09;27,81;27,06;24,94;22,36;22,74;17,33;15,63;13,52;15,73;17,36;16,5;16,33;6,3;;;;
05/12/2024;21,0;17,07;17,07;18,48;17,32;22,01;19,15;20,61;18,45;20,0;15,84;16,45;14,9;14,24;14,55;14,46;15,47;17,97;14,44;18,54;16,08;17,53;16,26;20,05;21,09;23,95;20,58;23,14;29,4;31,61;44,99;52,14;42,21;44,1;47,5;43,63;39,09;50,39;39,83;38,46;47,72;40,88;32,16;43,16;49,48;47,24;46,74;49,06;44,62;41,07;39,97;45,78;36,12;36,47;39,06;36,82;43,6;40,91;34,66;31,99;27,88;27,12;31,88;29,24;26,05;28,31;27,14;31,93;31,27;40,41;26,39;31,66;36,88;32,4;29,01;29,49;26,63;33,9;29,27;26,01;26,4;28,47;27,44;30,81;22,7;25,18;20,09;16,42;16,81;18,35;15,64;15,93;22,38;20,39;17,93;6,9;;;;
06/12/2024;18,44;15,77;23,09;18,62;21,06;17,32;20,9;16,65;20,67;21,82;21,23;18,29;20,43;17,56;19,7;18,66;18,16;18,68;17,06;19,99;15,37;16,99;17,37;24,21;22,47;21,31;22,58;24,46;26,78;32,64;42,84;42,74;48,05;54,87;51,08;58,23;57,38;45,7;51,63;48,79;60,49;60,89;43,36;52,55;53,32;37,92;36,41;47,89;50,0;58,66;61,36;42,23;43,03;45,75;50,83;47,71;37,6;47,96;45,78;37,92;46,02;44,93;46,69;48,49;44,68;41,64;38,73;40,8;37,39;42,08;38,05;41,41;37,33;32,12;39,51;32,07;40,71;40,26;35,91;27,35;24,73;28,93;37,17;31,82;33,4;23,03;20,23;22,75;17,53;19,57;19,26;15,34;18,52;17,93;20,18;6,6;;;;
07/12/2024;17,11;17,67;17,2;22,96;21,01;21,53;18,36;21,58;20,78;17,85;18,17;16,91;16,59;20,37;18,38;20,51;17,3;17,59;21,05;21,08;21,15;23,02;23,24;23,02;23,32;26,59;22,17;24,98;24,08;29,65;29,45;35,76;36,08;40,25;43,14;43,0;40,25;48,72;37,41;43,55;48,9;48,56;47,1;37,26;44,64;58,51;49,69;42,56;45,13;50,31;43,11;54,94;55,94;45,4;38,64;35,68;40,84;43,31;37,16;47,48;45,2;44,89;39,49;36,25;37,27;33,55;42,66;33,1;42,64;44,4;32,9;40,32;39,61;32,24;43,19;33,53;33,47;30,2;34,02;31,11;30,72;29,28;27,69;28,79;30,43;27,89;16,6;20,92;18,41;15,13;14,27;19,37;22,66;22,04;20,77;6,3;;;;
08/12/2024;16,57;20,96;18,71;20,33;20,45;17,57;21,2;17,51;16,97;20,8;19,72;19,59;13,58;18,51;16,88;16,52;16,46;19,49;14,27;14,32;18,13;15,43;19,83;22,61;22,95;18,87;21,69;23,67;26,02;27,32;39,09;37,58;47,16;40,07;42,89;43,24;44,7;41,43;42,7;47,78;60,7;35,75;38,33;49,92;58,7;39,61;37,77;36,17;54,57;58,04;41,93;39,18;48,86;45,32;43,51;43,76;40,46;35,46;39,62;33,47;31,07;33,0;36,8;31,6;32,62;35,12;39,12;40,86;35,83;35,71;33,32;29,78;32,06;32,74;37,52;32,57;29,42;32,05;32,59;30,75;26,89;30,24;28,76;26,55;21,3;23,31;21,25;20,38;15,06;21,81;15,05;16,68;17,53;20,76;17,35;6,0;;;;
09/12/2024;19,63;15,45;18,94;16,73;17,17;18,15;16,89;16,37;19,54;18,71;14,33;16,06;19,13;17,56;19,18;17,25;17,77;15,21;16,35;15,87;16,44;18,93;18,24;20,38;20,25;22,0;28,15;29,5;33,54;37,81;42,25;54,25;63,71;53,55;50,9;44,17;46,66;52,2;59,55;42,46;41,6;47,55;49,6;50,85;48,9;57,33;50,07;55,13;51,52;42,1;43,4;48,92;33,83;42,77;49,05;56,08;53,51;53,41;48,97;45,35;47,99;40,72;46,59;39,14;40,89;43,04;37,72;43,57;46,56;46,82;47,4;36,84;34,65;35,73;38,93;31,22;40,17;37,36;27,37;33,28;31,8;30,63;29,17;35,19;23,88;22,98;22,46;21,78;20,8;21,91;21,9;19,88;20,89;23,71;27,39;7,5;;;;
10/12/2024;18,86;23,03;21,2;22,64;20,17;19,54;24,09;18,13;23,11;20,51;21,85;19,45;15,8;22,84;20,05;16,61;16,97;17,27;19,91;17,0;20,74;22,26;20,77;26,8;22,52;27,62;28,91;29,97;27,6;39,56;45,8;51,96;47,75;62,91;57,73;42,35;43,97;45,2;58,24;46,53;53,41;49,54;44,11;42,9;51,7;50,84;44,54;50,09;48,37;50,13;47,29;54,11;36,41;34,84;40,42;44,27;42,94;39,32;41,59;46,09;48,67;37,74;34,55;37,66;46,05;42,59;45,33;43,7;48,22;42,97;42,51;37,6;32,35;32,59;39,45;33,58;41,54;39,75;31,66;29,68;29,54;29,31;35,31;33,27;27,0;23,3;20,64;20,01;15,93;14,52;19,04;19,02;19,11;17,54;16,15;6,9;;;;
11/12/2024;21,52;22,0;19,88;20,27;19,81;20,59;16,98;23,41;22,01;19,31;24,13;17,37;19,28;21,4;16,76;19,06;22,93;20,81;21,02;17,88;16,37;17,09;23,67;22,54;22,83;19,24;26,76;20,36;29,97;28,14;31,74;49,19;47,23;41,89;51,87;46,34;40,85;34,29;36,06;47,71;51,6;47,72;39,19;37,63;49,7;38,37;36,28;44,53;39,84;33,09;35,56;42,82;46,29;40,73;56,33;43,96;47,77;43,9;30,92;38,78;38,19;27,36;38,79;28,79;39,12;29,45;25,54;33,1;28,88;33,07;32,16;31,2;35,1;32,07;31,2;31,16;25,62;32,95;33,2;24,94;27,03;31,42;28,4;32,9;25,82;26,52;21,39;20,75;16,55;20,23;19,5;21,33;19,89;21,39;23,51;7,2;;;;
12/12/2024;22,75;25,1;20,68;22,85;20,93;25,61;22,63;22,26;23,88;21,7;20,61;21,32;19,16;26,22;24,7;20,72;20,64;19,61;22,29;17,7;24,77;21,18;21,68;19,24;18,78;20,32;21,91;27,48;29,73;27,2;40,17;51,83;46,04;39,32;54,29;36,57;43,73;44,49;37,87;43,37;43,93;41,26;48,99;34,91;37,72;40,14;43,76;47,12;36,87;44,93;38,53;37,32;36,77;37,84;40,36;35,69;33,97;27,59;29,17;31,22;28,08;32,99;34,87;40,41;37,23;31,05;37,09;39,83;39,81;37,85;34,13;36,06;38,36;30,98;35,36;31,62;35,45;31,92;28,21;34,0;34,8;33,16;25,9;29,48;22,44;22,34;20,72;21,7;15,03;18,86;16,13;18,2;16,72;23,92;17,52;6,6;;;;
13/12/2024;18,34;20,75;18,15;20,38;20,13;17,52;16,94;22,83;20,9;16,96;20,43;20,68;18,57;19,47;14,36;19,78;20,95;21,47;22,83;20,36;20,49;23,33;26,12;20,46;21,8;22,05;22,63;25,72;24,81;32,59;35,67;45,96;54,0;57,98;61,51;50,68;53,84;57,13;51,01;46,62;45,71;46,69;50,27;44,47;42,38;36,78;52,45;58,78;42,54;43,27;42,68;43,49;43,41;42,49;49,87;43,01;40,4;43,08;53,43;40,1;40,43;44,52;35,12;33,7;33,62;36,73;32,65;31,03;34,84;35,81;28,64;35,33;29,94;31,95;30,64;29,47;27,09;30,9;24,64;27,23;21,18;24,44;31,69;27,87;22,43;17,61;19,64;16,18;18,5;18,61;15,36;18,64;20,76;20,15;22,0;6,3;;;;
14/12/2024;20,78;17,23;19,6;20,06;19,83;15,95;18,0;16,92;18,92;21,89;22,02;16,7;13,84;14,49;15,44;16,74;13,28;14,91;16,76;16,69;15,3;20,1;20,27;18,7;27,44;19,76;23,61;30,07;32,14;38,62;47,86;58,9;66,6;67,87;57,3;52,14;49,0;55,15;46,38;45,97;51,01;42,86;53,73;49,44;56,67;58,88;55,73;47,7;50,89;41,86;50,9;42,34;46,33;37,91;55,38;45,13;51,4;44,29;43,87;32,65;44,63;44,73;44,76;41,31;38,69;31,27;33,36;40,58;36,5;39,71;41,12;33,64;43,94;42,22;31,2;39,58;36,83;37,41;32,91;34,45;25,33;22,76;24,06;21,79;25,04;23,72;15,89;20,69;20,45;17,44;17,11;19,23;22,77;17,87;18,72;6,0;;;;
15/12/2024;21,33;15,68;14,7;19,68;20,01;21,4;18,12;15,24;17,88;15,85;17,89;18,05;13,65;17,32;14,72;17,3;14,65;13,48;14,93;16,86;15,81;17,17;15,09;17,09;24,75;18,79;19,15;28,88;22,16;35,23;46,97;49,12;49,79;62,77;51,44;58,29;47,64;59,22;53,66;44,04;43,19;44,74;53,47;48,94;43,73;46,82;50,53;41,36;46,27;54,91;38,19;51,85;45,05;46,0;42,52;36,93;43,23;37,1;36,82;46,17;36,91;47,07;38,7;48,32;40,48;41,88;35,1;42,95;48,29;36,78;45,26;38,46;33,84;40,72;33,52;30,03;35,17;30,51;30,47;29,05;26,94;28,68;28,88;27,58;29,29;23,77;22,16;22,53;15,99;17,75;20,52;21,51;18,88;19,65;20,76;7,2;;;;
16/12/2024;19,28;24,1;19,01;18,88;21,82;21,87;17,85;19,66;18,74;20,25;22,47;17,43;18,02;20,68;16,56;20,1;16,52;16,93;15,86;16,07;14,59;18,53;19,11;18,28;21,7;19,81;23,57;27,04;23,37;31,4;36,83;43,96;41,04;52,61;50,19;46,05;46,8;42,11;41,99;51,0;53,18;47,25;44,01;48,74;46,5;52,14;43,71;42,37;39,93;53,53;53,24;42,33;33,41;44,12;45,33;53,44;42,95;46,41;39,68;34,74;35,94;32,33;38,28;32,14;38,32;35,57;37,22;33,45;38,63;36,69;35,41;30,43;30,71;35,0;35,72;27,87;30,12;29,67;35,39;30,28;26,2;29,93;31,49;29,0;27,89;24,74;21,48;23,06;17,98;20,96;18,38;19,15;17,27;22,48;21,68;6,9;;;;
17/12/2024;18,77;24,78;22,87;21,99;21,15;23,42;23,92;19,4;19,54;17,4;19,64;23,12;19,64;17,18;19,1;23,39;18,4;18,64;22,63;21,25;17,86;21,96;22,28;24,05;22,84;25,67;25,73;28,52;21,3;36,07;35,3;37,82;49,6;51,71;51,08;56,55;42,42;45,27;45,02;48,24;51,16;40,66;49,03;55,86;63,54;52,69;44,03;37,17;38,72;43,32;43,99;51,01;51,02;47,18;43,54;42,74;42,37;39,85;32,12;45,79;41,63;35,75;37,95;32,24;31,65;31,06;30,58;31,4;40,12;33,65;38,85;40,45;39,42;40,08;36,16;30,96;35,98;34,96;36,14;28,33;31,79;34,63;30,05;34,39;26,24;26,67;15,49;21,69;16,0;14,76;15,04;19,98;23,36;21,39;20,52;6,9;;;;
18/12/2024;22,12;23,71;18,67;18,48;18,18;20,91;18,76;17,57;19,0;18,31;22,66;22,88;18,93;21,21;19,68;21,17;21,19;19,09;22,98;22,05;16,9;17,48;18,92;18,02;22,17;25,23;26,08;21,76;31,9;40,85;28,92;45,29;49,51;40,47;52,81;45,93;48,35;50,7;46,84;41,66;47,86;35,49;42,71;35,73;40,38;46,44;41,09;35,47;41,89;35,48;30,41;42,71;32,64;42,69;41,0;38,31;39,55;36,65;36,21;37,06;37,36;32,14;34,57;38,41;36,08;31,1;31,19;38,56;31,34;32,9;40,85;38,45;32,22;40,1;40,32;41,29;33,76;38,26;34,19;31,83;28,84;31,91;37,68;32,34;21,65;18,26;18,53;25,1;22,39;21,01;18,34;22,79;20,84;20,13;21,25;6,6;;;;
19/12/2024;21,38;19,42;23,23;20,68;21,19;21,3;22,04;23,13;24,96;22,75;17,87;20,95;21,27;21,03;19,79;18,54;19,08;21,31;19,11;18,73;19,44;18,02;19,71;21,54;20,7;18,14;18,98;28,11;33,74;43,44;43,05;39,93;34,13;41,35;52,02;44,85;51,83;44,69;39,69;36,13;44,79;38,16;42,34;46,54;40,39;51,18;40,49;42,01;31,14;29,83;46,22;44,37;51,05;37,35;44,19;49,69;37,13;33,7;28,63;35,93;25,18;26,06;26,2;29,71;36,67;27,15;34,1;34,46;29,8;32,79;35,31;36,05;31,09;39,91;29,49;30,9;37,41;37,72;34,31;29,73;29,13;27,12;20,24;28,96;19,43;18,49;19,42;19,44;21,18;21,07;15,88;18,35;17,57;19,6;19,75;5,7;;;;
20/12/2024;18,38;17,1;16,39;17,49;15,86;18,04;19,3;16,84;18,66;15,25;16,52;17,4;18,27;18,55;16,76;18,31;19,94;18,6;16,65;20,74;19,32;16,88;19,33;22,43;24,76;20,7;17,35;26,6;24,41;35,2;41,42;42,77;46,5;52,91;61,85;52,27;54,74;53,28;51,41;45,84;46,35;40,66;63,17;61,75;54,67;44,3;43,77;54,21;44,09;43,94;51,58;45,4;44,28;51,1;58,41;53,26;42,64;48,78;42,78;44,49;35,64;35,37;27,61;29,96;35,66;26,64;39,0;46,8;43,98;38,86;40,34;41,99;36,18;33,74;42,91;33,35;32,03;32,59;25,05;35,01;24,83;25,66;25,11;27,89;22,75;25,01;19,25;20,27;20,21;16,56;14,85;19,23;20,37;18,41;17,98;6,6;;;;
21/12/2024;17,32;20,65;18,78;17,49;21,34;20,93;18,97;18,55;15,82;20,34;19,9;17,98;16,13;18,2;18,99;16,96;17,84;16,23;15,2;14,56;18,13;17,91;19,24;18,23;20,03;24,1;24,72;20,66;27,21;34,97;32,66;40,32;41,78;43,12;63,87;59,61;48,54;47,68;45,75;55,67;41,08;40,34;45,99;59,6;60,96;53,8;43,44;48,74;51,44;54,0;38,46;45,43;42,65;40,74;43,64;48,14;43,25;52,3;42,38;34,9;34,56;47,78;40,68;46,13;37,22;49,35;48,25;37,38;37,95;38,78;41,99;46,35;41,25;41,49;34,74;39,2;41,41;45,22;38,8;34,98;33,18;25,35;34,57;31,17;28,33;20,72;19,52;23,31;20,28;17,27;21,91;16,68;21,53;24,15;16,66;7,2;;;;
22/12/2024;19,6;20,18;25,11;24,79;19,84;17,46;21,9;20,37;24,38;17,43;19,2;19,37;20,25;20,23;18,0;18,24;19,02;21,95;18,77;20,64;21,86;17,75;22,43;22,72;23,42;23,55;24,1;33,12;33,92;32,38;40,55;50,56;64,87;48,72;55,05;53,14;50,35;50,51;53,06;48,93;52,87;45,67;39,07;50,81;49,43;49,26;55,78;41,98;48,44;44,45;52,94;51,15;43,49;42,02;48,15;33,01;48,35;39,61;33,25;32,7;45,6;40,88;40,72;46,67;39,02;43,58;44,23;45,85;36,6;42,4;48,05;36,3;46,24;35,07;39,0;39,91;32,97;39,54;38,17;30,78;32,37;31,9;27,65;21,55;26,45;18,38;20,68;17,27;19,62;15,07;17,72;16,39;18,08;22,02;17,73;6,3;;;;
23/12/2024;19,75;20,25;21,79;22,78;21,19;20,22;22,19;17,92;23,85;26,06;23,73;18,57;24,66;23,61;18,22;20,33;25,65;19,51;24,89;23,03;24,58;23,81;17,32;25,9;22,64;22,99;20,62;28,61;38,16;33,69;33,97;47,37;55,84;58,82;57,84;54,56;52,82;48,65;45,36;51,65;40,26;42,65;48,68;60,66;55,34;48,01;47,39;50,7;47,18;42,81;46,12;47,32;48,42;42,03;57,05;42,5;41,58;44,94;47,0;50,76;40,86;50,3;55,11;55,82;46,29;48,32;49,47;38,89;42,41;42,26;43,53;46,32;43,15;40,75;35,86;32,79;34,17;37,23;29,61;35,19;34,13;35,29;31,12;26,79;29,7;23,87;20,13;17,82;18,44;17,42;16,76;16,92;19,34;24,07;20,49;6,6;;;;
24/12/2024;22,5;22,28;18,45;17,26;21,5;19,45;18,57;21,69;21,66;19,16;21,33;21,99;20,32;21,19;21,16;21,34;20,82;20,01;20,95;20,9;20,51;18,75;17,93;20,71;21,49;22,08;22,35;25,8;26,59;26,75;36,0;45,43;45,02;40,68;43,87;42,36;54,34;56,76;43,44;62,77;50,59;51,27;60,74;55,93;55,34;62,68;58,64;47,78;41,2;45,3;40,41;34,25;43,07;36,87;46,84;46,93;44,68;49,52;33,6;42,02;35,86;32,05;33,07;41,97;40,18;35,19;39,65;40,2;37,68;34,52;34,66;36,02;43,87;36,32;37,92;36,65;34,26;34,98;29,13;37,02;32,11;26,07;26,21;27,12;21,7;17,29;19,88;20,72;17,53;18,25;17,85;16,0;20,28;17,4;18,79;6,3;;;;
25/12/2024;17,84;21,17;21,45;16,14;19,0;20,76;17,64;15,92;17,59;21,04;20,34;16,69;20,49;16,87;17,54;19,98;16,55;14,66;15,66;13,87;15,52;14,14;12,54;19,24;24,35;24,39;25,16;24,78;30,96;41,48;34,13;45,05;36,74;34,61;51,26;50,14;40,31;36,28;47,74;33,01;43,22;46,21;33,07;41,66;41,78;54,56;51,49;42,89;49,87;36,61;39,04;38,02;37,49;30,96;39,6;35,66;41,54;31,05;35,07;31,05;28,87;27,57;36,27;41,66;33,11;41,2;43,51;39,56;38,79;36,92;33,35;43,95;35,08;44,82;44,32;39,86;32,44;33,2;28,9;32,86;29,79;28,14;31,99;28,92;19,92;22,54;20,32;16,74;18,52;19,14;16,29;20,75;23,11;24,12;20,61;6,9;;;;
26/12/2024;18,0;19,36;17,04;18,98;17,69;21,5;21,2;19,99;17,3;21,75;21,49;17,16;21,76;21,31;15,76;19,36;14,78;14,43;16,54;17,49;20,69;17,59;19,53;20,03;22,35;22,74;27,25;25,34;29,74;38,08;32,87;46,95;57,44;49,76;48,3;48,72;45,63;31,44;49,05;40,74;36,79;33,06;39,74;42,66;48,16;50,18;43,22;42,4;48,53;39,63;42,12;48,87;44,34;41,25;40,85;34,12;47,51;36,8;32,17;27,79;30,42;38,73;42,07;41,66;33,51;46,17;38,83;41,03;32,48;39,87;39,71;41,72;37,53;35,82;32,07;37,52;31,33;28,61;33,45;34,61;36,13;31,82;32,9;26,54;28,84;22,65;19,53;18,76;20,87;17,86;20,38;15,47;22,68;18,55;21,2;6,9;;;;
27/12/2024;20,53;17,45;19,52;22,23;21,67;21,69;17,45;21,41;21,34;16,52;19,25;19,49;18,41;19,21;19,41;17,92;17,12;18,7;16,21;15,87;16,32;17,6;19,66;18,66;20,64;21,39;17,63;27,25;26,46;34,28;39,16;48,68;52,64;44,71;46,53;48,27;46,12;40,68;41,5;41,46;44,92;47,52;42,09;52,25;55,48;47,59;49,85;36,3;47,39;39,02;43,61;49,6;44,62;51,6;54,61;43,22;51,82;38,25;35,8;32,89;29,47;38,14;40,82;42,8;41,94;39,31;49,98;47,76;40,21;31,91;38,11;29,29;37,99;36,27;37,54;40,33;28,75;32,02;29,94;29,27;28,94;27,39;27,16;28,61;23,56;19,69;16,91;16,57;21,22;16,32;19,36;13,92;23,66;22,38;18,78;6,6;;;;
28/12/2024;21,27;22,79;19,18;16,73;21,72;20,63;17,52;20,54;16,89;23,27;17,63;21,75;17,17;18,81;21,28;17,65;17,46;17,13;18,34;16,53;19,96;16,22;16,42;18,72;27,75;21,5;21,02;24,83;37,43;39,89;42,18;44,25;52,72;61,23;48,62;61,11;49,45;39,01;38,52;55,4;57,9;46,89;47,93;38,61;47,02;56,0;46,79;43,15;40,89;42,52;46,86;47,47;35,12;42,59;36,73;52,05;47,62;33,62;30,57;33,87;42,25;41,36;42,61;41,31;40,56;43,15;32,89;44,63;34,08;43,57;40,82;45,17;38,87;31,97;43,11;31,74;40,06;35,68;38,17;35,95;29,06;27,65;26,61;29,67;25,26;17,45;19,3;19,22;20,57;18,2;17,27;19,82;21,21;18,94;20,7;6,899;;;;
29/12/2024;22,94;20,33;19,85;19,27;24,15;16,81;17,38;19,18;23,04;20,54;21,09;19,6;15,97;20,68;18,79;18,89;17,22;15,53;19,44;14,85;17,27;18,29;16,5;18,81;22,99;21,83;22,95;21,86;28,8;40,66;45,07;43,14;43,81;43,23;49,64;59,25;50,94;45,74;48,0;48,36;55,08;53,87;55,41;45,47;39,81;46,67;41,84;53,62;40,53;41,42;33,49;41,45;40,06;52,85;47,59;40,27;32,11;30,72;35,11;39,34;42,68;33,21;33,44;36,67;38,99;35,0;43,18;35,52;31,64;32,06;35,4;33,47;33,79;38,55;41,58;37,0;38,29;27,85;30,57;35,0;29,76;24,02;30,2;25,2;20,57;21,27;18,63;20,98;19,36;15,45;18,22;18,71;21,44;19,44;23,62;6,301;;;;
30/12/2024;22,74;20,13;18,01;20,15;20,19;19,27;16,62;17,03;17,36;20,24;20,44;18,7;17,87;18,85;19,73;20,54;16,12;15,79;13,62;15,71;18,3;17,93;16,06;18,65;24,32;25,3;19,59;28,52;27,43;33,02;47,11;37,49;45,34;52,17;42,06;58,44;55,52;58,85;38,29;45,31;40,61;47,07;43,12;49,47;55,32;60,35;54,08;53,38;53,25;39,81;46,33;37,67;38,21;41,64;38,32;40,16;44,4;39,04;31,25;38,32;41,77;31,5;37,08;40,82;40,25;43,61;50,46;44,32;43,02;44,75;39,54;47,41;38,58;38,51;33,48;40,77;40,72;35,76;30,53;34,57;31,95;31,93;29,15;31,78;28,48;18,58;19,59;18,28;19,46;18,41;21,72;19,77;23,78;22,44;23,96;6,9;;;;
31/12/2024;24,78;19,75;18,09;19,52;21,86;17,28;18,36;19,58;20,11;19,38;17,33;20,24;23,89;22,56;17,85;21,19;16,31;18,23;14,26;19,33;17,32;19,65;19,9;16,75;23,62;21,11;24,6;25,22;32,44;32,83;40,57;42,26;44,53;54,92;43,65;40,07;51,12;42,48;50,12;40,9;47,4;41,43;39,04;47,75;47,27;54,88;43,99;39,81;43,83;49,14;47,16;38,2;48,26;51,17;45,01;45,52;36,22;34,86;29,64;35,99;33,36;32,83;34,87;36,14;34,02;36,23;46,57;36,01;34,01;47,2;39,17;35,09;38,53;44,75;35,68;35,45;29,03;35,51;30,91;31,61;29,73;30,86;33,96;30,0;26,94;21,51;19,01;17,72;16,91;20,77;15,91;15,44;20,31;19,85;18,07;6,9;;;;
