Giorno;00:00-00:15;00:15-00:30;00:30-00:45;00:45-01:00;01:00-01:15;01:15-01:30;01:30-01:45;01:45-02:00;02:00-02:15;02:15-02:30;02:30-02:45;02:45-03:00;03:00-03:15;03:15-03:30;03:30-03:45;03:45-04:00;04:00-04:15;04:15-04:30;04:30-04:45;04:45-05:00;05:00-05:15;05:15-05:30;05:30-05:45;05:45-06:00;06:00-06:15;06:15-06:30;06:30-06:45;06:45-07:00;07:00-07:15;07:15-07:30;07:30-07:45;07:45-08:00;08:00-08:15;08:15-08:30;08:30-08:45;08:45-09:00;09:00-09:15;09:15-09:30;09:30-09:45;09:45-10:00;10:00-10:15;10:15-10:30;10:30-10:45;10:45-11:00;11:00-11:15;11:15-11:30;11:30-11:45;11:45-12:00;12:00-12:15;12:15-12:30;12:30-12:45;12:45-13:00;13:00-13:15;13:15-13:30;13:30-13:45;13:45-14:00;14:00-14:15;14:15-14:30;14:30-14:45;14:45-15:00;15:00-15:15;15:15-15:30;15:30-15:45;15:45-16:00;16:00-16:15;16:15-16:30;16:30-16:45;16:45-17:00;17:00-17:15;17:15-17:30;17:30-17:45;17:45-18:00;18:00-18:15;18:15-18:30;18:30-18:45;18:45-19:00;19:00-19:15;19:15-19:30;19:30-19:45;19:45-20:00;20:00-20:15;20:15-20:30;20:30-20:45;20:45-21:00;21:00-21:15;21:15-21:30;21:30-21:45;21:45-22:00;22:00-22:15;22:15-22:30;22:30-22:45;22:45-23:00;23:00-23:15;23:15-23:30;23:30-23:45;23:45-00:00;ex1;ex2;ex3;ex4
01/01/2024;12,45;3,18;21,87;10,09;4,86;11,47;7,29;1,55;13,3;2,02;12,25;15,65;4,62;15,49;14,37;18,47;11,87;6,02;0,27;17,64;11,77;3,76;7,41;16,84;23,0;53,97;39,87;25,47;51,06;30,3;10,22;39,42;18,8;3,03;44,4;32,1;52,61;29,67;19,23;14,29;3,26;23,19;28,3;3,75;0,34;22,31;3,37;2,29;12,82;7,03;38,79;41,37;41,73;27,58;12,66;11,92;16,7;38,98;29,49;11,28;5,69;22,28;38,69;31,79;22,12;1,34;21,07;36,28;22,3;36,65;15,2;34,71;1,25;4,6;4,73;31,04;19,78;37,12;23,67;32,69;11,19;22,12;26,28;23,63;2,12;28,33;15,77;1,96;5,66;3,42;19,96;2,1;22,56;15,06;0,87;6,9;;;;
02/01/2024;15,2;1,15;10,33;24,9;19,78;16,51;18,38;27,16;17,43;6,7;2,57;14,64;6,63;20,51;4,99;7,5;22,17;10,91;5,49;2,16;1,34;8,76;28,12;1,53;23,04;30,3;34,05;42,75;11,92;28,7;45,55;37,35;38,45;21,76;33,67;58,46;18,25;6,35;45,32;4,08;45,8;40,92;37,51;37,45;41,82;46,98;11,1;12,28;44,95;19,77;60,11;45,6;36,3;23,73;42,86;35,4;32,69;56,35;21,21;3,17;17,63;33,91;1,43;44,91;23,54;18,74;7,16;29,87;10,44;48,93;49,49;23,71;41,71;15,72;8,95;28,35;17,02;16,19;12,74;19,04;23,26;28,9;11,85;1,91;25,27;25,31;14,34;11,51;16,24;16,65;13,3;2,33;17,13;26,06;4,57;7,5;;;;
03/01/2024;3,93;17,57;18,67;7,12;5,52;0,27;22,36;15,73;1,27;20,4;6,22;17,03;26,4;23,42;22,95;13,22;20,04;6,41;8,49;7,45;2,42;24,15;24,98;24,89;8,0;29,84;1,72;43,7;50,69;51,74;41,43;16,44;55,5;54,5;6,09;50,77;36,98;14,69;23,02;44,71;24,92;14,76;46,62;20,08;23,05;8,49;18,09;50,47;5,12;55,73;25,7;2,7;14,6;31,16;44,38;22,1;1,04;39,69;22,97;9,21;40,17;44,81;37,23;4,39;25,41;26,88;6,69;36,7;20,0;0,92;3,8;26,67;43,36;28,43;15,09;25,38;9,14;20,0;31,69;15,07;3,12;18,92;0,58;27,0;25,39;22,98;8,52;24,8;9,75;11,82;18,25;4,47;11,74;0,66;8,56;7,5;;;;
04/01/2024;24,32;8,87;18,23;22,29;21,65;18,73;26,35;0,43;4,42;4,39;5,13;1,83;25,27;22,98;5,12;10,56;8,77;20,36;20,07;5,07;3,63;13,91;8,56;25,47;5,87;39,1;35,16;5,18;29,34;10,97;9,13;60,34;0,75;31,35;48,19;58,9;25,07;19,59;15,82;40,45;32,54;62,17;4,48;38,68;28,35;66,16;41,26;64,26;2,32;27,05;9,17;33,31;61,61;3,86;42,21;52,07;51,72;7,24;25,38;13,42;43,22;56,02;23,35;39,48;41,48;60,81;37,89;40,68;21,59;40,68;19,89;15,47;13,51;7,54;10,52;37,56;16,13;3,92;10,93;2,15;16,87;20,54;21,86;0,07;16,76;12,02;18,41;26,91;21,96;16,76;16,53;9,36;26,25;9,98;4,88;7,2;;;;
05/01/2024;23,54;24,92;15,03;16,59;19,97;23,79;2,51;3,74;20,06;17,57;25,91;21,11;6,33;1,29;15,93;21,03;9,49;23,59;12,39;17,26;31,89;3,8;20,3;5,31;32,55;27,49;30,75;60,1;49,93;15,04;56,77;39,4;26,6;30,29;47,14;26,37;41,87;56,27;4,83;48,9;4,78;15,13;28,12;6,25;62,9;17,97;0,92;35,72;24,1;28,69;36,96;35,72;8,8;3,17;33,86;49,29;42,03;27,5;33,91;16,59;13,3;15,9;33,29;2,71;42,37;12,49;26,12;52,44;56,51;20,09;25,9;17,98;22,68;29,78;16,12;13,2;7,65;2,27;11,3;0,96;24,01;13,74;22,82;20,32;19,41;14,79;26,11;9,73;4,98;26,83;20,42;15,75;6,25;1,7;19,1;6,9;;;;
06/01/2024;12,66;15,05;12,66;17,43;19,31;1,91;9,82;16,59;5,78;10,19;9,81;4,2;16,29;5,94;1,13;22,78;11,59;1,63;20,53;5,04;28,23;6,9;23,68;16,76;27,62;40,25;17,14;57,41;31,69;15,58;16,61;34,35;5,92;55,6;2,87;64,64;39,67;19,19;52,74;4,17;2,95;8,46;23,49;16,5;18,59;57,83;26,11;21,13;8,38;8,75;46,68;10,83;17,83;40,02;41,84;18,97;13,95;28,49;22,25;22,08;2,47;18,18;21,65;48,96;34,88;9,68;44,88;51,64;40,99;31,05;0,99;32,43;49,42;29,76;33,15;25,67;31,26;14,67;17,98;14,39;28,92;15,8;19,21;3,58;12,18;4,72;24,01;18,45;25,04;9,41;4,99;15,53;23,3;16,69;16,74;7,2;;;;
07/01/2024;13,56;6,54;9,14;18,24;8,42;17,78;2,97;7,58;25,24;4,6;22,65;0,99;18,87;5,68;1,27;6,91;4,34;18,97;0,42;23,37;30,53;30,84;24,59;0,19;8,24;39,14;48,0;44,77;23,65;55,0;34,1;35,85;37,55;21,05;43,09;27,36;50,16;44,05;4,93;29,36;57,01;33,91;26,46;58,13;50,95;18,62;27,9;44,61;5,95;22,63;0,41;20,86;27,88;41,24;20,53;10,33;35,12;41,67;28,05;1,6;51,97;26,03;7,99;23,86;9,25;24,18;3,04;41,08;16,08;44,86;17,79;34,87;22,41;27,94;11,8;36,89;8,07;1,96;5,34;23,61;19,78;28,52;6,87;11,75;2,13;7,9;20,77;14,19;19,72;7,23;21,33;1,78;26,02;10,15;15,62;7,2;;;;
08/01/2024;21,75;2,77;24,68;25,09;14,89;27,0;1,6;16,32;8,02;16,77;5,57;7,41;13,03;0,68;12,01;13,61;18,68;18,21;16,02;3,64;19,54;1,92;14,23;17,11;8,51;7,93;27,06;2,48;23,81;60,34;27,43;32,54;47,96;41,38;22,18;29,22;51,69;37,94;25,04;29,6;8,09;60,25;2,75;39,89;21,61;22,85;48,68;7,48;46,12;35,46;39,25;61,36;8,8;3,97;4,06;12,96;22,19;41,13;39,9;22,68;42,75;36,79;52,44;20,4;45,15;38,06;3,88;5,63;2,69;19,99;15,33;52,76;43,29;19,55;18,98;2,24;11,38;23,31;1,13;8,46;10,68;28,49;9,32;27,99;24,15;23,41;25,44;25,91;7,43;4,0;18,51;1,87;10,24;14,88;17,76;6,9;;;;
09/01/2024;8,04;0,98;15,22;7,87;17,36;8,7;20,89;7,33;23,42;25,25;6,68;21,95;3,35;16,45;18,49;25,03;20,46;15,15;24,79;10,71;8,68;18,4;29,59;33,66;2,48;22,9;18,59;55,96;34,14;52,65;12,05;39,8;48,04;46,01;45,22;34,3;31,77;19,83;3,51;0,88;37,86;31,32;4,78;23,62;28,19;12,0;17,7;19,42;31,31;44,53;55,7;26,03;42,79;7,58;34,35;29,6;24,5;5,95;12,83;14,57;30,51;9,74;13,59;48,36;45,17;2,58;5,95;26,27;10,66;3,73;35,86;15,45;42,02;25,53;5,02;44,38;11,45;23,35;26,11;9,19;7,21;25,23;24,28;1,86;16,68;8,23;1,07;2,17;10,44;20,09;23,36;8,74;9,17;16,22;17,63;6,9;;;;
10/01/2024;9,61;1,58;6,38;18,62;10,63;23,45;4,3;13,53;18,24;9,22;11,41;24,63;11,39;6,5;25,35;11,92;21,15;11,0;7,16;23,38;1,15;8,4;27,03;39,37;32,8;16,0;19,21;36,8;2,52;41,73;25,83;61,62;38,98;41,59;54,47;34,43;28,46;62,1;55,39;56,99;8,41;8,41;56,02;22,54;14,91;0,83;32,24;38,24;24,6;6,82;4,93;8,21;6,05;31,44;36,67;17,56;17,55;2,52;16,36;8,34;16,14;43,25;23,58;35,61;31,0;18,99;31,96;46,19;28,9;17,78;18,87;6,96;27,16;8,77;6,14;12,22;35,68;11,02;27,89;9,16;24,85;10,6;11,57;10,59;0,12;0,25;28,64;13,35;22,94;5,52;21,05;22,0;11,26;7,9;8,18;6,9;;;;
11/01/2024;1,71;2,41;12,82;15,1;10,18;6,33;24,83;16,67;19,33;29,83;10,56;7,92;23,55;26,39;25,4;5,07;25,59;18,23;0,41;10,1;13,71;20,27;7,79;41,21;44,45;45,96;11,71;43,02;16,07;17,23;50,12;35,31;43,07;51,89;23,25;21,67;43,13;49,58;32,81;30,7;43,8;26,52;54,72;57,87;21,6;8,21;0,6;7,96;58,35;28,65;38,25;26,43;34,31;17,36;57,32;28,82;20,43;12,19;64,76;52,58;49,07;57,73;20,67;32,48;47,19;0,78;52,47;47,81;18,1;14,85;46,08;35,94;26,37;18,33;7,3;14,1;1,74;3,05;22,91;11,24;32,09;13,84;6,54;21,48;10,75;3,93;0,57;7,96;14,78;12,06;8,06;27,63;15,64;8,78;4,02;7,2;;;;
12/01/2024;5,26;18,12;9,41;21,53;10,44;1,46;4,62;0,27;7,99;7,16;20,53;7,66;9,66;11,86;21,97;5,13;16,98;19,68;23,48;20,7;4,65;24,66;28,01;22,71;30,6;29,65;26,91;61,1;36,4;4,75;14,73;32,67;14,23;68,74;18,29;11,06;17,56;36,97;26,56;64,75;58,31;43,78;23,54;31,86;0,14;34,46;56,06;4,88;37,03;59,88;28,11;13,33;18,82;20,38;30,14;32,26;26,42;30,18;33,8;10,0;25,57;35,03;14,1;34,78;27,97;27,68;42,54;22,52;55,19;24,47;22,18;14,38;10,82;2,41;43,47;8,08;1,58;8,4;10,74;17,4;22,63;29,94;24,26;0,12;15,61;2,71;19,29;16,83;16,86;1,87;1,03;10,4;15,91;12,13;7,79;6,3;;;;
13/01/2024;10,79;21,09;26,33;24,81;13,79;15,09;20,06;9,1;3,56;19,37;11,89;4,15;2,17;19,16;9,33;6,05;21,22;8,53;6,32;12,42;13,33;23,98;16,49;1,39;33,35;20,09;49,05;30,15;26,07;8,87;9,28;18,35;44,8;15,18;54,25;14,21;30,17;14,77;37,76;65,44;36,91;69,42;56,93;47,39;36,98;56,76;47,63;51,08;37,2;55,88;21,15;10,45;28,58;25,14;4,95;34,56;41,72;34,94;2,42;44,89;15,52;39,85;21,44;0,48;53,21;13,76;4,33;38,35;1,05;3,89;38,33;8,08;30,41;47,08;38,79;13,29;42,24;32,26;7,83;21,74;26,76;0,04;7,27;5,88;23,16;26,38;9,19;4,79;18,5;2,62;9,98;2,52;22,73;19,04;6,74;7,2;;;;
14/01/2024;21,77;9,31;7,02;11,1;21,8;3,1;16,47;3,0;5,59;0,38;0,57;7,26;21,46;20,03;22,5;21,75;3,53;3,18;24,73;27,18;18,37;15,41;7,79;15,01;27,39;22,91;14,31;22,92;17,59;51,77;7,58;41,85;3,4;30,93;57,58;39,68;47,45;49,47;0,22;39,73;0,0;23,04;38,63;0,65;41,42;22,32;39,51;39,56;54,09;63,24;39,41;61,6;47,73;37,16;16,96;31,49;36,34;34,61;21,2;34,42;37,79;22,38;16,44;1,17;5,14;5,22;9,15;33,42;26,33;10,38;16,91;19,86;16,71;7,99;3,46;16,85;14,46;1,07;6,04;16,84;10,29;23,97;22,41;8,8;17,52;5,54;11,5;18,04;14,04;7,88;22,7;19,63;12,9;15,82;17,2;6,6;;;;
15/01/2024;12,1;6,45;7,17;1,21;4,83;0,35;5,53;11,2;7,18;22,64;19,74;19,65;3,57;22,63;16,37;22,48;6,98;4,71;7,38;2,39;7,24;15,6;31,6;19,41;21,12;0,96;29,7;39,74;56,15;36,96;44,76;8,2;9,32;10,33;16,36;16,14;1,12;34,52;44,34;62,76;22,19;21,96;11,43;31,64;31,01;1,04;30,27;53,4;18,86;20,35;3,78;50,18;43,59;41,52;34,69;13,5;38,97;49,0;13,53;15,06;3,26;16,15;30,47;35,71;37,83;58,16;31,12;36,0;31,35;40,54;37,93;36,51;5,15;10,54;36,79;40,77;33,51;26,12;34,25;6,64;6,35;12,62;12,64;27,54;24,77;3,38;1,05;24,12;15,69;13,97;0,41;6,46;1,49;25,34;8,4;7,2;;;;
16/01/2024;10,43;6,42;17,0;9,83;24,86;25,07;5,94;9,39;9,59;19,74;13,12;23,82;10,24;25,91;2,18;17,8;17,22;3,64;25,72;4,42;5,8;16,59;30,31;7,46;26,0;42,45;34,22;21,8;13,6;52,57;23,42;18,89;20,86;1,8;61,23;32,71;49,12;16,42;5,4;11,54;43,27;17,98;24,84;52,94;17,05;57,11;14,34;26,88;27,12;21,42;0,21;31,29;31,97;23,46;40,31;26,88;20,97;16,34;32,21;10,02;14,86;24,75;44,64;12,02;33,45;16,08;20,74;14,07;47,74;35,83;11,55;18,29;33,99;46,75;18,63;34,91;17,39;35,46;12,75;26,52;4,22;20,41;11,32;12,47;19,09;24,62;12,42;6,89;25,8;25,65;9,57;6,8;25,76;14,29;12,13;7,2;;;;
17/01/2024;18,1;3,68;13,33;2,87;2,22;23,18;25,11;19,91;0,52;0,64;6,72;22,8;25,6;13,79;10,78;13,9;25,68;2,62;3,72;19,9;2,7;16,04;0,57;25,52;1,66;8,0;39,79;31,72;22,86;30,88;14,6;58,37;47,71;17,59;2,08;31,88;20,47;8,73;32,67;7,59;6,26;49,89;48,88;15,63;4,48;43,84;6,81;30,93;35,75;14,05;8,38;37,2;45,72;35,04;35,43;8,08;17,91;39,67;12,62;16,06;23,5;46,75;15,11;2,2;1,77;8,31;6,93;33,37;42,69;13,36;33,46;30,18;48,14;35,72;15,46;2,15;23,87;9,27;7,41;7,6;0,42;3,2;27,96;6,69;19,97;23,72;2,81;19,77;18,81;16,0;21,75;21,78;2,31;16,9;2,31;6,9;;;;
18/01/2024;22,96;3,29;5,42;27,18;0,24;12,6;4,13;22,45;21,0;7,19;3,39;0,59;19,85;16,74;12,46;24,24;28,77;23,05;12,61;17,91;20,47;12,05;29,07;36,64;35,28;36,1;15,75;65,79;29,94;35,73;6,23;0,84;33,95;13,43;3,16;39,44;0,53;29,9;13,89;40,78;10,89;37,85;14,06;63,86;27,48;9,98;52,63;60,49;59,2;38,02;17,26;32,98;27,12;50,01;24,23;29,15;11,91;42,6;5,48;9,74;11,51;28,2;24,43;1,93;56,2;41,73;49,51;7,42;28,43;11,63;55,46;43,51;13,45;3,44;5,63;9,09;42,46;11,63;19,73;10,46;24,07;12,17;21,1;17,76;13,02;22,98;8,34;19,03;23,15;22,71;5,01;5,15;1,24;9,5;15,21;6,6;;;;
19/01/2024;19,12;19,22;21,47;13,06;20,3;24,83;2,89;2,25;21,16;9,0;1,99;20,33;24,8;1,97;0,13;11,26;22,02;18,93;8,7;16,76;22,07;13,65;6,23;4,85;37,14;18,97;31,97;65,53;30,24;43,84;55,85;20,1;17,81;21,43;13,01;46,01;20,68;26,6;29,71;6,85;19,02;13,73;57,12;53,79;34,98;69,06;45,79;37,59;28,89;14,54;13,59;23,54;58,5;33,39;18,9;15,39;10,99;23,91;7,34;32,77;40,24;17,53;23,23;30,31;25,14;60,09;1,8;16,81;8,35;16,56;9,09;4,39;23,65;36,8;1,46;21,2;5,71;2,39;24,44;34,58;32,12;24,65;20,54;10,02;13,4;22,49;19,15;12,61;12,5;22,71;16,03;18,6;5,17;7,54;22,32;6,9;;;;
20/01/2024;15,51;24,05;4,61;24,01;18,96;17,68;1,45;1,18;21,15;20,31;6,79;19,72;23,4;11,47;21,26;7,56;2,85;20,57;5,75;10,74;18,61;21,73;34,69;16,86;8,93;1,25;43,55;12,65;39,64;60,18;25,43;49,23;0,51;55,94;51,95;25,14;38,43;28,12;26,63;64,05;10,64;30,11;49,25;49,59;10,87;3,75;32,32;44,67;6,45;60,59;11,09;30,0;2,85;21,0;23,38;15,88;13,12;48,76;39,79;37,27;13,07;44,29;3,79;56,16;28,06;17,53;36,25;46,5;12,05;27,91;33,21;8,96;37,42;3,0;45,1;32,35;23,04;33,57;25,22;3,82;2,42;10,27;7,81;12,57;2,95;0,99;20,36;10,08;23,19;18,16;23,31;4,92;10,04;1,0;7,71;6,3;;;;
21/01/2024;26,62;10,27;7,11;20,47;7,8;3,51;7,52;11,44;6,64;6,65;15,72;14,14;0,42;7,79;17,34;16,05;6,85;1,3;11,4;22,06;19,23;24,54;30,64;19,48;9,37;14,6;55,44;0,54;43,58;2,24;51,92;26,35;16,77;32,23;19,1;51,96;28,67;7,2;19,66;9,17;50,99;51,79;1,6;63,12;48,24;15,15;12,48;33,17;43,18;19,89;34,91;5,67;13,26;32,97;11,39;47,96;27,83;45,58;24,23;40,2;14,72;50,1;21,25;10,98;21,2;7,03;47,96;29,08;29,81;8,64;49,39;34,5;5,69;25,27;35,47;30,52;37,44;9,56;20,82;26,74;9,17;15,2;27,9;22,06;18,47;25,53;16,76;25,6;15,6;3,07;3,35;9,38;8,42;19,1;5,64;6,3;;;;
22/01/2024;23,1;3,85;10,91;11,76;13,71;6,74;24,51;17,22;19,04;7,44;2,99;14,66;8,52;17,49;6,59;9,18;10,33;8,53;1,98;25,95;14,86;16,71;14,31;39,33;39,07;5,32;16,82;45,67;20,31;35,04;62,48;14,28;56,53;57,42;20,31;14,86;3,2;9,62;50,4;61,69;3,06;51,66;35,97;37,54;61,93;29,07;18,16;22,38;26,65;10,14;40,2;46,5;40,84;21,15;4,78;27,44;40,11;20,71;34,96;50,53;31,7;44,5;17,39;3,87;15,41;31,86;6,67;23,05;10,88;43,82;41,18;49,64;29,14;28,26;34,91;41,15;1,57;22,47;28,14;19,86;9,93;16,43;18,14;16,73;25,97;27,25;22,76;20,57;3,88;22,76;19,81;11,84;2,06;1,52;7,82;6,6;;;;
23/01/2024;11,26;23,13;23,04;2,04;25,63;16,6;3,21;14,68;21,46;10,8;14,69;1,84;17,28;14,5;4,45;3,84;5,62;5,85;12,1;7,83;27,44;28,64;12,09;38,39;40,73;49,45;20,65;23,6;4,74;61,94;37,6;61,13;28,41;53,8;24,54;7,41;7,62;47,48;16,26;23,09;54,35;18,11;50,56;29,11;34,56;58,82;22,21;5,76;4,56;30,12;21,88;40,32;3,87;28,9;6,28;24,13;26,97;7,96;30,32;11,78;23,25;28,11;9,49;8,89;46,17;11,13;10,11;43,92;16,09;1,7;8,75;23,7;41,97;21,13;20,97;4,92;32,38;15,53;0,2;32,99;31,95;16,67;15,42;16,33;2,43;28,07;5,81;18,29;16,18;6,54;6,5;9,64;17,32;5,26;18,8;6,6;;;;
24/01/2024;20,64;25,25;6,86;16,0;4,38;19,7;5,03;16,49;20,16;16,39;9,21;10,27;3,14;21,85;17,87;22,35;9,64;4,17;13,31;5,3;23,84;14,45;15,07;36,34;8,23;46,46;16,04;36,94;26,98;40,91;51,26;27,63;33,02;64,29;48,44;16,42;19,24;2,51;39,13;10,91;0,17;42,35;12,92;47,65;20,46;48,8;19,07;27,77;10,49;27,93;37,95;4,26;2,23;33,14;5,0;38,19;3,84;2,58;33,93;3,25;37,1;27,56;49,55;38,76;21,43;4,98;21,68;24,4;36,98;35,75;36,88;36,65;13,56;31,64;36,77;4,74;13,74;34,75;4,12;16,7;29,02;17,43;11,07;15,46;23,42;3,99;13,81;7,82;15,32;18,83;10,56;11,64;27,01;13,04;5,3;6,6;;;;
25/01/2024;4,53;3,57;16,6;25,96;6,5;11,76;26,1;22,53;4,43;2,82;19,43;20,31;20,22;19,79;5,52;17,86;16,32;1,19;20,82;7,34;25,51;1,28;18,89;6,1;31,75;54,03;39,52;53,29;14,22;55,66;31,2;31,11;4,36;39,65;31,83;65,13;35,36;26,83;19,58;23,56;28,76;42,05;20,27;56,74;13,97;62,26;4,25;52,15;7,38;52,63;7,98;31,3;30,32;19,77;45,09;1,18;50,37;14,77;45,87;44,33;0,34;25,91;31,41;52,67;25,43;55,8;45,56;34,65;56,58;9,54;14,88;13,48;8,87;22,54;40,86;43,9;9,07;19,83;14,26;19,38;0,44;15,23;2,34;8,67;20,28;9,64;25,93;12,59;19,19;0,88;10,22;14,57;5,06;7,18;4,42;7,2;;;;
26/01/2024;9,13;25,35;10,39;4,79;25,94;20,18;12,33;3,43;25,31;0,37;0,93;12,59;10,51;17,85;8,03;15,49;18,3;11,33;7,27;16,59;9,88;19,43;14,32;1,61;29,46;30,84;32,13;24,92;60,22;28,14;18,03;41,93;18,32;62,27;35,54;46,48;3,31;28,31;23,5;1,9;58,95;53,33;50,81;57,09;35,46;42,44;23,65;52,96;31,99;5,24;49,2;3,18;15,71;43,3;51,74;55,08;5,34;15,57;32,12;8,42;17,96;29,9;42,47;32,06;5,31;27,17;31,35;41,93;23,15;30,1;31,63;34,06;37,13;18,91;1,39;4,56;1,92;1,98;18,58;30,36;21,77;7,02;8,65;4,11;24,37;25,98;18,39;13,29;24,78;19,77;15,94;16,63;23,58;13,87;18,49;6,9;;;;
27/01/2024;0,22;19,2;24,24;7,34;4,51;2,55;17,41;0,53;8,84;17,66;9,71;22,72;12,27;15,56;13,19;12,1;2,36;10,58;12,05;9,46;32,11;22,42;27,07;22,4;10,93;8,17;36,21;40,88;26,15;12,8;63,81;21,56;22,21;55,2;29,67;9,97;15,78;45,66;51,55;36,29;8,58;9,93;56,88;40,29;4,63;31,54;32,05;27,1;43,86;9,47;56,45;62,15;5,61;25,49;1,31;35,36;8,67;43,83;37,26;58,06;53,19;9,7;24,27;55,05;24,03;10,71;35,25;21,54;47,34;25,02;33,04;41,1;15,66;6,11;44,4;23,64;12,25;27,92;29,12;19,67;8,47;27,25;27,89;0,54;19,52;17,36;23,04;12,73;1,65;20,2;23,13;19,11;13,85;24,87;20,34;6,3;;;;
28/01/2024;13,24;8,41;0,05;0,32;22,27;2,37;27,37;8,98;21,66;2,64;20,7;10,24;6,45;6,88;21,35;14,4;21,28;0,85;19,7;23,66;8,88;2,07;20,2;5,58;12,5;18,35;52,93;46,95;4,53;40,14;37,6;44,42;41,94;53,32;44,55;15,47;31,92;54,6;2,68;40,02;38,97;52,9;46,64;51,84;6,59;12,57;10,27;3,38;19,01;6,0;33,08;27,49;38,42;35,32;3,17;32,84;1,7;0,96;8,33;21,27;0,37;11,36;4,7;34,47;0,39;43,92;8,86;46,02;32,38;25,21;22,76;49,38;8,02;15,63;16,02;19,29;19,18;33,19;25,68;20,47;19,23;5,66;5,03;4,25;20,33;12,65;23,55;7,29;1,55;3,34;16,59;11,48;4,92;20,5;3,29;6,9;;;;
29/01/2024;22,89;19,62;17,02;6,23;4,47;0,67;24,21;3,04;17,84;10,53;17,38;14,82;21,18;1,1;3,96;18,83;6,57;12,88;5,56;15,36;27,71;24,8;24,44;1,0;32,25;11,6;39,19;17,85;6,46;18,5;8,33;10,05;48,79;34,26;8,17;24,77;59,69;53,12;34,03;37,05;10,58;53,75;64,93;11,1;6,52;28,05;17,76;26,54;3,61;11,03;0,06;13,17;15,51;33,96;34,67;41,24;52,06;50,28;5,11;33,31;22,71;37,71;31,38;44,01;40,31;1,37;31,01;53,84;19,51;44,23;9,87;19,93;10,33;2,76;22,1;12,54;7,63;17,44;23,1;27,9;5,68;11,95;13,85;21,58;7,64;24,16;4,61;13,6;18,06;2,76;13,21;1,63;9,92;12,36;8,61;6,6;;;;
30/01/2024;21,99;8,22;14,62;26,63;4,2;15,37;1,61;19,66;17,87;22,87;3,28;7,81;12,55;20,79;22,03;11,36;14,02;17,51;11,47;10,94;1,53;14,81;23,16;18,59;24,97;32,51;44,46;7,54;22,24;15,72;28,19;28,8;14,17;35,58;38,32;22,3;37,99;37,18;7,56;8,97;7,2;16,8;51,91;17,4;59,86;11,47;50,09;12,85;45,7;15,1;57,27;39,26;45,8;24,14;40,96;13,93;6,97;38,56;13,94;8,88;3,16;13,28;21,6;12,26;15,32;23,69;28,61;26,91;20,68;9,23;15,76;23,59;51,72;42,55;19,39;0,69;23,77;22,83;9,39;23,45;9,13;26,09;0,43;16,5;10,63;14,37;20,64;4,99;11,62;7,56;17,73;18,51;2,7;8,51;7,95;6,3;;;;
31/01/2024;9,05;9,3;5,9;24,84;9,35;24,58;1,18;9,96;5,0;12,64;22,1;11,29;1,13;10,43;21,38;19,82;14,73;13,14;3,75;2,41;10,15;13,03;9,22;30,22;6,23;21,08;33,4;20,11;7,06;3,74;2,19;28,42;11,61;35,04;44,47;55,74;31,14;26,53;22,49;30,06;58,05;16,31;53,42;16,21;40,78;30,8;3,99;14,72;20,67;48,2;39,94;26,02;47,5;41,82;19,73;3,15;15,52;39,39;0,59;12,39;22,45;26,12;0,97;10,65;2,79;37,44;44,47;52,96;30,45;28,46;26,86;38,37;39,47;3,91;15,18;13,35;22,24;7,04;8,25;21,46;27,99;2,74;20,83;13,61;22,9;2,66;1,2;21,45;21,69;24,82;21,53;8,4;24,79;15,07;25,59;6,9;;;;
01/02/2024;14,88;22,17;13,06;16,92;8,6;25,61;2,35;17,27;8,59;16,87;11,56;5,14;3,81;2,62;10,55;22,34;3,44;2,23;20,93;11,61;19,99;5,98;14,42;23,93;22,67;7,58;33,04;6,46;34,84;9,87;36,62;42,09;38,29;24,85;57,87;14,91;20,97;10,22;58,63;47,97;6,23;2,78;0,55;26,33;62,0;10,8;52,23;22,4;27,99;19,68;15,64;18,73;30,92;45,96;54,93;59,51;39,99;36,3;41,09;9,75;3,11;27,86;33,62;38,76;12,88;9,98;37,44;25,8;18,94;58,55;46,54;39,92;36,3;27,94;45,76;42,36;15,77;14,18;24,85;36,14;31,61;15,01;30,97;30,76;28,04;12,09;4,28;32,27;19,14;1,19;15,82;9,3;9,88;7,08;20,42;6,3;;;;
02/02/2024;13,15;1,83;26,87;27,15;21,07;5,61;16,01;17,84;24,24;5,81;25,86;10,48;21,09;17,48;10,99;1,43;4,39;8,37;13,86;20,44;20,54;6,47;6,11;6,99;24,91;6,72;18,5;31,21;24,87;7,57;34,49;14,62;54,61;35,18;2,91;62,12;18,87;50,3;8,01;15,6;48,7;15,05;42,33;38,1;24,0;36,86;44,86;49,32;61,7;41,13;61,3;62,75;26,62;39,69;55,98;24,09;46,48;27,57;5,03;8,47;30,24;33,48;5,29;14,03;41,6;21,69;37,12;26,16;7,9;20,96;1,57;33,35;9,49;27,88;31,1;11,22;6,22;20,64;22,59;28,12;37,14;9,95;26,41;9,81;20,63;25,26;12,29;28,12;15,9;0,99;1,01;4,34;16,96;13,36;4,7;6,3;;;;
03/02/2024;14,03;16,1;1,05;8,41;19,9;14,98;17,75;8,64;0,36;6,04;27,97;20,57;8,83;25,04;20,87;10,25;15,77;0,63;20,23;6,59;10,27;20,5;17,9;20,41;22,67;13,73;22,99;27,07;17,28;2,91;22,36;17,01;0,28;45,3;9,45;21,2;52,44;43,71;37,14;54,91;54,63;35,65;31,33;4,34;23,49;51,75;31,49;33,04;36,61;32,02;55,93;10,14;6,11;63,21;25,63;54,48;40,7;13,44;49,13;44,46;18,85;48,99;30,33;32,87;29,16;42,68;53,65;4,17;40,25;21,18;45,64;63,98;40,74;3,93;32,69;40,44;19,83;23,5;25,68;10,0;24,46;4,14;17,71;26,09;17,69;10,68;7,62;5,7;22,25;7,02;20,73;3,97;15,55;12,4;22,42;5,7;;;;
04/02/2024;13,32;11,42;24,77;11,56;9,82;5,73;9,44;6,52;15,75;23,15;15,35;24,31;10,95;3,63;6,07;4,32;7,45;3,13;11,43;16,21;9,98;19,96;14,89;1,63;30,02;24,99;8,32;13,41;20,03;41,48;27,35;57,0;52,69;11,92;49,92;27,28;8,81;29,96;37,88;0,25;2,62;41,82;12,2;57,68;45,98;50,71;8,52;51,42;67,44;25,89;57,71;16,89;59,51;37,98;7,04;13,58;34,43;36,77;34,34;31,36;27,27;8,62;35,86;12,37;18,76;10,18;46,87;6,67;41,64;15,23;44,46;46,14;38,27;23,21;21,01;14,82;45,55;4,18;24,36;9,66;1,59;17,11;13,37;23,4;17,76;23,15;23,67;13,99;1,03;26,97;14,93;19,33;12,18;0,68;24,35;6,3;;;;
05/02/2024;5,68;14,58;3,33;7,22;0,02;7,12;21,56;16,91;19,92;8,15;14,14;13,72;8,56;16,63;7,7;0,32;9,03;24,19;16,23;1,76;17,21;0,15;7,03;14,87;25,52;8,18;10,88;18,3;39,03;13,34;29,53;16,29;10,21;49,94;22,99;64,27;2,89;2,37;7,46;21,4;10,51;2,19;10,73;10,03;33,47;48,8;17,13;14,79;54,78;56,53;12,56;6,22;45,92;10,81;36,02;26,01;47,25;3,59;52,69;24,83;24,79;25,36;26,71;13,94;18,87;39,75;24,44;26,52;17,88;36,64;9,18;29,93;21,07;41,83;4,18;6,97;7,34;20,59;41,74;40,75;3,58;32,35;10,2;28,2;25,96;18,93;27,28;8,12;1,9;19,77;17,96;22,75;23,83;6,03;11,34;6,6;;;;
06/02/2024;14,61;0,08;18,9;7,74;6,05;28,66;13,67;0,81;23,3;13,18;3,63;14,77;22,51;20,31;22,61;9,26;8,49;11,11;10,6;17,65;4,91;19,23;9,97;18,8;5,62;27,0;8,84;15,95;31,5;16,51;4,24;55,71;4,32;31,48;22,34;4,92;47,21;56,96;33,41;58,6;30,98;36,79;47,79;18,47;65,15;25,13;11,71;27,11;23,54;57,13;41,77;55,29;60,55;5,26;15,86;41,9;14,11;5,92;14,51;12,31;38,22;0,16;41,25;25,01;19,41;24,71;8,69;28,32;34,91;11,97;11,65;30,79;30,0;18,87;25,97;2,79;27,7;14,62;22,55;2,13;15,52;19,23;26,64;6,44;28,36;27,92;11,39;18,82;19,95;4,39;4,56;18,67;3,67;19,86;6,41;6,0;;;;
07/02/2024;17,68;16,81;8,07;15,75;9,18;0,91;12,39;6,2;6,2;0,33;15,55;27,32;15,31;4,19;22,55;17,92;25,07;10,87;16,54;16,53;8,56;11,68;9,63;3,89;16,63;4,17;6,33;1,88;39,85;27,31;30,38;22,97;32,68;25,08;15,52;43,79;64,77;45,22;31,97;55,37;41,11;35,67;0,77;44,19;45,85;48,14;9,19;3,9;35,32;35,01;37,75;40,17;24,21;9,21;30,41;34,07;7,02;22,56;44,08;32,58;21,53;32,96;11,34;18,43;18,01;4,62;27,35;32,61;20,68;17,28;5,93;20,14;19,48;15,5;36,31;14,37;12,23;32,18;24,7;26,73;45,54;1,32;9,04;38,3;38,12;7,11;2,4;4,34;24,07;19,3;8,84;22,58;22,88;1,48;0,14;7,5;;;;
08/02/2024;14,79;26,94;12,83;22,05;7,72;14,51;17,63;2,1;5,74;26,71;11,92;1,91;23,68;26,01;20,32;13,87;12,52;1,56;17,31;21,75;13,91;24,2;23,65;11,67;6,24;11,12;28,2;20,65;32,16;25,79;10,35;26,8;43,05;59,2;49,5;33,7;51,0;6,96;26,6;49,95;3,34;3,69;48,74;13,67;29,6;37,96;37,39;16,39;43,53;19,5;12,93;25,03;54,95;25,87;11,0;19,84;32,85;32,63;2,25;38,59;20,62;16,88;35,08;8,84;2,02;18,51;27,04;40,21;21,0;23,0;25,93;46,61;56,48;1,6;20,17;43,19;26,13;47,78;39,09;43,43;44,8;32,65;18,76;25,73;6,08;26,38;19,2;4,91;23,04;19,71;15,92;16,43;5,96;18,79;8,68;6,3;;;;
09/02/2024;9,73;8,66;8,13;7,29;19,51;15,07;8,89;2,34;6,43;12,85;7,06;12,73;7,15;6,91;5,18;4,09;9,2;6,77;15,62;18,26;14,94;19,58;23,72;10,83;2,46;4,83;18,27;22,8;38,42;38,55;7,44;28,96;11,91;26,53;43,11;56,68;13,99;53,62;21,1;32,14;46,97;3,43;30,8;63,21;0,75;66,09;13,81;44,98;24,98;40,8;14,32;10,5;25,99;55,05;16,34;49,37;63,8;0,69;31,16;10,12;50,46;35,09;4,24;21,43;42,06;13,22;48,57;39,77;21,43;51,43;32,4;50,76;33,61;16,09;47,19;48,78;34,65;0,71;35,57;35,49;19,21;32,48;34,45;16,44;13,33;13,57;15,5;13,39;16,36;25,48;11,52;15,41;14,12;7,92;6,06;6,0;;;;
10/02/2024;8,87;19,02;14,49;24,43;23,62;24,35;14,72;8,16;3,13;4,62;12,36;3,59;10,56;13,22;10,23;11,53;11,79;23,83;9,39;0,67;4,22;19,88;10,38;3,37;20,96;24,79;22,66;0,09;2,47;27,1;21,82;29,72;17,04;34,59;1,89;24,78;11,36;45,18;44,99;52,13;0,91;46,67;60,9;35,13;24,85;26,51;54,67;6,37;27,35;42,09;7,04;58,45;21,61;59,06;55,93;41,97;29,78;39,13;39,61;40,64;25,19;18,31;35,61;5,63;25,1;33,52;21,18;41,92;24,17;12,42;11,68;0,79;31,74;8,22;42,41;12,0;25,99;41,34;15,4;3,71;11,59;32,09;11,17;21,91;0,96;9,8;28,12;13,57;24,32;11,61;2,42;13,08;10,03;18,2;13,99;6,6;;;;
11/02/2024;17,78;12,45;13,68;17,49;19,48;12,86;17,58;7,28;7,23;23,17;7,15;25,32;12,44;15,87;15,46;26,02;10,44;15,64;14,71;24,27;18,55;21,42;8,89;18,79;0,24;14,32;18,22;1,37;19,61;40,09;55,65;55,79;35,97;33,87;44,97;51,78;40,34;49,67;11,17;37,86;22,07;35,8;51,51;2,31;44,74;10,48;59,29;18,16;10,55;4,83;39,31;43,59;40,67;44,35;51,07;0,08;17,16;32,27;3,08;23,36;14,69;23,1;11,13;33,27;11,77;10,7;21,21;47,42;20,73;42,42;20,73;39,91;36,56;18,0;22,55;23,69;0,5;11,51;36,84;3,29;2,32;3,42;16,91;0,52;4,92;28,37;11,03;23,44;1,7;4,86;23,2;16,47;21,77;21,55;23,27;6,3;;;;
12/02/2024;13,93;17,89;8,54;22,8;2,43;19,62;6,52;3,2;1,07;14,17;24,86;2,01;1,27;10,25;22,69;4,51;14,3;0,94;13,63;2,48;1,45;12,3;6,08;21,55;15,65;16,74;21,62;22,37;14,97;2,72;4,42;7,9;49,92;29,73;55,14;50,14;8,16;13,2;31,07;11,73;15,35;28,77;44,77;19,0;17,53;18,02;46,86;38,81;40,0;24,97;8,62;40,83;16,37;46,12;58,69;61,67;46,06;9,63;59,56;27,81;47,28;28,61;20,31;40,66;5,68;15,94;29,19;31,27;12,54;31,86;48,55;55,09;46,58;13,21;17,09;36,87;8,07;37,03;18,67;0,1;21,21;14,44;29,46;11,84;3,12;0,29;22,11;13,7;29,48;6,23;8,33;1,61;11,83;19,77;7,31;6,0;;;;
13/02/2024;21,67;24,21;3,13;27,39;1,42;16,58;0,45;7,44;6,14;15,61;17,93;11,83;9,43;15,62;5,82;0,06;21,99;11,07;20,34;20,49;13,06;17,34;23,76;4,71;14,15;26,17;6,05;5,03;2,79;17,65;12,31;23,84;55,31;11,03;13,58;50,63;41,74;35,96;12,8;29,1;0,87;37,77;6,24;6,38;22,28;4,76;37,63;34,21;45,82;15,71;3,14;22,3;14,78;34,21;32,31;49,36;0,17;23,35;32,27;14,25;46,56;15,03;37,95;35,32;26,27;29,25;4,25;39,69;0,38;30,36;35,38;33,23;22,49;1,17;40,49;12,93;44,78;0,02;23,35;26,33;3,46;11,47;2,83;15,03;7,71;28,69;27,18;20,45;14,67;9,56;10,09;23,25;21,73;4,53;18,6;6,9;;;;
14/02/2024;23,31;28,94;19,15;14,47;22,88;4,54;21,36;17,26;19,7;25,09;7,07;22,35;7,69;0,21;5,3;27,04;18,4;25,48;20,02;7,06;7,68;29,33;11,06;1,25;15,72;18,59;32,08;20,25;32,56;42,56;28,16;20,43;3,37;27,03;38,5;48,2;25,73;39,56;5,21;20,3;30,53;52,19;39,27;46,14;39,08;27,73;46,15;53,59;37,34;48,46;39,03;2,44;29,86;31,03;31,82;10,41;0,23;47,66;41,49;3,05;36,01;30,95;24,98;30,99;31,74;14,37;27,53;43,67;35,54;38,2;22,58;45,04;40,17;32,36;38,43;48,82;33,55;35,36;9,78;8,53;24,72;23,91;9,8;27,29;25,39;14,04;18,87;16,42;17,92;7,78;21,63;2,57;3,9;6,44;22,48;6,9;;;;
15/02/2024;9,56;30,49;4,34;1,01;18,96;1,47;1,09;25,78;3,17;21,31;19,41;1,76;18,04;20,46;2,57;26,12;2,82;8,47;17,65;5,86;3,53;0,69;25,43;0,54;22,18;2,46;12,59;31,33;38,18;1,04;17,69;16,99;8,18;43,26;14,55;58,61;7,08;45,1;12,76;28,52;44,03;54,24;17,63;30,57;26,17;44,12;55,77;2,0;36,33;8,68;46,6;27,61;15,96;35,94;60,66;15,12;30,04;7,47;17,83;22,9;42,04;20,15;32,2;12,29;23,67;37,39;32,17;40,14;47,9;38,74;16,07;8,07;48,71;36,27;45,22;1,39;39,61;32,66;13,27;11,42;30,78;9,58;21,33;19,51;13,78;6,54;25,1;13,1;27,39;0,57;2,1;4,69;9,55;9,35;10,8;6,0;;;;
16/02/2024;14,95;22,42;17,53;11,35;20,27;21,84;0,95;22,03;24,35;15,37;24,0;8,49;4,36;10,74;7,77;11,95;19,82;9,87;11,93;9,15;15,98;15,46;12,35;6,27;22,66;25,41;11,41;15,32;7,62;18,45;45,34;33,58;47,52;35,77;11,36;35,37;24,27;24,05;54,35;57,06;33,13;48,37;1,89;1,18;28,96;46,09;1,66;10,4;40,09;17,64;60,42;47,61;45,29;51,37;66,36;2,07;50,18;15,95;15,52;18,7;45,76;3,51;11,63;35,63;14,31;44,12;2,94;28,76;32,79;41,29;10,47;31,5;2,04;30,61;39,87;15,19;17,06;25,98;5,24;41,66;10,31;17,74;23,51;7,69;17,58;12,49;10,48;21,87;14,88;7,57;4,6;4,18;20,97;11,98;8,98;6,3;;;;
17/02/2024;7,75;21,65;14,84;6,94;15,94;22,76;8,19;0,16;3,09;19,91;25,56;0,74;26,61;3,02;9,41;17,41;12,3;2,45;5,16;2,06;5,18;20,12;12,73;21,23;10,96;26,15;22,1;30,18;1,38;20,52;11,69;14,72;10,41;25,99;23,63;51,0;23,19;2,89;49,24;46,64;19,86;32,87;51,62;45,12;42,94;3,22;38,07;11,93;10,32;4,25;53,11;54,9;46,73;39,89;51,31;50,55;23,25;30,68;9,86;9,67;33,76;45,2;3,11;12,12;0,45;35,19;47,69;0,06;36,21;26,17;0,97;16,85;17,33;37,63;48,12;32,42;48,48;18,93;9,84;12,06;17,47;29,95;29,3;21,89;11,93;28,85;17,29;8,79;17,47;20,97;4,35;11,1;5,66;10,51;6,08;6,6;;;;
18/02/2024;5,67;0,93;4,81;3,36;8,36;16,91;24,33;1,13;3,28;5,61;21,57;24,67;24,42;17,92;21,81;13,72;18,96;1,88;14,04;5,65;13,26;7,97;7,52;0,69;3,3;18,89;14,87;19,95;9,11;12,55;51,97;23,08;37,92;35,81;56,48;43,54;10,05;35,69;36,28;10,88;11,15;20,86;60,55;47,19;40,12;28,65;18,35;33,08;46,79;30,03;60,7;33,54;49,0;52,09;51,96;5,91;10,52;39,76;45,04;8,74;28,85;46,55;38,87;29,24;42,1;22,15;15,38;27,21;36,27;5,22;27,41;16,06;43,21;17,92;34,33;22,87;42,67;25,6;26,04;28,33;39,27;43,05;6,14;2,97;5,21;1,19;5,84;25,22;19,2;13,16;20,82;16,61;18,75;0,58;10,83;6,3;;;;
19/02/2024;21,31;12,9;1,2;5,5;6,94;20,57;25,07;3,31;6,43;15,27;7,91;16,48;22,77;14,05;19,32;11,65;16,62;10,62;18,08;15,07;14,46;18,54;9,19;28,23;29,46;9,5;11,52;28,45;19,15;32,29;20,1;25,48;42,44;61,57;18,43;65,86;22,72;29,97;30,55;12,52;17,73;16,21;16,66;22,66;50,79;2,19;29,39;21,75;50,51;11,29;33,1;14,45;55,09;3,34;10,72;20,29;5,6;26,95;24,62;39,79;27,16;43,59;26,83;6,77;10,88;44,86;45,82;9,03;36,6;51,55;42,99;38,16;18,12;14,81;41,1;48,2;4,63;12,81;7,69;46,19;42,14;16,75;21,66;18,04;0,29;16,21;27,73;8,29;19,79;8,11;7,27;9,37;0,81;26,23;8,72;6,6;;;;
20/02/2024;11,54;26,65;10,88;18,68;5,39;26,58;9,09;12,21;21,28;3,4;7,15;9,24;15,71;19,24;5,7;6,05;14,43;8,14;7,72;4,14;20,98;25,44;1,9;17,45;18,04;25,7;31,08;36,14;11,74;27,89;37,36;39,69;39,19;13,72;8,17;27,31;22,85;57,09;42,71;26,15;31,32;42,12;41,19;24,44;38,85;3,13;44,08;53,38;51,19;11,32;31,58;19,76;58,97;44,21;10,03;51,34;47,79;44,63;28,5;18,6;3,57;42,4;33,65;16,31;41,0;34,54;22,06;36,67;30,25;55,95;42,07;32,4;23,02;22,72;20,04;33,74;25,91;37,21;41,47;44,32;1,36;4,93;31,05;11,66;27,24;11,0;11,99;27,46;16,49;4,02;5,33;11,58;18,79;11,58;24,43;6,6;;;;
21/02/2024;12,38;16,52;25,0;6,33;24,98;5,27;7,41;23,74;15,68;25,52;28,08;17,35;3,6;1,37;15,72;13,93;0,99;26,05;3,87;5,4;22,9;9,75;13,73;25,36;22,69;16,3;5,44;1,26;27,85;43,52;5,59;3,02;34,52;56,56;57,74;4,97;10,11;41,43;37,3;40,52;43,54;25,8;2,17;42,48;33,31;27,55;46,19;29,84;36,99;2,71;18,22;25,66;56,77;55,36;38,07;5,76;48,23;27,46;10,59;19,0;20,67;15,47;6,61;24,22;40,07;22,02;2,28;43,82;37,34;25,59;21,87;7,23;9,11;7,37;3,48;13,11;5,11;17,38;3,15;10,14;28,94;24,26;11,15;28,23;15,6;27,7;5,67;6,39;16,72;15,4;25,3;1,87;5,59;25,51;25,68;6,0;;;;
22/02/2024;7,89;22,91;15,99;23,49;25,15;3,18;12,19;22,27;12,84;25,36;16,39;10,09;0,94;18,9;25,03;17,62;15,75;10,01;13,15;6,68;18,88;1,75;26,18;25,11;17,99;11,45;1,39;33,67;30,87;33,44;3,08;26,72;42,28;44,46;29,18;44,87;0,33;29,29;39,72;37,38;14,04;35,84;31,83;4,09;24,1;1,42;13,85;22,14;52,4;44,61;35,44;8,76;36,25;49,52;34,54;33,98;37,38;44,76;1,76;16,33;27,85;38,38;12,98;6,21;0,04;19,08;29,78;25,29;41,52;1,47;0,01;2,64;43,44;46,68;42,06;31,77;8,57;14,38;42,69;39,43;33,9;30,89;32,41;14,66;14,92;14,46;7,61;11,29;0,55;23,8;23,4;18,22;6,55;18,45;8,29;6,6;;;;
23/02/2024;23,68;11,87;3,43;16,84;21,13;6,49;4,16;12,27;21,28;28,54;1,44;7,73;24,34;16,44;1,93;9,17;13,2;6,95;4,82;17,53;6,44;8,46;11,25;1,92;4,1;29,02;3,66;28,78;0,64;26,05;42,45;11,71;3,18;33,07;44,58;3,54;19,18;44,2;11,4;14,89;20,51;3,33;6,54;43,33;36,92;11,58;23,74;43,18;30,08;60,82;29,78;43,27;32,47;62,23;43,86;17,2;45,66;38,05;9,97;49,35;9,74;29,62;14,1;15,34;15,95;9,35;3,15;1,01;23,08;41,37;34,84;30,9;47,41;13,76;1,21;31,59;12,99;14,67;22,56;37,84;12,78;1,51;6,51;9,08;13,07;18,78;16,27;12,25;16,09;24,41;7,53;19,44;14,12;11,69;1,25;6,3;;;;
24/02/2024;1,9;18,91;17,32;5,68;9,28;2,51;15,35;25,13;19,01;25,79;6,61;20,87;3,39;16,78;15,01;7,19;1,78;20,74;4,58;14,26;22,17;18,92;3,17;20,61;18,18;26,57;1,92;28,65;5,09;52,55;42,99;45,48;2,58;45,08;42,28;26,8;30,61;0,14;52,99;6,16;16,1;23,84;24,58;26,37;6,95;53,05;3,72;36,24;3,24;1,84;31,79;10,78;2,61;56,13;42,94;38,16;17,39;10,09;35,41;3,84;6,33;11,21;11,69;36,97;21,0;37,5;30,04;5,59;34,62;2,9;10,08;15,21;3,92;36,07;33,3;2,85;15,15;12,8;45,81;13,07;21,35;33,15;39,6;20,48;26,99;27,95;4,16;23,47;6,4;23,37;8,27;11,83;6,23;17,27;7,63;6,0;;;;
25/02/2024;1,69;5,81;21,19;2,22;21,15;11,37;14,08;1,57;12,99;7,72;15,29;3,52;3,0;8,28;20,33;7,45;13,43;18,09;0,49;9,27;11,54;15,45;13,12;15,85;20,15;0,54;7,16;8,26;26,64;36,22;17,8;50,29;38,01;49,95;29,07;42,1;3,91;58,58;22,51;48,8;17,31;20,37;51,77;2,17;11,33;3,87;23,38;14,15;24,18;55,82;58,7;5,01;24,66;19,27;27,18;29,19;46,97;4,98;19,82;33,97;21,99;1,27;19,5;0,73;7,49;39,98;39,89;11,04;11,78;21,85;20,57;39,05;5,17;20,9;10,68;8,79;19,37;43,39;12,74;30,01;1,05;0,31;18,08;20,21;8,58;4,28;13,4;27,03;26,25;20,0;0,79;1,47;20,47;1,55;14,07;6,6;;;;
26/02/2024;8,74;9,75;6,48;11,57;7,83;21,03;1,89;24,63;13,19;23,35;24,5;18,85;13,51;22,93;22,98;9,17;17,7;19,89;22,6;3,23;5,23;3,67;20,14;11,58;3,48;18,8;15,12;29,44;17,63;38,82;16,45;5,95;59,83;46,19;45,86;19,01;31,8;44,76;12,72;2,13;32,01;28,71;6,58;35,37;7,12;11,27;37,11;47,61;39,68;56,47;35,42;54,09;57,36;41,84;53,95;44,83;10,76;32,9;22,83;28,33;20,86;27,8;16,82;29,84;26,34;8,92;16,02;25,26;34,13;43,35;47,76;55,05;13,86;44,14;7,72;38,57;5,06;5,38;8,73;23,01;6,98;8,0;22,23;19,41;17,21;0,01;12,49;8,41;12,04;2,52;13,87;15,84;3,11;1,6;15,46;6,0;;;;
27/02/2024;20,91;13,25;12,42;2,96;20,15;10,04;21,25;9,22;18,42;20,64;25,23;0,3;21,23;2,62;9,83;4,91;9,77;18,46;22,6;7,84;10,31;3,11;22,34;21,22;11,97;13,18;30,93;20,1;43,15;14,73;10,16;28,57;13,73;14,92;2,74;54,7;22,44;29,22;22,69;6,53;52,52;27,52;40,5;26,81;10,67;17,45;39,59;12,17;46,76;12,61;23,69;3,12;23,13;31,47;59,34;23,45;8,93;52,84;14,92;24,98;39,54;9,32;23,69;18,97;29,79;38,59;30,56;27,67;4,98;46,04;2,26;50,74;2,23;26,96;11,22;38,17;24,03;32,74;31,49;13,78;1,1;36,59;19,51;14,43;27,68;25,29;13,94;10,82;14,12;3,71;21,58;12,93;16,45;1,69;6,63;6,0;;;;
28/02/2024;18,09;11,18;12,17;16,96;12,4;21,43;12,54;19,81;24,49;13,61;1,82;8,14;13,41;24,52;5,6;20,32;6,22;10,04;18,14;7,98;18,78;15,07;3,15;7,8;15,42;3,55;14,62;1,54;18,75;23,9;20,88;11,71;4,5;6,41;15,62;29,44;43,09;52,3;35,94;29,53;47,89;18,14;49,79;34,33;49,49;55,42;42,85;50,9;24,92;15,77;22,96;10,18;27,31;30,06;22,96;6,77;44,63;2,45;13,8;19,65;34,82;18,97;18,15;29,82;16,38;21,26;6,02;39,73;26,73;37,54;28,19;43,64;13,2;4,24;1,76;15,21;7,45;10,27;47,41;2,22;33,22;32,47;24,49;11,02;19,0;23,12;28,78;28,54;13,17;28,76;25,82;18,02;2,14;11,93;8,63;6,0;;;;
01/03/2024;11,97;14,24;0,71;16,36;14,14;0,73;11,47;10,89;1,51;6,27;12,05;5,29;3,56;14,71;24,8;17,81;12,83;6,76;17,42;7,41;1,82;9,68;17,85;1,97;3,85;9,64;2,17;34,59;9,6;55,48;24,71;44,0;43,35;3,93;19,08;45,78;7,07;19,9;22,71;58,7;44,98;12,08;55,4;43,69;56,48;44,54;45,05;41,21;35,67;33,74;36,27;11,96;15,14;57,25;36,5;37,41;20,89;38,64;51,36;47,75;42,33;40,44;14,58;6,6;35,99;20,52;33,03;44,97;43,25;30,47;26,38;14,82;18,97;32,44;20,37;35,84;18,74;19,67;34,93;26,11;12,52;36,89;23,37;19,57;15,88;23,81;26,73;9,21;17,94;7,33;4,41;7,79;6,04;7,76;17,18;5,7;;;;
02/03/2024;10,09;24,27;5,14;6,99;11,98;10,98;21,85;5,99;24,63;18,7;22,58;25,14;11,74;12,39;9,87;12,97;4,0;15,14;14,7;18,86;7,24;16,41;13,99;18,51;13,71;4,7;9,67;24,81;23,65;9,17;7,48;4,31;43,13;22,04;11,11;16,49;15,74;49,45;3,44;0,55;22,5;30,95;3,33;57,21;27,65;40,65;56,34;48,92;52,87;11,56;52,56;44,67;30,6;32,57;11,36;7,19;19,45;3,39;41,01;46,27;10,47;33,93;8,56;4,34;3,28;32,48;2,62;40,86;43,23;48,18;21,1;37,56;46,15;28,07;22,13;39,0;43,38;25,64;14,64;2,39;12,32;7,2;16,11;5,88;28,49;5,06;2,53;2,89;15,16;8,99;2,28;13,57;9,11;10,82;17,7;6,0;;;;
03/03/2024;11,11;19,83;18,29;19,19;14,62;18,15;11,86;4,3;15,58;12,87;19,09;9,43;17,54;4,46;15,64;20,03;21,98;18,06;2,78;5,89;17,53;14,42;26,81;22,93;0,55;14,86;27,45;21,68;2,12;6,08;23,66;30,81;5,02;33,38;7,0;44,66;25,07;17,11;28,48;9,15;12,34;25,49;58,3;34,49;58,36;22,81;3,15;25,32;0,28;43,57;26,71;14,21;2,42;16,59;29,79;29,91;43,49;1,07;29,03;34,9;13,7;22,76;52,51;27,11;26,54;23,02;16,49;9,74;12,08;32,71;15,74;51,86;13,05;38,24;7,96;16,14;25,12;40,78;34,4;8,66;0,66;26,91;25,34;22,07;10,61;21,23;29,47;18,4;27,69;17,54;23,09;13,41;6,02;2,0;2,92;6,9;;;;
04/03/2024;18,04;14,33;8,84;29,83;18,88;9,63;20,78;19,69;24,41;27,35;20,45;7,57;0,16;18,72;8,77;19,55;24,58;23,76;16,26;13,78;4,92;4,53;8,91;16,48;22,61;2,75;16,28;23,03;21,89;26,49;18,52;21,06;17,92;47,47;11,74;26,16;4,89;34,51;13,58;3,73;41,85;40,44;9,26;21,73;16,12;25,9;36,54;0,84;0,86;53,34;55,95;63,15;6,0;17,93;23,03;52,59;46,03;2,61;25,76;2,18;3,67;2,7;6,95;37,75;11,74;31,72;42,77;29,51;17,81;4,7;35,47;4,57;1,9;3,77;0,69;25,55;10,82;3,92;21,75;14,92;25,9;10,7;33,51;8,22;28,21;6,6;23,89;5,37;27,1;15,12;7,12;14,62;8,52;19,82;3,45;6,3;;;;
05/03/2024;16,9;5,78;22,74;4,57;0,93;24,59;23,45;13,84;10,23;10,65;1,7;19,14;13,66;3,85;3,41;20,56;6,3;11,46;6,13;19,09;9,03;9,29;0,25;9,6;10,17;11,29;7,16;16,08;24,41;54,21;24,41;31,15;11,73;13,24;40,03;29,33;8,17;49,21;10,69;19,16;36,3;44,37;24,79;40,21;17,64;51,77;25,8;25,26;10,96;29,12;37,39;15,33;43,5;11,44;18,21;46,01;28,19;0,04;27,98;44,32;26,19;18,3;16,47;29,77;19,12;38,15;4,2;39,4;17,33;32,47;0,07;25,67;46,18;34,91;35,03;31,13;9,56;10,8;42,86;8,72;0,65;26,66;26,52;19,04;23,74;23,15;17,37;5,2;17,48;6,77;16,74;10,06;5,7;6,97;12,78;6,0;;;;
06/03/2024;17,54;11,33;9,58;11,21;13,43;10,81;10,08;11,72;17,38;13,99;14,7;9,63;14,64;1,61;20,85;18,53;14,38;12,26;4,86;20,14;16,67;15,48;4,74;3,81;22,11;5,01;10,85;11,61;24,78;1,71;40,15;49,54;24,14;25,93;53,5;19,28;41,48;51,11;7,75;22,18;30,34;18,58;24,72;56,07;4,05;61,0;28,27;22,46;40,18;43,07;43,42;13,47;37,59;56,11;63,38;1,24;49,4;13,99;11,7;8,33;22,37;29,57;22,56;4,91;10,98;18,3;27,6;4,33;28,29;32,68;36,95;6,31;9,55;0,12;18,62;3,08;13,75;25,44;39,53;20,75;2,95;32,92;14,59;16,98;12,05;17,01;19,15;24,54;6,09;21,98;6,64;18,62;21,54;17,39;9,09;6,0;;;;
07/03/2024;12,2;2,83;19,75;12,11;18,32;8,45;19,0;3,51;16,56;18,35;3,63;20,6;13,49;11,18;19,6;19,43;21,14;5,96;15,19;8,25;17,36;13,36;6,11;20,24;16,84;4,03;6,18;34,92;24,63;31,8;32,75;24,97;32,58;32,42;27,16;33,47;11,82;34,82;22,61;45,8;32,18;12,77;18,45;57,64;28,4;21,6;5,87;28,09;35,67;58,48;33,13;16,63;51,82;12,61;13,74;57,28;49,13;11,82;31,23;19,08;19,14;21,61;36,01;23,63;25,44;29,68;23,95;29,39;27,46;31,6;40,91;8,39;7,2;8,23;11,39;25,28;9,06;1,47;28,89;9,54;15,32;6,31;24,86;15,18;8,45;17,68;19,09;10,53;23,14;16,49;20,88;5,79;18,99;10,38;17,88;6,0;;;;
08/03/2024;17,45;12,63;14,59;17,43;18,8;6,73;22,77;21,4;22,72;16,78;6,93;1,78;10,02;6,24;20,61;7,11;0,66;2,4;6,62;9,84;8,03;21,33;5,05;23,12;20,82;10,08;29,03;26,01;18,3;25,72;37,65;24,53;32,3;50,3;22,35;6,58;2,89;21,83;52,65;18,75;32,92;13,65;34,78;22,57;30,57;19,76;3,66;45,74;23,74;57,73;44,58;15,73;12,37;66,03;15,73;9,71;38,39;18,54;41,48;41,39;33,57;30,74;19,71;19,76;21,56;41,19;24,08;49,18;35,16;57,62;25,33;46,77;44,72;31,32;22,62;0,54;30,75;45,89;47,32;26,52;6,23;0,49;3,07;31,63;27,46;28,96;25,91;28,61;29,34;27,12;23,67;19,42;0,45;18,86;14,09;6,6;;;;
09/03/2024;19,12;21,08;8,65;9,89;10,65;1,58;12,0;27,45;10,54;19,22;28,27;28,01;9,99;19,17;21,75;14,78;1,36;16,87;11,18;23,45;20,2;9,85;2,66;23,05;4,96;11,14;12,49;23,73;2,02;40,39;42,26;21,61;5,17;31,07;20,3;38,35;22,7;23,45;39,92;47,22;27,49;28,86;3,97;35,21;65,57;49,36;40,89;34,6;23,26;15,16;27,48;49,13;33,63;37,88;13,38;40,51;20,04;3,04;31,63;39,92;11,3;17,75;19,55;2,55;21,2;41,26;0,58;40,81;46,84;10,72;37,74;53,59;17,58;29,16;17,87;29,14;22,91;49,7;4,99;31,83;15,45;12,37;27,34;30,23;26,18;17,94;14,48;24,82;23,06;25,18;4,04;6,97;11,72;7,66;18,29;6,0;;;;
10/03/2024;4,47;26,29;22,74;18,42;6,51;15,13;23,39;5,6;2,56;14,8;1,17;10,42;3,57;23,02;2,3;16,5;1,62;9,0;4,5;3,41;5,23;13,57;8,28;21,44;4,67;8,09;29,2;7,53;18,28;41,09;43,84;26,48;62,64;41,87;10,34;27,81;9,84;10,62;23,78;48,16;28,56;9,56;36,32;49,85;45,07;15,7;3,67;14,03;54,62;35,77;53,98;27,01;35,3;17,64;15,05;2,57;42,68;47,99;2,28;36,68;25,14;15,47;35,83;32,7;31,91;16,84;6,41;6,78;7,91;19,88;26,04;25,32;16,1;33,01;21,41;6,38;14,98;43,8;47,39;19,08;49,61;5,58;18,34;12,81;12,87;3,83;8,57;25,25;16,39;17,35;1,23;9,62;15,63;23,56;23,01;6,6;;;;
11/03/2024;3,34;23,67;12,04;24,59;28,8;23,35;21,38;19,51;27,27;13,63;20,5;6,69;19,1;4,02;24,47;15,67;20,05;12,28;7,28;11,94;12,25;16,84;16,68;11,49;0,71;15,27;4,33;11,51;12,68;6,12;0,88;38,0;52,67;35,77;4,4;20,06;36,13;2,81;11,5;37,47;21,92;36,44;47,93;8,3;31,27;46,04;2,31;15,23;50,13;36,99;35,94;15,13;16,94;25,05;55,45;29,59;56,65;35,05;1,84;21,59;30,42;47,64;26,53;42,58;11,29;36,42;15,56;1,74;6,88;10,37;5,69;2,61;31,24;45,49;5,77;6,25;4,01;11,16;43,97;21,61;31,83;17,72;11,26;8,05;14,13;9,2;10,29;16,7;19,15;15,74;16,37;19,51;3,28;6,6;5,41;6,6;;;;
12/03/2024;1,57;17,41;9,89;3,9;0,15;0,82;5,54;0,78;6,68;24,57;1,72;14,82;16,08;16,0;19,34;21,36;19,07;22,65;14,38;2,65;19,89;4,2;16,9;19,3;23,76;17,51;26,47;30,7;24,87;12,52;48,45;52,92;50,46;51,63;6,91;20,54;44,13;19,89;34,65;32,34;39,49;51,53;51,53;43,9;2,48;47,23;5,01;24,49;17,66;49,62;39,17;39,31;33,75;25,3;63,33;17,32;48,3;26,74;35,25;19,17;9,69;21,51;26,22;17,63;6,92;5,52;11,14;21,62;15,2;52,56;32,16;19,65;4,96;43,06;27,37;40,19;1,6;46,44;26,1;25,88;40,42;28,74;18,52;33,48;23,67;4,58;14,87;5,73;0,32;21,18;20,94;18,79;12,01;12,57;6,88;6,9;;;;
13/03/2024;16,29;19,69;11,53;18,95;4,22;4,51;1,2;16,21;12,09;9,77;13,52;21,7;23,34;16,78;6,94;2,11;16,98;6,13;22,43;2,27;8,39;23,63;10,07;22,57;9,28;17,42;9,89;4,87;8,06;17,02;34,75;11,27;7,2;4,6;10,57;32,24;25,0;4,43;52,43;36,33;19,06;43,48;43,23;11,72;31,55;50,34;41,82;19,65;39,44;43,71;33,74;26,52;23,37;51,06;53,46;31,13;51,29;39,72;13,04;34,08;1,46;14,9;9,22;33,88;35,04;9,76;32,19;13,45;23,71;1,89;12,24;1,8;7,38;37,78;32,61;12,55;21,31;13,04;5,78;6,73;15,88;24,32;14,94;18,51;2,42;23,9;18,18;19,36;4,18;14,73;6,43;1,16;0,74;2,7;2,24;6,0;;;;
14/03/2024;16,12;8,85;23,36;0,68;1,21;14,24;17,26;0,02;23,03;9,98;11,97;4,65;3,03;16,2;15,01;7,17;5,0;21,09;22,2;7,42;15,02;11,92;13,94;27,5;9,84;9,22;25,89;13,87;1,53;6,18;2,19;3,78;4,85;0,67;37,57;22,35;7,54;51,97;22,9;45,39;10,72;43,87;16,31;34,34;36,33;34,5;3,17;6,1;24,73;16,97;18,59;8,27;28,61;21,24;49,39;25,85;16,88;3,87;1,04;2,5;24,14;19,07;11,98;9,53;7,3;41,67;31,81;22,23;33,79;21,98;18,72;18,01;20,75;24,64;26,34;6,17;15,4;41,21;32,59;46,96;29,83;35,0;5,66;22,28;20,59;11,52;9,29;21,63;6,77;28,38;11,63;13,09;23,36;7,32;4,95;6,0;;;;
15/03/2024;22,55;3,14;9,52;24,41;3,0;1,01;23,14;0,44;18,82;10,82;6,66;11,41;25,34;2,62;8,23;18,48;12,51;10,76;9,68;22,54;18,61;4,06;9,48;24,26;29,94;18,28;11,83;15,42;9,19;47,53;45,53;13,85;23,04;13,11;6,71;7,33;54,31;30,59;22,04;32,72;42,52;47,31;14,42;14,88;42,44;55,27;44,56;30,23;4,22;47,32;39,09;48,5;16,06;47,33;14,05;8,75;40,7;20,51;24,83;4,42;0,82;23,43;3,68;2,3;36,54;38,32;9,86;39,61;4,42;1,66;40,75;39,42;12,77;39,69;40,14;11,95;12,76;19,62;25,25;41,91;35,98;31,87;18,42;31,91;1,36;1,73;32,33;25,89;33,45;7,7;22,74;5,41;23,57;16,54;24,68;6,9;;;;
16/03/2024;0,96;16,87;13,39;4,72;20,48;17,8;12,05;1,78;21,05;30,62;27,62;28,49;1,0;3,33;18,07;15,82;16,11;17,76;14,49;19,88;9,4;8,71;18,32;3,23;1,96;3,68;15,79;3,78;18,12;33,98;31,55;25,34;22,3;3,74;57,04;36,41;3,2;52,79;15,07;2,08;48,71;0,04;48,25;21,69;25,16;7,95;20,39;29,75;18,54;41,51;24,61;54,77;24,52;2,99;2,27;4,03;30,27;9,26;20,18;3,35;9,13;29,83;6,14;32,43;6,35;28,8;44,66;34,83;3,81;3,98;23,09;52,35;39,53;40,38;31,93;42,1;21,98;24,09;40,4;42,91;9,96;34,35;9,61;9,73;8,33;6,25;24,09;6,23;2,61;11,17;2,98;3,42;9,65;0,68;1,71;6,0;;;;
17/03/2024;16,19;4,38;2,81;15,87;20,08;12,05;17,78;4,21;5,55;3,41;24,49;1,87;20,78;11,99;9,33;10,29;8,73;25,01;22,48;23,3;14,36;22,28;1,64;16,44;9,51;16,13;31,13;8,02;4,26;45,54;19,54;8,31;15,32;23,78;19,85;26,54;35,55;19,15;3,46;43,84;9,08;21,15;39,96;40,84;39,98;40,63;0,85;6,22;42,51;37,8;39,89;37,52;53,54;29,41;14,23;44,43;8,37;22,49;42,41;23,04;30,31;42,62;32,08;25,49;23,64;7,56;28,78;15,02;34,84;28,72;40,61;48,31;7,24;45,59;6,21;12,69;19,74;8,58;36,09;16,13;26,17;6,84;24,85;18,2;26,69;28,23;5,19;4,51;10,97;11,67;5,46;14,22;17,07;2,08;11,38;5,7;;;;
18/03/2024;4,58;6,6;24,77;23,41;26,52;8,03;12,63;9,77;13,03;8,31;6,7;12,9;11,42;21,89;16,6;16,9;16,48;21,25;16,96;6,79;17,73;22,07;8,57;4,21;6,1;8,35;9,82;14,09;18,75;33,99;38,82;2,23;13,33;14,25;11,87;12,24;35,11;48,9;14,66;38,83;48,43;11,8;6,01;6,67;18,92;30,79;14,57;42,53;32,45;63,62;44,43;22,15;51,42;7,0;22,94;35,42;55,14;42,87;19,18;30,15;7,54;31,4;27,35;35,06;36,75;31,34;34,91;14,75;3,91;7,79;41,9;21,83;16,77;38,6;4,82;24,75;33,75;29,68;1,11;15,52;35,84;27,36;21,03;1,18;7,63;3,54;12,72;15,99;15,13;18,09;18,4;2,43;24,82;17,44;2,41;6,0;;;;
19/03/2024;14,5;10,91;24,21;14,25;7,13;23,54;15,46;9,04;8,82;13,22;15,13;7,82;18,64;12,52;8,12;19,05;25,2;20,44;8,44;16,43;8,74;1,31;9,55;14,71;23,59;7,66;16,56;15,99;25,36;14,28;36,86;47,3;47,61;17,8;24,27;5,51;14,69;57,15;4,13;35,53;15,04;5,82;26,04;51,32;6,36;37,68;53,01;17,95;20,53;54,11;24,47;25,0;33,02;26,96;51,94;23,15;1,11;43,64;15,37;26,34;39,26;45,81;31,83;10,71;33,63;46,3;12,65;30,75;34,45;20,23;27,74;21,81;19,66;12,98;42,71;27,29;15,22;25,62;18,81;26,85;27,49;29,03;8,09;20,19;1,44;27,18;2,79;21,53;18,53;23,71;6,37;0,42;17,29;12,03;7,16;6,0;;;;
20/03/2024;6,13;19,77;17,11;12,69;11,33;24,86;7,18;20,4;7,1;9,39;8,37;6,5;4,44;22,15;22,0;16,17;23,83;3,71;19,03;9,54;21,67;6,76;10,25;22,41;21,18;4,95;17,0;1,87;21,14;31,5;25,67;15,16;37,72;13,29;56,14;6,96;52,37;28,29;16,57;36,23;33,99;16,14;48,25;18,28;52,16;26,91;49,71;18,08;29,55;23,44;23,37;34,38;9,04;0,38;42,31;20,35;29,4;32,82;27,68;38,03;21,25;30,43;29,48;8,24;40,0;33,12;30,56;23,25;3,54;30,38;15,24;33,48;7,04;8,62;33,22;28,33;43,04;19,22;38,2;30,83;23,69;4,45;20,0;20,59;21,26;13,34;1,42;20,52;22,14;20,68;18,82;22,46;15,81;8,99;15,1;5,7;;;;
21/03/2024;22,6;23,12;9,32;11,4;22,6;14,67;20,12;17,41;24,53;9,51;4,05;3,55;2,57;9,23;15,31;21,2;11,27;19,88;6,16;14,88;15,47;10,74;21,12;8,9;24,0;4,15;12,73;0,5;9,28;15,13;0,61;27,99;3,09;28,6;39,43;9,41;13,01;51,67;10,7;50,08;19,44;16,77;46,29;31,18;15,81;22,71;24,12;5,87;25,41;44,44;10,49;31,48;45,06;11,88;8,46;32,45;12,81;19,79;1,09;29,59;44,5;10,48;10,57;20,88;36,62;5,17;26,83;10,4;10,86;14,96;2,16;2,38;40,2;37,99;32,3;6,78;0,4;20,99;38,11;28,47;30,96;30,19;35,24;31,59;6,4;7,31;14,18;11,63;14,97;15,57;3,49;1,71;11,84;25,02;5,72;6,9;;;;
22/03/2024;11,32;20,5;20,28;14,13;7,84;25,22;20,15;9,92;0,48;23,49;21,75;25,82;7,02;11,12;20,19;2,23;16,43;23,11;3,49;21,46;10,18;19,63;21,03;15,73;22,76;17,43;25,83;0,33;4,85;3,86;25,94;32,52;37,91;47,65;54,5;19,72;8,4;48,72;29,03;29,43;33,26;3,05;18,26;47,8;28,47;34,26;8,31;49,88;0,5;4,44;29,15;7,17;42,89;18,95;51,14;41,22;25,49;16,88;50,19;38,47;42,69;22,29;36,12;6,24;34,56;29,23;15,45;41,08;36,47;10,82;31,86;2,82;16,32;20,76;4,64;37,54;12,6;2,92;10,94;29,31;16,77;24,59;31,07;22,36;14,77;13,58;22,17;26,45;9,61;24,31;24,52;7,92;5,57;7,09;19,21;5,7;;;;
23/03/2024;21,24;15,36;14,2;22,22;15,81;20,1;13,2;16,77;13,96;1,27;13,91;26,37;7,32;16,07;2,01;20,99;8,83;22,42;18,07;17,59;18,84;20,91;8,57;13,27;26,96;11,94;4,29;32,58;28,03;17,09;36,07;24,05;23,23;35,35;29,58;3,56;12,15;36,5;49,51;45,81;36,21;46,8;21,27;53,07;46,99;59,62;31,02;51,54;30,36;14,56;38,82;14,06;15,89;36,0;5,08;21,32;33,04;25,34;20,46;33,88;23,1;26,82;23,9;0,68;2,46;8,45;41,34;2,6;20,76;4,49;11,04;3,18;39,93;33,54;26,72;14,35;7,93;16,62;25,16;35,82;9,15;35,56;9,5;17,33;4,24;19,34;2,99;18,03;3,35;17,87;16,4;0,2;22,43;4,95;14,18;6,3;;;;
24/03/2024;9,19;5,07;22,35;9,64;13,64;8,96;13,26;20,83;0,62;16,59;21,5;9,51;9,77;25,88;8,64;3,95;9,15;21,1;17,45;0,06;5,17;23,01;1,64;21,18;5,58;12,32;5,7;23,7;19,59;7,37;11,23;2,98;14,34;3,34;20,38;30,0;34,99;50,05;7,2;45,56;13,43;9,4;42,94;8,62;8,46;46,83;16,98;17,27;44,77;3,26;58,18;15,58;36,25;23,78;9,18;17,33;11,58;34,27;44,39;16,81;7,37;26,45;40,3;4,12;38,79;35,2;38,45;3,75;14,79;33,47;16,55;13,89;21,34;24,93;22,7;39,61;30,78;35,61;23,16;31,71;33,87;31,7;24,06;16,13;3,02;3,94;25,16;16,04;27,18;16,18;8,12;22,69;8,96;4,13;23,09;6,0;;;;
25/03/2024;25,21;22,69;18,54;4,07;23,51;18,17;14,75;3,48;19,94;12,89;20,97;27,57;21,32;19,29;21,36;11,99;3,68;6,93;3,22;18,34;0,92;3,14;4,54;21,38;29,58;29,16;19,07;13,59;28,21;13,5;35,13;33,64;32,4;42,64;14,72;33,71;25,17;44,67;6,09;5,69;49,95;49,78;39,68;4,6;21,18;38,37;16,99;24,0;10,65;55,0;17,22;14,63;60,05;25,66;5,53;39,46;12,87;24,11;36,17;37,51;44,5;32,59;20,87;33,71;34,45;34,77;40,17;4,04;39,0;21,23;20,59;4,51;19,42;20,9;16,23;40,79;45,75;45,33;14,6;36,21;21,88;23,7;17,47;24,83;9,63;27,29;15,86;26,96;4,69;19,15;2,66;18,71;7,56;4,16;0,3;6,0;;;;
26/03/2024;5,25;1,04;18,77;13,84;17,77;22,15;4,07;19,45;2,86;10,4;4,41;5,98;3,59;26,37;16,6;5,62;22,7;18,62;21,45;7,89;12,68;4,71;11,29;6,09;19,5;22,91;20,95;21,56;0,06;35,96;37,05;8,3;45,02;50,08;18,11;26,27;21,37;9,54;49,24;33,47;38,59;0,81;18,04;49,86;47,26;42,48;10,48;16,61;26,73;3,06;25,21;41,1;4,72;12,14;26,48;48,92;35,89;9,27;40,73;27,06;37,71;2,21;10,27;30,96;21,91;27,01;42,24;39,19;21,03;40,96;28,27;23,13;26,39;4,28;1,72;3,38;30,94;3,28;13,27;7,09;32,53;8,64;18,57;23,35;27,36;21,8;16,49;2,0;14,49;17,65;16,53;1,14;8,83;2,57;19,19;5,7;;;;
27/03/2024;1,95;2,48;0,5;1,0;19,58;4,5;23,11;3,9;4,85;21,16;6,29;24,75;19,65;15,51;12,38;10,73;22,12;16,14;6,8;1,88;2,34;7,94;26,17;5,17;26,95;13,11;15,35;6,21;22,72;20,12;22,77;21,43;4,87;22,49;4,36;34,47;6,58;26,33;0,56;33,36;33,96;54,27;8,05;15,52;41,18;39,71;2,2;7,75;7,3;11,66;16,48;59,04;49,55;3,01;20,62;6,74;31,1;21,2;2,74;39,16;6,58;29,16;38,39;12,83;39,55;25,19;25,95;33,45;1,75;37,56;23,76;9,89;26,1;36,18;8,13;4,95;31,65;39,67;18,51;26,08;35,45;26,48;17,57;26,55;1,59;17,84;21,58;19,81;16,44;14,44;23,44;14,16;16,13;19,53;0,97;6,0;;;;
28/03/2024;2,7;14,07;8,4;11,12;23,5;7,21;6,63;23,23;5,11;16,36;10,05;1,1;7,45;5,95;13,26;3,17;0,86;22,29;18,43;8,49;8,31;1,27;27,84;12,81;41,9;7,8;29,45;33,46;53,59;37,75;48,1;23,55;14,42;40,85;18,01;37,64;25,18;1,29;22,39;27,13;16,08;25,47;33,56;33,64;40,6;19,86;31,2;27,69;42,31;18,64;22,6;44,1;24,81;16,8;13,22;11,75;45,53;13,55;16,64;11,4;22,22;18,49;3,04;31,6;13,84;2,98;32,34;28,36;35,36;29,31;14,08;37,34;33,64;6,48;31,5;37,55;10,77;7,18;2,73;1,74;7,67;7,57;3,68;27,04;18,85;18,09;19,61;4,78;22,99;4,26;13,96;22,01;0,0;0,0;0,0;;;;;
29/03/2024;14,62;10,41;11,56;17,83;4,45;12,32;25,16;18,34;21,79;22,0;23,72;4,3;5,26;18,91;11,48;23,91;16,49;0,37;2,38;5,08;23,77;13,8;10,55;5,48;8,7;6,9;16,98;3,8;14,69;38,17;4,08;10,53;48,86;21,6;41,85;4,96;34,03;62,53;57,24;49,09;18,68;9,91;11,6;1,94;1,73;4,89;32,24;34,23;17,21;46,69;50,02;14,79;6,78;49,43;26,38;50,69;47,44;18,84;5,28;20,51;22,14;14,05;28,23;39,79;37,4;27,74;2,61;12,9;6,47;19,26;39,63;1,5;33,8;40,22;6,17;14,13;18,26;17,38;36,68;40,68;2,77;17,92;1,51;28,83;10,06;2,81;8,62;12,07;4,55;26,21;8,45;13,25;21,85;13,89;8,91;6,0;;;;
30/03/2024;23,98;5,65;5,52;3,93;7,04;5,37;7,23;24,31;13,67;3,46;11,22;11,97;11,96;3,51;2,62;10,57;6,84;3,92;19,71;17,27;12,86;23,12;21,69;11,94;11,77;13,74;17,78;26,13;30,39;2,52;32,63;38,98;32,59;7,17;45,63;20,51;23,65;38,25;10,19;9,1;49,13;28,47;34,66;6,59;28,82;5,58;48,18;14,72;41,49;0,59;18,2;45,27;16,19;4,78;26,96;49,89;31,2;16,77;42,65;23,05;24,4;27,05;34,45;33,01;27,61;27,56;4,92;4,99;1,01;12,98;25,22;2,98;21,36;20,56;36,23;5,88;22,41;9,41;29,46;14,77;12,03;25,19;0,24;13,16;7,89;14,3;1,73;18,24;24,71;1,4;23,4;13,98;15,86;5,03;24,12;6,0;;;;
31/03/2024;4,83;17,03;13,34;5,75;23,47;5,69;25,3;13,91;5,45;20,44;11,91;23,86;7,77;25,47;0,45;20,92;23,92;22,77;1,82;19,79;9,76;24,22;10,83;13,18;9,36;15,77;7,7;28,07;32,2;39,34;3,8;11,85;38,67;37,33;24,98;14,62;34,16;26,43;23,96;38,81;47,72;26,82;26,18;44,98;30,04;12,05;42,15;16,58;38,84;38,38;47,82;15,75;45,59;14,54;18,99;38,67;7,77;4,01;7,0;3,48;21,12;17,68;22,54;38,05;26,34;3,6;10,19;10,94;3,59;11,88;21,44;3,89;12,4;23,06;38,23;12,66;37,81;1,05;11,34;37,89;15,6;36,38;27,27;34,03;27,6;2,16;9,07;11,99;13,91;6,3;13,35;10,68;24,14;14,35;16,63;6,6;;;;
01/04/2024;3,0;5,79;4,96;20,88;2,96;4,3;22,5;16,72;23,08;3,11;12,88;2,02;16,15;5,48;20,44;7,66;11,89;11,2;8,93;5,93;18,74;1,17;14,5;10,64;11,14;17,58;7,69;32,77;0,7;12,26;26,83;0,66;31,8;33,08;47,5;2,55;47,26;43,84;42,07;32,11;11,54;41,63;2,46;4,08;1,31;43,89;45,95;38,34;36,3;10,04;14,15;53,72;25,5;44,64;54,32;42,8;31,13;30,69;13,24;27,06;36,0;44,23;43,18;3,65;37,8;33,19;41,07;34,42;21,07;12,01;19,35;29,76;4,52;39,45;27,16;25,38;9,37;9,96;27,53;3,57;21,17;15,85;2,71;12,1;2,94;4,51;25,71;12,77;21,36;13,58;12,49;2,7;9,22;19,78;11,15;6,6;;;;
02/04/2024;24,21;0,72;14,94;8,62;13,25;21,33;28,07;5,31;8,18;9,62;3,99;2,51;13,9;17,75;9,41;4,01;12,99;9,28;11,87;17,01;9,41;17,87;18,96;23,16;10,51;9,33;19,38;17,3;11,39;8,61;38,42;46,74;21,35;20,4;17,79;23,73;17,9;33,62;1,53;3,01;9,45;36,31;31,13;34,36;43,45;31,61;23,95;33,73;48,45;8,56;28,47;8,78;41,55;46,77;23,34;29,63;49,81;50,31;19,33;24,23;8,84;1,0;8,78;10,68;40,49;21,34;11,32;16,1;12,35;28,82;4,62;28,32;41,18;43,59;21,81;32,73;26,2;18,13;8,55;22,79;23,93;5,65;11,01;16,76;3,63;13,77;15,24;24,26;13,35;16,08;9,86;21,95;3,79;10,39;4,72;6,0;;;;
03/04/2024;4,4;16,58;15,22;19,1;2,82;3,38;18,4;8,8;10,39;9,84;20,34;12,88;27,44;6,47;17,49;23,5;21,67;10,81;15,76;9,15;16,0;12,45;22,45;17,06;16,47;25,52;5,87;15,7;34,47;7,01;39,48;3,03;5,06;26,54;4,03;46,93;2,18;43,96;45,92;18,52;42,76;1,39;7,07;42,53;48,39;26,78;40,28;4,28;6,4;25,68;27,36;24,18;20,28;9,65;7,04;40,73;25,3;39,32;43,89;28,82;35,73;39,77;44,28;5,63;38,3;22,89;13,71;22,16;7,01;45,44;44,95;3,32;29,85;23,79;6,37;29,39;14,84;22,62;14,73;19,39;8,98;11,46;28,22;25,88;26,56;21,9;13,89;9,89;28,35;1,64;24,84;14,4;8,83;22,84;7,11;6,3;;;;
04/04/2024;25,94;1,14;22,38;19,73;9,12;17,74;18,58;23,05;19,87;9,27;15,2;19,49;10,98;24,46;15,29;7,18;6,32;12,75;4,57;9,86;6,18;4,25;22,21;18,11;18,6;15,95;30,83;28,15;26,28;30,33;28,17;17,63;28,27;36,41;33,42;5,73;35,62;0,9;13,37;2,81;26,81;26,74;14,1;24,08;38,26;18,44;30,63;10,56;11,93;52,48;26,39;34,64;7,74;45,38;13,64;26,17;9,47;4,54;13,1;9,25;22,89;6,39;1,84;17,41;26,26;18,01;32,13;31,46;35,45;25,06;18,16;28,77;37,49;27,24;10,54;23,53;22,39;33,34;17,55;14,4;1,32;27,73;0,47;7,36;5,04;10,75;24,96;0,49;27,23;3,28;22,86;22,28;25,35;9,08;5,46;5,7;;;;
05/04/2024;10,92;22,83;23,7;25,16;18,25;24,98;1,34;21,06;0,64;23,55;3,03;18,79;7,77;16,65;7,77;11,76;5,78;3,35;9,66;0,65;2,89;5,14;22,11;10,09;1,86;23,14;26,95;26,92;31,9;13,0;46,7;36,93;27,38;13,13;44,56;50,69;14,36;27,8;31,25;24,12;27,89;17,99;15,44;10,9;3,4;33,14;28,79;0,93;35,41;6,84;19,82;37,34;1,66;39,09;52,14;33,81;6,7;1,93;16,55;14,41;49,14;14,36;6,15;21,94;25,89;30,87;10,19;0,63;8,69;2,96;20,28;13,33;13,98;26,59;4,67;2,39;21,09;23,02;3,84;38,09;43,88;13,13;32,32;2,73;23,46;23,47;27,29;27,44;3,85;19,95;24,43;24,92;17,71;12,14;5,83;6,3;;;;
06/04/2024;16,88;8,73;6,92;20,58;21,05;4,0;1,25;13,66;26,12;18,87;23,31;8,17;21,37;11,83;5,4;12,0;2,44;14,94;13,31;23,61;0,26;13,67;18,52;7,25;10,48;8,53;4,13;17,19;29,13;41,45;4,01;6,3;32,3;10,04;26,42;43,8;33,08;49,11;19,84;10,08;19,36;19,91;5,12;22,51;26,36;27,07;33,35;39,18;40,94;53,7;45,43;43,4;13,68;24,44;7,58;48,57;11,25;18,4;18,37;1,62;47,96;32,06;38,61;41,44;29,16;36,28;6,97;9,02;31,81;43,75;30,26;6,26;51,81;4,15;14,07;10,45;12,72;43,26;41,62;1,8;24,25;31,29;33,26;20,56;4,33;26,2;4,81;5,89;9,44;5,09;8,24;10,9;2,66;11,32;21,12;5,7;;;;
07/04/2024;21,31;6,32;17,21;15,55;12,11;7,45;25,73;1,44;21,97;6,0;24,24;13,66;3,03;5,02;19,33;20,75;7,12;2,49;4,27;18,98;12,19;5,54;20,11;18,6;22,63;27,24;14,95;13,55;15,84;34,5;2,75;52,85;23,15;50,03;45,33;33,66;34,71;52,78;10,96;36,96;35,5;4,43;11,01;6,63;49,14;13,22;32,31;24,68;20,06;44,24;27,8;33,77;23,8;7,63;55,47;0,46;31,79;23,15;44,24;18,01;17,78;6,49;22,3;13,4;36,72;35,67;4,82;15,62;8,34;39,24;35,57;4,36;39,47;3,15;37,77;38,09;36,19;20,83;12,27;31,24;42,98;28,91;5,45;7,84;30,34;2,21;11,23;17,7;21,61;1,7;20,14;16,25;12,51;14,42;4,93;5,4;;;;
08/04/2024;20,96;17,63;1,22;1,12;8,87;10,09;4,63;17,75;24,9;7,54;13,04;6,0;11,07;12,02;9,6;5,84;21,83;22,66;0,31;2,93;23,87;5,54;3,05;11,04;12,12;20,02;15,07;9,62;22,31;49,29;1,34;18,99;19,06;54,55;11,99;56,29;18,59;2,79;35,67;2,18;1,86;1,44;3,88;2,87;6,05;25,53;3,48;55,92;42,6;27,94;48,74;52,45;53,5;22,91;4,34;7,56;0,34;17,89;31,85;35,06;0,83;10,69;13,97;35,58;32,94;7,04;33,36;28,85;8,9;10,97;9,98;8,68;36,51;25,6;15,32;40,6;4,18;22,14;5,47;6,54;39,01;32,83;41,97;22,08;1,56;15,15;20,45;8,78;16,04;5,06;5,76;7,87;10,3;8,33;5,59;5,7;;;;
09/04/2024;23,66;7,04;25,75;19,34;9,01;6,66;1,16;2,09;16,49;15,29;25,75;14,9;0,01;12,13;9,67;3,96;1,94;3,05;7,16;3,99;11,74;21,13;8,96;4,85;17,2;13,51;21,17;6,24;35,42;16,93;7,8;55,39;16,25;57,09;37,76;35,38;51,99;48,2;44,87;8,33;24,51;37,33;52,96;52,21;55,89;40,17;43,12;64,3;53,15;38,64;1,59;19,78;21,04;15,46;46,09;2,95;11,95;28,07;34,08;31,81;45,09;36,24;26,21;27,84;32,03;21,31;32,12;16,38;30,43;38,92;3,23;51,15;38,57;18,75;2,34;34,06;27,53;41,76;20,1;21,31;7,58;11,18;9,51;19,83;1,81;11,73;12,74;11,2;14,45;22,58;17,74;25,19;2,64;19,74;9,21;5,7;;;;
10/04/2024;11,07;25,67;1,7;19,84;12,26;11,19;12,04;0,6;2,1;14,19;14,19;8,45;1,76;5,41;7,06;14,29;21,83;7,32;2,87;2,57;0,01;10,84;23,94;9,63;12,6;0,47;26,33;31,27;8,59;47,79;1,93;23,12;29,93;39,52;5,36;39,57;15,24;48,57;17,95;45,58;35,99;4,6;13,96;56,56;26,82;25,44;27,0;50,19;17,68;36,29;52,53;4,93;27,43;56,33;13,79;51,99;14,33;13,46;21,61;12,36;18,31;28,18;2,87;1,28;12,58;6,88;21,31;20,17;27,95;30,04;47,13;17,03;27,58;23,2;19,31;32,61;18,03;9,19;7,72;14,06;18,44;23,01;25,93;33,39;14,0;29,53;2,45;24,8;4,32;10,93;15,14;7,71;3,99;8,98;25,93;6,9;;;;
11/04/2024;10,85;21,74;21,5;20,97;24,93;3,71;14,37;15,05;24,87;16,49;20,81;15,35;13,52;14,74;5,59;9,91;5,46;8,75;23,47;11,71;1,41;12,91;11,98;0,95;4,37;22,35;2,78;34,6;31,98;4,15;4,04;30,26;1,66;38,05;26,1;3,86;50,37;46,63;34,66;18,22;36,29;26,5;43,87;48,1;36,55;12,17;9,16;18,92;5,14;19,61;35,01;11,19;19,42;40,89;21,12;25,44;19,03;51,85;47,99;35,11;10,84;10,67;48,25;51,11;6,06;27,65;38,53;40,12;2,3;5,78;37,5;42,51;19,61;39,82;17,49;32,69;44,03;10,31;0,57;36,93;31,14;7,3;2,39;31,33;3,66;32,07;2,07;27,09;22,61;5,9;4,43;1,2;12,71;5,96;23,08;6,6;;;;
12/04/2024;16,15;22,52;7,74;28,48;27,14;0,86;19,02;1,73;14,01;26,02;15,99;0,34;5,63;24,65;15,33;19,16;26,58;8,61;23,62;25,77;13,72;1,47;28,38;22,04;29,96;10,61;20,54;28,28;23,03;13,44;21,2;39,78;44,42;9,55;38,09;7,83;56,68;31,37;24,26;27,8;42,29;25,82;13,24;1,11;19,35;7,78;18,76;22,11;25,2;57,1;28,99;49,93;3,32;58,08;43,31;5,45;46,7;21,29;31,96;19,56;29,95;24,74;4,72;9,7;43,6;10,71;34,46;12,49;21,77;11,82;29,1;45,43;14,1;0,69;1,41;1,92;15,71;43,48;25,89;11,18;25,95;5,62;20,89;17,71;32,9;27,75;28,13;6,84;14,23;27,8;23,44;18,87;20,92;2,78;14,29;5,7;;;;
13/04/2024;19,03;8,25;26,41;9,72;22,69;18,59;19,37;3,54;17,17;24,48;13,48;25,42;12,55;22,38;19,49;11,68;15,8;20,81;17,01;8,0;7,47;20,54;7,54;8,91;0,61;15,7;0,28;28,58;31,12;37,82;52,16;6,26;56,68;63,11;51,78;28,46;14,64;51,76;41,66;16,89;10,61;1,14;35,54;16,52;48,9;69,13;43,63;8,05;18,28;25,45;44,2;39,98;43,97;5,72;28,37;48,37;25,88;26,95;34,06;23,95;8,4;6,07;25,72;23,01;26,12;43,39;16,67;28,6;39,46;5,82;7,05;28,02;26,69;4,91;30,14;6,9;43,05;43,17;4,09;28,38;2,27;18,32;34,52;14,03;13,51;18,99;8,32;1,66;20,15;1,6;6,31;1,62;14,58;11,87;11,59;6,3;;;;
14/04/2024;5,56;16,35;11,7;12,85;28,14;11,1;4,42;4,97;16,72;14,97;10,45;14,11;4,19;2,2;24,78;11,71;7,22;20,58;14,11;19,75;13,83;5,6;24,25;18,62;6,73;16,99;25,94;16,26;5,29;7,96;44,94;8,45;52,6;6,47;7,09;16,55;10,08;41,28;16,32;49,65;17,09;43,89;49,64;15,53;1,72;44,13;47,29;23,18;50,81;29,46;18,47;28,18;9,42;69,0;37,39;41,73;23,51;38,95;19,34;22,05;18,61;5,72;9,7;40,7;41,23;9,6;42,21;33,55;43,03;26,29;26,79;15,86;52,55;10,24;45,37;40,8;23,62;44,61;34,3;28,37;14,9;25,15;12,01;15,16;22,68;6,29;8,75;10,43;7,41;4,85;10,38;24,2;14,34;18,56;8,61;6,6;;;;
15/04/2024;4,71;17,04;12,25;17,14;22,91;14,31;23,36;18,53;13,76;9,18;6,86;16,35;15,77;0,25;12,05;15,64;18,1;3,39;20,63;8,74;18,78;20,78;24,7;2,06;12,0;21,43;20,21;19,35;13,22;42,72;41,31;35,96;35,79;50,21;25,45;8,61;24,34;45,6;33,61;44,2;1,74;55,33;3,89;43,52;20,35;21,63;32,18;22,59;37,72;14,18;20,29;55,12;2,14;16,52;41,36;1,31;5,71;50,03;7,37;31,47;41,4;45,24;29,07;13,53;16,35;43,07;24,43;6,04;26,43;10,74;32,18;48,82;27,53;35,47;30,75;10,93;40,65;15,02;28,79;16,05;5,14;32,36;15,54;37,56;10,76;26,23;16,0;25,99;25,57;20,22;6,99;3,16;3,14;12,53;2,89;6,6;;;;
16/04/2024;17,32;0,06;26,82;6,06;5,4;20,21;19,52;9,97;11,91;25,08;9,3;20,72;17,18;24,18;9,37;18,13;0,15;12,79;4,65;9,97;19,54;1,18;11,54;18,3;20,72;7,02;28,02;2,48;32,85;17,89;2,75;0,22;57,03;47,36;42,57;9,41;45,82;26,16;54,34;8,05;41,83;18,0;0,4;44,19;50,22;43,07;20,97;51,0;52,33;51,98;61,43;16,32;61,82;18,26;19,79;35,97;14,91;56,13;48,41;1,91;14,01;31,94;5,86;6,17;9,81;7,48;15,58;17,51;35,05;7,57;7,32;45,63;22,36;21,84;12,03;1,88;15,66;38,37;43,96;15,64;10,2;4,43;22,71;16,88;23,89;28,88;1,28;18,8;9,09;9,31;16,9;22,03;4,14;9,15;13,93;6,3;;;;
17/04/2024;11,84;5,38;6,3;10,18;20,3;12,66;18,51;9,99;4,58;18,4;3,21;13,54;26,99;12,78;20,54;22,15;10,4;4,54;22,01;16,37;22,22;16,59;21,73;2,48;25,12;11,54;18,19;10,76;38,34;46,02;8,35;56,59;10,95;26,29;24,03;54,84;13,62;43,57;2,11;35,6;33,52;34,41;0,63;31,09;25,77;18,4;4,61;43,75;29,12;10,61;27,08;12,29;29,02;18,33;5,81;13,7;30,27;14,86;35,16;26,34;37,85;16,52;29,83;16,58;8,47;30,88;9,35;32,94;23,75;30,42;5,52;3,68;17,48;12,1;31,6;7,22;19,34;36,14;13,1;21,04;6,94;20,73;11,45;3,44;13,02;6,46;19,99;29,81;3,52;18,09;7,41;4,02;22,84;13,83;9,09;6,6;;;;
18/04/2024;9,88;18,07;22,92;13,25;25,09;18,04;14,44;9,5;14,09;18,13;8,9;9,46;9,85;24,47;20,66;17,41;7,27;12,61;19,17;18,13;1,5;4,89;16,04;12,95;6,25;14,97;3,13;20,47;30,29;23,31;43,5;17,24;60,53;13,29;34,43;40,64;23,33;31,07;44,76;38,19;12,21;42,18;0,34;4,72;5,89;28,63;53,8;30,85;7,8;10,58;46,76;4,4;21,43;13,28;9,63;5,76;37,58;15,33;27,61;30,04;4,59;24,27;16,43;30,14;32,58;9,96;3,47;4,79;2,11;15,8;38,83;13,95;9,2;31,68;45,15;21,39;6,56;6,74;37,06;5,65;8,97;12,21;10,29;5,56;8,09;2,0;2,8;12,4;15,76;14,64;4,59;14,06;15,17;18,9;0,92;5,7;;;;
19/04/2024;23,75;24,9;0,64;21,57;13,95;22,15;0,92;4,45;2,72;9,09;14,74;12,32;4,66;0,99;16,73;19,75;22,58;22,58;17,89;4,58;5,36;19,79;11,61;13,81;19,54;12,23;25,59;33,04;38,04;39,65;31,84;38,33;9,55;4,36;32,9;18,74;48,9;51,42;30,87;16,8;30,47;36,15;34,61;44,24;25,84;56,24;34,65;6,03;4,34;38,98;35,18;23,55;24,68;44,02;39,13;28,71;15,76;15,81;12,84;35,9;25,13;49,72;10,42;12,46;11,88;12,57;37,65;18,45;4,22;5,31;14,98;12,64;34,08;23,47;15,06;15,78;18,09;6,84;34,75;1,22;18,26;14,38;7,73;18,51;31,79;2,01;1,34;3,02;14,45;6,74;4,77;3,49;7,76;5,07;21,69;6,0;;;;
20/04/2024;14,5;21,92;23,65;3,99;18,67;22,54;17,44;14,94;21,07;22,29;8,04;14,77;2,32;23,11;18,14;5,96;12,53;17,17;11,84;22,51;14,26;8,95;21,75;10,48;9,44;10,76;27,55;18,04;9,26;46,2;39,73;14,9;10,18;44,42;51,14;15,74;6,55;45,49;16,77;14,74;29,12;4,17;42,72;11,7;37,82;5,37;30,3;1,77;41,56;9,38;34,83;3,39;8,13;53,72;6,09;52,09;37,99;39,39;5,05;26,03;29,7;42,91;27,29;38,42;18,78;25,55;30,35;12,05;24,39;23,93;36,47;11,03;28,66;26,58;31,84;15,23;5,05;50,08;2,7;2,0;11,62;1,66;9,29;10,95;24,46;5,12;13,79;26,78;16,15;13,12;6,85;12,83;19,77;18,11;5,3;6,0;;;;
21/04/2024;13,91;12,03;21,42;18,73;16,32;22,89;9,05;16,28;6,39;27,0;2,64;22,83;15,46;9,67;1,94;8,02;5,15;20,81;4,69;4,82;19,96;4,99;0,08;17,39;17,85;14,96;11,82;27,89;29,73;14,76;24,89;39,86;59,75;10,3;3,44;9,12;27,61;14,39;53,3;13,57;2,92;27,94;18,93;56,05;10,32;36,19;1,74;23,64;16,96;43,48;39,21;46,51;38,22;11,98;43,04;37,34;20,25;35,92;13,77;15,72;33,71;41,35;36,82;30,17;26,3;3,55;27,74;35,76;40,91;14,37;22,51;17,77;44,57;7,81;14,12;25,01;14,64;26,96;11,09;12,25;11,13;20,84;22,32;0,35;26,28;1,32;25,14;21,87;6,91;14,79;15,51;11,35;20,03;2,06;11,17;6,0;;;;
22/04/2024;19,77;3,58;5,87;16,41;25,89;9,48;0,96;24,68;9,43;27,92;17,79;18,23;21,17;18,29;12,49;19,17;9,65;3,19;15,56;17,19;19,63;23,33;9,64;15,2;20,28;5,0;24,39;10,85;6,22;35,35;1,48;5,23;53,42;40,84;4,82;12,23;52,88;48,95;30,78;37,76;28,31;9,07;26,48;46,47;28,29;49,08;14,72;3,2;32,9;37,67;2,91;7,68;24,61;37,01;27,36;54,68;0,3;18,0;9,29;43,88;28,19;5,2;16,32;9,43;16,98;33,62;14,48;1,05;21,61;1,89;2,49;15,87;12,72;20,04;17,28;12,92;5,38;32,72;6,52;38,11;23,8;32,0;17,15;16,01;13,17;10,86;9,33;14,17;15,11;11,18;20,73;19,16;21,32;17,56;14,87;6,6;;;;
23/04/2024;0,7;18,37;19,72;17,64;14,77;14,23;5,31;14,87;20,26;17,49;8,52;1,44;0,11;22,02;2,57;22,57;7,67;9,18;4,17;5,71;7,66;19,51;5,15;15,99;23,5;30,61;22,16;32,83;34,02;43,76;29,79;22,29;10,33;59,37;33,49;42,04;46,43;32,52;43,35;22,26;12,74;45,34;34,61;30,01;52,63;33,45;16,2;21,93;20,22;20,39;8,99;28,0;0,39;48,93;38,07;50,07;27,06;44,38;38,51;24,19;22,45;29,94;13,55;33,49;31,27;39,78;23,43;9,31;13,9;7,93;34,93;33,92;21,77;17,66;35,68;18,37;23,27;1,17;32,65;42,07;17,58;35,34;0,53;15,28;18,32;27,14;28,7;10,48;17,06;2,92;20,82;6,13;13,29;2,76;2,63;6,3;;;;
24/04/2024;3,2;19,25;16,44;25,9;9,65;1,07;10,22;11,43;5,97;22,98;15,75;13,1;24,53;5,19;6,16;19,51;7,26;21,17;20,61;19,49;22,32;8,32;16,82;5,97;32,28;1,53;34,07;34,85;13,39;5,5;15,49;35,19;49,99;40,88;41,31;21,53;13,13;29,27;3,61;42,79;57,41;42,58;30,04;29,92;36,67;23,4;14,21;44,77;49,0;25,06;14,62;12,88;40,74;53,8;36,9;16,17;5,78;20,05;16,72;1,01;14,83;31,14;22,29;26,85;36,06;5,16;34,11;13,29;24,09;0,29;9,96;9,29;28,89;5,14;28,96;39,72;23,34;1,82;16,89;44,82;33,45;33,32;12,08;7,99;18,09;9,84;18,73;6,82;16,81;21,45;1,42;22,79;3,79;8,88;6,23;5,4;;;;
25/04/2024;0,25;18,64;26,11;6,38;9,07;23,3;22,96;19,77;14,23;20,01;13,26;15,25;13,15;19,69;22,61;3,24;1,99;14,1;17,73;22,57;19,04;24,96;12,5;5,73;23,59;28,29;11,38;12,98;16,4;56,86;42,24;19,9;36,51;18,79;30,69;38,28;18,58;12,22;37,22;12,35;41,17;35,05;37,02;13,27;27,74;44,71;36,35;36,86;10,25;49,62;20,16;43,5;10,05;22,39;28,95;40,21;18,53;5,07;10,55;35,29;4,29;29,6;22,12;12,74;35,06;11,92;33,03;27,52;14,12;21,55;38,78;34,57;12,94;35,82;38,11;21,06;15,58;2,24;13,08;34,79;35,78;13,94;7,47;31,82;2,03;13,32;28,11;28,23;20,09;10,39;7,24;3,82;22,72;22,45;2,76;6,3;;;;
26/04/2024;16,62;0,3;21,84;23,59;1,13;10,87;17,97;11,14;15,12;23,11;16,41;4,29;21,36;21,5;21,97;10,57;19,57;25,43;20,24;1,09;18,96;11,11;2,98;9,73;22,34;9,42;10,58;6,79;39,37;35,42;3,38;54,25;15,65;59,58;38,56;11,0;39,36;40,29;33,55;23,95;49,1;45,23;45,75;32,17;3,08;26,28;34,44;45,95;41,41;2,5;5,72;35,6;21,83;56,09;32,49;18,06;53,88;15,91;39,52;43,08;43,86;22,39;19,13;7,49;42,53;12,47;21,23;11,88;43,33;12,45;22,66;40,0;43,05;2,81;19,65;34,84;21,83;7,32;10,73;1,01;37,91;4,19;30,91;8,67;6,91;7,27;2,87;29,66;0,09;22,82;20,75;20,18;20,87;23,1;11,29;6,6;;;;
27/04/2024;26,78;23,07;6,21;9,44;10,5;19,2;28,32;23,26;8,52;1,05;10,21;25,77;16,97;4,51;6,79;7,14;24,37;25,71;22,7;4,95;23,57;23,23;13,93;24,64;17,74;18,18;7,4;12,55;29,01;34,9;40,13;24,03;29,94;30,12;2,5;34,21;13,21;7,25;30,23;23,45;46,5;4,12;31,7;23,75;1,26;21,73;45,05;35,03;42,32;26,62;45,16;7,08;27,08;22,76;27,97;41,77;9,53;32,23;14,02;24,17;16,12;5,51;40,7;44,4;33,44;12,94;12,2;38,69;7,77;33,33;21,06;13,27;43,28;19,73;1,69;6,86;36,58;36,75;25,99;6,63;8,45;24,97;0,94;21,57;19,55;18,03;7,73;20,94;12,96;22,15;19,46;11,24;0,93;19,43;13,67;6,0;;;;
28/04/2024;5,49;9,95;9,17;8,64;19,65;1,12;9,32;18,28;2,18;16,12;11,75;9,76;20,69;1,39;9,96;2,72;8,06;21,91;9,35;10,76;5,56;2,12;3,56;18,08;24,9;4,89;17,39;3,54;28,39;3,6;10,51;46,38;50,53;11,56;15,33;30,17;38,51;26,89;42,39;48,6;33,35;7,07;31,6;10,3;24,23;20,1;52,41;43,69;25,85;40,58;19,22;27,22;54,85;23,17;44,01;26,04;41,56;39,09;17,49;31,27;32,91;22,67;31,9;41,56;22,63;24,95;5,84;10,37;29,25;21,29;12,38;26,55;30,08;35,3;36,41;48,0;9,66;36,09;33,65;25,88;35,71;12,57;11,35;30,5;7,03;19,2;24,55;21,7;16,84;15,66;13,89;15,58;23,19;22,3;20,28;6,0;;;;
29/04/2024;25,78;9,62;7,96;7,11;18,75;5,84;6,62;16,22;23,55;19,68;5,65;1,53;13,88;13,47;4,46;10,23;13,31;20,38;4,18;20,64;7,2;17,43;23,52;16,01;25,41;6,93;8,82;27,54;30,42;48,05;35,1;53,28;57,07;14,73;20,59;38,69;32,28;11,54;1,48;44,77;26,91;2,19;30,86;47,17;51,58;23,85;0,3;49,27;51,16;15,49;10,08;10,13;56,69;20,47;64,95;9,1;42,17;31,22;6,76;45,29;9,35;20,23;31,25;16,56;35,83;25,07;38,95;22,03;44,47;44,14;13,32;50,38;10,11;24,76;19,2;36,13;48,97;9,54;8,62;34,47;19,22;16,27;25,63;31,6;14,3;21,43;5,47;19,22;5,2;16,74;20,77;22,11;8,97;4,17;3,53;6,3;;;;
30/04/2024;27,35;20,47;6,02;24,35;2,2;5,24;2,77;5,51;2,94;8,09;7,14;4,83;25,61;13,97;4,77;5,97;12,6;0,64;9,86;17,13;12,33;3,12;21,83;5,36;4,48;6,87;31,76;11,51;25,89;20,33;43,84;9,61;27,2;36,75;8,95;0,83;43,18;46,21;41,23;19,09;3,6;45,91;38,3;29,21;37,57;48,68;48,24;50,56;40,55;12,58;3,43;12,12;37,0;16,82;14,85;44,43;2,75;17,81;13,32;12,38;27,34;11,16;23,14;30,32;20,23;44,3;5,03;37,16;9,47;31,92;5,8;3,86;22,04;35,38;38,55;9,89;22,31;2,72;4,87;37,52;37,36;17,58;19,7;33,07;5,95;3,33;0,88;8,6;9,11;17,83;20,79;13,99;18,95;13,34;23,07;6,0;;;;
01/05/2024;4,52;19,7;4,12;11,79;7,69;7,47;9,57;23,22;2,62;9,04;7,9;12,43;3,21;18,06;21,03;10,92;2,06;20,03;2,32;18,82;3,89;1,28;15,69;4,98;3,83;10,77;17,56;8,14;38,24;14,53;15,81;5,1;40,94;10,98;24,02;33,76;6,55;20,24;36,09;5,54;32,49;26,32;15,53;44,61;16,29;4,35;0,35;18,75;43,63;34,08;33,38;37,97;43,43;1,94;12,28;40,86;12,76;12,26;31,71;20,93;26,56;2,92;24,35;15,37;25,47;27,64;14,26;9,96;36,57;17,29;24,56;13,3;34,77;29,43;40,96;36,27;27,29;36,17;40,37;4,25;4,87;21,59;0,93;6,3;7,96;7,73;0,94;20,33;2,07;9,53;8,57;16,88;23,14;6,77;7,37;6,3;;;;
02/05/2024;2,94;1,67;14,63;2,29;19,77;20,93;25,55;9,7;25,2;10,79;10,11;10,08;9,48;15,85;15,11;12,15;15,96;5,97;8,51;15,93;23,41;0,17;0,71;6,51;27,67;12,42;28,6;21,16;46,6;36,22;12,32;39,88;40,74;30,02;34,26;48,25;40,27;39,63;50,02;14,95;37,46;26,53;13,55;42,04;25,16;11,5;3,56;18,71;44,01;19,53;27,45;22,46;30,12;20,52;25,29;19,31;38,95;33,65;14,52;20,27;0,24;0,24;11,85;16,89;23,05;20,69;1,59;32,85;34,87;31,51;6,07;33,64;46,17;32,53;1,62;8,36;27,0;1,4;26,19;29,62;24,4;31,17;19,18;6,58;15,22;0,56;25,57;20,75;11,68;25,45;8,96;22,14;6,44;11,28;0,72;5,7;;;;
03/05/2024;15,7;3,2;6,28;17,42;2,3;2,31;22,13;8,14;1,95;27,22;25,14;21,9;15,63;5,91;15,68;7,99;0,52;19,86;14,31;21,45;19,82;12,27;17,51;18,16;22,95;14,34;9,84;23,32;37,07;43,09;24,37;48,75;36,4;56,21;43,03;42,91;44,09;42,48;35,91;3,67;10,56;30,92;17,51;0,76;22,24;26,97;10,04;49,71;16,12;15,79;40,85;7,96;57,44;33,49;7,2;23,53;12,27;21,79;52,35;14,29;36,83;31,44;27,53;33,16;27,6;32,08;11,65;36,16;32,89;32,1;20,66;20,08;41,45;31,52;31,76;43,46;24,93;32,48;19,81;19,95;17,85;22,42;23,46;33,95;2,97;28,82;15,23;1,22;21,89;7,83;12,35;23,68;3,59;14,42;18,75;6,0;;;;
04/05/2024;3,71;17,89;4,49;8,15;6,32;7,43;15,57;34,42;9,38;32,2;3,16;22,25;12,71;34,5;6,59;28,41;15,57;35,22;14,86;28,05;6,45;29,98;7,69;20,39;10,51;10,54;43,92;25,73;26,18;31,0;64,68;32,1;1,43;63,95;43,7;43,38;50,43;23,09;27,46;40,71;16,04;21,2;24,31;63,83;39,1;35,63;47,81;7,04;1,53;61,76;21,5;48,51;65,18;25,23;40,59;62,49;60,86;41,32;4,95;46,45;8,86;11,73;52,76;51,25;56,39;7,6;21,42;53,31;10,88;36,24;45,96;2,04;56,42;46,92;47,43;26,25;30,4;4,67;21,98;44,06;30,83;15,12;15,74;14,45;28,43;36,49;27,14;35,87;24,83;16,95;22,98;10,16;0,25;7,18;3,0;9,6;;;;
05/05/2024;21,36;39,7;32,38;26,25;15,59;33,03;7,82;13,11;32,43;25,8;1,5;3,27;18,11;34,86;32,53;16,18;29,86;9,55;24,38;36,94;5,63;27,06;20,32;21,4;35,63;4,63;0,37;33,98;40,85;40,3;48,76;38,52;46,32;22,48;32,78;44,69;28,15;43,58;3,24;0,48;39,22;40,22;6,68;38,93;7,28;38,29;31,66;35,87;29,36;59,23;21,56;37,68;39,04;77,52;22,36;60,56;15,82;51,05;26,94;50,53;55,75;16,05;27,25;21,97;21,29;39,27;34,99;2,76;48,78;34,21;7,11;60,39;7,02;35,91;33,6;18,43;53,7;12,89;2,52;29,59;24,51;38,18;2,72;4,47;14,77;5,06;7,08;41,86;34,36;3,26;0,09;32,99;18,72;6,87;15,92;9,6;;;;
06/05/2024;0,45;5,28;8,77;33,78;6,78;22,68;16,22;5,8;29,15;27,14;25,21;30,82;15,42;40,21;3,26;27,59;37,45;29,4;20,48;22,86;20,76;27,39;14,42;15,78;9,82;0,81;22,16;22,19;27,91;39,37;24,88;71,48;40,67;0,82;57,87;37,39;61,02;8,29;5,24;3,04;45,97;4,71;7,97;27,68;39,57;31,22;11,71;64,13;21,7;50,23;31,45;41,12;53,82;17,86;4,41;55,45;48,34;49,31;19,02;30,15;48,09;53,62;41,24;4,06;11,25;44,29;10,45;23,6;51,46;8,13;8,56;23,32;15,47;24,48;3,62;9,5;49,43;22,86;42,33;52,28;5,55;35,59;32,02;43,39;25,1;28,19;35,08;12,57;16,96;24,42;1,56;14,68;9,92;18,78;19,37;8,4;;;;
07/05/2024;38,19;21,86;2,78;19,3;28,85;4,08;0,53;32,38;26,9;5,09;14,28;27,71;17,73;25,6;27,83;16,08;28,01;28,63;7,27;23,13;5,29;0,89;2,95;12,21;10,63;36,61;28,14;39,37;37,14;4,38;31,64;65,47;30,59;44,56;22,32;7,91;9,83;8,26;0,66;53,24;29,78;62,68;18,21;18,0;11,72;42,27;46,65;0,92;49,08;29,69;11,02;51,6;39,07;15,53;47,51;27,61;1,59;12,89;55,14;30,46;7,57;9,31;33,81;5,47;45,18;53,99;52,48;53,37;14,84;56,53;40,24;49,93;13,63;8,6;45,96;17,41;41,39;11,98;26,35;54,69;45,39;41,53;32,68;22,88;11,84;2,66;30,79;17,69;26,44;10,4;30,76;19,75;14,96;11,32;34,5;9,0;;;;
08/05/2024;9,2;12,08;25,38;22,95;20,15;2,78;7,38;20,93;25,48;30,28;8,5;34,4;36,48;28,51;16,61;11,66;5,91;15,58;28,53;25,94;2,66;5,09;7,92;4,14;33,7;18,19;42,3;27,86;36,84;53,23;57,83;61,35;18,17;13,06;40,28;32,0;18,04;34,81;55,14;58,21;14,06;27,19;13,02;4,84;20,18;46,35;55,97;65,94;55,03;0,77;16,27;35,27;56,17;60,03;70,75;44,93;36,23;23,15;28,81;1,93;27,77;4,63;11,42;23,16;4,08;11,66;30,95;37,76;36,98;28,86;50,32;52,46;28,58;50,05;7,67;32,56;21,04;16,03;22,35;15,85;18,94;38,4;23,13;4,39;22,83;26,91;33,99;23,56;7,18;31,35;29,77;31,66;22,02;38,12;17,91;9,9;;;;
09/05/2024;32,41;0,25;0,35;42,62;9,38;39,88;24,54;14,77;11,94;18,52;36,84;29,97;22,66;3,42;11,98;0,67;1,81;25,49;16,08;25,0;18,83;33,77;40,78;17,52;18,18;6,65;11,29;36,79;18,1;13,85;3,61;63,72;5,64;7,56;20,14;67,55;25,13;48,23;4,82;26,17;40,12;38,48;20,99;41,21;41,71;11,43;13,37;49,09;26,47;63,18;16,71;1,55;65,2;22,23;31,37;41,99;1,54;0,05;41,44;46,39;43,18;39,34;2,37;38,92;35,3;23,41;45,92;32,08;13,9;25,92;43,28;19,0;38,96;21,07;30,44;19,23;45,02;32,7;10,96;25,55;34,9;42,77;1,63;19,55;15,31;18,1;43,18;25,93;17,01;15,96;4,56;17,89;21,6;35,14;22,99;9,6;;;;
10/05/2024;19,19;2,06;39,85;21,36;2,74;10,01;33,79;12,52;23,99;16,76;15,52;2,32;11,53;7,0;3,56;36,39;12,8;32,55;17,78;1,97;17,88;24,16;7,36;33,45;40,52;11,18;16,99;8,72;43,19;14,1;37,79;46,54;61,13;1,02;33,53;60,09;27,19;42,43;50,65;59,54;17,03;27,23;32,33;27,1;15,06;16,76;12,65;41,86;52,12;15,79;57,37;11,59;54,72;47,08;49,84;47,87;48,32;54,43;49,46;2,73;48,86;27,45;43,78;4,76;24,33;1,32;38,99;19,24;15,8;46,36;27,76;25,17;5,73;50,25;30,84;1,86;6,58;7,92;46,67;0,64;37,36;13,46;30,88;38,39;30,4;40,55;26,97;24,48;14,79;26,44;19,21;30,18;8,53;2,94;6,07;9,3;;;;
11/05/2024;28,28;12,9;23,77;37,61;22,93;33,71;27,05;35,85;11,04;36,11;8,62;37,81;7,94;16,14;31,65;35,72;14,42;14,41;4,01;35,78;35,65;10,19;20,39;15,31;26,46;20,93;20,66;31,18;2,91;48,93;18,7;65,69;31,09;65,01;35,29;2,5;2,61;54,37;36,87;14,38;39,89;14,37;7,13;24,19;33,21;2,73;20,38;30,1;58,39;23,53;23,3;40,08;32,3;64,96;69,65;0,21;33,33;50,1;18,76;37,2;34,45;17,65;21,08;35,52;6,23;59,96;33,88;38,43;11,85;13,18;14,23;1,16;33,78;33,42;56,39;30,68;29,78;27,86;21,63;43,88;34,82;38,28;11,45;8,25;4,98;24,57;24,89;10,65;8,13;6,91;26,37;9,55;5,16;27,67;33,67;9,3;;;;
12/05/2024;12,91;27,68;33,15;13,12;29,11;23,7;7,16;36,22;13,73;34,6;22,5;33,59;19,6;34,75;13,59;18,88;32,34;27,31;37,41;30,57;27,52;22,27;36,31;0,72;0,37;18,99;43,62;36,04;12,21;0,23;55,09;54,74;0,74;1,01;39,1;28,04;19,44;37,31;40,19;66,88;17,66;54,42;63,08;14,55;57,05;6,35;43,13;34,25;23,89;36,02;27,54;25,24;43,09;45,41;23,81;61,4;16,01;26,25;5,69;28,97;11,91;5,99;49,62;36,32;16,77;32,5;1,76;49,67;28,64;31,39;5,08;7,23;53,6;40,85;1,9;35,22;35,28;37,1;2,57;30,44;24,58;33,92;31,73;46,92;17,86;24,58;28,57;7,89;32,42;20,24;3,48;35,74;29,92;31,44;9,86;9,6;;;;
13/05/2024;26,2;8,14;5,15;40,37;23,17;0,63;4,23;4,47;20,72;5,51;20,88;8,87;32,33;6,76;24,52;28,22;8,83;15,75;11,96;19,92;2,6;23,79;21,92;23,77;1,83;35,57;9,87;12,34;20,41;36,39;58,99;68,72;27,09;56,95;4,63;60,33;59,19;22,26;51,42;55,2;13,81;7,54;38,18;7,44;22,55;17,76;14,36;44,97;14,51;30,08;21,56;34,05;56,43;44,35;36,8;62,17;42,21;19,56;44,1;57,52;14,65;31,6;15,69;40,62;1,88;49,03;11,46;50,42;4,88;19,82;4,29;17,12;56,05;12,7;25,78;6,86;5,44;47,41;15,82;46,26;37,84;39,98;21,3;21,76;13,18;25,22;36,69;6,57;5,61;9,99;30,06;40,98;14,31;34,72;30,74;10,2;;;;
14/05/2024;35,83;13,69;25,13;15,37;1,03;6,82;20,76;33,05;38,72;7,9;39,0;28,28;21,53;21,09;40,02;37,92;36,81;21,39;29,45;33,03;14,49;29,99;37,16;36,05;20,37;35,63;2,09;13,13;3,78;41,33;6,11;9,11;70,91;49,69;25,9;56,9;27,74;59,32;15,16;32,18;40,94;45,32;30,79;3,38;16,79;67,38;52,51;23,27;38,36;43,74;55,9;46,01;51,53;59,9;32,79;12,12;60,76;25,47;9,08;10,61;37,2;55,92;17,04;36,04;16,27;1,81;45,65;29,01;51,81;62,31;17,52;14,8;19,38;15,43;43,53;31,65;17,51;26,72;7,32;6,59;15,95;0,09;35,91;27,86;10,27;22,32;7,53;32,01;40,52;37,35;37,79;25,67;27,69;1,22;14,58;9,9;;;;
15/05/2024;26,21;21,99;38,21;1,81;12,63;16,46;25,89;28,05;31,9;5,7;29,42;7,17;22,53;16,07;4,2;36,1;38,16;29,79;40,82;15,01;15,13;27,16;12,34;38,73;10,0;0,81;15,15;6,22;22,86;26,78;13,16;35,66;10,01;13,01;52,95;16,74;58,14;1,33;22,97;11,69;19,95;43,4;54,69;51,08;26,39;35,02;21,4;15,83;19,17;55,25;45,38;6,98;65,58;27,27;46,87;21,34;24,52;32,65;21,39;33,44;17,78;38,9;2,66;31,46;45,07;4,48;43,68;38,48;41,01;57,38;10,02;21,92;5,93;15,94;46,69;13,23;53,49;16,44;43,44;54,73;14,17;41,41;20,9;19,28;3,86;21,67;17,85;29,73;25,1;26,96;25,47;34,36;40,37;6,97;24,79;10,2;;;;
16/05/2024;17,93;24,12;1,0;31,28;37,15;33,11;28,48;17,65;13,51;10,01;22,48;2,4;19,92;25,09;31,21;29,5;19,76;39,31;21,26;15,03;27,34;30,0;26,04;11,17;38,55;28,87;36,82;4,02;37,24;55,23;41,57;22,84;7,44;35,0;36,67;23,53;41,86;3,76;23,2;45,79;50,22;18,03;21,0;21,57;14,02;26,12;49,03;57,75;20,95;41,02;28,29;14,47;50,7;14,71;36,8;51,88;66,45;32,6;4,8;31,62;42,96;12,66;24,39;41,03;43,07;28,63;5,51;27,76;51,35;28,91;37,74;50,06;50,01;25,7;25,48;60,71;54,07;20,0;14,81;0,34;49,37;45,24;11,25;34,41;28,91;5,49;5,45;22,38;29,9;24,38;23,12;6,53;7,13;24,74;31,66;10,2;;;;
17/05/2024;36,08;13,43;33,28;22,47;8,02;13,05;14,33;1,11;31,13;39,97;20,33;26,35;14,37;12,39;24,21;21,04;17,5;16,67;29,58;21,68;12,35;5,16;10,21;23,07;38,6;9,37;7,89;18,3;23,63;29,06;53,58;47,04;5,16;20,83;12,13;22,0;27,96;46,9;31,86;12,29;43,48;55,44;44,45;9,59;27,13;38,92;39,21;30,37;57,43;20,98;57,26;43,89;50,01;10,45;36,75;59,09;18,48;13,5;26,93;1,12;33,46;26,31;11,29;21,02;13,71;18,97;39,57;2,89;42,29;30,43;42,75;46,2;45,28;12,82;20,53;6,77;10,05;6,28;43,51;24,01;18,79;1,13;38,7;48,14;25,89;26,48;5,46;30,39;24,97;23,13;29,09;3,31;15,49;15,44;19,36;9,6;;;;
18/05/2024;14,18;21,83;10,89;16,88;4,21;13,09;16,54;31,49;28,63;9,05;0,37;40,36;29,31;23,41;21,65;40,73;3,72;2,27;32,52;28,84;31,19;23,82;7,02;25,51;32,46;20,24;4,34;5,78;22,22;54,4;41,74;53,51;49,08;52,38;54,35;11,61;15,21;15,19;58,0;19,58;67,07;16,17;55,98;53,14;10,01;53,68;60,55;27,3;12,83;60,56;17,55;31,83;25,99;20,29;4,23;55,1;58,74;46,39;0,91;14,39;9,76;45,89;0,15;14,1;17,79;45,4;15,51;19,29;39,26;35,7;35,84;41,89;31,34;17,82;28,5;43,63;13,4;12,12;1,48;34,37;30,56;7,21;40,47;2,28;2,5;1,49;5,05;17,91;19,55;7,89;31,94;24,77;3,93;1,0;19,68;8,4;;;;
19/05/2024;21,38;33,14;4,61;15,28;8,57;2,11;7,78;20,54;21,16;25,73;3,82;27,63;19,99;4,6;29,44;1,74;22,8;1,2;33,17;7,35;33,47;4,39;22,29;10,69;23,2;28,85;22,03;35,12;38,01;38,84;56,62;15,71;41,79;1,02;52,77;44,57;19,25;44,97;4,04;8,88;3,3;43,46;1,63;21,03;4,56;56,57;11,05;11,41;54,18;15,08;18,43;46,52;33,53;73,14;34,63;2,37;8,62;13,03;16,32;42,75;38,09;42,95;37,73;13,43;26,28;12,35;29,69;9,48;1,06;0,48;46,28;43,69;43,18;28,99;36,29;0,93;38,29;31,26;22,59;51,53;7,44;12,9;12,42;4,19;22,11;35,35;32,08;36,35;17,97;1,74;24,92;7,18;18,85;10,73;5,26;9,6;;;;
20/05/2024;24,28;17,36;14,58;11,01;9,08;1,31;16,47;23,3;1,85;30,46;8,64;8,51;17,2;4,0;28,23;26,86;18,84;21,96;5,4;31,47;22,62;34,29;18,41;19,58;15,04;13,49;19,2;10,53;24,85;34,2;50,54;55,96;52,94;48,2;36,3;12,6;36,46;37,35;15,86;53,99;34,86;21,99;38,35;8,74;34,04;6,42;28,63;10,57;56,97;35,85;9,36;53,79;12,33;7,93;53,27;5,69;50,77;53,31;35,04;21,09;33,85;34,14;15,31;9,78;43,98;31,58;14,03;20,95;12,26;1,36;47,64;36,61;23,06;57,53;5,23;10,23;6,05;8,28;14,91;7,92;26,44;43,08;4,12;34,78;25,84;19,67;35,9;33,74;35,38;34,59;4,44;9,13;24,39;12,78;13,65;8,7;;;;
21/05/2024;13,67;35,42;33,68;31,88;9,93;36,21;24,87;28,02;22,78;20,91;28,98;5,9;25,89;20,72;2,81;31,14;20,59;3,87;8,23;26,52;10,58;3,33;25,11;8,03;15,53;22,76;22,81;10,3;7,02;25,58;29,77;50,46;40,27;42,47;45,93;5,64;26,34;46,13;24,3;16,45;5,22;35,1;19,32;14,33;2,23;27,5;8,56;6,06;39,96;13,58;25,43;28,19;13,96;3,58;42,18;48,98;4,67;46,9;2,51;20,3;48,46;0,72;10,28;42,39;16,52;2,12;3,29;21,79;32,53;15,42;42,49;19,64;31,88;4,47;28,43;40,53;47,04;36,0;4,38;8,68;9,1;26,85;11,37;3,93;35,12;8,92;0,84;3,69;9,81;1,44;4,23;7,15;17,11;18,65;8,93;9,0;;;;
22/05/2024;25,85;31,85;3,81;28,86;29,71;23,7;3,76;7,28;3,58;15,01;6,55;25,7;25,43;9,21;28,8;15,84;26,93;25,05;0,87;5,67;3,38;7,49;32,06;19,86;20,03;15,69;5,83;6,17;16,29;1,76;28,22;10,73;52,77;37,41;46,39;41,47;64,31;56,17;37,96;45,44;26,09;53,09;20,16;34,28;42,15;52,67;63,71;11,83;14,1;6,5;24,02;2,05;6,44;55,66;54,52;50,2;36,28;55,1;27,88;53,81;30,19;1,57;40,83;3,3;35,7;2,07;23,56;15,29;0,15;29,27;28,12;23,41;25,75;11,38;35,2;41,74;7,16;47,46;7,06;44,14;27,84;0,46;12,96;26,6;33,82;7,34;23,03;19,42;34,1;18,48;20,71;1,27;12,38;36,96;33,05;9,0;;;;
23/05/2024;4,82;13,65;1,11;17,56;1,16;15,65;29,99;8,03;27,72;2,45;11,52;3,76;10,79;35,48;15,56;10,34;16,39;19,26;1,06;18,99;25,43;5,63;9,07;14,86;13,0;21,14;35,37;30,3;32,73;44,77;23,86;3,58;19,29;41,71;0,33;17,61;25,52;29,44;23,29;33,77;47,53;38,01;43,88;6,41;13,49;22,19;12,65;5,78;20,49;24,77;18,33;11,25;33,79;39,12;0,32;26,98;43,25;12,51;14,92;18,24;7,15;41,67;36,43;42,84;40,38;42,35;45,08;11,66;39,54;50,76;42,98;34,25;34,66;21,63;27,02;16,48;16,4;15,75;14,03;3,06;3,5;34,24;3,69;20,51;13,17;3,76;11,91;15,91;2,89;9,1;9,5;18,56;13,49;21,28;5,34;8,4;;;;
24/05/2024;4,86;20,16;32,66;17,28;3,75;30,83;20,62;11,77;12,63;0,16;30,41;33,09;4,41;23,73;6,95;21,99;22,24;7,86;28,23;19,63;6,47;0,37;30,35;26,04;30,66;5,65;0,37;33,33;3,77;55,59;21,15;22,03;27,53;10,5;65,78;12,41;1,39;43,38;61,16;25,27;44,39;48,6;0,69;22,87;43,3;58,53;33,9;47,71;63,77;47,81;6,2;48,26;28,77;58,69;13,43;42,19;32,05;20,46;28,22;6,49;51,96;32,4;52,55;25,1;26,85;15,1;39,05;42,07;14,28;46,05;17,68;17,95;14,11;13,82;27,83;25,55;44,56;23,81;26,67;40,61;42,48;41,91;3,93;24,6;34,74;10,71;5,86;36,75;2,53;25,81;23,45;11,45;12,91;20,58;0,37;7,8;;;;
25/05/2024;8,78;7,58;4,57;1,84;31,0;6,13;11,86;17,37;23,43;21,63;25,81;20,79;28,2;33,55;20,86;7,92;11,14;26,18;32,85;25,63;15,1;20,54;17,9;20,11;28,3;18,57;14,75;32,71;12,78;56,91;13,76;38,18;29,15;15,14;7,61;14,87;29,66;27,15;5,52;13,83;38,12;44,05;36,97;1,08;48,27;52,44;45,26;22,32;3,94;52,03;41,27;3,33;10,03;31,28;43,51;43,82;18,8;38,52;20,61;16,29;21,55;35,78;40,89;15,08;20,84;23,06;12,69;34,86;10,21;30,18;7,53;25,69;6,85;27,66;21,09;14,91;21,06;5,25;30,14;5,51;3,77;34,09;6,47;26,14;3,87;5,09;11,53;5,48;15,97;6,22;19,74;21,93;3,59;13,21;9,23;5,4;;;;
26/05/2024;22,3;11,95;19,47;3,42;8,49;14,94;21,59;4,42;8,54;17,81;1,7;20,46;16,27;2,92;1,15;2,06;14,83;14,56;21,24;2,22;16,33;9,67;11,29;14,27;11,7;8,41;20,63;10,22;31,76;0,75;17,4;32,19;28,33;16,89;36,69;38,03;23,82;13,53;11,62;38,89;54,29;6,91;12,58;5,11;40,45;8,79;22,04;33,33;33,68;8,22;20,89;15,12;15,33;34,86;12,39;43,68;43,93;36,02;32,66;3,62;27,56;15,57;30,44;29,84;11,18;1,33;1,29;20,28;3,26;0,68;7,48;19,51;30,22;37,71;35,28;35,05;27,58;28,09;13,73;14,39;32,49;16,07;4,95;24,86;3,4;3,73;13,69;7,74;22,12;19,37;3,88;17,5;5,17;6,35;20,98;5,1;;;;
27/05/2024;6,8;3,25;6,99;12,17;17,9;12,67;14,5;15,63;12,97;15,39;19,27;6,06;11,91;18,39;11,68;7,87;17,07;5,38;16,44;16,05;11,33;20,39;3,51;11,44;16,07;20,42;12,51;24,64;7,68;22,24;33,16;2,95;31,71;10,22;5,87;12,27;29,57;44,17;9,69;44,05;0,88;33,3;21,24;29,51;47,25;1,25;25,72;31,31;0,47;19,62;45,94;32,7;0,4;23,9;21,52;44,14;39,48;11,67;16,69;41,67;37,98;17,26;28,66;26,81;30,82;7,15;8,01;17,79;25,52;19,22;33,38;36,78;19,29;21,01;32,21;32,94;14,97;2,85;28,92;25,34;26,7;19,98;20,19;15,4;4,3;1,62;2,2;3,34;6,75;15,32;16,39;5,92;22,64;11,91;5,28;5,7;;;;
28/05/2024;4,42;5,76;4,29;8,73;4,41;5,09;16,95;0,9;9,18;16,98;3,4;2,27;2,04;15,79;17,91;4,45;15,42;9,45;1,17;16,29;7,54;21,2;10,93;12,03;9,1;4,78;10,76;12,67;22,15;13,55;4,93;15,59;39,67;0,52;6,92;15,24;14,07;16,17;34,1;25,39;9,35;35,94;34,57;43,83;22,75;30,48;1,49;15,83;9,76;24,9;5,33;6,7;8,43;23,12;51,79;18,21;2,06;11,45;22,39;28,64;1,37;9,74;18,83;19,61;33,66;2,83;28,21;22,91;8,45;0,64;5,43;6,21;24,35;34,85;20,59;12,93;21,42;9,79;9,3;6,18;28,29;30,44;28,08;18,66;9,75;6,91;19,51;6,74;13,99;14,4;13,07;4,65;3,43;6,14;4,34;5,399;;;;
29/05/2024;9,0;4,01;1,5;20,61;3,48;8,36;22,52;17,98;16,58;18,1;5,02;4,13;3,31;9,91;3,37;5,77;12,51;4,5;0,04;16,35;3,23;13,4;2,1;14,81;2,36;18,22;17,6;10,8;1,48;14,78;14,23;14,73;40,77;11,53;5,09;34,87;19,03;33,34;17,0;44,56;9,12;30,8;28,11;23,21;48,75;46,5;32,78;23,57;34,89;7,23;3,18;35,63;15,25;2,21;9,16;37,65;22,75;26,94;15,12;6,38;33,19;9,63;30,26;27,87;14,85;28,49;21,58;2,32;30,54;35,09;9,12;25,94;25,99;7,96;34,64;24,8;24,08;14,35;21,45;6,3;2,78;30,51;22,64;10,56;23,43;12,92;19,65;18,06;23,22;7,73;14,41;0,64;12,0;1,57;3,94;6,0;;;;
30/05/2024;14,87;9,31;10,71;10,95;19,18;8,91;0,15;3,57;3,5;4,49;18,48;9,05;1,52;4,38;13,47;6,62;9,61;14,08;8,0;3,14;19,66;8,32;11,61;11,64;0,25;11,49;0,03;7,42;1,18;18,38;31,1;33,4;22,78;10,72;19,79;9,58;32,91;21,4;24,22;32,67;19,34;24,88;13,06;24,54;43,06;48,47;37,1;10,7;8,79;15,06;49,77;1,88;24,71;20,92;9,64;53,8;22,78;30,08;28,18;16,69;4,15;21,72;11,12;0,17;31,33;31,59;16,45;11,04;2,45;2,76;22,61;17,91;28,66;19,09;17,72;18,64;1,59;25,74;21,96;34,22;6,77;25,17;6,13;6,68;26,27;3,42;1,43;9,74;16,43;14,11;10,0;11,39;11,28;15,05;15,0;5,1;;;;
31/05/2024;17,92;21,49;11,52;2,08;18,41;17,33;4,71;8,98;20,57;9,09;8,35;17,14;12,89;2,77;0,76;5,25;3,98;14,63;3,7;10,52;1,69;17,87;21,66;0,26;5,17;3,74;12,86;16,65;0,85;5,26;29,02;20,05;4,83;28,34;49,28;31,24;36,21;45,04;20,14;29,36;50,27;34,55;38,92;12,51;39,64;13,79;6,06;34,67;42,09;41,67;50,27;1,06;6,45;29,1;21,67;6,8;33,58;9,57;15,33;33,82;7,92;32,36;25,9;6,96;12,36;17,81;10,16;35,65;28,02;32,75;1,86;11,96;11,26;4,81;0,88;10,04;4,56;7,19;2,56;29,43;0,55;5,48;31,01;14,11;20,93;22,4;3,79;2,72;2,89;0,58;1,9;6,13;12,09;20,04;2,9;5,7;;;;
01/06/2024;21,22;14,68;7,4;21,0;10,91;21,34;12,68;12,68;15,68;9,6;7,49;19,56;18,89;10,1;2,58;5,21;7,31;17,86;16,88;17,79;10,15;20,4;18,82;23,39;6,72;20,3;21,55;13,18;20,91;29,0;6,96;47,92;29,22;27,31;41,97;32,5;13,47;30,76;24,55;7,15;44,44;13,03;16,97;13,09;26,72;36,42;10,55;29,12;2,28;10,32;13,46;29,32;5,06;46,18;48,77;39,35;1,32;3,54;19,57;20,9;21,83;4,79;20,22;6,2;8,43;31,39;23,35;23,41;14,61;42,94;29,63;28,91;35,63;21,7;28,14;17,16;39,18;38,16;20,73;7,04;18,57;0,06;11,92;8,04;16,01;10,54;5,91;22,93;15,9;11,2;8,22;9,56;15,1;2,36;7,55;5,101;;;;
02/06/2024;1,74;14,95;16,89;17,73;18,28;21,13;16,39;3,95;5,37;10,86;14,9;12,69;14,5;19,32;5,81;20,63;0,87;7,87;3,14;3,16;3,48;6,01;0,82;12,7;21,09;7,84;9,59;14,94;22,03;37,2;23,63;14,09;12,05;17,81;24,45;12,54;7,78;44,75;20,84;0,3;38,23;38,73;33,51;16,05;20,13;14,46;47,58;8,12;32,2;3,3;48,99;42,49;9,98;36,81;23,79;45,68;6,3;30,75;19,82;22,96;26,42;31,62;7,16;10,09;19,73;32,66;16,87;26,55;9,33;9,39;21,05;40,06;10,07;7,23;17,29;14,55;26,66;8,22;24,0;27,42;8,07;14,59;4,74;1,1;8,07;21,04;14,83;16,63;0,38;15,26;12,47;14,0;1,11;13,81;18,68;5,4;;;;
03/06/2024;2,69;2,0;19,05;15,03;22,76;0,1;18,28;2,64;21,34;20,11;11,25;20,08;16,88;20,15;3,84;1,26;19,53;10,69;7,74;0,03;17,05;0,98;4,24;4,06;19,56;21,18;29,46;9,89;13,77;35,49;11,07;49,53;26,02;41,19;20,13;40,92;44,24;31,92;14,65;42,68;21,42;9,74;28,73;35,27;26,61;38,03;20,86;16,42;5,37;36,99;45,46;26,23;43,4;11,9;52,08;16,66;37,44;13,89;11,45;12,31;43,88;0,07;7,94;30,82;36,2;18,39;3,69;18,87;28,15;16,33;32,4;29,26;27,77;4,89;8,49;42,77;16,03;27,38;26,6;8,14;20,51;35,57;6,56;7,0;4,26;6,97;17,05;22,08;6,98;16,81;20,09;17,88;11,16;13,73;4,84;5,1;;;;
04/06/2024;1,03;1,95;19,26;14,41;8,85;16,45;13,96;13,99;1,62;1,65;9,31;9,69;1,56;7,17;13,01;0,95;17,24;8,41;7,65;5,89;0,9;10,64;11,59;15,89;0,77;13,71;15,36;18,64;17,3;5,3;11,28;17,07;46,82;46,11;7,59;34,57;13,91;12,54;24,29;23,42;38,95;27,14;38,03;13,86;36,02;11,33;24,64;13,58;29,73;29,86;27,35;6,28;8,36;40,74;42,45;40,64;29,73;16,89;41,61;14,41;15,9;32,39;22,31;16,72;35,98;24,77;19,15;23,79;6,78;37,56;36,48;12,73;0,59;27,14;27,98;36,14;16,75;34,06;27,41;0,46;9,47;20,38;23,92;11,54;2,27;22,92;16,21;12,82;19,02;11,44;9,96;8,7;1,99;12,27;8,42;5,1;;;;
05/06/2024;3,97;6,07;11,76;4,4;16,76;6,67;4,96;20,52;11,73;15,78;4,04;19,12;5,05;8,28;9,31;7,93;9,28;5,97;9,2;20,28;9,46;17,71;10,75;13,42;16,77;2,29;14,63;19,1;20,17;24,54;7,66;52,21;28,11;41,94;29,08;8,01;21,62;47,45;19,62;44,54;29,54;47,59;19,18;39,6;35,82;11,73;8,79;27,25;33,76;10,69;22,61;21,38;2,1;35,13;48,79;36,35;18,15;51,02;41,66;16,8;9,79;21,68;32,11;29,93;21,71;15,75;12,27;31,96;17,58;38,48;29,77;35,43;35,39;11,0;37,53;4,11;13,95;24,75;6,72;18,21;31,25;21,99;22,28;1,42;6,9;21,18;19,57;10,64;21,45;17,29;16,2;6,59;13,44;13,25;10,59;5,7;;;;
06/06/2024;18,11;20,67;11,2;6,49;14,49;13,67;11,17;6,75;16,63;18,86;0,78;7,31;12,98;8,2;2,04;7,56;16,25;12,93;3,59;5,29;11,72;12,4;3,23;9,21;21,67;20,99;10,72;8,47;24,38;35,92;36,18;20,49;31,95;5,71;36,23;20,59;7,31;32,97;15,07;31,69;5,74;10,12;9,95;7,43;17,59;40,89;31,19;2,89;18,83;31,75;3,47;19,69;46,19;46,1;47,67;28,97;37,97;1,02;35,38;19,86;20,15;22,47;4,19;23,98;8,15;17,93;8,63;23,3;31,29;33,92;37,13;23,14;28,24;12,72;18,3;5,24;3,0;25,17;18,76;13,97;19,48;27,6;22,94;0,41;0,26;19,21;18,64;9,17;16,89;0,98;3,21;10,99;21,34;9,53;8,45;5,7;;;;
07/06/2024;15,19;22,79;22,78;2,81;10,38;4,25;17,51;12,85;16,96;21,0;17,57;7,59;16,55;14,91;19,85;12,44;14,22;19,6;14,62;12,06;8,25;0,8;24,01;4,57;2,84;6,46;26,4;14,55;14,96;3,24;25,41;55,2;41,83;47,43;21,28;1,52;19,9;4,5;23,48;49,11;21,2;48,47;50,36;34,28;23,66;22,9;8,95;48,49;38,46;34,74;35,07;10,72;48,14;6,63;2,11;41,28;9,94;3,43;28,99;25,71;19,06;16,51;26,8;15,78;29,83;12,74;6,74;31,82;8,85;18,61;8,99;35,56;28,66;9,18;23,39;6,96;40,83;7,52;13,86;18,31;31,16;28,72;14,39;24,98;10,14;1,8;18,7;21,3;8,47;14,76;17,09;18,07;13,62;17,71;12,83;5,1;;;;
08/06/2024;4,84;21,57;11,6;9,78;2,2;3,27;3,37;19,51;7,93;8,41;11,56;11,2;15,56;19,25;4,35;20,71;3,92;2,67;11,09;12,04;16,8;15,64;9,87;12,7;0,74;12,45;19,03;23,75;16,49;16,99;7,86;25,97;16,45;17,67;21,91;44,67;53,31;32,42;21,95;51,38;45,22;4,57;47,67;10,73;45,98;43,23;4,06;22,24;30,63;25,34;22,95;49,93;0,86;21,78;18,18;6,5;11,42;13,02;17,14;13,37;26,58;55,49;7,5;23,69;25,48;4,88;27,7;35,99;0,85;35,87;24,23;6,21;37,83;34,87;43,05;18,26;26,5;35,95;19,89;2,97;5,93;19,66;30,86;21,64;0,43;0,89;7,42;10,47;8,87;5,89;18,96;5,22;14,93;0,52;9,14;5,4;;;;
09/06/2024;13,05;2,1;3,95;9,75;11,01;4,19;18,1;15,48;1,08;1,69;18,24;12,79;10,9;0,79;14,27;11,38;10,3;9,96;12,63;17,13;9,32;5,89;18,88;5,53;5,3;11,6;14,56;14,72;27,41;8,29;0,88;26,6;27,24;54,99;6,02;41,34;35,15;38,54;12,86;15,44;40,0;24,35;52,52;11,64;48,04;32,25;45,93;42,31;37,78;6,6;15,67;28,52;25,94;17,16;4,64;44,83;39,32;34,62;7,99;19,71;38,7;10,12;37,79;25,53;9,48;0,47;6,59;22,99;40,25;26,9;31,97;3,04;7,66;8,64;25,9;16,02;36,19;14,0;30,22;0,56;7,33;8,65;15,02;1,4;0,03;23,54;10,73;1,49;6,86;17,78;0,24;4,93;22,79;5,14;13,14;6,3;;;;
10/06/2024;2,37;8,93;14,31;9,85;4,07;15,3;11,06;0,95;12,36;6,23;18,27;20,44;20,57;3,55;17,59;4,1;5,34;18,89;21,22;0,49;1,52;16,93;4,5;13,65;13,44;0,97;2,71;22,02;6,41;4,26;41,25;46,66;12,45;31,35;7,05;37,48;31,36;33,82;38,37;26,17;32,16;35,78;6,78;4,52;42,28;43,95;0,54;45,95;3,83;7,48;15,58;25,68;31,02;50,15;38,15;50,86;14,41;21,69;13,08;41,36;4,94;33,77;16,02;15,7;16,07;10,84;10,76;39,3;19,88;44,48;40,78;35,92;26,67;39,5;45,96;28,11;40,07;32,84;44,0;10,73;26,2;31,88;0,27;26,52;3,3;10,3;12,68;7,99;22,45;27,68;11,43;12,81;23,06;20,47;21,87;6,3;;;;
11/06/2024;9,29;13,2;10,61;19,8;9,25;24,23;5,7;2,33;15,7;11,28;0,03;3,63;15,73;20,91;19,93;12,61;22,29;13,06;11,81;19,88;5,68;13,35;10,01;15,9;0,47;19,68;9,1;4,26;21,52;28,01;23,94;57,52;14,59;17,44;37,68;31,71;22,94;27,93;10,47;41,51;45,2;24,07;31,49;43,38;9,5;43,84;19,94;26,81;24,71;11,75;5,23;16,56;7,14;53,46;31,6;30,16;6,84;22,28;17,71;28,06;13,94;13,83;39,55;24,3;38,01;5,83;41,08;28,5;47,44;38,65;31,09;21,89;30,58;15,38;44,26;41,76;0,99;0,7;2,09;25,17;4,73;32,96;14,26;12,87;7,16;20,56;6,96;10,91;18,43;2,3;5,86;11,37;17,4;8,2;10,89;5,4;;;;
12/06/2024;4,51;4,59;13,84;12,72;19,87;13,03;9,61;0,08;0,87;1,65;6,64;5,77;17,34;9,64;1,64;5,39;2,77;12,89;20,17;1,38;17,6;12,36;9,08;3,63;1,5;19,36;1,45;27,43;4,26;26,17;37,94;27,57;4,53;36,4;32,75;8,67;23,54;28,1;33,64;54,91;47,02;20,21;27,83;15,69;31,36;28,14;43,61;12,62;27,93;28,08;10,28;21,83;17,74;37,16;5,45;59,06;19,87;47,36;51,19;45,46;33,22;16,94;12,49;27,02;44,44;35,32;51,19;41,51;48,09;7,98;4,65;1,98;24,59;36,91;10,45;6,64;25,02;43,79;3,2;26,02;14,03;29,58;15,28;4,55;23,97;20,49;0,9;19,69;25,04;12,57;17,78;10,16;6,16;23,69;19,19;6,301;;;;
13/06/2024;11,54;9,81;5,56;18,52;8,94;14,08;19,72;22,95;17,65;22,22;6,99;11,85;6,16;17,28;15,05;14,58;12,56;17,41;22,01;13,71;12,72;17,5;4,34;8,71;22,5;2,42;8,65;3,41;9,12;33,86;17,93;23,66;6,6;14,71;30,26;39,27;18,48;31,09;32,27;2,86;32,94;18,42;13,06;42,11;34,89;51,87;21,68;32,87;32,48;3,25;39,27;58,81;8,41;7,79;66,65;20,75;70,79;1,35;35,75;27,3;41,0;13,41;14,31;30,95;44,85;31,7;30,67;15,37;17,66;10,48;25,37;17,41;30,74;42,31;38,92;49,26;35,49;49,59;8,56;40,56;52,52;14,93;14,65;23,19;32,96;9,63;31,4;16,5;39,03;4,24;23,89;35,88;3,62;16,39;20,52;12,6;;;;
14/06/2024;37,15;11,04;1,2;25,83;16,07;27,95;24,73;14,71;30,9;12,94;2,72;20,43;11,15;1,72;17,13;30,98;2,75;31,76;26,47;3,57;21,92;10,73;13,92;25,7;1,49;34,18;18,14;26,47;28,47;22,89;9,8;51,67;4,72;30,52;47,35;31,28;27,87;47,42;17,65;8,73;13,77;38,55;19,96;35,13;28,99;24,91;31,46;60,75;23,67;54,83;61,66;51,29;32,83;55,23;4,54;12,64;55,72;11,81;32,62;20,34;50,57;58,89;33,25;71,15;38,1;6,36;9,13;29,08;52,7;76,97;23,89;41,23;45,05;69,28;75,23;0,41;71,97;24,51;50,43;13,1;24,76;12,23;9,37;26,27;34,94;31,36;48,25;31,66;37,56;42,27;10,11;28,46;1,91;25,46;18,79;9,6;;;;
15/06/2024;1,07;2,45;36,97;32,06;31,04;2,79;17,21;31,92;20,24;35,37;4,66;3,14;32,48;11,26;5,83;1,72;24,5;18,62;6,17;23,16;6,4;26,88;28,13;30,91;12,9;20,8;32,54;33,93;32,02;7,53;38,49;33,96;23,54;55,99;36,73;50,9;4,32;52,01;10,9;17,44;29,86;2,11;14,01;34,16;14,89;42,59;26,95;23,89;19,17;32,56;51,02;34,05;51,19;70,44;15,39;28,33;69,87;40,14;2,92;29,99;47,28;32,73;45,37;19,69;47,3;12,28;30,01;66,11;67,16;15,56;58,99;64,63;48,92;10,56;22,41;47,91;34,99;39,89;27,06;35,66;5,28;35,33;6,95;31,78;32,14;18,21;13,99;8,43;4,76;8,35;2,65;17,47;9,73;26,04;13,83;8,7;;;;
16/06/2024;27,97;11,58;0,2;27,64;11,5;15,69;2,24;21,97;27,77;0,51;15,66;11,44;8,35;12,28;30,31;0,17;33,05;31,98;11,61;4,89;1,36;15,98;15,76;12,19;21,33;27,02;7,8;29,54;39,55;32,19;6,61;44,0;53,09;14,92;36,81;53,22;30,39;22,58;0,93;30,6;58,9;17,61;14,78;32,78;18,76;36,64;40,72;48,59;68,97;32,86;31,4;59,47;4,04;37,59;30,89;8,23;51,62;3,79;51,73;49,21;4,3;35,47;47,21;36,1;40,21;55,46;31,31;55,68;18,9;40,74;44,47;58,33;3,46;22,01;42,48;50,37;5,71;2,21;33,62;38,97;2,48;22,7;12,01;5,33;18,0;17,4;32,79;33,99;13,95;17,9;35,2;33,04;20,4;21,28;21,42;9,6;;;;
17/06/2024;2,4;3,27;34,12;23,15;29,79;22,49;5,27;9,62;35,45;23,28;23,88;29,35;2,86;17,48;2,55;27,1;26,58;27,18;13,6;38,61;12,33;30,77;9,71;34,34;12,83;17,75;6,48;26,29;17,57;32,57;16,41;30,92;29,55;20,38;20,02;24,19;31,85;30,94;1,3;19,24;14,31;60,81;11,15;32,91;55,83;34,8;12,61;4,62;44,96;3,64;4,12;56,34;25,2;9,66;37,56;58,39;54,74;4,75;9,62;64,86;70,62;34,68;38,06;61,63;0,21;49,67;38,06;70,49;7,38;69,0;48,55;25,84;63,84;8,62;66,37;62,41;56,87;27,01;18,49;6,48;20,04;36,75;45,53;2,89;28,3;27,33;32,73;9,25;29,72;19,38;12,27;12,11;3,45;3,8;28,88;7,5;;;;
18/06/2024;17,06;17,63;13,5;19,01;17,78;17,74;7,14;25,72;25,55;17,17;6,1;6,68;23,15;14,62;19,62;18,82;10,08;23,12;2,73;12,94;26,77;23,98;14,84;25,54;5,37;14,26;23,57;18,94;27,88;9,85;50,0;44,35;9,49;7,57;45,11;10,64;9,85;32,2;14,4;26,19;17,3;47,68;17,87;34,25;38,09;23,97;34,99;66,8;46,89;53,84;41,87;79,72;27,45;18,89;53,74;13,84;32,41;16,96;49,62;14,03;28,8;44,45;23,03;1,16;26,73;5,75;16,12;29,21;53,15;73,58;53,89;35,64;59,97;31,57;25,16;26,74;40,59;35,83;45,56;49,0;3,07;44,61;7,61;1,98;10,66;31,25;33,04;30,04;18,55;22,63;7,28;11,01;20,43;25,77;18,91;8,4;;;;
19/06/2024;32,22;13,34;25,64;2,95;0,97;15,72;8,58;17,42;15,46;10,42;11,01;5,69;30,8;16,31;11,69;23,75;16,59;31,74;18,17;33,35;6,68;17,4;2,33;6,53;3,48;23,69;22,79;4,75;15,55;43,34;19,58;35,06;17,66;42,68;5,35;16,8;6,78;15,7;37,17;13,7;47,15;23,34;0,76;5,46;51,22;9,49;45,07;72,51;29,42;31,97;26,3;69,15;59,62;40,03;71,28;15,31;33,83;13,36;7,27;26,06;13,19;2,66;22,84;25,3;22,35;21,92;7,43;25,89;46,08;61,16;66,0;3,21;61,61;5,33;44,86;63,47;40,36;11,57;44,74;10,89;12,69;19,55;22,96;25,79;3,82;33,45;3,18;32,32;17,31;10,59;27,12;9,5;27,9;24,73;30,72;8,1;;;;
20/06/2024;3,15;25,62;19,9;24,58;20,9;12,02;26,35;16,17;2,94;9,33;20,0;10,6;28,91;3,25;27,56;15,97;18,7;19,36;7,05;2,36;8,4;23,84;8,7;23,95;2,84;20,66;25,17;10,12;12,25;22,45;4,92;52,97;28,53;28,39;42,73;14,24;11,06;19,56;34,42;13,73;6,7;20,57;2,31;5,44;53,52;43,95;1,35;26,52;55,85;23,55;32,65;53,04;51,22;41,75;60,34;21,85;33,82;1,24;23,75;11,45;45,45;2,28;34,74;46,82;50,21;18,55;42,26;50,44;38,54;1,69;16,64;24,62;0,45;31,69;43,05;36,84;32,93;15,64;27,1;6,03;0,76;29,54;36,67;8,15;25,91;29,24;16,03;2,41;2,5;15,67;15,44;21,88;0,21;10,98;3,17;7,2;;;;
21/06/2024;2,15;20,18;27,59;12,2;3,52;27,4;23,08;24,61;3,07;11,34;9,32;5,51;16,79;28,66;14,28;18,62;29,15;18,46;0,99;29,65;12,97;11,52;11,45;6,35;8,95;19,24;5,17;0,63;15,73;45,65;28,54;9,08;14,62;41,96;34,04;25,63;33,49;49,34;38,04;24,5;20,25;6,83;13,67;26,07;57,75;8,87;5,69;53,57;28,92;82,85;60,11;25,58;30,24;70,6;73,0;36,36;65,22;59,27;12,66;52,92;28,97;56,08;5,92;38,54;50,81;30,92;56,62;11,65;67,47;44,88;29,3;71,16;34,53;36,74;42,47;51,77;65,05;13,5;65,85;39,27;56,56;29,46;42,9;41,41;1,55;6,27;30,94;5,88;29,34;16,32;24,66;20,82;9,52;30,35;11,9;9,3;;;;
22/06/2024;16,67;1,24;30,9;30,19;23,95;8,82;22,42;19,57;25,38;26,27;4,7;0,15;14,95;8,01;16,52;10,2;13,29;4,91;26,9;22,35;3,8;8,33;5,18;0,88;17,24;8,25;7,27;15,52;21,36;12,37;8,77;52,55;37,82;8,6;22,5;35,89;35,72;13,81;36,05;54,22;37,28;35,77;12,09;24,08;9,16;20,71;6,21;29,21;9,54;51,72;37,95;67,81;32,35;24,33;42,29;8,8;43,72;53,06;44,52;58,86;8,2;30,12;28,13;52,81;56,14;14,87;29,23;54,58;30,32;14,17;58,14;39,25;9,24;25,74;46,5;41,05;47,96;6,85;26,51;16,72;10,6;12,35;20,6;20,14;13,69;14,83;20,81;4,77;18,76;33,09;2,47;17,12;30,76;2,83;25,04;9,6;;;;
23/06/2024;21,5;16,03;31,84;6,45;19,89;19,11;30,56;24,52;22,22;6,62;7,83;5,93;20,7;11,35;5,78;18,98;16,81;12,88;20,56;28,32;22,8;3,47;0,48;27,59;10,94;12,49;21,46;27,27;5,43;0,01;18,36;48,15;27,7;41,63;49,74;21,88;9,76;49,34;5,28;17,96;50,15;4,82;6,75;23,85;44,46;2,87;30,62;52,82;28,17;20,02;7,12;5,1;50,42;50,8;71,22;0,91;72,96;49,19;64,95;38,97;20,93;32,55;60,41;37,21;63,07;0,45;51,54;48,39;56,32;10,06;10,21;17,97;6,28;9,89;52,81;7,39;30,62;17,94;25,23;21,9;12,0;18,44;29,88;24,06;5,3;20,5;8,9;27,9;5,79;17,23;0,18;3,64;21,33;0,27;25,45;7,8;;;;
24/06/2024;8,74;23,32;3,83;5,29;2,79;17,7;17,9;17,26;6,64;17,74;17,71;18,32;1,31;3,8;3,78;6,58;6,3;1,77;9,78;9,78;23,61;9,82;1,68;21,56;14,29;21,24;22,01;27,35;5,13;25,85;28,53;16,96;54,5;43,28;12,13;5,1;6,03;45,72;20,04;13,65;41,54;13,67;7,44;17,65;25,74;38,9;2,21;14,01;64,35;40,0;26,62;29,61;56,61;40,06;12,45;47,94;32,54;40,05;13,04;27,38;51,52;2,53;40,15;33,22;9,65;16,92;59,99;1,11;16,41;29,49;55,62;28,43;35,94;32,12;16,63;8,1;42,34;37,64;37,14;12,26;30,44;21,18;20,72;33,29;23,95;1,61;15,88;5,72;25,38;26,19;33,43;0,49;31,36;24,23;26,11;7,8;;;;
25/06/2024;9,75;4,52;10,86;29,38;23,37;10,02;21,28;15,96;28,68;12,94;19,97;11,85;14,72;11,99;26,54;8,64;13,68;3,14;9,17;18,71;9,79;11,65;17,9;4,8;17,36;0,73;23,72;24,19;12,71;26,8;53,61;3,47;38,34;9,42;22,88;5,2;36,77;36,97;31,7;11,66;19,7;6,89;1,68;17,86;6,58;39,63;50,05;30,27;71,84;34,77;55,96;1,12;16,93;8,3;58,0;41,29;39,36;7,13;46,99;21,12;15,21;0,36;23,73;44,77;20,63;31,5;6,67;22,99;23,59;26,76;26,8;10,26;3,34;23,6;35,83;9,25;4,93;35,79;52,12;43,25;19,93;35,71;36,18;11,28;17,34;3,51;14,93;23,21;5,93;16,13;13,31;12,06;27,53;22,41;10,83;8,4;;;;
26/06/2024;26,32;18,67;31,12;11,42;14,25;9,0;18,87;20,0;12,57;24,27;7,28;19,47;0,32;23,62;21,2;7,13;6,15;21,8;12,37;16,24;16,3;7,76;6,16;21,83;20,99;21,14;11,11;18,76;35,86;3,65;40,85;2,72;1,19;16,59;50,14;25,33;9,47;12,45;4,61;46,44;42,91;29,97;33,52;52,84;31,52;44,66;31,12;42,94;64,32;51,34;50,23;36,65;46,9;6,01;59,6;20,6;52,31;50,0;6,75;52,74;33,74;28,94;63,21;34,14;59,35;19,74;9,33;23,24;0,98;68,73;3,21;12,75;24,21;51,38;19,36;22,72;29,06;23,61;6,32;55,15;12,61;8,7;31,76;32,81;46,03;29,88;20,86;1,29;35,13;6,32;17,53;6,05;5,57;10,61;18,05;7,8;;;;
27/06/2024;2,8;5,15;23,12;20,03;4,79;4,24;21,53;8,12;19,96;7,7;22,13;9,65;3,31;23,36;7,83;4,06;12,13;21,57;11,77;7,82;20,44;19,62;3,98;7,93;7,42;1,04;0,3;17,23;9,88;14,3;23,17;33,28;38,43;7,12;16,16;47,01;44,75;14,58;46,03;23,8;17,64;9,6;26,44;36,03;54,74;64,48;6,88;49,62;12,07;57,11;22,23;65,89;6,16;35,62;51,42;89,6;46,1;34,7;27,88;2,41;51,62;8,72;56,58;55,79;26,88;40,28;40,05;46,12;9,56;65,48;25,87;23,38;30,71;70,26;9,92;70,58;70,3;12,85;36,83;63,16;28,39;14,03;25,13;19,26;33,71;38,89;0,24;15,63;3,17;7,66;32,37;37,54;28,47;32,16;11,09;9,3;;;;
28/06/2024;9,94;1,13;27,11;13,79;4,66;8,98;23,1;10,57;21,74;3,03;17,24;14,18;26,25;32,05;17,88;8,61;12,48;15,95;18,7;23,03;14,26;0,41;25,14;8,31;6,55;27,97;16,44;8,56;2,99;16,88;22,0;52,6;10,09;0,63;4,95;53,23;60,48;34,81;48,64;61,11;46,79;53,6;52,9;65,75;10,52;45,96;44,61;63,97;35,87;63,92;44,36;38,31;20,31;33,96;25,19;62,84;37,79;46,69;24,52;40,93;69,54;25,79;14,08;76,94;33,06;19,57;21,97;69,15;37,49;68,81;37,79;63,05;37,81;10,45;21,74;62,85;16,81;52,85;20,98;17,21;35,1;48,72;43,33;52,41;39,55;7,92;22,39;12,84;44,56;2,88;7,56;36,88;17,9;17,71;15,12;11,7;;;;
29/06/2024;20,17;26,96;5,3;29,61;37,28;25,96;8,77;10,93;4,72;29,66;25,54;3,07;33,69;39,47;31,82;34,52;17,08;21,92;7,35;18,05;4,3;37,41;19,87;9,14;15,4;15,29;28,2;11,54;19,11;47,94;56,34;8,91;39,99;53,15;46,52;21,18;24,62;24,29;40,8;45,65;41,02;35,88;15,57;62,19;9,09;24,71;75,13;77,67;65,43;71,29;61,81;64,78;64,21;24,6;81,45;35,45;27,63;61,46;46,14;17,14;69,23;48,84;11,12;70,88;46,82;31,06;3,43;31,49;55,01;49,78;38,91;5,63;6,25;75,16;42,81;31,43;33,18;27,46;30,19;22,33;11,93;33,46;22,85;32,86;39,23;9,77;25,36;37,15;28,3;5,55;10,96;10,46;32,36;4,5;7,48;9,9;;;;
30/06/2024;33,5;7,32;33,84;2,19;13,29;6,87;15,33;0,72;14,38;26,08;30,96;30,88;22,07;4,87;7,9;30,11;20,46;18,06;32,27;31,06;17,96;4,33;31,83;36,21;23,61;0,99;26,09;2,36;3,03;21,22;40,43;35,26;27,18;68,99;60,27;16,0;42,7;4,57;18,31;47,9;16,4;5,78;33,64;64,15;51,43;33,95;16,31;66,54;7,92;48,47;39,0;15,97;30,86;26,01;31,35;35,01;26,62;59,13;15,24;34,33;56,14;0,97;29,34;20,94;59,99;24,04;34,67;4,44;45,01;34,22;50,27;16,83;57,89;9,89;53,35;8,62;19,8;43,53;13,7;3,21;31,89;23,6;47,83;41,32;16,72;31,77;27,55;19,17;13,96;11,26;32,92;17,58;9,04;22,22;25,42;6,9;;;;
01/07/2024;0,14;5,34;11,02;6,93;16,97;17,41;15,98;19,23;3,06;10,28;6,38;3,89;17,2;11,38;10,43;9,81;18,82;2,51;17,12;26,84;0,21;9,08;11,7;12,43;7,15;0,29;11,39;21,51;24,42;30,11;24,04;19,43;8,21;12,27;44,62;40,85;34,49;30,4;34,36;15,18;15,73;41,74;14,0;54,69;10,82;43,42;52,65;65,02;9,14;62,88;52,3;41,27;24,82;58,89;2,02;7,76;55,94;28,02;18,96;17,86;8,09;43,76;34,97;71,23;36,98;13,74;21,24;16,72;67,34;38,94;41,87;57,4;22,24;71,4;40,75;33,74;38,61;28,84;50,97;35,45;19,59;35,05;39,44;46,1;0,01;20,08;0,17;3,84;8,61;5,36;20,3;5,41;30,15;5,05;30,53;11,1;;;;
02/07/2024;17,07;3,57;29,67;1,08;24,88;20,92;8,21;1,86;30,55;36,01;34,27;36,72;28,53;29,28;24,64;14,96;29,17;32,93;8,66;35,01;26,88;18,05;14,85;15,49;12,02;19,17;17,88;8,43;9,46;44,92;25,25;41,93;49,75;43,23;14,55;26,83;43,08;24,03;24,83;12,43;18,76;26,1;34,47;32,61;10,48;15,16;4,02;0,58;2,67;7,48;53,69;41,56;16,98;30,72;27,54;30,6;67,4;19,77;52,8;2,87;10,83;65,03;35,85;25,73;16,02;60,99;25,32;46,31;42,95;5,17;56,87;26,08;51,27;60,67;49,9;11,11;29,8;32,13;45,8;1,23;29,08;9,87;18,88;1,36;30,63;6,59;18,8;43,52;28,2;32,19;8,27;35,08;9,37;9,95;16,58;8,4;;;;
03/07/2024;2,23;28,09;21,37;16,99;12,65;25,89;11,75;2,41;14,92;10,64;22,29;24,38;15,39;6,72;16,52;2,6;25,46;23,98;3,24;28,64;10,06;14,05;1,25;12,5;7,67;16,41;9,49;12,76;39,21;27,95;0,03;46,09;17,19;34,13;66,01;48,51;7,57;19,06;45,37;25,69;22,38;58,1;29,88;67,71;53,43;35,23;44,48;19,25;52,96;46,54;39,04;68,21;13,56;58,83;52,43;46,08;10,98;61,1;36,26;29,61;59,57;48,24;12,07;13,8;62,58;39,58;14,61;63,48;57,97;35,22;20,03;46,1;57,98;34,68;25,6;31,38;6,83;29,97;7,36;29,45;2,93;30,58;32,71;33,82;44,26;20,62;14,04;8,47;25,74;24,25;19,94;14,84;19,34;37,24;15,68;10,5;;;;
04/07/2024;38,0;33,81;6,76;35,63;21,9;37,32;39,47;18,34;13,57;13,55;20,92;33,0;20,1;32,16;36,9;15,68;39,38;5,19;7,02;31,3;20,54;14,57;14,41;24,65;28,57;9,33;14,77;27,28;5,71;27,91;7,33;28,28;1,31;25,52;26,48;16,36;18,78;23,2;29,25;40,56;12,29;8,98;1,6;42,66;16,26;50,73;35,89;6,95;31,71;29,7;17,75;22,2;29,33;22,64;45,09;23,78;47,91;22,2;22,82;22,99;35,07;41,65;19,12;9,38;36,5;43,68;27,95;40,37;29,99;11,75;15,62;21,25;35,25;1,84;27,49;50,53;18,74;37,69;24,5;1,73;32,02;34,62;13,03;0,94;19,62;2,42;9,0;23,38;13,94;18,87;6,68;18,82;2,9;27,02;19,72;8,1;;;;
05/07/2024;23,47;0,06;1,35;2,1;25,23;25,69;28,35;4,66;8,84;20,56;12,28;22,45;7,88;3,9;2,17;19,86;17,53;5,75;10,24;15,92;5,88;17,71;4,08;20,73;13,07;0,06;21,73;0,02;31,16;33,0;17,66;31,46;12,5;28,96;42,78;9,36;1,66;22,25;46,1;16,88;1,26;2,39;28,83;38,54;40,33;22,21;44,86;37,87;3,72;25,87;17,15;30,86;19,65;48,73;41,45;22,49;29,59;2,63;44,05;42,56;41,99;12,37;1,02;29,91;46,85;55,53;19,63;43,85;47,68;10,72;46,31;25,22;55,09;55,38;25,33;20,36;19,74;36,8;15,69;10,9;19,05;17,92;37,01;37,63;19,1;10,15;3,46;32,31;15,86;1,28;5,31;4,46;17,96;0,64;8,24;8,1;;;;
06/07/2024;12,99;11,58;3,45;27,74;4,56;2,94;26,59;11,0;7,56;11,14;26,03;25,62;15,08;10,7;15,73;4,04;17,9;14,08;20,07;18,39;22,53;18,58;3,7;17,89;0,6;13,81;7,39;17,68;3,62;2,4;45,75;25,89;42,29;9,46;9,81;24,63;17,55;0,62;8,24;20,75;30,97;31,8;28,43;41,53;35,03;15,9;19,11;52,89;0,55;12,94;2,01;7,8;26,28;12,78;66,47;50,56;6,13;17,99;1,27;20,53;17,75;43,49;36,12;29,04;71,64;71,27;29,73;10,22;2,05;8,93;55,99;70,39;19,84;21,97;52,14;57,63;51,73;42,57;5,27;37,4;44,45;30,46;43,15;14,39;6,22;19,21;21,91;17,49;34,6;30,74;13,87;30,03;7,07;0,37;12,78;9,9;;;;
07/07/2024;32,22;22,75;18,62;9,59;36,64;5,2;33,0;28,21;26,78;9,57;24,15;26,81;0,73;0,72;0,29;23,8;13,67;18,08;31,65;21,67;28,34;17,65;12,0;16,85;7,2;3,61;20,5;2,27;11,24;24,68;41,91;54,43;17,84;35,79;3,69;53,47;21,02;1,94;64,4;6,39;51,78;65,78;50,9;12,88;66,63;5,21;58,88;26,77;4,01;49,99;39,67;8,62;1,89;10,35;40,68;88,61;87,6;77,17;78,28;11,76;5,5;6,01;12,93;34,6;16,28;13,01;67,18;15,9;57,95;0,1;38,64;25,71;67,0;45,45;46,28;11,76;28,52;18,03;12,7;10,1;26,19;32,13;50,84;30,37;36,84;4,88;37,97;31,26;36,26;5,96;2,37;9,73;17,12;8,81;16,67;9,9;;;;
08/07/2024;23,91;17,86;21,21;16,48;12,39;28,17;31,12;13,93;30,21;7,26;28,75;4,32;13,43;11,5;25,56;13,95;30,84;29,97;27,22;12,35;8,73;10,2;14,83;16,83;9,34;9,22;22,35;19,76;4,26;31,83;16,78;3,04;10,44;31,7;44,37;2,73;7,64;28,12;9,92;22,2;11,99;47,17;26,11;20,91;55,86;30,83;52,17;11,21;65,36;49,25;66,08;39,41;37,69;41,75;33,82;77,44;59,46;3,47;81,82;17,27;59,89;3,09;20,66;13,16;4,77;7,72;4,44;27,93;28,88;5,34;55,4;15,44;35,09;51,01;46,39;14,16;56,02;31,81;46,68;40,33;9,02;5,94;12,0;21,28;5,71;5,51;2,26;6,83;3,33;2,7;6,53;14,02;4,29;21,79;2,87;6,3;;;;
09/07/2024;19,69;9,83;4,24;10,48;8,38;9,96;6,78;9,96;8,33;23,16;18,46;8,66;8,45;23,7;12,78;0,41;11,31;11,44;7,0;16,71;6,34;24,61;6,05;7,43;3,04;6,53;10,4;11,91;10,47;21,93;31,89;28,25;43,26;45,24;31,69;36,32;17,48;3,28;42,29;2,4;7,21;8,17;10,49;39,8;32,04;54,36;40,64;1,67;47,89;25,96;24,04;19,51;44,0;3,35;3,36;47,06;55,71;32,72;2,58;21,03;7,0;1,01;34,79;24,62;50,54;1,78;29,4;10,63;61,21;57,57;4,96;38,3;21,88;11,13;53,42;4,16;55,85;44,56;36,02;49,2;24,73;20,4;40,03;13,83;30,64;15,99;27,87;35,16;23,07;9,92;32,03;17,04;10,88;11,51;15,54;6,6;;;;
10/07/2024;7,32;15,94;0,86;21,62;6,04;8,54;12,68;11,95;13,02;20,38;9,71;14,02;16,3;14,53;5,13;2,35;9,83;4,77;16,3;8,0;10,52;7,21;7,38;15,96;17,31;6,28;5,8;20,23;9,37;40,68;18,98;29,28;21,43;30,82;22,81;23,37;14,65;31,6;17,33;16,58;21,13;14,0;38,5;25,38;16,61;26,73;43,3;35,57;29,15;55,8;21,26;7,22;25,91;21,18;25,87;53,08;69,25;26,48;23,77;36,54;37,45;44,62;28,46;21,79;24,07;8,05;12,5;22,19;54,91;11,59;57,17;0,83;59,44;47,95;28,48;35,05;29,05;42,11;52,3;38,01;50,01;25,74;8,18;22,94;0,37;2,84;37,78;31,58;20,27;8,75;27,72;18,58;17,62;24,7;28,92;7,2;;;;
11/07/2024;10,78;5,09;0,66;22,74;21,58;6,35;26,67;8,01;20,8;28,86;24,93;9,55;15,96;21,04;20,98;0,43;29,11;25,33;2,19;1,96;28,34;9,92;19,48;1,9;21,49;4,79;2,5;16,46;36,52;51,21;25,23;45,95;35,03;48,93;50,42;23,05;2,26;55,7;12,7;55,03;40,53;49,03;6,94;32,66;75,36;37,95;55,16;51,06;6,16;8,55;38,47;48,02;9,24;32,74;38,44;46,19;59,91;66,66;43,47;45,44;36,08;59,52;5,68;8,89;48,79;19,43;63,96;40,06;11,88;0,65;31,46;2,72;55,4;6,9;17,77;60,57;45,16;38,16;0,18;52,89;15,78;25,66;4,17;28,3;17,66;3,58;3,71;14,43;2,12;18,7;28,25;32,9;7,43;8,08;0,24;9,3;;;;
12/07/2024;9,81;29,69;20,65;16,74;11,4;7,23;0,59;15,01;9,67;14,0;33,03;4,82;1,92;14,58;1,41;28,13;22,06;29,47;32,29;26,53;27,57;22,71;17,33;22,26;17,55;6,26;0,11;1,39;37,04;45,9;42,94;24,74;10,21;2,29;39,93;47,12;8,16;46,23;15,21;24,09;41,48;36,69;28,46;42,62;62,26;25,55;59,39;65,51;66,89;48,48;58,37;16,71;6,21;2,03;13,21;5,52;52,6;64,05;7,77;25,79;26,63;10,64;8,6;53,51;57,84;43,64;54,09;5,32;32,87;9,66;35,92;3,54;51,86;58,96;15,47;11,85;45,89;7,33;29,84;6,77;11,43;19,34;7,26;47,8;15,76;41,11;27,74;19,58;31,78;13,81;3,6;31,74;10,66;26,58;31,81;9,6;;;;
13/07/2024;7,96;30,51;37,09;38,93;1,43;15,66;31,41;12,78;15,94;18,11;10,26;9,36;11,73;18,39;29,39;23,87;29,23;36,2;32,95;21,09;14,36;0,11;6,65;12,41;6,42;6,82;2,13;17,4;32,27;12,51;33,33;43,74;3,12;33,12;8,63;49,03;29,02;31,67;17,93;37,26;52,1;55,25;1,99;62,57;52,04;33,24;9,97;23,21;14,54;21,11;54,41;32,05;5,56;51,76;57,21;64,4;53,37;67,67;18,85;19,9;44,58;28,6;47,37;26,26;29,34;55,94;19,18;35,63;11,43;51,63;15,35;13,5;50,29;54,34;42,42;23,61;18,28;14,03;42,74;5,97;2,85;21,93;16,75;24,73;8,32;10,8;21,19;20,72;23,79;8,83;5,94;23,9;20,38;19,76;19,36;6,3;;;;
14/07/2024;21,21;12,5;11,23;21,38;18,35;2,78;3,11;9,69;4,86;22,21;2,02;22,66;20,62;3,03;22,54;2,91;0,7;9,09;14,47;16,84;16,05;21,48;17,64;7,4;15,11;20,78;4,99;20,05;19,22;43,9;12,36;8,89;2,69;36,48;8,2;12,78;37,58;0,79;20,45;34,61;48,82;40,87;11,39;16,05;36,11;12,85;39,37;24,21;33,54;32,07;33,31;44,98;45,57;36,53;1,68;42,19;51,01;29,31;44,67;7,0;14,96;3,97;30,25;36,1;11,26;24,18;15,86;9,95;32,25;47,46;35,5;14,72;34,98;1,97;17,9;36,79;14,75;41,91;0,63;31,41;39,85;7,26;8,46;14,41;25,07;7,4;10,72;25,65;5,08;0,43;25,19;3,75;6,65;24,89;4,9;7,8;;;;
15/07/2024;31,89;24,93;6,71;13,28;3,89;9,91;30,96;15,86;18,5;26,29;16,62;9,04;26,92;27,39;18,83;16,57;20,07;22,01;3,5;25,98;11,7;25,26;9,11;10,02;15,37;24,41;8,91;22,47;1,98;26,69;6,68;12,58;8,3;11,42;50,8;6,02;16,59;34,21;26,79;25,99;10,59;3,65;14,01;48,09;7,86;29,2;21,33;57,64;44,3;39,93;15,96;15,4;38,72;59,61;43,23;13,82;34,46;20,78;12,04;22,4;5,11;18,09;20,99;1,96;39,39;28,62;25,5;6,82;30,19;32,86;50,07;34,83;2,61;5,07;34,02;45,23;40,4;26,68;16,34;27,24;20,9;37,54;29,68;7,1;5,95;2,29;13,17;9,13;15,59;8,17;0,78;20,99;21,16;9,7;1,23;6,301;;;;
16/07/2024;21,66;18,96;15,05;9,7;12,33;7,29;11,08;0,04;19,78;16,36;5,09;1,19;22,71;21,43;16,25;10,73;0,23;18,16;7,1;18,88;17,09;4,6;12,32;22,13;18,4;12,06;1,06;8,73;9,57;1,58;7,77;8,07;9,17;26,12;30,71;35,76;40,75;33,78;37,26;0,13;4,8;41,01;29,45;42,78;25,01;47,22;13,89;4,2;16,23;39,22;38,37;39,6;48,59;22,6;7,69;7,35;26,07;16,75;22,33;52,94;43,74;43,86;26,94;53,95;41,83;9,49;21,16;27,95;17,73;17,73;10,25;47,48;19,39;4,71;20,76;52,6;17,7;29,27;33,78;18,98;0,89;14,77;39,41;20,81;27,13;22,43;21,44;21,21;22,89;4,9;27,45;2,88;4,85;31,76;4,41;7,8;;;;
17/07/2024;2,17;7,49;13,01;29,67;26,05;0,97;30,91;26,72;2,12;17,88;8,16;14,93;25,93;20,38;2,21;23,91;18,17;5,47;17,01;13,3;15,94;6,62;22,96;9,37;12,27;18,25;22,65;7,55;3,73;0,31;17,59;37,66;0,83;34,58;0,49;37,26;34,0;39,67;13,69;2,9;15,37;36,73;42,33;44,82;34,63;29,49;48,59;32,94;19,9;24,6;22,35;53,42;23,07;63,56;44,92;10,38;11,83;3,58;37,88;12,96;2,34;10,52;51,41;1,61;3,73;52,89;45,25;20,41;47,46;2,09;0,84;34,71;16,39;3,86;13,68;49,94;57,38;0,63;38,48;28,03;47,75;29,69;20,8;7,63;29,82;6,62;19,21;13,11;25,12;0,78;28,1;1,81;21,5;1,77;16,33;8,4;;;;
18/07/2024;3,26;30,93;10,74;28,83;7,7;13,74;16,2;19,14;1,07;8,93;21,95;21,82;8,91;4,48;4,5;12,03;5,86;11,1;11,0;0,42;6,46;6,94;11,32;8,06;8,47;1,2;6,83;15,83;15,53;38,66;22,88;53,89;35,4;16,49;34,09;39,93;33,84;39,56;18,05;25,29;3,55;6,53;42,22;28,99;55,56;58,9;29,23;28,87;49,59;22,26;6,51;34,97;50,0;44,54;2,79;47,64;23,71;27,04;47,44;27,86;1,44;35,64;46,22;63,41;18,6;40,9;24,77;20,93;52,03;49,44;17,2;3,81;24,61;6,05;38,77;6,22;25,24;16,87;6,05;45,89;39,64;41,48;27,32;29,78;12,32;6,73;3,1;30,69;31,91;21,72;19,67;21,76;27,9;1,62;14,71;8,7;;;;
19/07/2024;23,47;11,94;0,58;28,16;2,6;14,04;15,1;4,74;15,92;9,6;6,54;18,04;26,13;4,51;6,2;15,63;15,03;20,0;10,0;3,91;9,39;6,31;18,31;12,5;25,17;19,27;0,25;13,51;14,95;35,84;16,71;40,24;44,25;8,92;2,72;7,12;39,46;10,06;43,73;22,93;35,29;30,99;57,89;25,26;24,45;53,81;62,44;4,7;44,58;25,48;70,57;21,89;40,02;1,76;38,02;19,25;14,6;36,6;53,65;1,71;44,71;35,78;39,45;33,26;15,48;19,81;2,1;49,03;62,22;17,69;21,64;63,3;30,98;16,41;44,44;23,61;25,1;52,56;6,75;24,17;33,27;40,83;27,77;20,86;31,64;36,91;2,74;23,59;3,66;17,39;14,15;35,93;34,22;25,55;35,58;9,6;;;;
20/07/2024;11,01;5,76;37,77;24,51;0,05;11,97;33,69;31,81;37,0;2,77;23,2;31,64;22,38;11,88;13,05;15,58;9,79;9,88;25,02;21,71;22,44;5,83;21,85;24,85;19,91;21,92;13,44;25,47;28,48;5,48;43,13;41,76;0,2;42,24;24,17;18,37;19,96;39,62;17,53;32,92;0,99;46,9;48,01;74,85;73,44;73,47;18,51;31,87;23,02;24,09;29,32;21,03;58,37;42,15;43,54;16,93;6,18;52,61;69,97;69,62;55,7;61,84;60,79;24,47;33,88;36,78;30,21;74,74;72,08;62,31;60,54;69,12;67,45;25,38;56,52;41,33;61,97;49,17;1,88;12,19;11,84;52,93;15,61;40,68;15,2;31,54;11,34;31,43;2,09;40,82;20,49;12,52;0,17;20,59;38,21;11,1;;;;
21/07/2024;29,81;35,34;30,65;23,36;14,58;8,17;19,38;35,64;15,0;0,95;28,69;39,76;10,23;37,53;8,23;20,44;1,65;24,32;15,83;10,96;14,02;19,09;12,03;18,06;11,65;14,42;9,48;16,62;7,68;9,14;7,61;32,42;22,34;6,87;4,7;5,56;33,25;51,0;21,36;38,1;19,69;66,64;54,13;60,32;56,41;39,68;69,92;39,21;66,68;75,13;2,68;47,99;23,5;82,1;60,78;76,31;64,07;34,43;1,21;51,37;15,19;64,39;49,56;45,77;21,82;67,26;71,83;2,97;50,46;27,24;23,92;47,37;1,06;22,4;38,97;34,38;49,09;39,92;32,89;52,65;43,87;27,93;27,55;0,03;10,79;13,72;5,13;3,57;38,09;18,17;27,28;1,41;18,63;4,92;36,0;11,1;;;;
22/07/2024;15,25;29,51;30,3;20,25;36,26;29,18;23,78;21,58;7,7;32,54;0,08;3,07;15,51;31,53;37,04;17,46;36,73;26,7;32,04;37,99;16,7;21,14;2,7;7,75;7,17;13,76;32,4;31,15;40,54;23,58;42,38;45,51;36,18;28,89;16,49;47,39;18,6;9,67;37,12;2,37;38,9;19,26;56,6;58,8;54,38;56,28;56,56;33,27;60,6;3,67;9,57;0,45;59,46;25,3;7,86;23,97;3,62;70,59;24,4;45,2;44,27;32,79;45,91;13,56;54,91;2,27;24,34;8,62;15,26;66,31;48,83;41,97;76,65;52,91;63,33;42,98;15,31;12,03;49,84;43,12;57,82;33,55;48,08;8,49;24,91;36,51;33,78;18,31;16,15;23,99;23,65;25,95;31,77;17,02;2,41;9,6;;;;
23/07/2024;17,59;24,33;22,82;33,29;20,55;31,55;12,55;23,54;7,07;22,43;24,84;5,12;10,32;3,15;23,21;0,4;28,27;25,83;25,12;12,34;2,21;15,67;15,78;12,49;13,61;20,41;19,15;19,19;8,75;44,03;31,15;49,38;19,17;46,75;25,37;10,93;8,0;53,94;36,2;24,55;31,26;45,69;68,1;44,4;63,19;12,83;39,75;79,39;43,35;39,05;4,12;51,3;73,18;0,11;22,61;10,46;15,07;83,92;56,27;37,51;59,64;43,39;11,29;22,79;33,89;65,12;51,29;59,93;0,36;66,64;60,67;23,95;19,57;48,4;21,93;33,23;19,11;46,02;50,37;2,68;22,37;48,71;17,35;25,03;28,68;24,86;19,7;27,34;5,5;26,24;23,2;23,43;14,89;37,27;6,76;9,9;;;;
24/07/2024;11,37;32,24;18,74;30,03;5,26;37,8;34,2;10,37;40,32;23,67;15,89;7,81;19,08;3,92;36,21;7,06;19,11;2,37;23,63;10,57;24,18;3,0;12,31;17,56;20,47;19,67;19,93;20,3;42,41;8,83;20,01;57,68;56,05;36,82;30,18;8,78;61,41;25,22;46,89;23,39;53,94;57,63;9,43;18,84;29,3;44,19;42,41;2,37;41,42;39,59;39,54;61,88;33,22;70,46;19,01;1,88;43,93;33,93;29,95;7,97;31,56;45,5;37,01;56,07;16,86;66,44;23,55;10,75;73,71;44,06;31,82;47,79;13,05;62,93;63,49;68,04;3,33;2,36;11,38;38,79;11,46;38,68;1,7;50,15;25,49;33,31;45,22;8,52;23,87;10,66;34,51;43,82;42,83;16,04;30,46;11,4;;;;
25/07/2024;22,32;43,46;34,77;2,75;3,16;40,54;9,4;41,62;10,31;36,63;38,4;26,02;38,04;0,59;29,35;24,38;31,52;4,21;9,04;0,38;39,94;7,91;15,23;7,57;12,88;5,77;19,81;0,71;3,87;49,1;44,58;61,21;29,12;68,18;61,59;68,77;52,29;4,52;63,57;62,93;57,31;56,85;68,38;60,79;37,95;80,35;76,4;21,03;47,05;49,84;44,82;63,63;79,37;83,47;56,21;9,1;75,38;39,03;38,74;28,19;1,17;59,27;58,18;36,52;8,79;24,42;58,14;61,38;7,16;23,35;9,27;63,03;27,98;28,79;13,76;5,2;2,01;5,6;65,14;16,6;44,79;50,92;14,9;29,77;8,88;38,05;28,25;16,06;12,36;31,84;4,04;41,9;39,45;0,08;40,94;10,2;;;;
26/07/2024;34,5;6,78;2,08;6,36;39,7;8,41;10,74;37,12;34,12;20,02;28,21;33,06;12,73;0,64;23,48;24,18;16,4;11,74;23,4;3,13;4,42;6,91;14,71;33,54;1,02;26,84;4,5;20,31;17,51;12,29;15,85;43,56;29,02;1,2;33,8;46,9;31,35;3,07;31,97;44,97;20,74;39,0;37,87;59,54;24,68;65,56;51,68;50,23;13,24;5,33;43,58;23,05;18,37;22,19;24,68;38,26;2,85;36,9;41,48;36,37;17,07;42,09;33,65;17,39;32,71;6,39;5,73;5,74;41,25;15,84;63,48;69,13;46,99;61,92;26,62;57,92;5,62;35,54;42,53;2,86;23,56;41,69;17,24;1,23;21,26;3,99;3,05;14,05;17,81;0,43;23,1;24,07;8,98;3,04;17,83;6,6;;;;
27/07/2024;1,44;6,67;11,47;15,62;9,99;18,1;15,55;2,85;15,39;22,26;14,35;10,39;13,57;1,3;3,4;5,1;10,59;7,2;11,06;9,17;23,25;12,24;10,36;2,46;19,22;16,72;7,12;28,0;30,99;46,41;1,5;27,75;35,27;15,33;46,75;20,24;34,72;1,91;33,65;45,05;26,72;26,71;16,76;5,99;13,94;37,01;34,44;32,29;20,12;55,63;23,04;5,68;19,31;39,79;7,57;27,26;11,05;45,73;51,21;38,74;2,15;33,61;36,32;7,61;3,42;27,68;17,96;32,16;3,92;2,58;14,44;15,95;33,09;31,72;49,76;54,93;0,91;5,44;36,04;32,41;1,95;28,92;26,87;38,06;3,51;11,17;22,09;21,59;1,19;4,51;11,84;40,56;28,14;20,69;29,67;10,2;;;;
28/07/2024;33,22;15,17;16,13;29,43;17,08;5,52;5,73;11,44;14,59;29,42;7,89;11,92;16,48;35,77;27,71;26,64;11,89;2,26;16,62;28,59;24,69;12,52;25,56;32,48;0,58;1,09;11,41;31,28;20,62;36,86;0,99;48,56;9,12;42,47;2,63;41,48;26,08;27,15;6,75;15,92;7,21;39,02;40,86;12,38;21,11;10,42;10,47;1,79;10,03;34,86;3,52;35,87;31,44;4,73;36,55;47,18;34,39;68,5;19,95;51,88;2,78;3,96;24,09;7,55;49,1;26,13;31,33;20,44;13,92;20,28;20,66;16,21;29,17;33,66;33,92;33,71;41,7;30,56;38,97;2,47;2,04;22,76;24,9;4,58;26,22;8,6;7,38;3,51;19,48;2,77;3,75;3,69;19,71;6,59;9,19;6,0;;;;
29/07/2024;0,37;22,3;19,57;1,76;16,7;13,52;20,87;13,67;4,97;6,25;20,13;3,51;10,59;7,54;6,11;12,28;5,27;22,55;25,09;10,12;16,56;2,31;13,51;17,02;21,28;15,48;19,2;9,05;11,38;4,78;22,86;33,71;39,76;36,16;12,03;0,29;40,27;8,21;12,02;47,43;57,58;54,72;60,39;56,98;18,03;9,41;53,34;7,54;31,56;41,62;37,55;33,85;16,0;32,37;52,75;47,69;32,99;29,8;49,45;30,95;57,88;9,49;43,07;30,86;25,87;20,12;5,02;17,54;12,96;41,46;41,72;54,24;57,16;2,92;49,48;38,11;7,76;52,8;9,89;10,28;50,15;41,5;6,42;41,68;40,34;0,73;9,42;20,66;7,24;26,84;1,92;1,07;4,48;17,57;33,46;8,7;;;;
30/07/2024;9,21;16,78;23,47;30,01;4,28;13,4;1,17;24,91;31,88;23,58;28,95;30,58;21,12;25,72;1,61;4,59;18,77;1,63;6,81;2,93;22,46;29,77;27,23;7,92;11,53;0,94;12,92;25,1;9,92;24,87;20,06;8,95;3,26;16,02;36,67;26,81;7,49;53,54;36,48;11,66;40,09;3,46;33,02;27,07;24,82;12,8;56,03;47,29;18,31;34,56;55,45;3,16;43,42;36,26;20,35;25,13;13,13;43,44;50,26;25,63;48,08;40,53;38,96;21,64;53,69;38,56;53,01;37,23;32,98;45,77;44,87;31,43;53,34;25,64;27,18;37,92;43,48;52,27;31,47;14,69;8,69;18,18;27,03;36,18;18,52;33,03;32,56;30,27;1,15;18,38;23,12;20,47;30,98;22,02;14,9;8,1;;;;
31/07/2024;12,47;4,88;9,9;20,68;11,68;11,58;19,49;10,15;27,96;28,44;18,97;21,7;18,54;15,84;18,86;28,25;27,29;4,89;17,37;14,58;16,44;26,23;8,3;21,19;15,98;26,46;3,37;17,3;1,79;12,29;31,84;15,17;41,96;13,23;34,94;16,13;6,33;27,6;6,6;8,96;14,15;20,66;54,51;32,47;68,39;47,92;77,79;8,43;27,68;39,73;60,36;69,56;47,26;58,69;42,24;31,14;34,59;66,56;19,03;44,72;59,22;11,52;45,39;31,19;45,99;39,41;2,15;39,98;64,51;45,23;41,48;25,5;68,28;48,73;14,06;31,33;41,77;19,36;10,09;26,04;11,11;45,4;24,76;39,52;3,37;17,77;5,19;15,44;29,64;10,46;5,48;0,14;25,21;18,76;11,1;7,5;;;;
01/08/2024;7,7;24,12;2,27;8,51;14,55;17,68;4,77;13,1;15,64;9,07;22,34;20,93;7,29;9,79;18,16;3,62;4,08;8,91;3,97;11,35;1,23;20,56;4,84;1,43;10,62;23,76;19,99;18,15;9,38;28,22;26,28;13,27;33,72;12,71;12,81;23,53;4,91;43,96;12,13;35,21;29,16;34,33;22,46;22,35;36,29;33,21;31,66;30,08;57,17;9,36;7,94;18,22;22,34;24,54;36,42;44,31;41,48;19,23;0,32;23,51;26,97;14,82;11,97;44,55;33,33;25,48;37,86;17,74;3,51;14,65;48,84;51,48;46,86;46,05;48,2;21,27;38,34;30,97;11,28;44,38;27,86;10,14;27,75;10,23;29,82;27,82;25,51;7,87;2,99;14,18;16,51;31,15;17,56;12,7;1,51;8,7;;;;
02/08/2024;23,62;15,15;26,88;9,08;16,25;5,1;20,25;3,38;4,52;8,6;18,26;17,23;16,79;13,52;20,91;28,02;28,78;28,23;31,87;28,18;7,58;20,54;15,11;1,31;12,82;22,68;13,94;17,09;12,77;32,83;18,07;7,74;1,81;28,74;17,06;3,83;16,92;23,98;6,24;51,78;5,32;15,52;33,24;13,24;36,49;50,18;49,53;17,78;44,28;37,6;15,07;24,31;66,92;28,73;39,05;24,9;31,44;44,71;29,27;52,34;13,82;23,81;12,71;19,37;1,26;41,98;15,21;6,95;23,3;7,09;9,24;33,98;27,34;10,26;31,13;6,79;24,28;15,67;2,13;42,49;18,86;1,22;5,83;1,11;26,95;3,97;23,18;3,25;26,67;5,41;24,7;26,41;28,41;0,3;11,49;7,2;;;;
03/08/2024;21,45;3,12;19,29;23,53;25,75;13,52;10,54;20,98;13,15;19,01;9,43;16,04;8,47;20,78;12,76;13,52;23,82;16,92;8,77;1,57;13,81;12,05;17,74;17,75;8,52;12,01;11,86;10,32;2,99;20,06;43,36;22,51;29,8;12,02;24,05;38,53;29,49;52,3;26,67;29,5;23,45;39,22;52,71;26,15;3,52;21,47;30,45;38,07;28,59;28,27;51,51;5,49;56,44;5,62;28,08;37,41;24,34;38,37;19,6;40,91;8,58;23,54;24,91;11,31;22,65;6,46;9,25;38,35;37,63;9,36;8,2;35,76;50,19;21,58;36,27;35,88;12,79;43,19;17,63;8,52;31,3;11,31;25,78;4,27;23,6;13,58;3,79;4,79;18,94;11,03;12,06;17,31;12,84;6,57;15,01;6,0;;;;
04/08/2024;16,46;8,8;2,02;13,32;22,25;17,95;11,37;0,22;15,77;10,4;16,35;11,61;3,31;19,29;0,67;10,34;18,95;20,75;2,95;16,7;7,4;2,71;17,41;21,48;4,41;20,34;10,66;20,26;17,91;41,58;20,38;18,98;27,02;23,36;39,52;42,77;40,17;1,95;8,89;11,67;22,96;12,61;17,82;1,18;60,62;22,77;25,43;8,67;31,13;14,48;33,57;49,65;34,3;46,75;68,17;41,99;23,81;46,49;0,55;30,49;4,74;40,46;20,16;41,42;3,24;18,27;31,53;21,73;31,12;18,15;27,76;13,21;38,92;9,56;23,22;9,56;18,48;20,03;1,61;8,08;7,92;34,02;8,65;35,46;1,07;20,26;21,05;20,41;17,72;13,73;21,97;19,82;8,56;1,63;15,47;6,6;;;;
05/08/2024;8,49;17,79;6,16;19,08;13,98;13,1;17,15;19,03;10,91;15,24;2,13;7,4;2,98;11,56;5,89;11,28;14,96;2,64;20,2;18,06;10,4;14,26;1,86;20,67;2,08;8,52;3,07;13,83;29,48;30,43;4,08;48,88;29,93;11,52;31,89;12,13;15,49;33,95;27,13;11,38;31,72;6,71;35,73;44,67;44,32;49,08;10,63;21,41;4,79;3,08;37,74;9,24;31,56;44,01;6,12;19,0;35,4;42,37;27,52;2,56;18,49;27,61;37,9;34,76;28,51;5,26;30,28;1,34;40,7;54,32;46,27;55,86;25,82;3,0;30,04;28,3;40,76;18,28;24,96;5,55;27,6;23,25;14,79;25,46;10,28;17,54;23,81;30,37;16,78;26,86;14,1;5,67;6,87;7,27;6,36;6,899;;;;
06/08/2024;20,03;18,16;2,99;13,36;3,78;21,64;11,22;10,97;7,9;26,18;24,25;24,04;12,79;0,35;1,39;3,91;5,41;27,08;4,2;2,86;8,95;13,63;25,42;13,2;18,39;18,34;5,49;18,21;10,77;3,57;11,49;24,8;2,47;13,74;6,06;0,03;16,43;23,94;26,26;47,05;0,07;46,96;8,91;4,63;1,7;29,59;43,37;17,74;9,12;16,63;36,38;35,84;38,06;57,68;47,07;10,63;38,9;14,7;39,36;45,87;45,21;21,42;3,42;2,52;52,63;12,63;3,34;39,94;26,11;27,84;54,16;23,41;7,82;42,2;4,17;39,41;11,67;22,38;36,34;1,57;34,59;42,81;22,39;34,97;14,43;9,24;36,24;23,78;37,71;24,01;16,88;20,16;4,0;36,63;21,35;9,3;;;;
07/08/2024;28,9;16,24;26,21;13,09;29,39;31,88;22,0;7,17;12,63;27,11;18,07;13,59;6,69;21,23;23,72;4,67;2,49;3,36;19,04;2,79;27,94;13,84;13,78;3,87;18,59;0,39;22,27;1,35;3,61;44,6;1,02;4,38;54,07;17,9;30,88;39,54;32,38;21,05;7,34;26,28;35,75;38,45;33,33;1,22;45,52;1,64;23,6;9,18;47,45;49,58;14,32;8,41;11,38;46,9;5,76;30,88;27,42;47,44;37,09;12,71;27,3;13,52;35,03;40,5;3,52;19,11;4,25;29,08;48,01;15,54;2,24;16,12;31,53;39,01;28,02;17,75;37,05;39,33;27,7;8,94;2,06;15,31;14,92;7,64;1,85;26,48;15,57;3,17;15,79;9,66;2,57;5,76;20,11;22,69;13,28;7,8;;;;
08/08/2024;14,29;26,95;24,82;4,46;20,87;5,62;13,44;3,56;23,5;9,2;2,11;12,28;9,26;1,9;21,32;11,33;13,22;12,15;22,5;16,45;3,05;22,7;8,27;26,61;27,65;19,16;7,3;5,92;26,79;21,45;2,36;32,34;41,55;12,69;24,78;41,7;10,1;33,02;19,68;18,97;33,4;16,71;52,09;27,06;30,57;53,85;26,17;7,64;51,9;14,76;9,88;55,14;52,15;42,71;29,25;26,35;7,81;18,89;10,54;42,42;9,51;13,34;11,67;52,29;37,71;13,9;47,12;17,77;1,71;13,05;42,9;55,64;6,31;8,14;38,25;43,71;61,01;12,48;2,78;15,25;28,24;43,92;20,04;5,85;39,15;13,44;11,38;24,44;4,38;27,94;12,59;10,73;4,12;11,28;15,02;7,8;;;;
09/08/2024;16,49;13,36;9,67;3,92;9,7;19,81;0,36;9,4;26,58;23,65;21,42;27,79;26,82;18,83;18,04;5,14;0,14;5,7;21,66;20,93;5,74;11,97;13,57;3,43;4,93;2,02;6,13;18,3;2,96;9,35;7,11;55,01;36,66;20,56;48,61;20,62;22,98;3,15;45,79;35,22;16,72;32,06;29,68;9,05;41,33;46,32;7,89;24,09;0,72;24,55;11,08;25,23;38,97;8,37;18,15;14,54;20,99;42,6;5,02;52,73;35,76;51,66;33,91;61,92;27,87;35,3;19,84;18,12;22,35;44,99;7,79;56,76;44,55;55,14;14,84;58,28;34,36;43,54;8,06;22,52;15,97;31,76;12,34;7,75;13,71;29,78;6,78;27,39;19,0;16,91;3,28;2,01;20,44;21,21;18,44;7,8;;;;
10/08/2024;1,18;4,36;6,55;8,48;6,75;27,25;27,91;10,09;7,38;19,58;10,25;32,38;27,44;16,56;23,99;28,79;20,38;22,39;6,03;3,27;14,18;27,24;2,75;9,99;27,66;7,83;27,45;10,01;21,99;33,54;36,66;38,37;37,52;52,59;0,35;60,96;50,94;51,33;12,77;45,66;17,65;34,34;22,85;52,25;1,68;45,6;48,71;31,07;22,08;28,36;28,96;54,04;60,15;48,76;15,99;43,34;62,21;25,42;30,37;21,77;22,83;32,83;41,96;16,82;51,31;41,36;14,62;74,7;43,4;47,66;60,88;9,78;35,75;48,3;66,79;0,29;37,93;55,82;51,44;6,36;48,25;9,18;34,03;0,13;39,94;20,23;12,62;17,05;24,44;12,65;14,87;20,22;24,85;8,71;19,09;8,4;;;;
11/08/2024;4,66;0,96;10,08;16,27;20,7;14,03;12,26;19,24;0,54;3,62;22,58;23,84;23,27;17,02;14,32;9,94;0,17;29,99;6,52;14,46;20,28;23,48;27,71;26,26;12,48;31,18;5,65;19,81;14,78;34,68;8,44;42,32;49,4;13,06;12,74;0,61;35,66;17,5;35,97;47,85;15,93;36,72;10,13;60,1;40,37;53,65;58,9;52,58;21,06;0,43;14,05;42,92;17,12;27,08;33,61;34,24;48,41;20,06;53,03;46,56;57,69;41,09;68,64;60,15;29,48;14,18;4,47;40,74;69,17;23,61;16,21;55,17;19,33;51,88;13,31;12,62;53,88;19,21;34,36;47,25;30,03;4,69;3,09;42,46;33,86;20,07;23,85;36,44;31,12;24,06;29,06;34,45;25,74;36,42;3,98;10,2;;;;
12/08/2024;28,07;39,65;1,82;9,04;0,51;6,52;38,06;0,83;1,04;6,04;24,86;26,59;12,72;5,14;7,3;15,21;1,03;2,2;24,13;18,76;29,78;29,39;27,49;14,84;8,22;27,07;0,39;31,92;12,69;6,02;24,37;55,45;35,83;23,41;52,38;50,38;2,33;53,36;44,1;33,88;9,37;50,89;27,05;79,31;46,33;1,66;70,66;75,27;61,54;10,61;61,46;34,65;35,4;18,94;17,2;9,47;37,18;9,19;31,04;76,19;10,02;62,36;21,12;51,24;35,02;47,53;0,69;32,66;4,17;41,89;66,53;65,39;50,01;34,09;15,28;55,99;34,91;36,81;53,55;14,25;43,36;34,9;37,0;7,0;24,55;31,69;32,32;0,37;32,06;37,4;28,31;14,95;24,73;19,39;10,3;10,5;;;;
13/08/2024;16,39;39,82;7,18;0,14;16,57;0,54;10,6;13,17;21,35;19,19;8,54;9,67;18,79;3,74;5,42;24,35;27,86;18,96;33,47;24,93;5,52;2,58;25,66;31,74;22,92;27,25;28,66;34,75;27,21;37,29;33,29;6,09;16,02;14,18;18,38;63,0;1,96;18,22;24,71;30,56;33,0;54,72;53,62;9,03;13,36;47,2;36,0;47,77;91,11;71,1;33,31;23,3;18,44;22,36;14,84;9,03;33,07;29,63;15,24;41,15;64,72;77,28;16,7;36,78;61,21;33,74;28,38;66,8;30,67;12,27;16,42;12,8;9,69;53,39;57,91;7,07;14,52;38,16;56,01;0,26;34,9;25,66;38,69;14,0;6,74;7,26;41,83;6,97;29,93;24,69;8,65;36,23;40,98;16,14;14,98;10,2;;;;
14/08/2024;37,56;38,18;2,45;26,81;15,94;19,59;26,09;31,27;23,73;1,05;21,5;6,11;2,96;33,37;13,85;27,04;6,71;5,4;5,14;23,18;15,43;8,26;8,29;14,44;26,53;13,17;4,41;3,58;25,3;23,15;27,37;19,18;48,41;47,44;9,36;18,0;15,88;26,51;47,59;45,48;47,3;43,42;22,53;3,54;25,95;34,41;3,37;31,06;38,36;43,83;57,31;53,32;48,26;30,22;49,15;27,9;61,18;56,01;12,61;53,09;43,57;24,84;20,31;23,47;58,36;10,44;36,84;3,69;51,2;44,0;69,92;3,62;12,6;48,06;41,36;72,4;49,32;43,58;14,03;40,25;34,09;3,89;29,51;8,86;47,73;6,73;5,98;3,25;17,64;6,82;13,39;26,67;1,52;2,97;28,18;12,0;;;;
15/08/2024;31,81;26,1;33,08;3,37;8,16;14,9;36,17;0,76;30,1;32,85;20,13;17,08;24,15;4,42;5,03;0,72;23,8;13,21;6,45;13,75;25,39;11,29;29,67;38,57;19,21;34,82;13,67;3,01;4,44;24,85;15,65;50,21;23,46;11,81;54,53;39,29;40,82;55,56;8,69;65,97;15,32;60,99;50,94;7,56;38,3;78,43;39,54;22,72;46,71;52,14;1,99;10,26;71,06;71,22;53,84;50,93;21,9;15,93;11,43;23,35;48,2;49,37;26,88;9,4;54,9;33,66;59,87;30,11;23,58;24,38;18,85;66,16;62,28;46,13;55,21;51,51;32,24;63,54;9,36;35,54;64,38;25,13;15,44;43,45;2,98;48,06;30,69;34,19;31,0;26,5;28,48;44,05;43,22;31,4;17,67;11,7;;;;
16/08/2024;37,47;28,66;38,62;22,15;21,43;8,87;5,4;44,72;15,94;28,2;16,56;34,39;16,27;43,22;40,48;42,76;41,43;18,67;31,11;17,53;9,62;35,9;23,65;23,18;28,52;21,27;28,96;1,99;21,97;38,99;31,63;19,26;60,55;46,69;33,68;2,55;42,77;43,51;45,21;27,05;62,81;30,82;5,12;58,38;86,23;29,15;76,44;4,27;15,74;64,94;6,41;61,72;18,85;30,09;50,15;67,68;12,27;50,97;88,12;71,33;82,5;3,54;3,27;36,93;33,62;4,19;16,12;75,06;29,15;11,0;20,36;42,47;78,66;10,46;59,31;20,41;9,52;25,32;11,19;5,0;42,35;44,24;59,92;34,27;42,17;17,1;16,86;39,74;43,96;24,46;23,82;31,17;10,05;2,43;32,04;10,2;;;;
17/08/2024;8,49;10,25;22,22;12,89;16,35;24,61;7,32;20,53;24,34;23,57;32,8;9,76;14,85;10,06;12,54;9,8;23,81;14,96;17,53;12,69;19,26;16,75;8,21;6,25;23,88;23,01;7,45;26,22;32,91;26,56;36,11;11,5;28,04;9,18;15,44;6,57;40,99;33,58;37,92;41,87;31,91;54,38;51,05;11,53;60,2;31,17;62,01;53,92;38,62;11,62;33,27;59,55;21,78;30,99;52,87;7,41;32,49;18,05;8,51;44,67;8,48;50,22;47,85;17,9;59,56;17,36;31,69;43,46;43,86;16,4;10,08;69,34;41,53;47,26;65,01;35,42;3,53;0,94;17,62;41,94;2,41;52,1;44,5;29,53;30,62;28,98;1,34;25,14;13,07;24,88;4,88;24,37;31,26;34,88;11,89;9,6;;;;
18/08/2024;20,58;26,3;2,7;9,37;26,7;14,14;18,19;7,42;6,81;20,61;19,28;35,76;20,46;12,34;28,59;24,54;3,23;15,98;31,19;14,58;3,65;28,04;15,48;31,82;16,94;29,45;0,11;7,42;34,95;23,62;31,43;42,14;19,38;52,58;60,64;8,14;53,11;17,76;62,43;1,48;56,38;25,91;28,31;19,62;44,1;63,68;37,24;45,02;50,91;36,38;6,6;56,12;65,03;31,79;30,4;15,02;65,42;8,73;10,25;12,55;56,97;55,27;44,13;47,09;60,94;56,53;34,53;9,48;52,49;31,61;45,75;2,38;66,76;42,14;29,6;31,55;49,23;2,54;46,54;23,63;33,6;40,46;38,95;31,17;10,13;29,18;34,95;1,85;7,2;14,32;31,62;33,48;27,0;31,24;0,41;9,9;;;;
19/08/2024;6,53;6,24;0,19;0,16;26,7;9,38;16,43;13,32;5,42;3,2;8,67;16,64;4,83;25,32;23,21;18,96;27,38;6,22;24,91;27,41;10,8;18,34;23,79;20,51;12,95;17,92;16,38;21,32;24,74;36,69;26,55;43,52;47,33;11,66;27,48;1,66;22,74;8,7;18,09;2,38;21,81;23,11;14,33;30,55;70,71;9,52;25,89;22,23;4,02;16,0;36,87;36,42;28,67;26,51;18,58;17,26;45,46;4,68;33,12;58,57;25,74;25,1;49,18;26,04;3,63;26,04;34,89;22,01;64,36;20,88;49,31;4,66;53,5;44,36;51,0;36,66;16,44;12,57;29,58;31,96;4,09;7,55;23,36;18,38;13,41;25,53;11,72;22,8;32,71;28,83;13,92;0,03;12,25;11,94;5,11;8,701;;;;
20/08/2024;0,52;10,62;32,49;6,87;27,35;8,88;19,53;30,35;5,15;11,57;8,3;24,59;19,58;17,29;9,3;12,81;32,52;31,74;22,81;9,88;32,28;16,16;17,25;6,86;20,53;35,98;18,36;15,8;45,43;11,73;2,79;11,59;11,83;54,38;6,87;1,69;19,02;43,01;11,41;49,8;0,75;44,4;43,98;35,73;45,17;6,87;11,19;19,66;13,77;15,34;45,13;67,98;19,96;66,65;8,42;5,9;20,49;42,15;9,43;1,81;37,15;63,43;22,18;50,01;41,4;29,6;43,18;65,1;64,75;1,91;32,42;74,12;9,64;57,58;29,22;17,79;12,97;0,91;36,59;36,34;22,21;53,66;20,56;11,25;24,21;6,51;7,42;13,99;42,32;26,11;14,63;35,07;17,31;17,05;19,42;9,6;;;;
21/08/2024;17,36;21,72;37,31;17,51;34,32;0,66;29,92;2,14;5,91;13,57;33,12;29,51;20,15;26,09;25,46;11,57;26,69;36,47;18,37;15,11;19,75;1,47;15,35;18,78;11,01;19,37;5,54;25,41;27,78;39,83;13,44;51,2;20,48;27,84;18,72;6,75;26,02;22,57;6,52;11,39;29,59;7,88;12,06;43,67;15,06;3,55;24,13;40,8;31,81;33,68;26,71;15,59;14,82;55,3;4,54;62,83;16,84;57,62;11,94;37,1;27,05;0,56;25,98;18,34;15,34;34,29;9,03;48,05;23,33;14,21;56,23;59,77;26,88;59,2;41,97;63,53;67,69;15,82;37,32;52,9;39,06;47,9;36,33;27,88;23,58;2,94;7,51;10,16;35,13;32,19;36,09;26,83;28,09;24,3;21,37;9,9;;;;
22/08/2024;30,94;20,63;4,95;1,62;24,32;16,29;12,71;27,92;10,56;24,45;5,32;21,46;19,07;28,01;28,34;5,58;16,39;26,97;28,48;18,33;16,96;0,72;19,08;22,0;2,71;28,27;25,9;25,25;27,23;30,33;37,78;50,32;36,91;52,3;36,56;28,34;5,27;51,84;16,05;18,32;28,14;13,21;25,82;39,34;17,33;42,95;31,6;48,48;46,36;49,03;39,67;45,97;10,15;47,88;50,25;13,4;43,22;55,86;52,59;32,78;16,7;17,61;30,69;5,55;22,97;23,41;56,62;35,3;17,26;57,91;52,75;60,23;24,66;4,74;38,31;77,42;16,7;3,69;39,43;5,88;29,85;36,31;1,26;44,85;7,27;30,15;30,78;43,21;7,3;6,48;9,12;17,74;36,35;28,67;14,64;9,3;;;;
23/08/2024;1,05;36,57;20,25;23,69;12,12;20,7;2,95;8,45;18,23;6,92;28,83;31,9;34,28;27,99;1,76;14,21;2,73;10,83;21,9;9,38;9,57;4,78;24,99;0,03;16,66;5,21;1,03;9,62;11,91;29,43;33,47;40,75;27,1;43,39;50,39;15,85;17,76;6,06;13,89;20,6;8,03;37,32;27,93;30,06;23,9;48,23;80,11;71,58;52,34;2,04;52,08;62,96;48,24;1,21;60,75;40,69;48,74;50,87;50,64;45,07;23,14;1,23;18,4;31,78;44,99;28,79;67,18;10,81;43,0;35,26;76,19;5,33;34,55;20,45;57,34;59,48;37,07;58,9;1,89;20,36;10,41;0,11;5,85;16,84;19,88;29,46;27,01;15,76;18,73;36,41;2,12;20,97;33,04;28,3;23,08;9,3;;;;
24/08/2024;10,0;29,34;6,36;15,23;15,32;33,9;14,04;2,08;10,5;6,54;10,23;21,33;30,48;23,16;13,76;22,38;3,1;25,36;18,78;9,65;13,45;9,08;21,06;21,74;21,86;5,94;19,34;1,0;6,12;34,13;38,34;27,97;21,35;10,23;31,12;11,16;25,93;45,73;37,13;6,34;35,74;29,41;50,04;37,21;16,27;50,94;36,46;8,03;48,77;2,13;32,41;17,61;37,55;11,8;42,42;18,62;55,15;35,11;9,91;54,56;50,84;50,3;40,51;20,15;35,94;11,48;41,02;25,15;48,89;51,2;58,26;10,22;41,22;25,98;3,65;13,63;1,03;39,84;17,74;20,13;28,88;24,9;38,79;11,27;37,78;13,07;7,35;9,46;37,46;15,17;37,37;18,39;7,42;22,74;29,43;9,3;;;;
25/08/2024;1,32;22,08;12,62;22,77;16,58;31,66;20,91;31,77;10,05;25,68;9,6;17,88;18,97;1,53;24,64;18,61;5,78;9,81;17,67;8,56;16,58;8,13;2,86;22,63;12,74;11,88;28,84;26,64;2,79;14,86;31,0;10,42;15,11;43,65;40,35;59,41;37,44;42,67;38,17;41,2;44,43;38,75;32,24;20,43;2,34;4,55;45,89;8,55;4,85;34,86;28,6;8,39;11,33;30,94;45,86;48,61;10,43;6,6;24,63;16,87;7,89;38,08;47,32;36,52;1,57;2,38;37,33;47,5;58,36;20,11;42,35;43,62;41,1;33,67;54,53;3,68;31,59;10,14;9,48;24,51;27,9;18,26;24,78;10,47;22,81;17,93;8,49;17,85;29,48;11,52;2,66;4,55;4,9;3,79;18,23;7,5;;;;
26/08/2024;25,26;20,3;22,52;14,34;28,95;22,73;10,55;13,75;8,95;12,96;2,16;26,51;13,9;1,01;17,62;1,32;18,04;10,35;19,81;8,17;24,99;2,65;9,45;10,49;7,41;27,68;14,04;26,57;15,63;7,72;29,76;5,13;8,8;3,82;43,74;44,54;37,44;48,28;51,11;47,95;38,1;1,49;29,29;14,26;35,91;27,84;0,32;40,85;26,08;51,21;7,98;15,86;51,16;35,9;38,46;9,12;42,36;35,55;54,4;22,56;13,96;29,73;6,42;18,58;2,65;21,45;23,03;25,54;25,54;43,2;8,01;28,53;40,3;4,15;9,87;42,24;12,8;36,8;18,29;24,79;16,17;36,53;40,25;7,39;6,32;6,2;20,32;32,29;16,03;29,04;14,49;7,79;16,82;4,9;8,38;7,8;;;;
27/08/2024;17,16;23,72;17,6;15,55;14,53;4,59;27,44;15,99;18,96;10,98;12,68;17,19;9,42;20,05;18,87;8,82;12,48;1,69;18,14;1,14;2,61;16,25;16,74;12,35;12,57;5,77;19,37;25,29;4,1;23,22;42,12;0,41;3,98;47,75;40,59;50,27;35,66;27,53;40,63;15,79;1,0;32,11;29,84;0,11;19,98;29,52;25,85;16,25;23,99;16,82;39,22;2,16;32,75;6,9;24,18;27,73;41,55;49,18;42,53;15,28;22,68;17,45;16,77;22,52;29,27;29,94;43,99;16,63;17,62;1,27;27,25;10,64;42,32;24,96;0,72;14,31;9,11;4,63;23,71;31,57;2,63;16,97;35,08;28,19;11,53;8,53;19,99;16,07;18,18;3,77;1,29;25,25;8,84;4,19;2,03;5,7;;;;
28/08/2024;4,12;1,08;11,88;2,8;4,08;6,81;5,87;3,15;3,15;0,08;22,0;20,79;8,49;3,63;1,89;5,14;19,62;11,81;19,25;5,46;1,64;21,33;16,78;16,63;15,96;23,15;0,04;15,97;2,93;36,8;34,95;14,21;18,84;11,92;29,85;32,02;7,07;22,73;21,69;26,67;24,76;9,53;35,54;27,44;10,42;13,46;44,17;6,62;31,8;40,27;24,4;3,77;37,62;48,41;39,22;4,18;23,92;45,87;11,88;31,37;22,92;25,21;16,03;28,53;13,69;29,29;19,33;25,67;35,91;32,72;41,56;15,6;0,76;11,83;34,74;10,74;37,93;31,25;40,26;3,62;34,25;26,57;17,21;33,98;13,56;8,55;17,16;15,68;16,38;9,84;6,76;15,56;8,24;16,34;11,44;5,4;;;;
29/08/2024;6,54;13,75;8,31;7,83;1,32;15,69;6,48;5,27;19,41;8,64;12,23;9,63;10,64;11,7;7,48;10,61;9,95;1,25;8,64;16,4;3,41;19,11;9,33;8,05;8,31;8,43;12,42;6,26;24,42;22,81;0,9;9,8;19,73;20,72;50,22;41,55;48,82;3,15;8,59;37,68;39,24;12,94;19,03;4,33;22,47;26,66;2,52;11,67;29,22;28,95;29,43;0,93;15,04;19,95;18,82;29,12;30,37;19,45;19,12;30,78;27,52;34,17;1,65;29,59;13,34;2,0;9,75;20,11;5,09;3,22;15,17;17,04;41,74;35,18;16,45;32,06;21,03;29,38;7,71;21,11;18,81;37,35;15,52;29,35;21,83;0,91;11,86;14,58;24,95;2,51;4,04;1,97;9,36;17,36;13,22;5,4;;;;
30/08/2024;9,48;0,98;18,33;16,81;9,4;10,64;19,62;2,21;11,17;17,46;1,42;4,88;16,12;19,63;16,19;4,34;16,29;5,26;21,16;12,66;5,61;20,01;15,73;15,92;18,4;4,55;5,05;6,94;10,26;21,66;15,19;1,73;48,08;39,06;9,54;28,44;2,83;8,67;2,67;35,17;31,96;25,5;9,93;0,3;44,31;4,55;3,47;21,81;20,65;10,39;33,69;4,81;20,97;31,1;33,32;45,54;18,42;39,18;25,97;24,45;32,61;8,22;29,31;22,0;31,51;34,29;28,94;17,52;26,6;39,68;15,33;6,77;8,76;1,27;14,42;6,02;14,81;16,65;36,8;19,52;37,06;31,18;20,56;11,72;6,86;7,72;5,14;7,93;8,76;17,22;5,21;18,22;2,23;10,64;13,21;5,7;;;;
31/08/2024;4,34;10,0;17,2;20,95;19,06;7,46;2,31;5,57;18,5;5,67;4,2;3,57;9,87;15,5;2,73;18,63;9,85;1,3;19,79;3,27;0,56;1,02;9,15;15,95;3,38;10,85;10,9;11,4;14,92;10,97;30,92;40,71;46,26;45,0;5,38;35,31;4,69;38,46;29,74;39,83;37,05;3,38;34,85;22,54;11,97;41,03;37,42;20,83;35,6;1,35;35,49;14,61;36,01;35,58;19,59;14,55;8,09;0,97;38,16;17,69;13,87;14,56;39,78;11,46;22,95;0,95;21,16;41,84;12,14;41,64;1,26;9,75;4,39;4,24;0,72;21,57;17,63;24,02;0,59;19,96;33,68;11,25;12,24;15,49;26,2;25,56;6,5;2,04;18,41;2,52;9,13;16,34;26,24;20,63;1,43;5,7;;;;
01/09/2024;9,67;12,01;22,54;23,6;15,94;16,84;1,56;1,41;5,13;12,1;7,96;1,84;2,2;4,01;2,65;1,69;16,68;0,11;10,98;0,28;17,76;0,27;5,5;5,16;8,82;16,95;12,23;6,7;24,12;34,69;5,66;2,14;25,94;20,17;21,38;40,47;11,87;6,85;10,15;38,43;31,37;22,82;39,45;45,39;33,24;28,05;15,05;59,83;11,83;4,57;36,89;23,23;4,08;5,2;5,92;11,6;35,87;37,51;0,67;18,49;29,62;25,66;2,76;21,37;30,31;16,86;28,08;0,19;48,33;35,22;2,86;24,08;13,85;24,19;29,88;13,25;39,32;4,38;10,46;4,94;25,51;20,81;33,5;15,63;5,97;23,75;26,32;11,39;15,22;17,61;3,92;23,42;18,46;22,92;5,31;6,0;;;;
02/09/2024;6,43;14,62;2,44;0,45;1,36;1,38;22,52;11,5;13,43;7,45;23,86;4,76;10,43;16,84;12,71;18,62;26,35;19,13;16,6;8,22;5,06;15,81;18,91;15,68;27,65;16,32;11,81;4,08;24,34;17,39;12,45;38,44;11,5;43,69;0,72;28,34;11,37;16,91;32,79;16,77;32,05;32,65;19,57;1,29;40,85;4,81;37,15;48,02;25,74;12,82;7,04;19,75;32,6;21,2;26,52;33,97;29,51;11,18;40,47;14,62;44,68;19,44;11,49;18,16;6,51;23,78;7,54;7,92;44,28;39,24;14,39;40,63;52,05;15,53;20,05;7,54;43,09;31,31;26,17;4,81;2,32;11,23;33,7;28,33;40,46;6,59;12,26;28,61;3,91;5,28;7,43;9,37;9,51;24,21;5,67;7,2;;;;
03/09/2024;3,11;3,71;5,52;4,57;16,24;9,72;7,39;14,28;13,21;14,44;19,32;19,66;14,69;18,89;18,96;10,03;31,12;3,17;7,24;15,9;18,81;24,44;7,45;15,32;18,13;7,3;24,19;12,93;10,92;33,14;16,16;14,19;35,38;17,76;49,02;23,12;29,91;21,28;33,41;36,82;35,11;11,53;45,31;28,73;11,29;10,66;6,21;23,66;17,18;9,42;32,38;39,14;7,54;24,39;24,83;15,21;19,52;34,07;20,42;1,81;1,76;35,66;43,1;11,09;14,57;14,27;2,02;11,85;28,04;6,2;17,63;18,04;34,91;2,2;37,62;24,05;3,68;28,87;32,85;11,8;9,21;26,82;0,56;20,06;5,83;16,11;1,14;4,35;19,43;9,49;0,03;1,51;21,03;3,41;5,85;5,7;;;;
04/09/2024;5,01;1,29;5,78;7,22;13,3;19,68;0,97;3,35;2,57;6,48;15,78;7,96;2,9;11,94;10,02;15,23;13,48;12,93;8,31;13,13;4,73;4,72;1,34;17,42;15,94;15,92;20,6;19,24;5,62;21,86;26,77;7,79;44,4;11,82;19,85;37,37;23,09;0,93;50,4;45,73;39,62;2,45;25,53;12,31;15,97;21,15;43,09;36,79;43,44;3,38;12,8;7,09;7,47;48,42;27,7;39,54;40,53;32,29;27,62;21,9;11,44;9,06;41,06;0,15;22,42;10,45;34,83;39,84;39,49;29,76;12,64;14,4;31,48;14,17;37,54;30,6;21,74;6,11;34,08;27,16;37,92;11,81;5,13;36,18;6,91;15,13;11,63;5,37;11,57;5,77;4,86;3,85;8,56;13,34;16,09;6,3;;;;
05/09/2024;18,62;11,22;20,73;9,47;11,49;15,16;2,79;16,69;10,26;0,93;5,68;13,43;21,08;4,21;15,36;8,92;8,59;16,12;6,22;14,15;11,31;11,74;11,58;9,76;0,11;29,89;4,65;14,53;27,35;23,59;40,85;43,02;37,25;11,57;18,16;44,38;21,38;19,18;22,2;2,98;21,11;32,94;34,53;27,5;29,06;38,75;6,23;16,63;42,68;15,44;11,77;42,7;0,23;29,03;14,66;42,89;0,1;48,66;6,62;21,89;2,14;0,89;17,22;35,52;32,58;5,46;28,1;35,01;26,54;45,5;18,12;44,15;3,88;11,77;30,93;34,44;39,55;18,67;25,66;15,18;3,44;8,08;34,08;20,68;6,48;3,03;2,52;12,61;14,73;11,87;22,47;3,26;16,21;1,7;7,38;6,3;;;;
06/09/2024;20,42;11,0;20,34;10,3;10,89;2,91;7,76;14,37;0,65;16,29;4,59;17,18;21,65;6,9;20,36;4,94;10,99;8,77;12,0;6,91;4,49;12,82;12,71;3,4;18,68;7,32;4,65;10,98;24,54;1,55;27,05;44,55;9,58;28,06;29,89;26,48;1,13;25,64;12,19;0,55;35,57;27,56;44,36;9,74;7,26;5,11;16,57;5,86;11,38;25,67;22,19;38,31;19,06;22,0;30,35;10,26;45,28;28,96;12,36;27,11;31,46;25,25;30,68;37,63;8,53;34,82;29,56;54,81;37,88;33,85;22,71;42,28;15,39;5,43;50,87;20,55;41,12;0,58;12,71;46,77;47,56;49,44;33,84;26,24;8,28;32,81;32,25;26,46;18,86;18,53;34,71;8,02;2,05;20,31;8,33;8,1;;;;
07/09/2024;28,9;2,76;25,03;29,45;3,91;2,53;3,06;21,95;26,4;16,03;7,3;5,46;7,8;22,15;5,06;3,21;10,24;21,86;24,39;21,49;5,93;10,28;21,69;21,43;3,93;1,69;7,91;20,07;14,51;29,48;3,78;35,04;7,99;51,34;24,05;19,52;38,55;22,5;15,51;31,45;9,09;41,59;35,94;30,14;12,28;2,3;55,63;20,66;27,35;19,35;14,8;30,98;11,21;11,78;32,24;16,14;6,41;29,87;30,19;32,14;22,38;13,27;16,75;9,53;28,54;12,79;5,28;37,52;20,96;1,32;2,77;15,27;25,74;37,07;1,66;50,18;48,84;8,46;37,69;10,22;3,84;36,12;17,53;24,33;28,96;27,23;18,88;26,92;18,65;12,03;11,76;23,67;22,4;10,02;27,05;8,1;;;;
08/09/2024;9,17;30,36;3,05;2,33;20,01;8,19;11,24;20,88;11,28;0,91;21,93;21,97;9,6;12,98;24,96;26,96;20,88;7,27;14,21;23,22;13,44;26,24;17,18;16,09;18,13;5,06;23,4;4,8;19,56;24,55;23,76;22,66;33,91;4,62;50,04;23,76;1,43;52,45;25,08;12,62;4,66;43,18;40,98;19,51;0,01;18,24;4,5;1,44;3,43;10,57;10,28;17,87;7,98;33,4;17,36;27,69;19,93;21,37;30,92;16,67;4,78;24,2;20,65;14,07;1,64;4,31;34,03;30,46;39,18;34,01;36,76;16,53;9,9;2,11;11,57;34,58;27,79;7,32;10,77;41,53;41,31;39,42;20,68;36,84;12,92;18,36;5,0;13,98;21,27;20,66;26,94;28,91;29,55;6,96;15,39;7,2;;;;
09/09/2024;15,31;12,26;19,74;23,09;4,14;1,76;7,43;25,59;15,46;11,98;20,41;3,25;12,91;26,96;19,38;19,35;12,66;7,44;9,92;15,5;2,11;21,5;18,69;5,87;18,96;23,21;19,0;24,78;15,97;31,52;19,57;0,62;19,4;25,06;48,65;54,75;14,78;45,4;15,04;20,97;46,89;53,48;44,01;38,93;23,09;2,22;35,0;22,7;14,97;5,0;9,03;34,13;20,51;38,6;48,77;19,83;7,69;53,98;23,76;40,38;34,5;0,78;13,01;2,29;39,12;31,54;25,63;9,15;14,09;11,04;29,43;42,83;21,25;17,33;35,83;41,2;28,03;21,27;20,78;6,43;14,45;26,42;8,1;8,11;6,12;9,92;12,23;20,51;18,02;23,85;5,76;16,46;18,3;17,64;13,54;6,3;;;;
10/09/2024;9,9;13,36;20,06;20,3;19,67;20,99;17,75;11,05;9,08;20,09;9,32;18,88;18,95;17,24;6,61;3,57;6,06;13,01;1,65;5,8;18,34;12,05;16,78;13,51;15,24;4,25;18,2;27,37;22,95;3,75;49,84;33,54;31,47;1,6;45,82;42,92;11,78;10,99;7,48;44,94;22,49;15,67;13,42;22,32;14,38;8,15;36,69;20,8;32,52;4,01;8,38;44,41;27,66;30,73;48,18;20,6;28,6;25,78;46,43;25,7;22,94;6,97;37,17;18,13;23,83;38,57;10,56;14,38;11,2;7,66;43,97;31,84;4,65;43,07;34,11;25,3;2,6;14,42;31,7;14,52;34,72;15,33;16,1;11,98;27,39;7,72;3,98;19,66;26,79;15,88;2,67;8,08;16,64;15,74;14,46;6,0;;;;
11/09/2024;11,87;11,2;24,97;10,41;15,43;11,15;7,77;9,14;8,5;17,61;10,47;17,86;11,12;16,96;21,14;17,87;23,26;17,38;5,3;21,41;1,93;18,47;17,23;14,24;14,16;16,46;14,67;30,99;29,84;11,93;5,33;1,69;41,72;50,2;31,11;5,87;12,67;19,92;32,36;22,44;27,05;16,97;12,28;24,52;21,15;33,8;0,53;1,82;7,13;19,1;5,67;2,3;10,09;31,36;35,92;4,37;22,52;15,65;36,39;14,56;14,96;3,51;3,6;38,57;0,69;3,17;29,52;15,5;13,91;22,28;16,08;10,11;46,04;0,03;3,03;41,36;34,57;3,81;15,29;3,13;2,61;10,82;20,22;3,02;19,59;0,82;16,31;10,56;22,49;16,23;6,43;11,37;11,25;13,11;15,56;5,7;;;;
12/09/2024;9,49;18,84;13,03;21,03;13,72;18,6;20,64;9,69;2,52;20,08;13,72;13,98;14,56;9,57;13,43;4,48;6,84;11,53;20,75;11,84;3,19;16,42;20,88;14,25;17,42;24,94;6,17;18,88;3,51;22,77;46,67;24,36;5,13;21,38;43,7;0,87;53,37;4,28;44,85;27,81;25,71;39,35;41,75;13,49;50,07;32,49;6,08;17,38;28,59;36,47;21,54;34,08;33,91;31,22;8,38;29,35;32,44;2,74;28,53;25,96;4,78;28,95;37,63;13,84;19,69;15,33;36,48;38,55;3,54;25,52;23,72;28,42;5,8;44,4;9,32;49,74;46,43;41,64;29,12;42,83;4,19;10,54;44,84;17,78;34,15;1,32;15,92;4,45;16,02;8,52;24,64;28,12;2,97;18,4;2,3;7,5;;;;
13/09/2024;1,43;16,76;13,72;21,09;13,13;9,14;7,96;7,76;17,59;15,83;14,53;10,26;7,11;16,68;1,68;12,68;11,35;17,74;17,14;12,13;12,02;1,99;5,83;24,84;18,13;16,44;15,01;19,37;3,3;19,88;22,12;25,39;41,72;21,94;13,68;9,17;46,78;40,92;23,68;31,54;61,14;18,08;38,53;44,78;40,04;35,58;46,99;30,69;20,48;40,13;32,3;16,03;27,76;22,61;36,23;8,56;20,79;10,65;2,63;14,38;0,73;10,32;11,09;19,77;13,46;25,87;42,37;1,86;22,86;10,79;44,0;59,27;47,12;6,36;4,0;48,67;28,86;17,0;8,52;51,35;50,27;6,44;40,78;5,28;4,31;3,36;15,97;15,57;20,31;12,35;18,98;6,76;25,71;5,56;26,28;9,0;;;;
14/09/2024;16,81;32,71;21,55;9,1;2,02;16,2;11,81;18,42;0,44;28,12;6,82;10,15;27,21;30,63;16,25;30,96;1,5;31,43;10,33;13,69;9,32;2,09;12,06;13,67;8,71;7,73;8,42;41,84;40,46;41,23;13,4;48,38;8,89;41,96;16,68;23,77;14,46;18,51;36,67;9,4;49,38;20,87;3,22;22,29;21,95;53,99;51,85;15,63;37,25;22,65;10,18;15,67;20,72;41,2;21,91;26,64;30,29;0,96;23,25;24,6;38,94;46,68;2,75;6,32;37,97;25,69;12,21;16,7;15,86;5,09;14,98;19,25;37,61;1,46;10,27;22,4;0,5;42,5;38,29;42,88;37,16;24,86;12,36;6,95;18,04;14,51;24,43;5,9;1,92;27,15;21,55;12,63;15,61;7,67;7,41;7,8;;;;
15/09/2024;22,09;3,24;7,76;16,14;22,03;10,75;17,32;13,57;12,92;20,91;27,62;5,77;2,13;28,41;2,73;19,2;27,24;13,35;10,3;5,92;6,2;10,4;10,53;12,81;7,99;21,65;11,1;21,52;21,21;27,33;29,66;47,18;27,21;61,06;23,73;24,91;16,32;10,72;43,72;36,27;47,32;1,73;16,09;2,19;51,0;19,88;15,64;12,54;9,16;13,3;42,14;28,25;10,13;28,45;7,84;14,29;50,38;27,27;42,49;11,96;17,49;1,06;25,34;6,32;46,95;23,0;33,11;35,4;25,83;40,8;17,88;7,73;51,1;40,56;25,49;9,92;45,75;29,17;20,83;8,36;20,04;12,64;41,6;17,63;5,0;21,3;0,75;20,75;27,52;8,08;25,9;3,85;6,83;20,83;2,09;6,6;;;;
16/09/2024;3,85;18,87;6,93;16,06;18,04;17,06;19,99;8,26;4,74;22,91;19,31;15,95;7,67;9,3;9,54;16,49;14,43;13,1;2,0;10,02;1,06;16,65;18,86;22,65;9,46;7,44;21,59;3,93;22,21;40,62;25,56;3,68;14,65;32,62;17,32;45,02;23,82;32,41;26,03;57,05;37,15;51,14;40,95;3,85;37,4;15,57;10,08;35,47;22,67;34,46;34,7;33,54;23,24;16,95;3,7;25,86;20,96;32,02;46,96;32,57;19,18;26,05;18,54;13,22;22,76;13,19;45,01;21,3;8,54;40,68;31,65;48,47;25,67;4,68;30,98;10,04;46,18;18,78;18,45;26,98;10,55;33,79;6,81;18,2;25,78;1,11;21,4;20,81;10,6;3,58;8,74;14,31;11,46;11,7;21,88;6,0;;;;
17/09/2024;6,33;6,69;22,69;15,17;14,33;3,92;3,87;16,11;4,35;17,69;15,44;15,27;5,39;15,25;0,53;21,14;6,9;16,46;13,15;2,82;13,24;4,82;22,0;0,1;2,53;7,05;18,09;4,09;32,42;21,78;29,04;5,6;53,2;46,33;29,24;38,88;26,02;17,62;44,0;23,81;46,14;19,86;28,65;25,44;22,57;31,67;25,72;26,81;37,97;28,91;26,74;21,21;1,49;15,69;7,23;7,91;5,1;24,0;10,32;14,68;21,02;5,23;31,21;29,57;39,42;16,36;18,58;36,72;2,48;0,38;38,22;14,96;27,56;13,74;7,35;3,31;21,92;3,81;14,1;33,53;6,84;30,42;33,74;16,7;15,23;11,4;24,59;22,83;21,52;0,7;12,86;18,98;2,46;6,18;0,61;5,7;;;;
18/09/2024;11,12;17,01;9,18;19,6;20,11;9,9;12,55;22,51;3,18;20,38;2,71;17,17;4,35;10,17;22,72;0,41;2,3;7,92;8,52;14,96;10,25;15,14;19,43;21,43;6,81;17,1;13,62;10,51;30,68;10,25;18,02;8,04;7,32;38,44;7,61;38,33;15,17;39,4;24,95;25,24;37,84;8,97;35,61;41,01;16,64;10,71;25,28;2,35;11,75;35,77;5,17;22,59;32,79;20,25;32,82;10,87;41,24;22,69;15,03;41,04;40,88;3,72;13,48;24,27;14,44;32,79;36,91;37,81;28,76;7,17;21,98;15,31;14,19;26,18;32,84;32,19;21,2;8,23;5,4;0,38;21,19;16,32;15,12;3,37;19,52;22,42;20,27;0,79;21,84;19,93;10,38;9,39;6,96;16,74;19,5;5,1;;;;
19/09/2024;7,47;19,87;14,99;17,53;11,94;14,87;17,38;7,9;4,08;17,33;12,97;14,16;2,88;0,88;0,95;6,88;15,81;10,62;14,09;9,72;8,49;5,21;20,7;10,37;20,38;13,72;15,65;2,68;3,93;17,43;26,91;17,51;43,47;18,95;46,26;31,61;6,41;11,13;41,89;0,26;32,67;26,27;26,06;25,01;14,94;13,86;32,08;26,3;33,58;19,79;8,14;19,94;3,39;18,25;47,41;21,45;40,77;37,42;49,46;24,75;5,75;31,28;0,83;38,7;31,38;0,24;32,13;24,11;27,02;22,99;16,83;42,95;23,45;37,26;17,89;29,38;17,06;34,13;40,39;20,23;12,98;30,57;25,65;13,49;17,37;25,98;20,79;21,31;4,52;20,93;11,1;16,95;2,48;1,45;4,91;5,4;;;;
20/09/2024;18,74;17,74;3,95;10,26;14,89;15,26;1,47;14,04;10,99;9,44;16,7;9,87;4,09;13,1;6,81;18,06;19,79;15,1;15,69;1,87;19,63;14,57;11,42;11,73;7,84;8,92;7,43;0,21;16,19;0,05;32,06;15,77;44,28;29,54;50,5;6,36;24,46;28,97;28,5;42,95;18,61;36,88;35,21;22,0;17,9;57,5;6,29;23,11;19,28;17,39;36,6;38,71;9,29;5,51;12,31;34,07;19,38;28,21;16,67;1,26;16,08;41,39;27,74;38,81;18,85;13,3;40,1;13,5;38,32;38,24;42,21;35,71;14,33;31,81;33,94;8,44;4,78;38,84;24,09;17,01;18,98;28,65;0,88;4,72;12,83;6,64;5,61;1,04;23,73;2,07;22,21;20,31;13,77;13,28;10,45;5,7;;;;
21/09/2024;3,86;19,35;1,81;19,87;2,61;12,42;9,88;8,95;19,24;22,76;11,96;14,15;19,33;0,48;2,01;8,75;5,57;19,06;9,57;4,53;16,53;21,37;17,66;15,16;22,44;20,8;14,28;21,18;7,9;37,73;1,38;1,62;11,83;7,42;35,29;39,83;0,92;8,19;43,38;34,04;17,98;6,85;1,49;3,28;23,72;50,36;11,91;24,97;42,56;17,06;24,97;9,26;23,79;21,68;36,24;41,8;5,78;6,68;38,41;2,74;33,51;9,45;38,47;40,84;2,63;33,05;10,76;20,06;21,98;37,64;42,94;8,22;33,62;6,38;1,88;25,23;35,36;9,98;33,63;14,67;11,51;27,3;11,97;27,29;22,8;18,55;6,84;23,86;10,08;6,04;17,05;8,39;13,75;1,53;20,67;5,1;;;;
22/09/2024;5,26;17,6;3,08;21,11;14,93;5,38;3,21;14,06;5,33;3,24;5,72;13,13;11,23;3,07;5,08;20,97;15,41;6,98;5,26;17,34;0,74;6,44;1,32;6,61;19,89;12,98;22,42;32,55;28,73;42,71;36,29;25,39;1,95;0,5;39,85;46,48;32,85;57,1;20,09;7,72;37,2;13,52;14,8;6,75;14,69;37,97;38,1;49,03;0,54;22,57;35,03;9,1;20,68;22,98;15,58;23,8;26,97;24,92;38,66;13,45;30,75;11,79;0,28;28,16;29,25;5,5;19,8;1,11;24,09;18,7;14,84;6,13;2,07;29,81;12,43;32,19;40,28;25,27;4,43;35,58;15,8;21,59;14,74;22,35;2,97;18,24;7,76;15,77;2,44;8,17;8,16;4,76;23,82;19,22;20,64;5,7;;;;
23/09/2024;8,25;5,1;15,64;6,08;11,8;2,15;1,04;9,24;8,69;6,5;6,0;19,86;3,22;2,04;8,16;20,57;17,55;12,14;3,32;4,67;18,52;4,37;4,75;7,14;12,6;12,02;13,8;8,57;24,7;35,83;36,73;49,82;55,47;45,21;21,62;46,2;13,36;8,98;21,72;45,43;48,42;12,01;37,84;5,05;21,33;13,88;24,7;28,81;30,16;21,83;15,55;10,99;42,56;50,46;25,39;18,13;33,6;7,51;3,02;40,22;29,7;3,87;24,69;18,46;33,32;5,33;35,13;11,81;5,99;16,33;8,19;1,95;11,63;5,64;17,38;11,06;30,61;31,92;19,02;26,76;14,44;23,32;26,14;1,46;15,69;20,77;3,08;0,4;6,78;3,63;7,37;0,96;18,17;1,79;0,31;5,399;;;;
24/09/2024;6,36;3,57;15,42;1,55;9,05;13,96;8,22;2,5;8,38;10,73;13,72;17,39;15,46;6,06;0,96;3,63;9,3;13,26;0,7;23,59;11,44;14,05;22,36;8,89;15,57;21,74;20,03;3,59;21,33;39,22;41,87;11,45;2,68;6,53;3,07;4,64;25,37;26,53;11,1;4,58;27,88;9,96;33,13;1,04;19,65;33,58;54,99;10,58;35,4;0,24;25,94;33,97;11,82;17,65;38,86;24,1;26,42;31,33;36,59;2,48;41,5;49,51;38,42;40,67;18,02;33,5;16,6;36,44;10,15;21,34;33,84;28,3;4,14;14,97;8,07;20,18;14,71;28,43;38,08;19,01;2,18;26,56;29,67;27,89;1,2;26,05;10,62;11,37;15,03;19,97;18,34;22,0;20,75;17,26;19,01;6,0;;;;
25/09/2024;20,6;1,71;22,28;13,24;12,25;1,64;9,09;15,19;7,25;0,73;13,9;7,32;6,4;16,48;17,47;13,63;3,77;0,95;18,2;11,33;16,93;2,24;0,69;11,23;20,48;2,85;16,67;18,01;26,49;36,3;32,92;11,7;38,56;39,71;40,16;25,75;43,01;14,53;43,08;5,13;32,96;28,72;10,22;19,86;11,7;46,97;54,9;25,16;25,71;37,25;23,31;19,34;42,41;40,88;27,5;38,94;46,26;3,9;23,38;7,1;8,44;41,59;18,95;31,2;15,62;2,64;23,79;21,19;8,51;31,21;19,02;14,85;39,23;32,37;15,8;20,36;14,56;0,34;21,29;18,35;39,12;12,22;10,76;9,26;7,43;9,5;0,99;0,99;9,68;2,65;13,11;14,28;9,4;8,79;0,16;5,4;;;;
26/09/2024;5,42;19,53;4,64;6,82;12,34;7,22;17,57;3,42;2,86;11,86;3,23;9,2;11,02;9,04;0,81;8,47;16,08;16,27;18,15;9,88;3,95;21,39;3,66;18,9;9,91;5,23;16,1;31,02;13,78;8,34;5,83;35,14;34,95;27,59;6,02;16,65;33,28;28,65;38,48;1,58;23,99;50,95;49,01;29,54;51,38;42,18;26,53;23,73;7,51;18,49;20,98;17,57;41,96;17,93;10,82;38,66;31,32;41,48;22,94;19,63;12,88;32,47;15,67;17,24;39,48;22,01;33,46;13,9;22,17;13,57;3,95;5,49;11,93;1,37;12,09;13,47;15,98;23,8;35,57;38,19;17,32;15,55;16,32;18,34;20,3;4,47;4,7;5,72;10,75;15,31;2,05;21,28;16,38;18,34;3,76;5,1;;;;
27/09/2024;18,53;12,0;9,34;3,66;14,32;13,5;16,13;17,93;12,07;17,03;15,04;12,91;18,33;14,67;16,71;5,23;6,42;14,62;17,66;2,38;8,71;1,26;4,48;17,26;1,11;11,27;15,91;3,16;8,76;0,43;29,9;41,95;38,24;18,03;7,74;35,46;47,17;34,74;4,96;28,42;4,79;13,68;4,44;42,21;8,36;8,24;53,04;15,97;21,54;34,32;50,04;9,43;8,39;25,83;37,32;11,72;40,64;17,26;45,24;29,43;30,6;7,54;8,08;12,04;26,24;15,98;26,31;33,82;13,16;39,18;6,24;1,53;36,96;7,0;33,43;32,17;33,31;30,72;5,09;28,0;30,84;10,39;5,35;32,08;0,93;1,45;22,67;8,75;9,15;1,39;12,29;4,8;15,65;8,83;17,08;6,0;;;;
28/09/2024;9,21;12,33;13,88;6,9;20,07;12,68;22,49;18,56;0,49;11,87;8,76;1,4;17,17;3,26;1,42;1,53;5,19;11,73;12,35;12,29;0,77;1,46;17,19;11,99;1,07;10,38;6,12;18,69;2,11;23,09;40,82;32,21;16,62;1,36;36,62;31,52;1,27;43,33;25,96;25,88;31,43;6,34;52,76;17,92;1,76;33,77;46,56;17,61;4,45;31,47;21,43;24,75;27,14;39,0;24,64;22,15;26,18;21,57;5,57;42,7;8,03;38,62;31,3;26,33;33,72;3,43;21,04;30,5;40,87;10,83;17,03;13,21;32,42;23,69;34,8;37,91;15,64;21,73;14,83;36,23;17,26;11,74;15,51;23,91;9,45;7,16;5,18;3,39;8,25;7,88;15,36;15,5;21,54;12,56;14,07;6,0;;;;
29/09/2024;16,25;3,28;14,95;21,63;10,61;5,1;0,67;13,35;15,46;12,29;3,17;23,09;13,61;6,61;1,29;14,2;11,05;21,91;7,36;13,96;7,53;18,56;16,56;8,03;3,71;7,6;25,89;0,75;16,41;15,72;12,5;0,94;50,81;4,15;56,13;57,54;54,12;15,84;45,17;30,88;7,7;5,47;5,14;16,31;17,16;34,48;19,35;28,04;29,67;10,0;41,74;3,89;1,46;32,92;37,38;10,65;7,52;1,98;9,71;35,27;33,79;19,96;31,41;34,52;29,5;15,38;26,03;11,65;15,22;23,07;33,25;5,11;40,7;0,74;21,0;25,41;35,84;4,73;34,63;6,52;8,51;1,21;4,89;29,06;18,47;1,43;1,64;20,25;5,34;12,24;9,96;18,8;12,65;21,14;20,02;5,7;;;;
30/09/2024;14,23;9,69;9,02;14,38;2,76;5,31;4,96;6,46;17,55;1,41;18,91;13,45;15,96;6,26;12,26;14,32;20,61;17,57;2,61;15,61;15,31;20,9;13,18;2,23;19,28;4,83;14,04;9,09;6,05;2,16;20,58;11,73;48,25;24,98;10,89;9,32;43,07;23,25;20,9;41,52;36,52;35,2;13,13;11,46;46,69;47,0;29,92;47,37;33,07;2,1;21,8;39,7;44,21;38,97;21,74;38,74;15,44;38,14;19,94;15,95;9,94;21,49;33,84;28,05;42,18;0,98;31,83;7,37;35,43;14,18;32,46;0,29;19,78;20,18;31,89;17,78;2,9;17,57;14,31;19,2;9,37;1,15;10,59;22,56;2,18;20,2;24,54;10,67;2,34;12,03;13,44;19,22;20,71;1,41;1,63;5,4;;;;
01/10/2024;16,4;17,07;7,87;17,54;21,36;6,72;1,14;18,45;4,12;13,74;8,73;7,9;3,72;6,11;8,09;11,25;7,73;3,28;17,53;10,62;3,11;11,29;10,6;15,6;14,31;21,23;3,38;4,48;18,0;21,42;1,86;29,12;8,94;17,61;0,07;21,43;2,17;39,21;25,01;14,85;16,61;46,05;22,53;41,83;0,62;13,72;31,83;43,73;42,99;3,2;10,21;28,14;59,79;33,14;15,98;21,23;8,54;20,32;37,66;15,28;38,2;30,27;26,19;0,7;19,54;16,03;13,39;6,66;19,34;27,3;37,76;22,94;32,37;22,8;12,76;4,17;28,48;29,47;30,27;33,33;1,8;32,29;23,55;17,43;2,28;16,65;18,82;21,62;21,22;20,91;16,63;6,13;2,01;3,79;6,78;5,1;;;;
02/10/2024;5,63;10,21;18,43;12,95;18,6;13,91;0,9;12,62;3,16;10,9;7,2;15,83;1,18;1,33;0,74;8,39;10,12;17,75;10,1;4,79;2,19;18,88;5,76;9,02;10,69;21,24;11,12;17,45;20,62;19,63;22,91;9,89;13,82;35,79;31,56;31,33;6,04;40,76;6,25;15,23;37,53;7,82;17,63;5,56;13,67;38,93;10,18;48,34;46,21;19,42;16,37;23,2;7,73;21,61;41,76;14,18;25,65;38,38;27,94;16,48;36,39;44,33;36,36;25,64;17,6;20,15;29,18;11,07;5,45;26,08;9,4;15,06;16,76;6,48;19,27;0,99;17,87;40,12;4,01;38,25;5,08;20,02;27,36;27,0;16,52;21,57;15,58;20,11;1,7;21,42;19,49;14,21;19,28;5,01;5,62;5,4;;;;
03/10/2024;5,39;6,58;16,26;17,35;8,02;6,15;4,69;18,8;17,22;3,05;14,85;3,9;16,92;5,97;2,19;5,67;0,51;0,47;5,08;8,99;10,37;1,77;12,52;14,09;13,52;4,66;21,59;12,44;20,26;8,5;14,7;36,13;46,14;44,31;42,77;35,2;5,49;28,02;35,34;16,62;21,69;10,04;30,87;17,33;13,12;29,09;12,05;2,07;35,07;5,76;26,35;14,23;6,87;37,08;16,51;35,33;4,88;24,49;28,43;1,91;42,87;35,12;27,9;40,21;18,04;34,01;1,87;10,46;24,83;16,98;6,88;30,56;16,03;9,89;32,18;30,49;27,87;9,04;14,55;31,7;35,88;7,36;8,13;14,98;6,57;5,79;3,86;2,91;0,51;8,24;19,06;3,79;10,41;8,24;15,27;4,8;;;;
04/10/2024;19,19;4,49;16,25;6,98;4,42;16,31;2,88;4,8;0,25;5,54;16,17;0,53;15,63;14,53;17,93;17,44;8,77;0,02;8,82;9,73;9,53;14,0;10,61;1,04;10,25;4,92;3,32;16,08;4,06;22,31;25,62;10,77;41,09;0,89;4,93;31,0;31,24;27,57;11,71;46,89;32,63;29,06;9,13;58,85;16,11;1,82;24,74;39,99;18,39;9,29;6,01;27,84;52,31;30,25;18,21;27,62;35,08;30,48;31,73;11,45;27,34;15,72;26,21;39,32;18,18;27,34;25,05;23,12;12,05;17,99;41,9;12,39;6,94;8,22;24,82;35,57;29,18;16,53;41,65;5,9;13,15;33,56;7,96;11,03;12,88;22,4;16,72;2,37;3,63;16,03;11,78;14,93;19,82;7,23;10,58;5,1;;;;
05/10/2024;4,75;19,0;1,34;7,91;5,25;17,77;10,91;10,95;19,1;11,46;16,44;1,95;17,07;15,55;7,52;18,79;14,55;14,72;13,58;3,16;1,5;15,61;12,28;4,72;2,63;16,13;13,18;35,33;27,35;33,53;19,47;19,59;12,65;32,29;10,02;43,15;40,43;34,01;27,13;0,56;16,99;40,83;37,27;39,99;41,77;54,5;14,73;33,5;32,98;2,7;36,08;21,91;47,21;36,9;40,31;25,97;24,03;19,17;47,42;49,0;35,6;1,33;30,89;2,95;4,59;10,84;9,42;22,7;27,68;14,63;38,8;35,8;8,47;2,36;9,87;40,51;58,71;25,99;43,14;29,38;26,81;0,71;4,15;8,0;4,23;19,17;6,85;17,97;0,43;21,78;16,18;12,89;16,26;3,62;16,02;6,0;;;;
06/10/2024;10,04;5,26;9,42;10,85;1,19;1,48;17,6;1,65;11,02;15,36;15,36;14,57;18,79;0,85;12,56;1,42;11,09;2,07;3,93;2,6;10,83;7,69;6,14;13,93;12,04;2,02;22,89;22,37;5,22;6,0;27,03;1,97;6,8;1,19;22,71;17,97;28,89;43,95;35,55;8,07;22,59;26,91;3,73;25,63;31,01;1,36;14,49;6,78;22,19;41,3;48,9;38,37;40,85;40,07;43,14;41,6;3,25;23,61;24,56;21,58;17,05;0,79;5,0;34,61;44,1;42,51;4,03;5,3;41,72;43,81;40,14;10,59;32,83;34,66;12,84;19,34;17,15;36,16;34,04;8,58;29,75;17,36;28,48;22,62;25,88;3,07;7,65;2,21;16,6;19,33;10,32;1,02;9,28;16,2;8,97;6,0;;;;
07/10/2024;0,9;19,22;2,41;8,49;4,09;11,48;21,16;8,79;8,13;11,91;5,01;2,18;10,78;6,3;2,93;6,52;8,22;14,44;5,16;11,18;20,11;9,61;1,53;14,46;1,75;26,53;19,79;0,85;18,91;1,68;46,49;42,17;37,73;32,17;43,87;9,93;15,06;2,43;40,45;36,14;43,25;28,23;7,32;7,82;29,56;21,52;12,39;14,76;24,21;23,13;39,91;13,02;46,97;45,24;24,86;35,21;50,52;48,53;24,53;41,63;31,72;40,32;20,86;28,62;35,48;35,77;34,73;23,62;19,24;42,95;43,01;14,0;50,57;16,28;1,63;38,52;29,82;20,5;41,01;36,75;26,18;38,22;14,74;13,32;0,71;4,33;22,39;24,9;9,21;19,98;1,9;1,77;6,67;18,98;17,83;5,7;;;;
08/10/2024;13,51;11,76;0,9;4,03;8,66;14,55;18,4;21,41;19,2;3,18;4,66;19,65;6,66;8,48;11,46;13,44;19,69;4,8;23,27;19,27;19,4;5,59;16,78;26,06;17,59;19,54;28,1;6,8;19,88;13,34;45,04;40,69;17,93;0,44;39,24;35,08;11,72;28,27;33,7;24,27;40,98;27,87;23,73;56,94;35,95;37,36;33,37;9,66;36,69;48,59;9,22;26,42;49,45;20,18;44,33;28,11;50,77;14,89;20,22;53,48;25,13;28,91;9,28;21,7;27,21;1,98;4,24;14,64;38,39;1,61;5,88;42,57;5,55;1,22;36,25;29,95;22,73;11,86;33,36;40,68;26,07;33,27;41,03;22,68;37,43;15,2;25,6;7,56;23,85;14,02;12,77;8,05;5,94;25,24;14,91;6,0;;;;
09/10/2024;11,88;16,36;12,3;0,56;10,93;8,2;23,56;3,1;13,74;9,98;7,01;18,19;5,02;19,12;20,75;20,5;7,19;10,61;5,78;15,48;18,39;20,81;8,04;23,21;25,22;17,25;1,9;5,3;13,52;10,32;52,1;54,87;30,59;13,46;3,82;23,5;26,55;36,17;33,81;13,98;48,72;31,41;47,39;34,87;45,09;56,9;31,83;13,8;24,61;46,79;50,41;6,86;40,31;6,83;5,65;10,82;1,9;25,95;1,47;24,64;26,9;11,71;18,0;0,13;6,28;13,13;3,6;24,71;9,37;29,59;11,36;19,18;37,56;40,38;10,7;4,72;4,2;30,45;4,4;10,82;11,4;14,65;23,79;29,57;10,89;24,29;21,33;12,17;21,95;17,18;6,15;19,99;17,38;1,52;20,41;5,7;;;;
10/10/2024;16,55;8,64;14,4;15,48;18,61;0,04;8,9;12,61;2,8;6,43;18,41;14,97;20,85;14,14;19,95;14,18;3,79;10,29;1,32;16,92;5,06;23,14;23,7;23,24;23,77;13,47;3,56;1,71;20,32;10,8;48,56;46,17;20,43;5,45;42,56;48,35;12,11;16,54;14,64;6,93;0,22;25,78;41,5;22,85;36,92;43,18;26,49;30,37;10,38;2,74;1,07;32,0;38,09;15,95;49,53;8,36;24,4;18,53;24,12;23,75;4,21;28,01;24,01;18,28;22,84;28,65;32,47;27,71;17,21;28,22;8,65;25,65;19,21;38,48;19,31;35,71;15,66;36,36;13,46;13,35;17,46;3,62;25,27;29,78;24,31;24,2;26,62;21,4;14,65;22,62;5,72;20,51;10,82;14,22;2,88;6,3;;;;
11/10/2024;11,79;5,52;21,02;10,34;13,73;22,93;15,06;19,3;12,68;7,78;5,86;6,05;2,03;5,07;20,03;14,86;23,92;24,15;7,8;7,38;8,33;3,97;5,8;18,12;13,33;25,74;21,07;19,4;26,39;44,12;15,45;4,62;26,95;6,27;30,02;44,09;22,57;18,09;35,06;20,49;26,51;3,08;4,89;9,87;6,82;11,8;39,64;9,11;38,89;25,66;13,97;8,9;1,61;42,92;31,86;39,31;7,0;32,98;33,77;43,56;15,85;2,54;9,71;21,45;57,69;29,45;20,36;34,72;9,46;26,35;1,72;22,9;46,22;31,05;24,5;31,99;15,24;28,5;32,25;9,4;5,2;13,11;13,61;31,62;33,27;40,7;20,12;2,36;10,2;23,53;27,29;23,56;13,17;1,76;0,95;7,5;;;;
12/10/2024;20,87;18,18;17,23;7,4;1,56;4,84;20,74;23,16;27,12;22,37;9,23;3,13;26,67;19,03;14,99;21,62;13,32;26,32;0,66;26,83;9,48;18,75;2,41;1,74;27,89;15,34;13,85;30,56;11,65;42,84;45,57;25,86;40,98;35,23;11,8;50,87;35,14;38,06;23,47;52,79;6,07;23,6;0,04;32,25;37,6;22,18;6,19;19,55;24,74;37,8;34,05;16,55;19,21;42,87;3,67;48,89;8,3;5,23;9,23;10,54;27,03;5,6;24,9;33,29;15,67;15,96;3,49;13,76;2,1;32,8;47,13;13,48;46,38;19,62;34,05;15,7;8,86;31,07;42,04;31,97;37,34;24,15;20,45;30,82;3,69;9,17;26,76;19,19;29,22;10,85;9,61;16,46;6,37;5,63;19,33;6,0;;;;
13/10/2024;7,38;3,36;12,19;12,36;10,64;12,21;3,27;14,98;9,84;3,86;15,2;13,55;7,03;21,25;2,66;11,99;1,24;4,24;22,49;4,85;9,71;19,86;16,62;9,1;20,6;11,05;17,26;5,34;19,28;35,4;25,68;9,83;39,82;13,45;14,51;40,39;36,27;47,0;49,02;46,06;28,42;11,37;14,82;43,78;54,83;18,38;27,38;15,77;34,55;0,77;38,85;3,26;12,07;23,74;44,93;36,71;31,58;49,08;12,84;24,2;1,64;10,51;25,67;22,95;6,61;38,0;41,46;14,16;12,34;26,01;25,33;38,27;35,16;37,05;25,87;24,27;28,15;47,05;27,19;26,43;18,78;28,31;38,34;8,74;18,95;2,26;29,29;26,07;9,1;17,8;25,38;25,38;22,41;21,78;6,01;6,3;;;;
14/10/2024;18,98;23,28;19,67;1,19;20,32;11,22;22,38;24,02;18,51;8,49;17,6;3,15;16,73;19,51;23,14;12,04;9,88;9,16;23,32;18,57;5,54;9,18;26,3;15,74;29,48;19,68;5,16;28,59;3,29;32,3;54,7;39,15;1,14;49,31;48,86;11,24;13,81;50,68;48,18;42,11;48,24;49,1;36,0;3,62;6,87;29,87;38,3;51,73;0,44;29,98;45,17;31,02;4,17;40,01;32,18;18,51;46,78;1,94;22,17;5,76;48,72;19,92;33,63;13,33;20,74;22,05;41,63;37,71;16,02;42,68;36,89;13,24;32,16;14,39;25,2;41,13;35,32;5,01;39,79;28,86;14,55;35,42;32,92;13,0;27,31;20,49;19,95;10,39;11,04;16,18;14,19;2,44;25,32;7,74;12,14;6,6;;;;
15/10/2024;13,01;21,17;11,03;23,73;0,85;11,05;19,37;8,93;17,34;24,45;22,22;9,65;19,25;4,03;4,93;2,23;5,58;11,26;21,47;23,53;3,88;18,0;4,07;2,51;14,14;13,66;1,25;30,81;34,37;11,54;30,65;30,72;58,42;6,63;19,26;33,27;14,3;23,49;49,52;26,11;2,76;21,99;40,29;13,61;37,55;16,07;20,56;45,07;0,92;39,61;39,23;20,58;9,15;36,46;17,91;35,18;11,42;34,61;3,25;3,7;25,71;29,2;11,74;38,52;25,8;34,38;19,04;23,72;34,16;48,84;16,22;3,13;19,77;45,4;17,42;13,18;2,67;14,51;29,01;18,25;29,22;12,05;33,68;9,5;26,2;3,04;8,68;16,38;21,49;18,19;13,45;15,0;13,16;15,7;15,25;5,4;;;;
16/10/2024;19,83;3,82;4,75;2,36;20,85;13,19;4,59;22,32;2,33;18,86;19,79;8,09;5,44;20,6;13,98;6,36;6,42;1,83;6,76;2,73;22,12;16,11;0,4;23,69;10,66;15,43;26,82;9,25;15,61;37,19;31,61;51,0;50,5;52,95;21,3;32,76;37,6;10,62;35,25;33,28;35,03;37,82;42,64;15,58;12,42;29,22;19,18;13,29;24,87;51,96;5,1;8,43;23,9;7,12;22,04;3,96;8,36;13,21;48,1;23,97;27,49;15,52;21,63;25,9;6,48;13,24;10,69;18,88;15,57;10,54;13,35;23,57;12,84;12,49;20,52;48,83;10,33;11,27;24,24;29,81;26,44;29,24;17,34;31,48;27,18;20,69;12,21;3,4;6,42;12,84;17,59;26,84;13,12;15,7;2,16;6,3;;;;
17/10/2024;1,26;11,25;2,82;23,18;7,53;4,61;17,17;8,52;7,27;3,14;18,69;22,07;11,78;2,53;6,5;19,29;13,19;4,23;0,45;12,65;10,54;20,06;0,25;0,68;26,22;9,53;14,38;16,83;2,83;29,51;16,3;5,29;59,99;50,12;25,43;35,69;28,92;15,34;24,05;26,33;43,0;41,61;43,84;17,42;30,55;13,46;22,35;35,2;10,86;4,77;34,0;32,73;10,43;15,07;5,51;48,43;21,4;17,33;32,17;10,72;15,73;19,61;27,07;26,91;8,49;16,15;34,13;23,15;38,24;9,18;19,18;30,19;22,56;34,24;8,41;21,6;23,13;30,24;7,16;5,24;33,59;11,46;16,98;21,83;28,03;15,17;23,23;19,61;18,21;22,59;15,32;24,33;10,87;20,1;20,46;6,6;;;;
18/10/2024;16,36;18,25;2,64;17,16;17,78;4,07;13,61;4,64;24,93;18,28;13,28;12,08;10,16;19,96;21,11;19,43;6,41;10,1;17,99;9,9;24,47;22,34;7,5;23,71;3,36;11,36;9,6;26,45;24,14;11,86;49,54;21,42;55,38;53,88;2,45;43,56;37,31;16,98;44,75;2,21;6,12;40,22;2,0;3,86;37,3;42,55;18,61;48,97;3,16;42,13;38,38;51,65;18,82;15,51;4,13;15,16;19,65;2,14;24,21;41,82;3,8;29,13;41,23;25,52;0,4;18,43;0,63;2,94;38,21;33,68;11,26;4,17;47,95;39,49;14,38;38,81;35,56;41,6;41,63;24,62;22,04;38,51;1,86;32,08;26,99;4,03;2,38;23,64;1,46;3,88;9,91;6,09;1,2;20,34;15,26;6,3;;;;
19/10/2024;4,63;22,47;2,81;12,26;4,01;11,73;14,4;22,37;21,66;17,13;21,23;10,83;13,13;1,2;12,66;0,97;21,08;15,29;17,42;17,89;22,98;13,56;6,51;3,81;20,96;9,31;27,15;24,72;16,57;17,19;28,44;28,69;0,48;0,15;12,22;44,58;38,76;42,31;38,84;24,86;5,05;16,2;30,93;24,77;58,59;29,66;2,74;25,9;40,87;15,85;31,51;20,42;2,38;10,84;11,87;59,41;55,71;30,41;14,48;36,36;1,92;24,94;32,29;11,63;1,35;29,28;6,81;4,69;24,23;16,42;32,7;26,65;8,07;4,68;16,43;34,31;44,2;25,01;5,97;42,88;27,27;12,63;3,06;17,6;37,3;11,86;1,31;8,1;15,95;13,14;15,97;10,18;22,25;14,08;1,75;6,6;;;;
20/10/2024;3,21;15,32;7,98;24,62;19,71;18,4;14,96;9,73;14,53;22,2;18,82;14,58;12,55;20,91;13,19;23,65;21,08;3,2;2,16;3,7;21,44;12,33;23,45;27,02;19,65;5,66;3,02;23,9;20,21;15,79;13,33;25,96;0,56;6,64;29,09;48,95;41,27;0,78;21,01;39,01;40,76;35,65;17,98;39,27;36,93;35,42;56,86;55,74;37,71;25,19;1,43;31,75;2,24;23,83;26,55;38,82;59,49;6,41;1,99;38,51;16,99;33,27;24,47;29,32;13,01;25,12;14,15;37,04;9,87;37,42;49,18;17,71;20,38;32,91;17,72;3,12;22,28;8,42;8,12;10,87;42,88;23,32;30,38;28,42;9,83;20,71;22,98;7,3;18,19;2,15;12,52;3,23;3,69;6,07;5,44;6,3;;;;
21/10/2024;7,83;16,16;9,43;21,8;6,51;4,08;21,99;4,43;4,17;17,66;7,46;13,2;7,11;18,92;12,87;2,61;22,6;8,97;14,8;24,85;16,15;23,62;15,93;14,39;6,17;9,09;2,26;10,61;2,05;21,38;38,89;37,01;47,64;1,97;21,36;8,54;54,77;43,42;17,45;11,07;47,48;52,77;32,22;18,43;37,49;48,93;51,48;53,07;11,85;1,67;32,86;5,37;18,96;16,87;24,75;25,4;10,97;33,84;19,85;35,17;10,91;42,27;14,6;8,72;19,04;20,86;54,77;37,12;14,55;44,46;22,5;19,47;45,43;39,78;6,81;22,42;28,63;29,22;31,53;5,83;0,45;12,73;17,59;23,23;30,43;7,63;17,87;1,04;7,98;14,96;2,8;5,85;10,12;4,29;18,96;6,0;;;;
22/10/2024;2,13;6,74;15,39;15,48;8,01;24,48;21,71;7,71;12,24;3,7;20,68;12,36;17,27;7,79;11,75;6,74;16,61;17,11;6,17;22,47;3,18;1,96;3,21;2,14;22,74;19,9;0,28;18,78;28,09;6,57;16,9;36,13;54,48;12,85;21,06;28,1;17,46;34,94;36,28;25,69;38,5;47,45;37,71;46,38;50,37;40,48;23,69;17,8;55,44;39,55;12,5;39,17;42,62;0,54;55,81;41,69;34,5;10,35;50,59;26,92;30,95;22,78;28,84;17,07;28,02;26,45;6,61;20,93;1,34;42,87;16,33;6,89;24,37;1,87;30,51;43,97;45,23;24,45;26,64;21,59;17,4;35,56;23,01;15,42;28,58;19,87;21,13;17,65;24,02;17,74;11,08;15,45;22,07;24,56;6,51;6,3;;;;
23/10/2024;22,93;17,52;21,73;7,74;13,02;3,99;8,24;21,0;15,53;22,18;6,72;2,26;22,53;8,24;17,08;19,0;18,25;8,18;26,21;12,96;25,62;7,04;6,24;1,85;3,52;5,67;5,79;6,2;35,9;1,53;3,58;9,28;16,07;21,88;43,57;45,68;17,64;32,37;30,28;8,19;44,08;21,92;26,71;42,61;46,42;43,65;4,48;27,08;30,26;35,78;31,52;19,01;55,47;32,3;2,27;40,33;22,17;14,51;18,35;35,61;1,48;1,16;15,79;45,15;31,07;19,93;2,46;24,7;25,39;32,11;8,53;25,51;30,05;19,68;16,05;40,45;32,42;6,25;34,24;28,14;5,83;9,23;4,34;5,93;19,74;8,91;19,72;6,36;18,91;6,34;14,8;3,29;23,68;1,05;6,0;6,0;;;;
24/10/2024;9,55;3,43;10,33;18,55;9,49;9,08;17,76;22,82;17,37;11,69;21,81;7,28;17,92;11,49;4,2;8,03;5,12;21,81;16,13;25,03;13,76;7,17;10,41;25,53;26,07;27,28;21,51;21,89;41,0;48,03;36,89;21,35;1,19;39,95;8,99;13,36;42,45;42,79;19,15;37,68;26,06;45,11;51,24;43,23;38,11;8,8;9,06;4,91;14,97;39,85;21,9;28,32;1,04;5,11;19,34;44,4;2,54;14,85;34,11;0,01;25,61;24,77;0,31;5,16;1,14;25,57;39,02;37,8;31,92;40,75;22,53;13,51;21,43;1,02;1,06;12,15;26,41;41,06;13,62;16,48;32,58;3,31;28,39;14,47;38,82;31,3;12,29;6,44;22,42;12,18;23,44;2,05;3,11;14,84;21,58;6,0;;;;
25/10/2024;24,62;2,62;14,43;9,25;9,36;14,08;23,22;9,18;11,62;0,48;4,2;17,61;10,81;5,22;11,76;10,24;12,3;4,16;12,79;1,27;4,81;13,89;0,32;23,12;19,63;8,25;20,38;11,11;24,4;26,98;15,88;20,95;18,3;39,38;1,21;11,96;61,72;38,92;2,11;16,28;50,63;39,24;16,32;47,8;16,12;12,23;42,44;1,7;28,78;8,82;1,67;36,49;23,1;21,76;8,2;29,29;23,16;14,93;28,94;2,96;14,57;32,52;0,19;19,25;10,6;15,78;45,18;50,85;46,85;32,13;4,54;2,87;44,34;45,67;13,24;9,8;38,5;26,41;27,99;37,35;12,54;9,37;37,76;27,68;15,58;0,87;5,95;18,64;21,09;23,45;21,57;6,83;8,55;12,06;4,66;6,9;;;;
26/10/2024;24,59;19,39;21,57;25,85;3,11;18,21;19,5;16,93;1,38;23,67;7,75;18,49;17,55;4,55;22,36;14,74;1,35;7,55;7,69;16,99;13,97;21,7;19,92;18,84;28,98;20,19;4,74;28,96;8,49;22,06;42,67;7,31;56,7;33,42;59,93;52,1;26,11;50,26;13,81;32,14;33,55;27,36;7,2;31,33;4,61;18,17;45,72;26,4;21,05;4,41;43,79;50,22;4,78;28,41;51,83;11,21;48,61;32,49;1,86;43,01;37,62;22,49;10,57;10,93;13,77;34,19;28,78;28,75;28,1;23,83;21,64;13,11;8,91;33,91;1,41;4,93;20,84;28,83;37,51;10,86;33,25;37,12;6,17;5,35;28,23;27,8;8,04;2,77;31,07;4,4;27,01;7,22;17,83;10,12;3,55;6,6;;;;
27/10/2024;8,71;0,69;21,48;19,67;25,82;18,01;16,73;2,2;25,4;8,83;10,45;15,24;20,71;11,2;2,72;2,17;26,19;17,27;17,61;22,34;5,89;12,35;13,82;19,68;21,17;17,11;10,99;29,29;2,5;42,38;20,71;53,93;16,69;36,43;19,78;35,98;1,43;27,89;44,63;3,16;16,81;42,22;21,24;23,92;35,76;44,14;40,47;25,46;39,23;0,55;12,22;25,91;39,23;36,44;30,16;7,46;38,41;8,29;39,0;54,19;6,35;22,17;0,09;23,35;4,67;10,43;25,34;20,92;16,0;1,76;0,73;14,8;1,7;24,88;1,21;6,35;36,97;20,19;24,06;10,67;39,8;31,09;38,65;0,3;29,36;11,02;8,07;16,62;7,97;4,26;11,06;25,61;8,0;16,99;21,16;6,6;;;;
28/10/2024;0,69;6,67;20,19;0,9;24,91;7,62;16,06;6,46;13,44;2,25;8,96;1,32;22,99;10,44;12,32;4,96;4,4;21,64;20,86;18,65;22,12;18,69;7,56;11,45;7,42;3,7;10,99;26,82;3,99;36,29;35,59;40,81;3,15;48,09;6,01;9,69;49,12;51,78;3,63;23,25;36,22;28,22;35,83;30,46;33,76;44,31;23,5;46,97;21,76;25,27;32,18;40,74;50,9;5,02;37,64;6,14;54,11;50,43;25,72;4,59;4,77;27,97;8,48;9,29;10,8;10,7;43,85;28,03;34,39;7,07;8,05;36,22;3,09;3,21;6,44;14,66;10,1;2,67;26,77;8,83;31,89;19,32;10,0;30,85;16,02;1,1;9,6;16,48;18,78;9,65;12,51;10,03;9,0;21,46;5,75;5,7;;;;
29/10/2024;9,15;2,93;3,33;21,21;7,06;2,21;3,7;6,75;5,07;16,24;19,41;10,81;7,21;2,63;7,81;1,33;13,94;14,26;22,65;8,35;5,04;12,83;14,72;25,87;3,14;10,79;13,89;24,19;18,99;31,03;35,01;24,78;59,17;39,45;47,3;31,02;40,41;2,19;20,53;42,99;12,8;15,69;13,48;10,33;43,44;11,1;48,36;25,58;49,14;15,7;15,16;11,26;15,1;16,5;27,74;28,46;41,85;34,65;32,49;37,46;11,22;32,75;20,66;33,88;32,99;33,8;6,34;25,3;26,79;38,69;23,23;37,73;17,21;8,46;0,87;38,63;18,55;12,87;7,79;6,34;33,95;6,7;22,06;31,18;5,57;6,93;10,93;25,88;9,32;5,52;7,37;8,17;0,04;3,44;17,19;6,3;;;;
30/10/2024;21,55;24,42;1,72;10,96;8,44;4,95;11,93;11,7;0,51;20,93;1,17;2,04;16,97;14,47;14,94;14,05;9,4;4,35;2,68;19,94;13,35;7,38;9,22;22,38;12,41;16,88;16,68;18,64;32,99;34,56;14,74;10,98;0,58;38,03;17,38;50,27;39,39;13,7;32,8;5,23;51,16;49,18;46,17;25,21;36,32;15,93;58,17;39,52;13,4;16,11;21,58;21,95;45,04;14,38;34,15;12,02;0,11;19,07;14,03;10,77;20,56;27,38;1,3;15,12;24,56;8,97;37,79;9,04;5,63;14,01;14,75;23,83;48,44;14,95;34,7;1,69;15,21;39,08;17,34;18,02;20,31;21,4;4,31;2,41;3,7;6,54;0,24;12,06;2,14;5,35;4,98;21,82;18,53;21,39;15,69;6,0;;;;
31/10/2024;5,8;23,92;18,2;3,75;4,88;8,25;6,18;14,72;15,68;18,71;24,81;9,23;4,12;10,73;16,11;9,7;21,37;20,66;0,46;16,85;11,82;18,28;6,75;8,42;22,51;19,4;19,37;3,13;2,35;8,0;28,49;27,63;10,22;16,65;24,53;15,4;24,51;11,06;48,35;55,29;32,92;47,5;54,82;6,62;32,0;39,98;20,67;38,71;33,58;23,0;46,18;3,32;38,05;17,47;10,69;36,39;8,07;7,36;4,44;11,75;1,94;34,79;15,4;42,95;22,75;22,0;12,44;5,91;38,32;35,19;36,07;6,96;35,9;39,32;8,47;24,11;9,34;34,12;7,76;19,55;10,72;23,33;19,25;39,97;34,06;16,12;13,82;19,4;28,83;5,76;0,21;26,3;12,32;6,55;18,59;6,9;6,9;6,3;6,0;6,6
01/11/2024;9,86;13,35;21,07;12,26;12,39;11,27;16,86;8,58;3,74;3,32;10,74;17,04;6,38;7,14;12,05;17,9;19,12;19,26;3,41;8,79;0,74;25,91;22,53;14,97;16,95;18,82;0,87;21,59;25,34;11,1;7,87;6,38;3,56;18,27;13,5;40,58;3,04;12,67;22,4;7,95;49,85;22,79;25,42;33,12;25,69;51,32;47,59;40,37;42,06;49,83;36,27;18,14;34,98;22,89;47,27;33,85;16,39;33,75;0,22;16,84;0,65;39,3;30,79;15,24;32,65;49,63;24,28;49,29;4,52;0,92;32,46;34,99;0,54;17,65;17,94;25,08;34,08;2,89;16,93;18,85;1,52;0,63;34,29;2,61;2,2;20,84;17,05;4,85;4,39;10,31;11,02;1,36;2,95;11,32;15,24;6,0;;;;
02/11/2024;16,99;1,85;20,7;2,02;22,71;17,81;1,33;11,98;12,23;4,94;20,75;4,25;1,46;8,97;13,54;4,99;7,8;5,75;21,68;21,2;0,67;15,31;8,02;5,29;23,22;6,44;2,74;23,63;36,41;0,45;29,68;47,62;14,98;46,2;27,8;33,53;62,45;54,29;3,17;23,82;36,43;13,98;32,27;43,38;4,43;57,0;0,11;59,21;3,19;1,8;0,17;16,92;45,67;21,07;35,52;42,44;24,03;32,68;58,68;30,81;27,67;29,2;48,99;34,73;44,02;13,08;1,76;44,35;50,4;34,77;26,83;16,0;9,89;1,51;21,37;37,94;15,08;26,37;25,66;1,58;34,87;6,91;20,79;15,71;25,94;12,73;7,93;22,0;21,04;3,16;13,04;15,53;2,95;0,29;12,65;5,4;;;;
03/11/2024;10,63;1,86;2,9;20,74;17,97;5,14;7,83;10,71;5,8;19,39;15,95;18,83;10,07;21,58;2,54;20,23;20,16;13,8;10,51;9,02;15,3;4,73;21,7;19,02;14,34;20,75;17,19;23,96;5,88;5,67;14,9;11,92;26,12;12,88;27,14;60,91;15,39;47,06;6,85;14,5;6,06;17,31;44,09;14,72;50,95;32,7;47,18;8,54;3,39;28,44;10,66;28,54;12,59;22,45;65,77;49,98;1,72;0,98;42,98;11,91;46,23;7,51;27,26;42,19;28,1;4,8;40,09;46,61;19,2;45,78;10,69;33,44;13,25;45,06;14,34;6,55;5,65;31,44;16,72;38,72;38,67;32,17;0,81;24,71;3,39;24,0;16,99;14,63;7,97;20,56;4,7;0,32;10,61;17,58;23,7;6,3;;;;
04/11/2024;19,78;11,57;13,3;17,5;6,0;7,55;0,72;24,24;15,26;18,26;8,9;13,03;9,2;16,17;17,99;21,2;11,45;0,07;8,91;7,62;11,02;12,96;18,41;2,33;0,13;7,84;20,15;5,62;6,46;21,38;6,18;35,09;3,12;24,32;37,68;35,97;35,2;12,68;2,19;19,92;51,41;16,54;32,4;19,7;10,85;22,93;0,94;34,55;47,19;21,79;28,34;27,97;12,6;5,21;42,35;17,8;49,9;33,26;37,85;13,55;0,19;6,61;13,49;11,25;29,54;28,15;51,0;0,17;22,89;35,3;13,61;40,56;27,48;36,41;23,74;46,57;25,15;26,7;8,02;28,45;16,21;31,35;9,03;22,77;20,38;5,46;14,37;19,21;5,22;2,33;5,84;14,69;22,12;18,99;9,11;6,6;;;;
05/11/2024;15,9;20,68;13,94;13,82;17,37;19,84;10,74;20,92;8,39;6,99;12,93;15,67;12,69;26,21;22,43;16,48;3,21;17,38;2,26;20,58;17,23;16,25;1,04;1,55;11,67;25,93;2,41;12,68;42,32;2,32;44,67;22,96;50,7;38,12;50,93;51,29;62,64;36,1;33,89;48,41;44,41;34,15;36,02;8,52;35,02;32,41;5,07;15,76;48,14;45,3;22,62;13,38;22,01;29,63;3,44;46,03;27,58;9,09;6,22;24,07;7,58;56,42;26,82;52,38;3,08;5,07;39,73;51,76;16,9;13,38;37,17;47,7;17,48;14,95;30,17;31,12;9,0;30,99;38,39;12,3;24,35;21,6;2,44;10,0;20,63;16,12;8,11;15,85;13,4;13,64;11,16;15,19;13,31;16,57;3,79;5,7;;;;
06/11/2024;13,4;17,14;0,21;12,79;14,03;7,66;4,11;0,88;3,11;22,76;7,52;10,07;11,74;0,54;11,6;3,23;6,61;0,87;8,52;13,97;7,11;3,5;15,07;5,49;0,31;1,82;18,89;11,87;19,82;17,4;13,25;37,73;24,87;20,44;50,64;3,69;65,04;70,3;17,68;57,7;25,0;43,06;42,91;13,52;32,14;46,11;48,78;16,56;9,86;4,09;8,42;3,85;41,27;11,62;16,81;30,79;38,68;3,48;28,08;12,16;12,96;19,18;18,22;32,01;9,37;26,96;14,03;9,04;41,45;14,37;14,86;18,58;16,68;30,55;14,08;7,26;29,1;9,04;30,24;17,77;21,09;34,31;19,28;18,4;10,21;7,82;11,55;12,0;20,73;21,96;0,96;2,37;7,62;0,69;21,05;6,0;;;;
07/11/2024;6,0;14,1;25,11;8,93;3,76;14,68;9,28;13,49;17,43;5,21;12,63;7,21;11,7;20,04;17,56;16,56;4,54;6,73;11,58;17,55;8,3;1,26;16,65;10,75;25,59;0,75;0,06;5,42;28,53;26,32;44,37;39,5;26,41;13,26;49,85;32,92;48,76;16,51;51,29;51,97;38,05;14,58;36,84;42,21;25,95;36,24;38,34;5,83;45,53;20,56;47,27;52,91;48,44;34,92;22,71;23,99;5,36;43,75;39,24;27,35;35,81;33,91;0,91;25,15;40,76;13,36;14,61;3,68;22,87;42,88;30,93;9,97;24,53;34,43;9,83;39,02;35,51;39,78;36,42;15,11;30,8;14,91;27,93;3,64;17,8;22,92;6,87;21,54;6,25;4,89;19,79;14,06;6,98;25,3;16,74;6,3;;;;
08/11/2024;5,71;8,87;12,29;16,25;8,27;22,0;20,65;14,44;20,71;25,14;21,51;8,79;4,69;17,1;3,05;18,08;17,18;7,93;9,96;10,74;10,07;13,61;7,19;7,63;23,68;27,39;11,71;26,24;30,61;3,5;11,82;33,25;31,77;32,22;13,77;19,78;28,45;35,86;49,35;0,65;33,86;15,47;2,89;24,05;10,51;10,09;50,62;48,29;57,17;37,65;56,87;35,69;17,99;32,55;42,66;28,09;42,89;45,8;29,73;23,13;43,97;47,23;45,96;10,9;1,98;4,93;32,71;9,51;38,51;42,31;19,9;11,32;38,76;37,78;40,18;41,62;6,26;38,84;33,94;21,37;25,73;11,74;26,47;16,13;23,27;6,41;1,95;7,74;4,4;3,5;4,23;14,79;0,21;3,94;21,88;6,0;;;;
09/11/2024;21,68;4,21;7,45;13,34;11,07;2,46;15,07;7,67;17,62;19,06;13,25;9,99;7,37;3,6;14,99;15,64;12,62;14,46;1,72;4,95;8,02;21,27;3,6;5,56;16,6;7,57;16,11;21,16;4,49;21,59;21,83;13,91;45,93;46,87;32,12;14,07;26,43;59,72;5,35;21,5;20,85;19,76;24,52;12,06;63,06;39,97;15,21;48,73;26,35;35,55;25,51;42,84;33,87;13,13;30,22;36,76;36,26;15,98;38,67;40,63;3,75;36,68;19,89;30,54;16,03;29,0;28,27;46,27;51,44;9,33;21,01;11,47;12,45;21,58;28,75;21,97;27,0;9,15;19,68;26,54;21,82;1,53;10,88;24,44;6,13;24,64;14,59;11,55;3,93;10,23;0,53;3,59;11,1;0,42;16,4;5,1;;;;
10/11/2024;7,28;13,23;8,06;0,13;16,72;21,85;22,44;8,69;24,96;21,07;12,04;10,91;9,24;18,06;16,65;5,13;15,6;18,47;16,48;11,23;6,87;12,95;11,1;11,53;16,1;7,92;15,06;17,52;4,7;38,99;26,67;24,44;43,79;8,21;16,74;9,75;11,56;46,81;22,93;58,84;26,02;24,46;43,46;9,31;27,47;46,91;37,89;26,99;40,51;32,8;9,6;7,23;10,07;22,46;16,83;27,25;50,77;15,06;12,7;35,85;5,59;41,06;43,04;44,7;5,18;44,04;30,62;3,36;55,26;21,56;19,03;51,57;34,45;8,32;26,07;16,13;14,65;8,22;8,54;1,3;8,98;0,86;0,36;24,8;0,28;15,52;10,31;17,58;23,71;5,59;17,43;1,34;7,34;12,68;6,36;5,4;;;;
11/11/2024;8,69;7,47;5,27;14,4;7,21;12,09;23,37;23,39;7,52;17,67;17,32;12,91;25,13;16,52;18,04;8,38;1,26;8,62;11,36;18,39;9,64;7,67;3,31;14,27;6,17;1,26;3,97;3,75;18,49;21,53;47,94;26,05;3,33;47,91;64,4;54,64;51,21;36,4;2,62;11,06;17,41;54,28;3,86;26,92;47,21;24,98;58,84;23,59;42,51;32,16;39,26;13,38;31,08;6,28;3,49;59,82;11,17;44,59;20,3;11,47;44,64;14,19;17,02;29,61;35,56;34,78;49,9;38,27;3,13;0,04;16,94;12,53;14,55;1,84;32,58;9,69;36,09;1,09;7,06;30,03;26,58;40,39;6,75;0,78;21,03;11,51;10,89;18,51;5,55;13,42;16,11;21,72;9,85;20,14;3,28;5,7;;;;
12/11/2024;16,35;22,15;4,7;21,97;3,04;5,03;23,0;23,41;4,19;6,01;17,08;3,68;1,99;21,1;18,93;16,93;3,08;21,22;6,38;15,15;21,56;16,47;14,28;3,1;4,9;1,06;13,24;7,27;10,77;32,18;25,96;58,01;32,68;16,41;56,49;35,13;24,07;32,59;50,23;8,26;1,66;30,63;15,25;1,76;36,11;33,1;34,18;7,03;5,68;58,22;16,84;9,6;37,52;45,31;11,34;7,04;17,89;27,13;28,55;6,03;1,88;38,9;31,49;17,77;10,13;5,31;0,71;9,43;46,58;24,26;23,09;11,09;46,24;17,2;43,67;36,09;22,65;25,68;17,1;3,1;23,96;29,05;26,66;0,51;8,53;8,23;8,58;15,71;10,85;22,96;9,32;13,67;15,03;2,09;20,85;6,0;;;;
13/11/2024;10,16;1,96;10,17;17,92;1,59;6,96;15,45;8,71;16,43;23,68;12,95;24,52;23,83;18,15;24,16;8,29;11,03;2,26;18,05;20,04;5,15;0,43;6,68;23,26;28,31;17,33;24,48;7,89;4,69;35,94;28,81;30,11;8,18;52,15;18,14;23,03;13,47;34,9;43,65;14,19;14,76;13,72;41,14;12,44;51,36;37,91;33,18;24,89;15,07;6,92;44,26;49,72;60,42;32,29;7,78;51,47;3,41;4,12;13,22;35,33;30,08;13,38;19,11;12,78;31,84;21,11;4,26;32,61;34,4;2,07;9,27;38,33;42,15;36,41;1,96;36,86;15,77;22,43;22,78;17,07;7,87;8,47;22,19;24,38;4,62;5,91;1,77;13,36;11,81;11,21;7,74;0,52;21,57;14,35;14,95;5,4;;;;
14/11/2024;20,19;13,77;5,27;0,11;9,63;5,84;8,06;10,27;24,37;6,09;12,47;12,11;12,17;22,67;19,37;2,18;19,79;10,48;2,83;18,4;14,4;6,91;19,09;15,17;19,77;13,34;20,4;26,99;12,75;2,95;17,02;12,49;43,17;24,23;48,42;45,3;44,46;38,63;5,94;15,46;21,1;28,85;44,78;39,34;35,25;55,11;11,93;16,92;40,8;41,57;14,76;53,88;7,26;0,8;47,97;11,88;33,45;0,2;36,57;8,49;24,74;18,81;33,23;37,96;45,21;26,79;17,44;2,98;40,34;41,47;48,64;18,59;26,57;20,65;42,57;39,16;10,58;12,85;33,08;13,35;13,98;15,93;10,81;6,82;10,74;13,63;12,74;13,03;17,88;14,5;12,59;2,06;17,85;18,71;2,28;4,8;;;;
15/11/2024;15,94;13,21;5,89;7,61;14,31;21,37;16,29;17,77;16,08;8,4;19,68;22,52;1,99;0,35;16,43;0,64;4,44;13,72;12,73;8,58;6,98;3,05;19,88;13,53;15,63;2,58;4,3;29,82;13,38;22,84;30,89;22,21;46,32;65,56;9,32;50,56;55,65;35,65;36,11;50,64;22,55;42,16;33,61;50,28;38,04;41,51;25,94;58,32;4,56;23,45;37,55;36,93;57,1;31,03;2,42;48,44;50,28;12,37;21,79;20,11;37,95;4,82;18,13;19,01;34,59;34,95;30,63;18,4;20,77;24,1;26,23;43,67;3,05;2,33;26,92;35,56;9,29;28,35;48,69;8,32;37,25;1,81;23,54;20,26;12,13;27,5;19,99;14,7;1,65;3,59;0,4;7,57;16,16;12,64;14,45;5,7;;;;
16/11/2024;17,71;10,59;24,67;3,25;11,48;20,62;21,1;6,88;19,35;18,92;7,46;3,71;20,67;19,53;20,49;10,5;19,81;3,54;10,83;18,55;21,51;17,36;14,82;0,13;18,76;0,16;15,4;33,18;2,14;38,95;3,26;36,98;13,81;56,77;43,3;8,16;33,05;56,17;49,03;5,51;47,4;7,58;37,39;37,34;11,08;43,49;42,42;11,55;0,02;54,49;2,18;57,96;10,67;7,05;62,91;49,53;52,22;14,33;17,4;27,34;43,04;34,74;24,26;35,11;33,48;0,32;40,96;33,99;22,22;2,38;35,15;39,97;38,4;33,77;20,92;36,95;44,17;27,42;36,86;2,29;31,62;20,0;2,59;28,09;18,79;21,74;16,1;24,13;11,5;17,44;9,21;16,4;22,58;14,3;22,49;6,0;;;;
17/11/2024;3,81;24,58;21,26;7,45;15,63;4,47;11,2;4,76;1,0;10,62;23,91;0,78;22,76;23,22;17,51;6,0;14,87;12,35;13,96;10,44;20,64;3,28;19,84;16,08;3,04;5,34;3,76;27,04;21,93;28,79;17,41;53,49;1,13;17,25;71,0;44,17;34,91;1,68;57,72;27,68;14,04;33,53;20,28;48,48;26,01;62,33;3,46;29,67;51,97;32,66;11,21;52,06;54,29;0,89;13,09;2,07;51,69;19,19;15,41;41,5;39,27;39,35;17,35;17,57;28,48;38,54;24,52;34,02;35,33;30,77;44,57;34,29;7,58;35,26;33,6;8,83;40,88;12,29;37,51;35,98;39,36;25,2;25,62;26,82;8,35;15,99;11,4;0,51;14,04;17,27;9,08;17,9;15,59;11,88;7,1;5,1;;;;
18/11/2024;8,91;23,29;14,5;1,06;16,17;13,61;13,19;18,7;7,09;15,31;6,83;11,99;22,99;23,32;20,4;3,27;18,0;9,14;18,87;8,37;0,07;2,93;10,8;11,71;6,0;23,22;20,36;16,51;25,64;7,47;46,52;33,28;16,18;59,17;38,0;50,38;17,66;47,95;43,09;43,77;24,64;47,4;17,47;34,24;10,96;14,65;5,74;26,19;32,75;29,54;43,69;22,07;14,21;1,96;25,18;1,9;32,4;17,11;37,14;32,35;41,37;17,1;2,64;21,56;14,16;31,56;11,81;29,39;44,6;37,67;7,78;6,06;20,3;37,21;43,77;27,83;8,05;24,0;46,95;7,82;18,19;1,13;32,61;34,86;22,61;10,33;10,5;20,98;12,18;1,27;16,5;7,68;11,32;14,04;18,58;5,4;;;;
19/11/2024;19,29;4,84;19,29;11,45;23,89;10,72;4,7;6,4;20,01;6,1;6,85;2,71;10,66;6,9;15,32;10,65;20,16;19,59;17,19;14,57;3,49;22,79;1,1;7,93;0,81;3,33;3,7;30,74;35,02;29,92;5,45;17,54;13,47;11,57;1,3;4,69;50,87;43,06;24,75;36,24;14,46;40,41;37,93;0,03;46,83;30,24;41,92;16,19;52,68;7,98;52,13;14,77;55,51;12,41;46,73;56,57;37,11;33,98;27,65;2,75;14,89;7,59;16,03;17,21;32,4;23,02;8,05;37,04;11,15;50,82;4,87;1,4;39,6;11,84;37,64;43,62;42,28;10,41;3,14;2,65;36,16;2,04;27,8;33,49;2,66;5,58;19,53;20,57;14,03;5,2;16,8;5,49;1,5;6,04;1,3;5,4;;;;
20/11/2024;21,82;14,92;4,63;2,53;10,73;11,14;9,64;15,39;2,76;19,69;22,87;13,71;0,35;20,11;2,2;1,9;6,66;19,23;6,4;12,83;4,39;15,51;16,57;0,58;4,48;15,76;7,79;27,21;20,78;30,42;33,66;36,29;55,77;58,11;25,12;41,0;26,38;41,71;22,83;4,72;46,05;47,84;37,76;4,54;31,85;52,19;36,62;26,95;40,88;10,79;47,38;6,15;20,3;57,12;49,74;37,46;4,52;7,84;32,56;35,08;25,83;7,4;24,85;15,99;29,78;7,86;53,62;16,42;34,92;39,52;22,18;33,47;10,84;10,85;24,92;24,38;9,31;44,31;18,53;16,16;26,46;10,1;6,27;0,71;25,18;2,31;11,21;6,48;21,07;9,58;17,63;15,27;5,29;15,69;8,67;4,8;;;;
21/11/2024;3,59;13,74;13,66;5,11;5,2;1,06;7,53;16,9;20,32;3,3;12,3;7,88;7,5;4,88;11,66;0,4;11,37;9,14;3,72;10,66;12,6;1,36;18,26;20,76;0,16;17,44;4,2;5,49;31,58;23,73;43,7;21,24;62,08;11,75;29,2;18,06;49,31;24,61;33,13;13,42;11,52;31,51;48,86;21,32;26,31;17,54;8,36;39,63;13,38;34,4;19,13;44,65;54,35;57,45;32,9;54,32;29,94;0,49;39,44;4,11;12,79;10,4;20,24;44,69;16,84;33,65;44,37;22,1;18,22;42,57;12,26;24,0;25,72;12,26;23,54;37,46;16,85;19,38;20,21;30,46;7,79;10,36;10,75;17,26;14,28;3,62;1,92;6,32;1,29;5,15;3,33;14,23;8,59;19,7;0,12;6,0;;;;
22/11/2024;6,07;18,08;22,12;6,88;21,97;10,69;7,28;1,85;0,41;9,78;14,29;3,52;8,93;18,69;18,74;8,49;6,46;24,34;21,39;4,17;15,7;9,81;10,51;16,69;6,52;30,46;11,83;30,99;1,43;32,57;56,17;52,42;4,54;46,8;46,89;31,55;31,5;24,75;5,2;7,14;22,67;3,98;8,1;10,57;64,78;35,61;25,42;34,72;15,54;14,3;12,41;7,4;35,39;33,25;44,73;27,55;34,35;20,01;24,53;50,39;20,02;33,48;56,61;0,16;13,53;16,5;54,16;46,0;17,23;14,87;26,01;9,08;14,76;10,2;5,27;0,6;23,24;26,42;8,59;10,85;40,42;9,01;38,31;8,95;13,3;1,0;11,44;9,33;7,1;1,16;16,85;18,78;16,54;17,16;7,65;5,7;;;;
23/11/2024;11,96;5,63;23,96;16,41;1,47;6,26;21,41;22,81;6,88;16,79;17,71;14,05;21,72;12,13;9,77;21,63;3,33;20,08;12,77;18,11;20,0;7,78;9,2;23,64;7,01;15,18;0,22;28,53;8,33;41,36;39,89;53,68;60,44;3,38;8,15;32,62;33,55;51,99;11,0;23,69;57,63;21,78;21,71;2,9;49,95;11,31;5,11;35,7;50,29;31,13;22,22;9,82;13,07;58,05;14,63;23,47;46,48;41,03;21,51;7,58;29,57;50,03;54,68;33,67;32,73;37,04;45,16;33,61;6,78;50,49;44,59;1,65;39,4;27,37;19,64;25,28;2,31;0,19;42,74;9,29;32,29;12,88;26,02;10,3;4,05;25,4;21,9;11,52;6,34;21,89;14,1;5,42;6,68;13,19;16,53;5,4;;;;
24/11/2024;23,71;22,03;11,26;7,36;15,04;22,49;8,54;20,83;21,81;20,59;13,37;5,82;22,2;3,53;18,03;10,06;0,44;11,56;8,85;13,31;19,78;18,42;0,44;20,79;1,76;20,87;17,24;21,53;8,0;25,89;20,5;20,08;43,35;58,08;3,56;66,33;35,1;33,38;5,28;53,31;48,08;24,39;18,77;35,33;36,91;47,16;40,51;18,52;63,19;6,89;1,43;47,69;53,67;24,45;6,41;0,17;26,12;1,28;43,56;26,92;45,81;14,81;9,95;3,47;23,91;33,6;35,49;18,88;33,13;13,37;1,62;2,05;28,65;16,36;12,01;36,04;0,25;10,81;32,0;40,59;33,7;19,96;29,05;19,43;7,09;12,95;14,82;1,35;13,01;16,22;16,42;13,11;1,33;8,73;9,35;5,4;;;;
25/11/2024;3,03;18,88;19,79;19,26;6,73;8,06;23,22;3,08;13,93;16,28;4,35;0,6;22,51;18,07;11,3;5,75;15,39;13,81;9,07;3,66;10,58;2,31;7,78;22,38;0,19;21,06;10,72;2,35;7,99;20,34;55,69;19,35;8,78;32,41;14,9;41,76;17,82;25,36;25,48;17,1;7,77;34,32;22,9;36,48;25,4;12,14;64,04;60,29;64,32;57,8;49,67;55,93;24,67;15,66;46,37;36,85;4,13;38,11;16,54;45,12;43,61;57,53;33,79;0,87;32,18;12,11;20,29;28,45;2,29;18,14;39,44;26,43;51,19;45,35;19,85;18,95;2,72;12,13;21,69;14,72;20,44;20,99;11,43;0,79;9,13;24,33;3,58;3,43;12,75;12,09;10,39;5,08;1,47;12,1;15,97;5,4;;;;
26/11/2024;15,74;21,65;12,95;20,73;13,69;8,16;14,53;15,95;22,52;17,54;15,81;4,55;8,06;23,8;15,75;0,33;7,34;11,55;0,6;14,9;18,54;2,91;11,61;2,95;4,28;22,5;9,54;25,64;12,1;10,89;17,91;1,08;53,63;38,92;17,26;53,0;25,05;54,91;12,22;20,72;44,98;10,71;17,06;0,32;57,82;33,66;50,47;55,58;19,41;5,17;10,9;1,69;18,51;46,48;53,71;36,45;23,12;44,25;10,79;43,77;38,48;39,13;3,3;7,25;38,98;41,42;22,86;35,47;30,14;35,37;10,52;25,85;48,67;20,78;45,89;14,74;17,39;10,38;9,62;18,14;34,11;28,53;18,18;1,28;7,01;21,84;1,85;5,63;0,13;2,2;10,85;16,16;7,8;5,64;5,42;5,4;;;;
27/11/2024;0,7;22,09;15,85;6,13;9,44;14,31;15,13;16,67;14,03;14,26;1,85;2,27;9,7;5,28;16,82;6,07;1,62;3,76;17,71;12,58;20,3;1,42;8,48;6,68;20,87;10,47;12,3;27,47;26,47;26,99;63,34;61,89;53,85;45,89;63,8;55,33;4,63;27,31;0,79;53,38;4,09;36,1;12,84;6,91;12,69;37,45;5,53;7,13;45,15;29,74;36,61;32,26;7,79;41,84;21,66;52,92;44,4;28,97;8,2;5,31;38,78;5,8;0,53;32,06;17,9;3,02;46,17;14,91;27,93;33,75;32,38;10,81;17,4;41,46;33,78;1,14;18,98;34,75;29,88;28,43;19,95;1,7;5,05;37,66;31,98;0,26;5,71;4,97;22,95;18,47;8,96;11,27;10,41;2,93;10,11;5,7;;;;
28/11/2024;9,51;9,0;14,11;4,02;22,18;3,14;4,39;12,64;19,76;26,64;0,49;10,72;18,61;15,52;1,73;18,9;15,81;7,89;1,88;22,06;20,25;18,06;22,84;13,02;6,02;7,25;25,88;36,69;12,65;23,84;46,52;33,09;25,37;13,76;31,79;57,21;41,75;25,8;1,26;57,57;58,65;3,06;41,12;31,85;18,97;3,96;58,14;33,05;35,39;50,53;34,17;16,19;31,4;35,52;9,81;17,44;14,75;50,29;8,82;27,91;32,3;25,24;47,13;31,11;4,06;19,79;26,14;53,98;32,05;13,18;41,91;3,87;14,65;25,9;17,88;38,03;32,03;8,33;10,05;38,14;36,45;23,61;3,21;23,92;12,01;1,5;2,57;0,47;13,72;12,0;1,7;21,13;0,12;12,35;3,33;5,7;;;;
29/11/2024;25,3;3,76;18,51;7,35;20,21;4,63;6,24;23,05;5,29;17,64;2,66;9,75;20,1;24,28;21,37;17,16;17,19;2,26;10,57;6,3;3,35;8,11;5,06;15,83;8,35;8,16;28,02;6,24;14,19;6,16;45,07;18,95;11,91;25,24;69,07;44,08;10,35;45,16;30,44;21,88;32,62;31,02;42,53;22,0;40,66;0,12;55,35;42,38;47,59;10,16;0,85;20,87;13,09;51,33;27,51;26,46;50,94;12,53;4,78;14,96;4,14;33,97;30,67;18,1;11,18;42,09;51,33;13,11;7,23;50,77;42,59;10,1;2,94;19,21;46,8;31,02;39,03;38,87;25,92;13,59;10,71;4,48;29,61;16,69;22,08;30,12;11,93;17,69;9,11;19,86;6,07;1,41;3,34;13,61;11,76;5,7;;;;
30/11/2024;7,76;14,13;7,47;16,49;7,44;5,48;1,5;21,4;17,49;14,91;2,24;19,85;15,41;19,06;5,64;18,47;16,18;7,85;4,06;15,08;2,61;13,04;19,66;24,41;17,42;19,77;6,19;6,6;23,28;56,45;31,53;35,64;36,35;8,83;26,43;47,62;8,89;69,12;34,43;61,39;40,8;4,75;14,31;39,2;37,35;46,41;63,31;39,79;37,28;67,68;43,0;63,72;23,98;43,5;50,99;4,1;58,02;0,17;11,7;50,53;3,96;38,45;11,01;48,05;40,99;31,98;49,86;53,95;8,18;56,66;26,19;8,58;19,31;15,14;9,99;40,8;39,91;9,27;19,39;16,06;20,48;4,44;30,78;2,34;10,39;12,68;19,12;0,81;25,34;19,01;16,85;5,15;21,02;4,17;12,05;6,9;;;;
01/12/2024;16,12;11,84;0,81;13,57;3,64;12,23;10,75;14,01;22,28;15,37;23,96;7,17;12,06;14,23;6,2;12,92;7,28;21,53;12,45;11,23;10,45;1,22;2,11;22,55;13,77;14,66;15,82;17,08;29,93;28,63;11,19;3,4;50,68;9,94;26,6;10,87;58,68;1,7;47,51;12,79;9,25;28,99;18,84;25,23;24,38;16,13;11,26;13,88;27,23;55,89;53,79;8,47;9,01;35,6;59,7;49,59;24,83;21,65;14,45;53,23;42,64;4,39;42,58;48,3;40,28;46,21;51,04;31,96;52,13;38,38;41,14;15,84;11,94;47,13;45,5;36,62;45,42;16,4;36,51;2,98;8,92;25,32;34,62;23,15;35,35;10,65;7,25;18,09;22,13;0,73;10,13;16,67;3,38;20,25;14,66;6,9;;;;
02/12/2024;16,91;4,56;15,69;3,37;26,0;8,21;16,27;8,51;12,14;9,58;12,78;15,68;16,41;17,78;3,4;19,76;11,56;18,1;12,85;14,45;13,07;11,27;14,01;16,26;6,52;2,25;29,06;31,02;31,12;34,5;20,24;26,49;14,84;57,3;33,61;54,36;43,12;21,64;41,3;41,24;41,91;23,32;17,17;49,27;24,46;15,64;63,35;48,19;19,95;52,1;45,98;21,06;4,21;5,24;18,03;24,73;9,69;40,37;37,73;19,92;11,67;15,67;28,93;47,04;11,03;18,33;16,6;13,22;25,1;37,56;38,39;22,08;8,04;25,72;1,22;33,86;19,47;41,76;36,44;29,71;25,88;2,82;19,97;22,65;27,3;14,31;18,33;13,9;15,41;16,69;13,78;9,53;12,69;4,14;6,07;6,0;;;;
03/12/2024;0,08;7,46;4,66;24,61;7,19;22,46;9,44;20,42;6,18;23,14;10,32;4,84;16,13;6,05;21,33;13,14;19,1;1,77;11,69;15,11;12,17;3,68;13,94;12,71;20,52;25,37;17,58;26,94;1,08;10,43;32,8;23,25;53,56;46,64;27,47;54,76;12,47;43,11;20,29;40,69;47,62;6,7;11,4;59,81;15,74;16,6;1,38;63,56;9,37;36,83;56,33;27,37;43,95;8,22;23,8;7,26;2,24;12,19;43,12;36,33;23,27;11,45;2,62;21,47;16,22;32,16;20,94;15,97;32,43;25,42;13,89;9,8;32,54;16,06;13,31;2,2;21,76;25,14;28,3;19,64;2,78;31,32;28,34;22,93;6,88;14,6;22,68;2,98;4,23;12,5;15,33;8,89;25,97;18,88;15,15;6,3;;;;
04/12/2024;11,39;21,67;18,46;13,69;9,85;5,43;5,83;1,4;17,23;22,27;16,83;2,66;2,39;21,2;4,5;20,39;5,8;10,41;10,14;13,32;10,13;19,3;16,66;20,07;12,62;17,73;28,99;16,25;29,11;23,0;0,15;39,04;21,34;61,12;5,92;22,65;65,48;16,4;40,88;28,03;6,16;40,76;0,78;39,9;9,41;25,34;30,21;5,01;17,59;17,09;52,24;12,93;10,56;50,28;12,96;12,44;20,86;10,32;5,56;21,6;8,93;10,49;23,32;9,94;7,64;33,13;39,09;45,49;50,09;48,54;18,66;46,53;14,84;0,56;25,26;7,58;24,73;7,99;37,47;36,14;7,22;15,33;32,89;29,27;5,22;20,37;0,23;20,02;3,47;14,23;4,47;14,96;4,75;2,78;9,93;6,3;;;;
05/12/2024;1,41;10,43;10,35;26,52;19,43;21,43;9,84;10,98;10,52;16,76;0,7;22,58;10,89;20,4;20,16;4,68;6,43;19,18;15,96;12,08;11,97;14,02;19,59;19,9;17,07;11,19;27,62;0,15;24,54;13,96;8,3;28,38;22,46;18,0;26,63;60,09;23,03;12,66;8,5;37,04;51,19;30,78;10,23;40,51;54,78;8,21;43,6;46,91;28,85;35,97;30,87;43,4;19,44;15,18;25,86;5,0;9,68;26,38;33,32;2,89;40,18;19,44;34,67;20,32;29,62;17,78;1,26;39,51;34,79;28,24;30,09;42,23;10,01;24,68;32,02;36,06;29,32;8,73;7,65;22,5;22,15;29,44;10,36;16,08;3,51;10,11;23,03;13,44;19,15;11,98;6,81;11,85;25,87;17,16;20,21;6,9;;;;
06/12/2024;0,28;1,51;4,61;1,53;17,72;20,98;6,08;23,88;19,86;19,46;1,37;18,69;0,06;3,86;19,8;19,17;12,9;0,45;16,68;6,32;23,77;7,5;22,91;4,79;9,45;18,22;18,4;7,49;21,38;36,81;21,05;6,49;1,59;42,54;43,81;63,75;12,41;41,09;4,44;30,27;58,75;62,38;17,78;43,3;52,7;3,94;25,68;60,18;42,17;36,87;14,32;53,74;1,62;2,65;28,03;32,13;38,81;24,33;0,78;20,71;42,89;40,16;18,7;38,29;39,21;26,67;20,9;15,44;38,83;24,04;34,9;53,99;4,26;18,43;43,78;26,13;46,13;10,68;39,47;14,15;12,4;4,43;32,98;7,62;3,72;7,1;16,82;3,67;1,14;23,42;3,8;18,41;15,42;13,83;6,25;6,6;;;;
07/12/2024;25,87;3,09;13,05;0,57;23,08;13,85;5,64;24,22;6,39;24,18;17,68;9,14;6,08;8,76;14,41;11,59;14,37;1,17;13,68;3,64;25,27;11,46;15,95;17,38;28,43;12,5;3,45;1,84;27,06;2,26;13,1;34,25;5,95;34,91;57,15;13,32;19,62;18,88;13,86;25,18;11,04;32,59;42,99;56,82;47,69;0,17;29,5;19,13;56,33;51,91;34,66;17,62;46,39;40,89;23,07;53,24;46,54;28,24;43,66;6,26;38,02;4,83;30,27;16,76;23,74;41,75;50,02;29,83;48,19;5,25;0,08;18,17;26,99;41,97;21,8;13,2;12,97;21,9;23,31;11,86;11,8;15,81;14,34;11,13;3,01;22,6;21,01;3,56;6,79;8,48;11,86;11,59;20,5;22,83;14,79;6,3;;;;
08/12/2024;15,36;19,86;23,26;14,85;12,88;14,0;23,44;16,86;12,93;25,12;8,01;18,87;5,98;1,31;0,46;4,86;0,68;3,25;8,91;16,47;17,01;17,67;6,33;14,65;15,07;20,11;24,59;31,95;13,81;38,87;47,1;55,26;32,79;46,45;23,88;43,01;40,13;38,57;57,74;3,03;46,69;16,32;11,76;5,24;61,91;41,34;24,58;43,2;4,88;39,86;30,61;52,51;21,55;12,67;50,21;46,92;43,91;2,14;33,96;31,02;14,48;45,01;20,65;33,75;47,81;36,0;31,53;11,81;20,37;18,75;22,54;41,01;13,1;2,56;32,05;41,32;8,61;15,87;9,27;5,61;12,53;43,87;25,9;3,86;0,0;25,02;14,7;11,57;18,8;15,24;9,55;3,77;14,45;20,24;7,28;6,0;;;;
09/12/2024;8,3;22,94;11,09;0,81;21,82;9,48;3,98;1,86;12,19;20,54;7,25;21,59;2,16;0,71;14,44;19,34;25,08;4,93;21,27;18,32;22,83;13,56;18,46;15,76;15,28;22,57;25,15;10,32;19,82;36,22;49,02;23,3;36,83;61,19;0,4;31,97;60,65;44,48;32,76;19,03;47,45;12,45;45,12;34,86;13,75;15,98;43,95;62,32;62,29;45,09;43,79;25,11;7,29;7,31;18,21;51,65;43,16;49,05;6,87;8,15;2,1;26,2;17,32;39,31;25,15;19,13;48,53;36,12;38,66;16,5;30,68;5,47;36,91;9,35;20,39;47,9;26,83;8,38;34,17;4,88;1,47;5,09;15,75;38,04;17,91;27,74;26,43;21,8;28,03;17,78;23,69;6,45;15,89;11,15;17,6;7,5;;;;
10/12/2024;27,7;17,27;12,53;12,7;14,98;8,64;28,34;4,44;19,31;16,04;1,39;20,62;14,8;12,89;3,71;4,76;8,46;20,54;20,23;5,54;24,1;12,79;26,49;28,09;21,67;33,48;19,46;14,5;34,2;31,05;8,17;37,41;25,15;65,51;20,58;0,87;47,89;22,27;16,87;62,16;37,63;19,27;10,27;33,13;18,25;62,75;22,14;64,84;22,13;14,28;48,46;23,22;32,24;10,82;28,2;33,82;50,59;27,44;3,61;23,09;9,48;39,15;19,86;48,06;7,79;37,2;25,24;43,46;50,73;43,94;26,43;42,34;18,72;5,32;10,1;27,9;37,27;1,09;6,54;5,23;0,19;5,79;26,92;20,03;21,61;23,78;16,69;16,27;5,38;2,95;8,53;16,27;4,93;24,69;17,2;6,9;;;;
11/12/2024;18,76;2,03;7,55;17,16;23,69;11,7;8,32;16,31;26,01;11,77;12,43;17,5;23,84;5,11;25,15;15,72;12,75;2,13;25,0;0,22;19,73;16,93;17,94;23,95;12,95;0,76;5,55;3,61;24,26;6,45;14,78;36,92;53,78;24,95;34,9;2,73;35,78;33,94;18,09;29,95;55,39;20,47;26,58;38,73;7,33;58,11;21,18;52,88;29,42;38,14;23,09;51,34;39,93;12,79;10,79;1,21;9,43;4,61;21,11;21,68;14,63;26,26;9,44;37,25;41,84;9,95;27,93;33,63;10,79;39,67;15,58;32,41;2,14;19,01;39,55;40,8;2,67;15,84;10,92;30,9;23,69;29,83;30,47;1,58;7,71;21,83;10,21;2,26;20,63;7,12;12,35;3,35;27,23;1,24;3,21;7,2;;;;
12/12/2024;24,25;13,59;0,08;24,39;21,0;17,9;12,09;14,31;8,61;25,93;19,61;4,19;16,57;13,23;19,26;21,92;3,88;23,02;6,46;26,8;0,39;24,73;18,84;8,15;18,61;30,01;15,97;0,3;17,04;12,55;24,16;20,97;16,58;16,67;50,15;28,96;41,33;35,6;24,21;6,26;9,14;8,08;25,2;8,33;1,99;24,75;31,65;40,66;24,25;45,37;12,23;42,67;47,71;8,39;40,68;13,36;25,61;13,1;20,72;5,03;29,17;29,31;1,37;20,91;5,93;17,85;15,19;43,61;8,92;43,35;16,0;13,67;15,59;40,22;33,75;42,09;32,06;21,5;16,08;24,55;38,68;15,2;25,53;25,03;19,99;24,24;23,0;0,17;11,72;7,08;1,98;17,52;19,99;26,64;17,57;6,6;;;;
13/12/2024;23,4;22,64;25,72;11,24;20,17;14,49;10,23;9,77;11,19;9,49;24,7;5,32;6,89;0,79;6,2;8,56;6,25;2,34;10,73;6,63;16,4;2,07;17,15;9,17;9,85;23,94;20,73;23,7;3,61;7,17;15,35;9,75;22,8;11,11;39,25;19,49;0,95;37,09;6,69;28,04;57,24;49,92;12,88;31,29;7,64;41,25;49,48;30,21;30,94;5,6;23,34;0,27;33,98;52,05;68,19;26,95;7,17;14,6;26,72;50,74;17,2;10,99;19,98;45,52;32,7;16,64;43,64;36,83;19,52;13,51;37,8;33,12;8,52;30,86;34,41;1,73;15,83;18,54;11,51;16,2;6,36;5,73;21,26;28,97;12,19;7,27;14,27;6,26;10,69;5,29;14,94;13,46;16,57;11,92;19,67;6,3;;;;
14/12/2024;18,58;20,63;24,78;21,87;5,17;13,33;9,98;23,57;12,9;17,34;24,02;6,35;5,21;6,93;3,01;2,3;15,98;7,85;14,4;18,5;9,92;15,59;1,83;11,38;4,38;20,81;23,25;7,66;16,58;33,35;30,49;56,15;41,69;1,26;6,52;73,9;52,83;42,37;3,14;29,08;62,06;27,51;10,5;24,33;40,02;5,88;67,02;19,33;14,96;58,16;49,62;14,06;13,41;38,31;32,22;50,05;52,5;14,97;36,09;13,43;34,26;35,63;3,79;27,63;45,5;34,83;44,71;18,33;7,93;14,49;27,4;16,41;15,86;13,35;26,72;13,43;43,23;13,65;16,3;32,6;3,04;30,07;30,76;7,24;28,92;5,0;10,92;23,91;22,16;20,01;4,93;6,9;4,68;19,93;15,11;6,0;;;;
15/12/2024;11,95;14,37;19,61;1,0;0,33;7,53;4,32;1,79;18,49;0,12;0,92;7,54;0,01;20,06;5,55;1,24;13,45;20,14;12,46;18,69;7,99;19,02;16,28;13,03;6,42;15,75;21,04;3,45;12,71;16,16;19,1;27,61;52,26;25,99;29,75;44,34;16,94;63,74;4,08;44,63;60,36;57,6;30,88;7,47;12,2;63,47;15,69;34,83;38,08;4,53;51,87;46,12;31,65;21,11;41,97;33,82;24,48;9,45;1,49;8,25;42,5;50,54;0,42;3,35;22,44;9,88;38,17;48,49;4,42;39,15;6,95;38,45;6,56;22,61;22,36;32,75;42,44;21,05;22,59;20,38;20,96;22,71;4,42;8,86;24,33;22,11;15,13;5,95;7,35;18,29;6,59;11,81;3,26;10,58;22,22;7,2;;;;
16/12/2024;4,96;11,08;21,61;21,52;5,85;9,42;4,03;14,62;8,52;1,49;23,72;17,4;8,94;8,23;6,97;5,8;9,77;4,7;9,53;18,76;12,04;24,0;9,69;2,77;7,79;17,94;26,82;7,09;9,37;44,14;1,81;40,75;13,17;31,53;10,27;12,02;0,67;65,77;57,82;15,38;1,93;59,91;29,82;11,83;27,39;34,38;25,97;30,24;11,76;3,91;24,03;34,17;40,57;8,24;35,12;58,98;43,77;38,06;16,05;19,74;11,1;39,17;35,55;24,82;31,98;21,91;6,93;25,73;25,47;19,15;3,49;38,14;10,41;14,05;17,1;15,42;36,93;7,24;7,34;37,91;1,21;39,97;38,7;32,62;16,98;10,67;10,02;22,24;14,06;2,71;0,27;16,57;2,5;26,26;27,02;6,9;;;;
17/12/2024;17,42;27,57;13,81;13,93;27,36;22,95;4,1;13,23;17,45;22,52;16,07;0,33;20,52;8,97;23,01;9,02;11,7;18,18;14,78;21,72;9,04;4,94;5,19;21,0;15,72;7,18;10,26;16,82;23,14;31,16;38,29;37,85;26,02;50,84;46,24;5,95;39,04;47,47;32,34;45,27;58,51;5,01;39,47;59,43;15,07;8,44;42,01;8,6;47,71;60,08;37,22;57,2;57,62;44,41;3,73;54,35;42,12;6,23;18,74;30,43;41,13;9,39;37,51;14,61;42,21;12,56;27,37;14,83;49,75;35,67;33,57;16,44;17,73;47,62;17,22;38,35;39,85;22,4;12,87;12,97;30,99;21,82;38,46;37,07;8,25;11,53;22,5;6,2;10,47;15,79;18,5;10,32;2,37;10,63;17,67;6,9;;;;
18/12/2024;26,77;11,12;7,65;8,09;8,25;22,84;12,51;1,59;4,1;5,59;18,87;0,26;15,51;10,74;6,23;18,77;2,61;13,54;19,2;20,73;11,86;4,95;19,79;6,41;6,8;28,51;24,02;13,35;3,73;31,91;18,43;39,09;60,35;57,31;12,84;20,45;11,44;42,01;13,71;19,49;28,71;37,44;11,68;46,62;25,46;2,02;26,47;36,49;54,13;5,22;39,23;12,99;0,26;49,04;45,07;24,8;23,05;33,77;35,15;38,37;4,52;45,13;26,56;14,57;5,11;43,86;46,13;51,05;27,22;31,68;32,95;37,44;22,36;20,57;46,42;16,83;28,78;35,02;6,25;37,84;18,35;33,29;39,85;20,46;26,74;0,43;25,94;18,85;10,38;26,5;19,58;1,11;1,23;11,12;18,61;6,6;;;;
19/12/2024;23,37;2,96;16,94;12,37;17,85;17,62;8,51;1,73;21,49;12,03;3,53;3,92;16,38;4,21;14,35;7,09;7,31;13,54;9,53;1,42;2,69;3,81;17,4;12,13;29,65;18,28;18,51;4,27;41,59;51,34;35,15;44,02;4,88;1,64;43,08;11,58;0,24;23,99;29,28;22,08;17,4;16,41;34,64;50,97;29,85;17,0;56,46;18,56;8,32;14,17;51,25;59,4;56,91;18,95;36,57;21,35;42,4;11,64;0,48;6,67;24,24;7,16;7,95;31,46;14,27;13,73;2,68;8,22;36,05;32,98;25,9;6,59;14,76;41,23;35,59;23,31;37,5;32,82;31,83;37,36;24,25;30,26;22,14;5,09;20,28;22,96;16,48;2,87;9,22;1,33;23,05;12,39;23,38;3,0;8,73;5,7;;;;
20/12/2024;0,3;7,78;15,88;6,51;2,36;17,09;9,38;21,14;14,32;22,83;13,67;12,33;22,23;7,22;15,86;18,25;22,38;20,26;6,17;23,8;7,81;2,84;6,75;12,26;20,6;23,39;15,83;7,07;1,13;42,52;35,47;24,47;17,89;52,32;18,59;22,81;21,68;1,29;9,19;20,14;12,54;50,71;48,45;54,06;24,84;24,02;39,24;5,87;14,45;54,65;0,52;12,28;56,84;58,16;49,64;54,97;52,32;42,91;3,63;6,81;34,53;32,35;37,33;33,98;27,08;30,46;36,75;6,75;21,49;28,44;9,15;16,82;40,46;41,1;3,34;6,27;22,14;29,6;21,96;35,06;19,41;16,1;28,43;8,34;9,03;5,0;7,24;3,17;10,57;2,55;5,04;12,55;15,89;20,96;4,49;6,6;;;;
21/12/2024;9,78;24,89;22,83;10,7;21,3;13,29;7,16;11,82;11,88;6,15;15,61;17,68;2,45;1,1;8,12;15,26;9,93;12,64;9,7;1,21;10,9;10,75;6,02;1,56;5,35;6,27;15,82;21,63;11,6;43,11;33,27;14,48;39,56;20,92;35,47;54,91;22,27;46,82;24,54;65,12;9,4;12,9;55,03;18,51;29,49;48,14;50,68;10,14;49,05;38,19;26,57;7,82;34,07;43,22;4,56;18,67;24,61;2,94;33,2;51,11;7,06;2,68;15,26;19,09;6,78;49,27;26,1;18,98;34,12;16,64;2,94;7,9;14,05;7,97;30,26;20,01;32,26;21,71;8,08;17,12;6,21;8,58;37,06;35,68;9,42;0,26;29,02;17,79;1,69;25,88;1,41;0,46;0,05;15,78;18,38;7,2;;;;
22/12/2024;0,82;27,26;28,18;26,98;16,92;19,07;4,45;10,4;18,17;19,05;22,18;11,71;14,56;17,12;9,24;13,53;18,55;4,8;16,31;12,12;3,44;4,92;11,2;5,98;12,78;4,06;10,13;32,12;39,54;4,16;37,76;35,8;34,66;36,99;43,15;38,21;28,52;61,6;30,76;42,33;38,83;27,88;39,19;27,82;40,94;46,4;31,7;16,88;56,1;37,15;1,58;64,9;24,6;28,74;13,02;36,72;31,44;2,65;4,62;49,79;21,48;37,93;4,33;36,48;2,01;21,35;5,42;56,25;3,01;25,39;52,17;53,74;3,13;26,97;21,17;3,81;15,47;43,23;15,57;19,61;33,1;13,24;4,29;4,44;6,1;9,64;16,35;20,26;10,84;21,6;14,67;12,05;23,36;2,87;15,92;6,3;;;;
23/12/2024;14,53;24,19;11,44;26,42;24,35;11,53;13,68;19,85;8,16;18,93;0,8;28,49;23,44;8,8;10,51;16,95;1,2;22,49;11,41;28,72;25,06;15,97;18,11;14,83;22,93;23,47;9,41;6,64;42,58;40,3;33,43;8,44;71,93;8,85;0,69;57,87;36,8;58,79;9,21;22,92;45,19;19,62;22,71;32,77;20,69;39,61;20,9;54,96;62,78;32,33;37,05;18,84;4,59;23,96;53,68;25,63;28,27;50,36;3,95;46,88;12,13;49,65;43,73;66,28;28,52;38,89;38,02;50,56;27,72;57,51;23,09;3,0;43,52;26,87;23,11;32,38;29,81;40,68;37,19;9,07;30,69;36,45;8,06;37,82;1,28;26,45;28,26;13,74;8,27;10,58;5,07;18,3;2,11;8,29;25,65;6,6;;;;
24/12/2024;0,3;6,1;19,33;0,59;21,72;10,36;7,26;4,7;23,79;22,52;2,47;14,7;6,94;13,35;5,26;16,52;14,93;13,68;12,57;23,96;8,91;4,81;24,34;21,55;9,69;1,65;14,02;16,76;37,6;1,58;20,78;45,44;43,26;2,06;36,44;7,76;4,54;8,39;51,12;59,93;11,32;5,88;20,19;63,13;22,63;41,83;38,26;57,63;43,59;26,85;15,64;39,1;4,01;14,95;53,09;20,58;35,55;45,93;5,42;35,56;36,39;6,73;22,64;33,52;6,18;0,7;25,99;13,32;29,06;2,79;42,8;38,84;6,99;5,12;24,03;42,2;20,58;38,88;26,37;1,02;19,39;14,9;0,28;11,2;17,48;11,42;5,83;3,34;18,91;17,03;7,22;14,64;13,88;11,28;5,11;6,3;;;;
25/12/2024;23,67;9,39;16,87;19,4;25,16;25,28;17,89;6,42;16,01;3,85;8,8;14,36;13,93;4,71;0,54;19,88;17,42;2,75;12,84;10,88;4,14;12,82;15,62;10,01;14,9;10,22;11,07;0,81;11,48;31,17;21,5;27,78;27,5;22,42;41,02;34,22;34,45;37,46;8,81;43,15;1,93;47,01;15,61;43,07;28,22;17,74;49,86;9,87;24,17;35,77;27,35;5,29;41,73;21,69;49,49;33,87;24,07;24,29;41,53;7,5;25,57;1,62;13,68;37,26;49,58;7,0;46,31;9,93;6,89;55,94;48,05;26,69;20,58;6,99;13,47;54,15;12,08;18,25;3,94;28,28;2,97;14,57;25,2;21,53;10,97;18,05;19,51;4,33;23,37;5,79;3,99;15,04;16,13;8,43;0,86;6,9;;;;
26/12/2024;10,17;14,87;13,2;1,9;19,44;12,31;19,64;10,16;18,68;1,45;10,61;23,26;2,37;0,1;9,54;9,3;14,66;4,74;19,84;6,23;19,21;20,45;5,61;21,29;10,93;2,8;15,7;25,64;24,69;23,66;2,7;32,56;57,1;24,81;9,88;56,99;9,09;15,47;13,57;39,69;45,69;50,83;44,38;62,84;10,53;6,11;27,49;50,86;11,92;41,4;9,28;41,22;13,72;48,2;39,46;8,35;10,88;48,62;38,63;30,81;38,1;26,11;19,52;26,71;51,88;11,37;25,39;9,9;12,28;42,72;36,15;0,7;35,94;39,43;3,45;12,36;21,77;23,56;21,22;10,85;15,43;13,49;24,83;9,99;31,18;2,38;27,05;20,57;0,82;14,81;17,15;5,94;15,71;13,98;19,37;6,9;;;;
27/12/2024;7,41;21,28;6,57;10,27;17,77;14,61;20,02;16,55;13,03;1,62;2,98;16,81;24,34;11,78;6,4;11,34;12,68;14,14;4,7;15,11;5,61;16,28;15,06;7,69;10,7;10,79;6,56;2,39;36,29;41,87;11,6;43,13;8,8;32,73;0,36;2,87;27,53;52,56;27,9;41,14;56,27;44,64;20,63;33,52;61,48;68,25;46,99;0,98;36,19;55,85;10,16;1,45;36,78;14,51;47,89;29,19;28,57;36,59;34,46;0,14;32,89;30,62;17,1;31,04;45,79;56,69;31,69;26,58;44,86;42,53;31,91;4,0;22,91;41,24;0,88;14,48;14,82;15,18;33,19;8,45;36,58;8,61;23,85;16,55;25,22;6,39;0,06;22,02;15,69;2,19;0,7;2,44;25,69;10,52;24,25;6,6;;;;
28/12/2024;20,48;21,12;19,28;21,66;12,48;3,27;20,52;20,21;16,65;20,19;8,46;1,97;20,06;20,34;14,29;2,72;8,86;16,54;8,6;5,26;5,59;11,8;21,14;21,98;30,65;20,73;9,21;6,34;30,13;35,33;53,96;8,81;42,72;59,44;66,2;53,95;49,07;27,31;55,7;11,8;20,96;37,02;11,51;22,28;52,24;40,98;43,85;29,14;17,17;4,66;58,26;65,09;25,66;52,76;33,08;9,4;6,76;28,85;7,63;10,01;51,84;17,72;30,2;21,52;24,26;50,71;23,65;48,62;1,33;20,01;6,04;54,81;8,26;44,48;51,32;23,91;43,93;8,97;26,62;21,2;9,38;9,9;15,78;14,88;27,65;24,12;12,46;17,87;12,89;10,1;4,2;11,15;19,64;18,93;13,95;6,899;;;;
29/12/2024;23,47;4,16;0,78;23,57;17,25;20,84;0,7;23,38;2,36;22,52;13,95;0,09;22,63;6,33;11,99;7,9;7,01;5,29;0,45;1,51;16,38;22,58;11,63;13,43;13,1;3,01;10,75;10,49;17,71;43,65;36,79;23,98;24,91;17,6;45,43;50,64;43,46;37,63;54,38;7,63;46,63;64,48;44,67;52,96;17,4;34,25;35,39;18,38;7,46;46,83;43,28;28,12;34,74;24,9;51,95;24,71;14,1;28,9;33,15;43,0;6,66;10,47;45,58;37,9;13,23;12,14;12,65;44,86;40,81;3,15;4,92;43,68;24,56;34,75;2,13;1,45;18,85;13,23;32,95;38,46;35,34;26,29;35,18;21,5;10,98;16,46;21,88;0,88;1,09;19,99;21,77;9,34;18,57;22,44;19,67;6,301;;;;
30/12/2024;12,24;12,42;16,73;3,88;4,45;0,17;20,66;21,7;1,28;4,92;10,2;5,25;2,0;6,36;4,28;12,89;17,35;6,64;3,59;19,92;1,61;18,97;18,73;20,29;21,58;19,32;4,23;3,02;26,73;30,57;41,79;53,82;62,18;52,54;34,64;45,66;29,95;18,57;36,23;9,84;33,61;28,58;40,81;5,16;10,53;41,21;59,85;53,34;49,89;17,37;23,37;7,49;48,47;46,13;4,65;18,52;42,34;8,65;28,71;4,06;31,88;6,89;26,78;17,24;19,58;43,45;23,97;28,83;3,41;15,38;21,05;9,05;16,81;13,38;19,98;47,76;25,56;35,12;36,29;9,33;11,23;29,07;34,97;19,89;6,55;6,48;21,13;3,21;24,72;20,69;10,14;1,05;13,66;3,46;7,92;6,9;;;;
31/12/2024;13,51;11,57;1,13;21,88;17,25;12,47;14,82;26,03;22,4;20,44;3,19;9,78;3,43;25,98;1,84;10,02;9,86;21,41;22,16;0,54;0,48;23,79;8,1;14,64;11,79;2,32;23,3;15,49;21,72;23,53;2,39;60,62;37,01;38,89;49,54;2,94;26,11;29,9;40,23;50,48;34,87;5,57;4,44;6,88;23,57;12,48;47,86;39,01;19,31;9,38;4,89;20,89;0,59;24,9;45,79;6,83;44,89;37,6;0,82;2,98;44,16;25,98;0,72;31,25;17,5;25,42;21,55;47,82;16,46;29,95;42,78;34,45;52,21;5,32;43,51;41,59;25,59;15,45;29,63;7,84;0,08;35,82;28,58;9,4;17,73;0,34;23,3;1,55;2,51;24,18;6,61;2,66;25,42;17,22;21,36;6,9;;;;
