Giorno;00:00-00:15;00:15-00:30;00:30-00:45;00:45-01:00;01:00-01:15;01:15-01:30;01:30-01:45;01:45-02:00;02:00-02:15;02:15-02:30;02:30-02:45;02:45-03:00;03:00-03:15;03:15-03:30;03:30-03:45;03:45-04:00;04:00-04:15;04:15-04:30;04:30-04:45;04:45-05:00;05:00-05:15;05:15-05:30;05:30-05:45;05:45-06:00;06:00-06:15;06:15-06:30;06:30-06:45;06:45-07:00;07:00-07:15;07:15-07:30;07:30-07:45;07:45-08:00;08:00-08:15;08:15-08:30;08:30-08:45;08:45-09:00;09:00-09:15;09:15-09:30;09:30-09:45;09:45-10:00;10:00-10:15;10:15-10:30;10:30-10:45;10:45-11:00;11:00-11:15;11:15-11:30;11:30-11:45;11:45-12:00;12:00-12:15;12:15-12:30;12:30-12:45;12:45-13:00;13:00-13:15;13:15-13:30;13:30-13:45;13:45-14:00;14:00-14:15;14:15-14:30;14:30-14:45;14:45-15:00;15:00-15:15;15:15-15:30;15:30-15:45;15:45-16:00;16:00-16:15;16:15-16:30;16:30-16:45;16:45-17:00;17:00-17:15;17:15-17:30;17:30-17:45;17:45-18:00;18:00-18:15;18:15-18:30;18:30-18:45;18:45-19:00;19:00-19:15;19:15-19:30;19:30-19:45;19:45-20:00;20:00-20:15;20:15-20:30;20:30-20:45;20:45-21:00;21:00-21:15;21:15-21:30;21:30-21:45;21:45-22:00;22:00-22:15;22:15-22:30;22:30-22:45;22:45-23:00;23:00-23:15;23:15-23:30;23:30-23:45;23:45-00:00;ex1;ex2;ex3;ex4
01/01/2024;0,7;0,65;0,59;0,7;0,51;0,63;0,52;0,5;0,58;0,59;0,68;0,53;0,53;0,69;0,6;0,68;0,54;0,62;0,64;0,7;0,57;0,55;0,64;0,51;0,67;0,53;0,66;0,59;0,66;0,67;0,59;0,55;0,66;0,68;0,65;0,64;0,57;0,58;0,69;0,61;0,59;0,65;0,64;0,63;0,64;0,66;0,56;0,55;0,67;0,61;0,52;0,55;0,59;0,55;0,55;0,58;0,57;0,68;0,5;0,57;0,61;0,61;0,52;0,66;0,69;0,63;0,66;0,68;0,61;0,55;0,55;0,66;0,67;0,57;0,66;0,69;0,55;0,58;0,58;0,64;0,53;0,52;0,59;0,64;0,59;0,64;0,7;0,61;0,65;0,62;0,51;0,6;0,63;0,51;0,65;6,9;;;;
02/01/2024;0,58;0,64;0,59;0,62;0,64;0,58;0,55;0,59;0,65;0,67;0,6;0,66;0,69;0,58;0,65;0,64;0,56;0,57;0,51;0,7;0,54;0,53;0,54;0,54;0,53;0,5;0,65;0,59;0,51;0,57;0,55;0,66;0,55;0,55;0,65;0,57;0,63;0,55;0,59;0,67;0,65;0,7;0,64;0,54;0,57;0,59;0,52;0,67;0,66;0,67;0,68;0,6;0,55;0,51;0,67;0,52;0,61;0,56;0,52;0,51;0,53;0,65;0,52;0,54;0,57;0,65;0,51;0,55;0,53;0,61;0,63;0,54;0,7;0,68;0,54;0,5;0,64;0,67;0,64;0,5;0,67;0,56;0,68;0,61;0,57;0,68;0,57;0,66;0,51;0,6;0,64;0,64;0,58;0,53;0,62;7,5;;;;
03/01/2024;0,5;0,67;0,7;0,63;0,52;0,58;0,68;0,68;0,65;0,64;0,52;0,55;0,62;0,61;0,64;0,64;0,69;0,6;0,67;0,58;0,65;0,56;0,59;0,7;0,64;0,58;0,66;0,68;0,59;0,65;0,65;0,58;0,52;0,55;0,55;0,7;0,63;0,62;0,61;0,69;0,61;0,6;0,65;0,64;0,68;0,69;0,65;0,6;0,52;0,61;0,57;0,69;0,56;0,58;0,59;0,5;0,58;0,64;0,61;0,63;0,59;0,65;0,61;0,63;0,59;0,63;0,52;0,54;0,67;0,64;0,59;0,66;0,69;0,57;0,68;0,7;0,69;0,69;0,6;0,65;0,69;0,52;0,56;0,59;0,55;0,59;0,59;0,57;0,56;0,51;0,52;0,61;0,64;0,63;0,67;7,5;;;;
04/01/2024;0,63;0,54;0,64;0,7;0,52;0,51;0,58;0,58;0,64;0,59;0,64;0,54;0,55;0,63;0,56;0,53;0,58;0,64;0,66;0,66;0,51;0,5;0,64;0,59;0,55;0,55;0,62;0,6;0,66;0,56;0,52;0,55;0,67;0,64;0,61;0,59;0,51;0,66;0,64;0,52;0,55;0,55;0,53;0,66;0,61;0,6;0,5;0,62;0,57;0,56;0,61;0,52;0,5;0,68;0,62;0,68;0,53;0,65;0,6;0,56;0,57;0,64;0,65;0,7;0,57;0,5;0,66;0,51;0,68;0,7;0,59;0,64;0,56;0,6;0,63;0,65;0,57;0,69;0,65;0,53;0,68;0,57;0,58;0,52;0,61;0,52;0,58;0,56;0,5;0,67;0,69;0,69;0,58;0,61;0,56;7,2;;;;
05/01/2024;0,59;0,65;0,5;0,68;0,59;0,58;0,53;0,66;0,52;0,55;0,6;0,68;0,61;0,65;0,57;0,63;0,53;0,67;0,69;0,51;0,66;0,58;0,64;0,64;0,63;0,63;0,64;0,68;0,54;0,61;0,56;0,57;0,64;0,51;0,63;0,63;0,52;0,52;0,59;0,65;0,6;0,58;0,61;0,52;0,6;0,5;0,57;0,66;0,65;0,64;0,61;0,64;0,61;0,59;0,62;0,6;0,69;0,56;0,67;0,65;0,69;0,66;0,56;0,54;0,58;0,59;0,58;0,66;0,57;0,53;0,52;0,66;0,57;0,69;0,61;0,65;0,69;0,57;0,7;0,55;0,68;0,6;0,54;0,66;0,7;0,66;0,65;0,66;0,6;0,69;0,69;0,56;0,66;0,64;0,57;6,9;;;;
06/01/2024;0,63;0,69;0,63;0,52;0,55;0,54;0,52;0,63;0,53;0,61;0,65;0,53;0,5;0,55;0,64;0,51;0,57;0,63;0,56;0,68;0,67;0,56;0,57;0,66;0,53;0,59;0,52;0,66;0,62;0,68;0,64;0,65;0,62;0,56;0,56;0,63;0,55;0,64;0,55;0,67;0,53;0,51;0,51;0,52;0,56;0,67;0,55;0,65;0,5;0,63;0,63;0,54;0,62;0,69;0,65;0,57;0,6;0,67;0,6;0,69;0,6;0,52;0,6;0,62;0,68;0,6;0,62;0,64;0,57;0,67;0,67;0,55;0,51;0,57;0,61;0,61;0,61;0,64;0,57;0,51;0,58;0,55;0,53;0,6;0,68;0,62;0,57;0,55;0,68;0,68;0,51;0,57;0,51;0,64;0,62;7,2;;;;
07/01/2024;0,68;0,52;0,61;0,51;0,67;0,62;0,5;0,59;0,66;0,65;0,6;0,6;0,59;0,51;0,66;0,51;0,54;0,68;0,55;0,54;0,67;0,61;0,66;0,58;0,57;0,63;0,63;0,63;0,68;0,68;0,65;0,65;0,61;0,55;0,54;0,58;0,66;0,51;0,63;0,53;0,68;0,64;0,57;0,62;0,66;0,63;0,59;0,69;0,65;0,64;0,59;0,59;0,55;0,51;0,52;0,57;0,56;0,62;0,67;0,68;0,58;0,62;0,52;0,56;0,59;0,55;0,58;0,66;0,56;0,61;0,54;0,61;0,65;0,64;0,68;0,62;0,63;0,59;0,5;0,51;0,68;0,57;0,65;0,57;0,67;0,59;0,55;0,62;0,54;0,68;0,63;0,52;0,68;0,64;0,63;7,2;;;;
08/01/2024;0,61;0,64;0,66;0,6;0,65;0,5;0,54;0,53;0,56;0,65;0,68;0,65;0,66;0,64;0,67;0,53;0,55;0,62;0,6;0,53;0,62;0,52;0,55;0,61;0,63;0,57;0,6;0,65;0,66;0,51;0,67;0,62;0,6;0,68;0,69;0,62;0,5;0,52;0,66;0,5;0,68;0,56;0,56;0,67;0,61;0,54;0,51;0,69;0,69;0,59;0,5;0,53;0,62;0,59;0,6;0,69;0,51;0,57;0,51;0,57;0,69;0,64;0,5;0,58;0,7;0,51;0,57;0,52;0,62;0,67;0,7;0,64;0,6;0,6;0,62;0,61;0,51;0,51;0,52;0,53;0,51;0,62;0,61;0,57;0,51;0,59;0,5;0,61;0,63;0,51;0,57;0,51;0,52;0,62;0,57;6,9;;;;
09/01/2024;0,52;0,58;0,51;0,55;0,59;0,52;0,66;0,55;0,64;0,58;0,62;0,51;0,69;0,55;0,62;0,51;0,61;0,68;0,59;0,68;0,55;0,58;0,56;0,58;0,62;0,5;0,69;0,67;0,59;0,51;0,66;0,68;0,67;0,56;0,59;0,6;0,58;0,6;0,6;0,63;0,53;0,57;0,61;0,51;0,62;0,6;0,52;0,54;0,6;0,62;0,57;0,62;0,58;0,68;0,51;0,58;0,63;0,51;0,52;0,7;0,53;0,57;0,57;0,6;0,68;0,62;0,68;0,61;0,55;0,59;0,53;0,64;0,51;0,5;0,5;0,64;0,61;0,63;0,59;0,59;0,52;0,56;0,54;0,52;0,5;0,68;0,64;0,61;0,56;0,58;0,6;0,68;0,68;0,65;0,62;6,9;;;;
10/01/2024;0,56;0,59;0,64;0,54;0,65;0,58;0,6;0,69;0,59;0,62;0,69;0,68;0,68;0,58;0,61;0,57;0,69;0,59;0,56;0,63;0,65;0,65;0,6;0,67;0,59;0,52;0,6;0,69;0,54;0,64;0,58;0,67;0,59;0,53;0,56;0,66;0,67;0,66;0,51;0,66;0,69;0,69;0,67;0,55;0,57;0,62;0,52;0,6;0,67;0,52;0,67;0,55;0,63;0,65;0,7;0,5;0,62;0,65;0,62;0,59;0,64;0,52;0,5;0,7;0,61;0,58;0,57;0,51;0,52;0,69;0,7;0,61;0,7;0,57;0,53;0,62;0,54;0,56;0,55;0,69;0,58;0,65;0,68;0,58;0,69;0,62;0,59;0,61;0,65;0,69;0,65;0,57;0,66;0,63;0,51;6,9;;;;
11/01/2024;0,67;0,53;0,57;0,67;0,58;0,63;0,63;0,58;0,62;0,59;0,53;0,67;0,68;0,61;0,62;0,51;0,61;0,62;0,53;0,53;0,61;0,62;0,56;0,57;0,56;0,54;0,56;0,58;0,58;0,54;0,54;0,51;0,53;0,63;0,62;0,5;0,6;0,59;0,64;0,64;0,55;0,69;0,62;0,59;0,53;0,63;0,54;0,65;0,62;0,65;0,59;0,51;0,62;0,58;0,61;0,56;0,58;0,64;0,69;0,58;0,66;0,68;0,51;0,51;0,68;0,62;0,58;0,53;0,58;0,63;0,52;0,57;0,59;0,59;0,7;0,59;0,66;0,6;0,61;0,53;0,59;0,6;0,6;0,63;0,54;0,59;0,58;0,67;0,69;0,6;0,51;0,6;0,55;0,61;0,56;7,2;;;;
12/01/2024;0,62;0,52;0,61;0,51;0,62;0,62;0,65;0,66;0,67;0,58;0,57;0,57;0,53;0,62;0,52;0,68;0,7;0,67;0,6;0,53;0,59;0,5;0,63;0,55;0,57;0,6;0,66;0,64;0,59;0,56;0,67;0,67;0,51;0,68;0,52;0,7;0,55;0,65;0,66;0,55;0,52;0,7;0,7;0,58;0,68;0,66;0,69;0,69;0,63;0,53;0,54;0,61;0,69;0,66;0,52;0,61;0,52;0,54;0,64;0,69;0,6;0,67;0,61;0,6;0,53;0,6;0,68;0,68;0,7;0,52;0,57;0,66;0,57;0,57;0,55;0,54;0,69;0,63;0,62;0,51;0,69;0,6;0,62;0,58;0,67;0,61;0,67;0,6;0,51;0,52;0,68;0,67;0,61;0,66;0,53;6,3;;;;
13/01/2024;0,54;0,61;0,58;0,62;0,61;0,56;0,68;0,65;0,61;0,57;0,63;0,69;0,54;0,64;0,67;0,61;0,64;0,57;0,62;0,59;0,64;0,58;0,53;0,62;0,52;0,61;0,6;0,58;0,69;0,63;0,62;0,66;0,58;0,52;0,53;0,6;0,62;0,62;0,56;0,6;0,64;0,61;0,59;0,7;0,55;0,51;0,6;0,65;0,59;0,57;0,61;0,63;0,59;0,53;0,7;0,64;0,52;0,54;0,64;0,6;0,67;0,53;0,52;0,53;0,54;0,51;0,57;0,68;0,61;0,59;0,62;0,7;0,69;0,52;0,63;0,62;0,55;0,66;0,62;0,64;0,58;0,58;0,61;0,66;0,54;0,56;0,63;0,62;0,69;0,62;0,58;0,5;0,61;0,59;0,51;7,2;;;;
14/01/2024;0,64;0,63;0,61;0,64;0,55;0,61;0,65;0,68;0,67;0,51;0,52;0,56;0,7;0,61;0,66;0,7;0,55;0,59;0,64;0,64;0,69;0,63;0,65;0,53;0,59;0,54;0,52;0,61;0,59;0,6;0,55;0,69;0,55;0,56;0,55;0,64;0,68;0,54;0,54;0,6;0,66;0,6;0,55;0,63;0,52;0,7;0,51;0,55;0,67;0,55;0,57;0,59;0,58;0,64;0,5;0,51;0,6;0,6;0,58;0,66;0,63;0,63;0,63;0,63;0,69;0,51;0,63;0,67;0,58;0,64;0,55;0,51;0,6;0,63;0,53;0,51;0,56;0,69;0,52;0,58;0,55;0,64;0,69;0,62;0,6;0,62;0,57;0,7;0,69;0,6;0,54;0,61;0,61;0,51;0,68;6,6;;;;
15/01/2024;0,66;0,63;0,5;0,52;0,55;0,67;0,65;0,66;0,69;0,51;0,68;0,53;0,7;0,59;0,69;0,62;0,57;0,54;0,55;0,58;0,66;0,57;0,69;0,51;0,64;0,63;0,68;0,56;0,63;0,5;0,69;0,59;0,65;0,52;0,66;0,62;0,58;0,54;0,63;0,55;0,58;0,66;0,56;0,59;0,55;0,58;0,61;0,69;0,61;0,51;0,69;0,56;0,62;0,64;0,61;0,56;0,61;0,62;0,67;0,54;0,58;0,68;0,59;0,59;0,51;0,57;0,51;0,6;0,65;0,58;0,65;0,67;0,55;0,58;0,53;0,62;0,55;0,64;0,51;0,54;0,59;0,65;0,59;0,53;0,68;0,56;0,55;0,65;0,54;0,52;0,52;0,6;0,69;0,66;0,52;7,2;;;;
16/01/2024;0,65;0,58;0,66;0,66;0,63;0,64;0,6;0,53;0,64;0,64;0,51;0,59;0,68;0,52;0,66;0,67;0,68;0,68;0,68;0,59;0,57;0,69;0,7;0,5;0,64;0,55;0,63;0,67;0,5;0,63;0,52;0,51;0,59;0,51;0,61;0,61;0,68;0,54;0,61;0,58;0,56;0,69;0,68;0,58;0,66;0,6;0,69;0,61;0,62;0,58;0,69;0,62;0,59;0,5;0,69;0,53;0,55;0,59;0,54;0,64;0,55;0,55;0,7;0,63;0,67;0,59;0,68;0,58;0,58;0,64;0,66;0,64;0,6;0,51;0,69;0,68;0,52;0,67;0,68;0,57;0,65;0,62;0,63;0,65;0,56;0,54;0,5;0,58;0,66;0,52;0,56;0,52;0,63;0,52;0,56;7,2;;;;
17/01/2024;0,7;0,67;0,61;0,56;0,51;0,58;0,51;0,59;0,66;0,6;0,59;0,67;0,59;0,64;0,6;0,54;0,58;0,65;0,62;0,51;0,66;0,65;0,63;0,51;0,64;0,58;0,63;0,68;0,54;0,51;0,61;0,52;0,66;0,62;0,69;0,56;0,54;0,53;0,66;0,6;0,64;0,68;0,54;0,54;0,61;0,67;0,6;0,55;0,64;0,53;0,63;0,64;0,51;0,61;0,51;0,64;0,68;0,58;0,52;0,6;0,54;0,58;0,57;0,65;0,6;0,66;0,59;0,68;0,66;0,67;0,64;0,54;0,61;0,62;0,64;0,51;0,56;0,65;0,54;0,64;0,64;0,59;0,64;0,51;0,58;0,61;0,65;0,59;0,58;0,6;0,55;0,5;0,57;0,57;0,69;6,9;;;;
18/01/2024;0,58;0,51;0,59;0,7;0,61;0,68;0,52;0,6;0,59;0,65;0,62;0,52;0,61;0,61;0,55;0,67;0,68;0,59;0,58;0,56;0,51;0,62;0,59;0,63;0,62;0,68;0,54;0,55;0,61;0,63;0,55;0,56;0,59;0,63;0,54;0,68;0,62;0,53;0,55;0,52;0,59;0,63;0,59;0,64;0,55;0,7;0,67;0,6;0,64;0,67;0,64;0,61;0,54;0,54;0,51;0,66;0,66;0,51;0,55;0,53;0,55;0,62;0,63;0,54;0,6;0,67;0,51;0,67;0,56;0,51;0,66;0,65;0,59;0,53;0,6;0,59;0,63;0,68;0,59;0,55;0,6;0,54;0,51;0,65;0,54;0,56;0,55;0,56;0,56;0,56;0,55;0,65;0,59;0,54;0,65;6,6;;;;
19/01/2024;0,51;0,52;0,59;0,51;0,57;0,58;0,57;0,68;0,57;0,57;0,59;0,64;0,69;0,54;0,5;0,65;0,66;0,65;0,7;0,52;0,52;0,56;0,69;0,54;0,63;0,6;0,55;0,52;0,5;0,56;0,65;0,59;0,59;0,54;0,64;0,6;0,69;0,68;0,68;0,59;0,53;0,66;0,65;0,65;0,66;0,66;0,68;0,58;0,7;0,64;0,57;0,56;0,68;0,6;0,65;0,66;0,5;0,52;0,53;0,66;0,66;0,66;0,65;0,7;0,58;0,58;0,63;0,52;0,53;0,65;0,61;0,61;0,5;0,58;0,61;0,59;0,64;0,66;0,52;0,62;0,67;0,53;0,55;0,52;0,58;0,6;0,61;0,6;0,69;0,61;0,63;0,69;0,59;0,67;0,52;6,9;;;;
20/01/2024;0,55;0,59;0,66;0,67;0,67;0,62;0,69;0,6;0,54;0,56;0,69;0,5;0,65;0,5;0,69;0,51;0,51;0,69;0,55;0,65;0,63;0,57;0,57;0,59;0,61;0,56;0,62;0,66;0,51;0,68;0,68;0,59;0,54;0,52;0,61;0,65;0,52;0,52;0,6;0,67;0,67;0,65;0,57;0,59;0,69;0,51;0,66;0,54;0,69;0,63;0,64;0,62;0,6;0,67;0,5;0,59;0,55;0,7;0,7;0,57;0,5;0,55;0,57;0,58;0,65;0,67;0,6;0,69;0,69;0,51;0,61;0,59;0,59;0,66;0,64;0,56;0,54;0,69;0,52;0,58;0,69;0,66;0,6;0,63;0,68;0,66;0,61;0,58;0,51;0,63;0,56;0,6;0,69;0,53;0,6;6,3;;;;
21/01/2024;0,51;0,69;0,6;0,55;0,6;0,61;0,68;0,59;0,61;0,56;0,53;0,59;0,58;0,63;0,64;0,53;0,62;0,67;0,58;0,65;0,61;0,64;0,58;0,53;0,63;0,67;0,55;0,66;0,62;0,54;0,64;0,58;0,59;0,53;0,64;0,58;0,58;0,59;0,56;0,53;0,64;0,66;0,64;0,64;0,65;0,54;0,56;0,69;0,61;0,67;0,69;0,53;0,57;0,55;0,58;0,52;0,59;0,69;0,69;0,58;0,53;0,7;0,63;0,52;0,59;0,53;0,5;0,54;0,54;0,67;0,63;0,66;0,54;0,57;0,52;0,55;0,62;0,52;0,65;0,65;0,54;0,58;0,67;0,69;0,68;0,67;0,57;0,52;0,61;0,65;0,68;0,51;0,67;0,64;0,52;6,3;;;;
22/01/2024;0,63;0,57;0,68;0,64;0,59;0,51;0,61;0,63;0,65;0,56;0,55;0,68;0,69;0,64;0,68;0,58;0,51;0,63;0,51;0,51;0,62;0,67;0,69;0,59;0,63;0,51;0,51;0,63;0,66;0,52;0,63;0,68;0,63;0,68;0,64;0,67;0,66;0,65;0,52;0,67;0,55;0,6;0,68;0,55;0,58;0,53;0,7;0,56;0,6;0,64;0,53;0,62;0,53;0,69;0,65;0,55;0,67;0,65;0,53;0,66;0,59;0,69;0,65;0,52;0,69;0,55;0,55;0,66;0,67;0,6;0,61;0,52;0,61;0,57;0,56;0,64;0,56;0,55;0,59;0,69;0,6;0,51;0,66;0,52;0,58;0,64;0,58;0,6;0,68;0,58;0,59;0,52;0,66;0,68;0,61;6,6;;;;
23/01/2024;0,56;0,68;0,64;0,55;0,69;0,64;0,69;0,53;0,6;0,54;0,69;0,51;0,68;0,68;0,58;0,54;0,68;0,52;0,69;0,5;0,55;0,56;0,69;0,65;0,6;0,69;0,68;0,59;0,57;0,6;0,68;0,62;0,59;0,57;0,57;0,53;0,5;0,62;0,64;0,66;0,61;0,64;0,52;0,53;0,56;0,68;0,63;0,51;0,68;0,58;0,59;0,63;0,62;0,55;0,67;0,55;0,58;0,68;0,63;0,6;0,61;0,59;0,59;0,6;0,67;0,56;0,67;0,66;0,68;0,69;0,55;0,62;0,64;0,6;0,56;0,55;0,65;0,59;0,67;0,57;0,57;0,55;0,51;0,55;0,66;0,66;0,57;0,63;0,58;0,53;0,59;0,58;0,61;0,63;0,67;6,6;;;;
24/01/2024;0,66;0,54;0,56;0,52;0,61;0,59;0,62;0,7;0,66;0,68;0,58;0,57;0,6;0,69;0,69;0,64;0,55;0,67;0,6;0,61;0,56;0,66;0,62;0,67;0,65;0,69;0,67;0,62;0,66;0,62;0,63;0,57;0,55;0,66;0,64;0,59;0,52;0,66;0,6;0,56;0,61;0,67;0,55;0,62;0,61;0,64;0,52;0,6;0,69;0,54;0,59;0,56;0,56;0,6;0,56;0,65;0,69;0,53;0,51;0,67;0,69;0,52;0,63;0,65;0,51;0,59;0,57;0,67;0,69;0,62;0,58;0,69;0,53;0,57;0,59;0,6;0,56;0,65;0,61;0,56;0,59;0,52;0,5;0,61;0,5;0,51;0,52;0,51;0,57;0,59;0,61;0,54;0,68;0,59;0,56;6,6;;;;
25/01/2024;0,59;0,51;0,69;0,65;0,59;0,58;0,52;0,67;0,66;0,51;0,66;0,54;0,61;0,58;0,66;0,6;0,59;0,61;0,52;0,54;0,7;0,56;0,53;0,6;0,52;0,63;0,67;0,52;0,66;0,68;0,64;0,65;0,56;0,67;0,54;0,53;0,69;0,66;0,65;0,66;0,7;0,61;0,51;0,69;0,58;0,52;0,51;0,63;0,61;0,68;0,52;0,68;0,53;0,64;0,66;0,56;0,58;0,68;0,53;0,62;0,7;0,59;0,64;0,69;0,66;0,64;0,51;0,62;0,68;0,65;0,63;0,52;0,67;0,56;0,56;0,69;0,53;0,64;0,6;0,54;0,68;0,54;0,62;0,62;0,58;0,62;0,64;0,68;0,51;0,52;0,56;0,69;0,59;0,64;0,59;7,2;;;;
26/01/2024;0,61;0,65;0,53;0,6;0,52;0,59;0,56;0,52;0,5;0,52;0,64;0,6;0,61;0,6;0,69;0,56;0,53;0,7;0,68;0,53;0,56;0,65;0,62;0,68;0,58;0,55;0,63;0,6;0,53;0,69;0,67;0,61;0,58;0,6;0,63;0,66;0,5;0,6;0,51;0,54;0,69;0,67;0,56;0,51;0,53;0,53;0,68;0,63;0,52;0,69;0,63;0,66;0,62;0,53;0,61;0,61;0,69;0,62;0,57;0,51;0,7;0,67;0,69;0,65;0,64;0,53;0,63;0,62;0,62;0,51;0,66;0,51;0,58;0,67;0,63;0,68;0,7;0,51;0,57;0,68;0,58;0,52;0,61;0,52;0,56;0,56;0,66;0,66;0,61;0,69;0,51;0,68;0,53;0,65;0,59;6,9;;;;
27/01/2024;0,56;0,62;0,58;0,68;0,68;0,64;0,61;0,54;0,54;0,61;0,56;0,58;0,63;0,57;0,64;0,52;0,67;0,51;0,68;0,52;0,58;0,57;0,52;0,67;0,66;0,63;0,57;0,56;0,56;0,59;0,68;0,55;0,65;0,53;0,51;0,55;0,56;0,65;0,61;0,55;0,57;0,65;0,63;0,5;0,55;0,67;0,55;0,59;0,54;0,5;0,54;0,51;0,58;0,7;0,62;0,58;0,51;0,69;0,54;0,57;0,67;0,61;0,6;0,63;0,64;0,52;0,62;0,56;0,53;0,61;0,54;0,59;0,67;0,51;0,63;0,51;0,65;0,64;0,56;0,52;0,57;0,59;0,69;0,68;0,6;0,52;0,61;0,63;0,56;0,7;0,56;0,68;0,51;0,63;0,56;6,3;;;;
28/01/2024;0,57;0,5;0,6;0,53;0,56;0,5;0,55;0,61;0,64;0,55;0,63;0,66;0,51;0,62;0,67;0,58;0,57;0,6;0,54;0,51;0,58;0,57;0,56;0,61;0,59;0,55;0,53;0,67;0,68;0,53;0,59;0,59;0,6;0,52;0,68;0,56;0,68;0,54;0,64;0,6;0,55;0,55;0,68;0,68;0,53;0,57;0,7;0,64;0,58;0,52;0,59;0,53;0,63;0,61;0,69;0,51;0,67;0,54;0,59;0,69;0,54;0,63;0,57;0,53;0,61;0,58;0,58;0,64;0,52;0,53;0,53;0,6;0,61;0,62;0,68;0,56;0,54;0,67;0,59;0,62;0,64;0,53;0,52;0,54;0,57;0,53;0,66;0,68;0,59;0,65;0,7;0,5;0,68;0,62;0,69;6,9;;;;
29/01/2024;0,68;0,66;0,59;0,68;0,55;0,54;0,68;0,52;0,66;0,56;0,57;0,59;0,56;0,7;0,52;0,54;0,58;0,63;0,5;0,51;0,63;0,57;0,66;0,61;0,59;0,69;0,66;0,58;0,66;0,65;0,65;0,6;0,58;0,63;0,54;0,54;0,61;0,54;0,52;0,57;0,6;0,68;0,52;0,64;0,64;0,55;0,64;0,59;0,51;0,55;0,64;0,56;0,63;0,62;0,6;0,59;0,53;0,64;0,65;0,55;0,55;0,6;0,52;0,61;0,68;0,53;0,56;0,61;0,68;0,61;0,57;0,55;0,62;0,59;0,64;0,52;0,63;0,53;0,53;0,54;0,56;0,64;0,66;0,67;0,59;0,56;0,6;0,63;0,64;0,58;0,55;0,7;0,53;0,67;0,65;6,6;;;;
30/01/2024;0,51;0,59;0,69;0,52;0,57;0,69;0,55;0,59;0,58;0,6;0,65;0,56;0,62;0,58;0,51;0,66;0,58;0,61;0,67;0,64;0,6;0,55;0,65;0,6;0,6;0,56;0,55;0,64;0,56;0,63;0,58;0,6;0,67;0,69;0,6;0,54;0,65;0,64;0,66;0,67;0,61;0,63;0,54;0,66;0,5;0,5;0,62;0,68;0,62;0,55;0,6;0,69;0,65;0,59;0,59;0,55;0,54;0,53;0,58;0,62;0,62;0,67;0,53;0,56;0,51;0,52;0,59;0,57;0,54;0,59;0,61;0,54;0,53;0,61;0,63;0,6;0,6;0,53;0,6;0,61;0,52;0,51;0,51;0,64;0,67;0,54;0,53;0,61;0,66;0,68;0,54;0,68;0,64;0,54;0,6;6,3;;;;
31/01/2024;0,58;0,63;0,56;0,61;0,68;0,64;0,59;0,65;0,61;0,65;0,66;0,6;0,66;0,59;0,65;0,53;0,5;0,56;0,58;0,55;0,54;0,53;0,52;0,65;0,53;0,68;0,68;0,64;0,55;0,63;0,52;0,53;0,65;0,56;0,6;0,66;0,65;0,67;0,5;0,6;0,54;0,67;0,52;0,56;0,66;0,67;0,6;0,53;0,67;0,7;0,58;0,57;0,6;0,59;0,66;0,53;0,59;0,51;0,62;0,6;0,53;0,64;0,63;0,56;0,7;0,54;0,57;0,55;0,51;0,64;0,51;0,65;0,61;0,64;0,51;0,57;0,69;0,52;0,68;0,66;0,53;0,64;0,55;0,58;0,51;0,52;0,57;0,6;0,56;0,57;0,66;0,59;0,55;0,69;0,65;6,9;;;;
01/02/2024;0,51;0,59;0,65;0,63;0,56;0,6;0,58;0,62;0,65;0,54;0,5;0,65;0,5;0,63;0,57;0,57;0,6;0,59;0,56;0,56;0,51;0,65;0,68;0,65;0,65;0,63;0,54;0,67;0,6;0,69;0,55;0,54;0,56;0,56;0,52;0,5;0,5;0,56;0,63;0,64;0,68;0,63;0,6;0,55;0,58;0,65;0,6;0,65;0,52;0,63;0,69;0,57;0,61;0,59;0,63;0,6;0,53;0,63;0,56;0,67;0,63;0,56;0,65;0,51;0,7;0,6;0,54;0,65;0,52;0,7;0,65;0,64;0,52;0,55;0,52;0,53;0,55;0,54;0,69;0,7;0,52;0,55;0,57;0,59;0,61;0,56;0,53;0,61;0,67;0,65;0,57;0,68;0,59;0,51;0,51;6,3;;;;
02/02/2024;0,61;0,51;0,62;0,63;0,62;0,66;0,66;0,69;0,54;0,57;0,61;0,67;0,66;0,58;0,55;0,62;0,51;0,64;0,6;0,59;0,58;0,55;0,67;0,57;0,6;0,62;0,69;0,6;0,68;0,59;0,66;0,66;0,68;0,67;0,6;0,64;0,62;0,7;0,61;0,69;0,51;0,52;0,68;0,54;0,69;0,62;0,55;0,66;0,7;0,6;0,67;0,68;0,67;0,68;0,63;0,62;0,67;0,58;0,58;0,52;0,6;0,68;0,69;0,54;0,68;0,66;0,68;0,61;0,69;0,68;0,53;0,55;0,61;0,52;0,68;0,53;0,64;0,65;0,62;0,7;0,5;0,56;0,67;0,59;0,7;0,7;0,61;0,6;0,54;0,62;0,63;0,55;0,61;0,61;0,67;6,3;;;;
03/02/2024;0,56;0,58;0,69;0,51;0,54;0,52;0,59;0,63;0,6;0,68;0,54;0,68;0,65;0,52;0,65;0,6;0,7;0,55;0,7;0,55;0,62;0,59;0,57;0,55;0,65;0,53;0,6;0,61;0,62;0,56;0,65;0,64;0,51;0,51;0,59;0,57;0,69;0,6;0,69;0,52;0,7;0,54;0,51;0,54;0,51;0,57;0,6;0,54;0,63;0,7;0,67;0,62;0,66;0,66;0,56;0,62;0,57;0,55;0,68;0,61;0,56;0,67;0,53;0,63;0,55;0,7;0,63;0,66;0,63;0,6;0,52;0,55;0,54;0,54;0,5;0,53;0,6;0,64;0,59;0,64;0,58;0,64;0,54;0,54;0,54;0,56;0,6;0,5;0,66;0,64;0,59;0,52;0,64;0,51;0,52;5,7;;;;
04/02/2024;0,54;0,56;0,54;0,67;0,58;0,51;0,61;0,57;0,57;0,58;0,54;0,67;0,62;0,56;0,64;0,67;0,57;0,53;0,5;0,57;0,59;0,54;0,53;0,5;0,56;0,53;0,59;0,52;0,69;0,55;0,68;0,53;0,63;0,65;0,58;0,65;0,52;0,54;0,51;0,63;0,61;0,65;0,63;0,64;0,6;0,59;0,7;0,54;0,55;0,65;0,52;0,7;0,56;0,61;0,62;0,6;0,69;0,54;0,63;0,65;0,63;0,54;0,62;0,6;0,54;0,66;0,57;0,51;0,55;0,56;0,52;0,52;0,54;0,67;0,68;0,56;0,67;0,52;0,65;0,53;0,59;0,5;0,6;0,54;0,56;0,55;0,62;0,53;0,67;0,51;0,67;0,64;0,64;0,5;0,62;6,3;;;;
05/02/2024;0,61;0,59;0,57;0,68;0,6;0,5;0,66;0,68;0,53;0,51;0,54;0,54;0,57;0,56;0,6;0,57;0,69;0,5;0,54;0,54;0,52;0,59;0,61;0,56;0,55;0,54;0,59;0,51;0,51;0,58;0,51;0,65;0,52;0,63;0,65;0,64;0,5;0,56;0,53;0,56;0,54;0,5;0,65;0,53;0,61;0,55;0,62;0,63;0,58;0,61;0,6;0,6;0,66;0,54;0,58;0,58;0,56;0,68;0,65;0,62;0,6;0,58;0,56;0,51;0,54;0,7;0,69;0,51;0,63;0,52;0,5;0,59;0,6;0,67;0,61;0,61;0,69;0,62;0,62;0,54;0,55;0,5;0,57;0,57;0,67;0,54;0,5;0,66;0,57;0,68;0,64;0,61;0,7;0,68;0,66;6,6;;;;
06/02/2024;0,59;0,53;0,6;0,61;0,54;0,51;0,69;0,61;0,66;0,57;0,58;0,52;0,53;0,54;0,54;0,51;0,56;0,68;0,58;0,65;0,58;0,67;0,56;0,55;0,53;0,54;0,68;0,51;0,64;0,51;0,7;0,69;0,59;0,57;0,58;0,63;0,62;0,61;0,55;0,5;0,58;0,55;0,51;0,54;0,5;0,56;0,55;0,69;0,68;0,59;0,66;0,68;0,53;0,64;0,59;0,55;0,57;0,69;0,55;0,52;0,54;0,56;0,59;0,51;0,68;0,59;0,62;0,65;0,54;0,65;0,54;0,69;0,6;0,57;0,68;0,53;0,54;0,66;0,58;0,67;0,65;0,64;0,5;0,58;0,55;0,61;0,62;0,65;0,66;0,62;0,65;0,6;0,7;0,67;0,66;6,0;;;;
07/02/2024;0,56;0,6;0,67;0,68;0,65;0,51;0,59;0,65;0,68;0,53;0,52;0,67;0,62;0,58;0,51;0,67;0,67;0,52;0,55;0,68;0,63;0,59;0,61;0,5;0,65;0,58;0,64;0,67;0,66;0,53;0,69;0,52;0,6;0,6;0,54;0,65;0,7;0,57;0,58;0,54;0,53;0,66;0,6;0,62;0,58;0,6;0,55;0,54;0,53;0,51;0,61;0,5;0,51;0,52;0,66;0,7;0,62;0,61;0,66;0,58;0,66;0,62;0,68;0,58;0,58;0,53;0,66;0,58;0,58;0,52;0,52;0,7;0,66;0,58;0,59;0,67;0,6;0,68;0,6;0,6;0,61;0,59;0,65;0,66;0,65;0,53;0,66;0,55;0,55;0,63;0,61;0,67;0,62;0,56;0,62;7,5;;;;
08/02/2024;0,66;0,58;0,5;0,62;0,62;0,59;0,66;0,6;0,64;0,57;0,6;0,56;0,66;0,52;0,51;0,53;0,7;0,64;0,56;0,66;0,64;0,55;0,54;0,55;0,64;0,67;0,54;0,6;0,55;0,6;0,63;0,67;0,54;0,59;0,64;0,61;0,58;0,57;0,69;0,65;0,61;0,59;0,68;0,62;0,67;0,52;0,68;0,61;0,55;0,62;0,62;0,6;0,64;0,68;0,6;0,54;0,6;0,7;0,59;0,58;0,66;0,52;0,54;0,6;0,61;0,52;0,52;0,53;0,63;0,57;0,65;0,7;0,53;0,64;0,62;0,59;0,6;0,51;0,65;0,53;0,67;0,66;0,61;0,53;0,52;0,52;0,55;0,59;0,59;0,68;0,64;0,68;0,54;0,68;0,67;6,3;;;;
09/02/2024;0,54;0,62;0,51;0,63;0,51;0,64;0,57;0,55;0,66;0,52;0,67;0,54;0,61;0,54;0,61;0,53;0,69;0,5;0,66;0,57;0,61;0,5;0,55;0,59;0,67;0,7;0,65;0,68;0,5;0,56;0,61;0,57;0,67;0,68;0,6;0,54;0,66;0,69;0,65;0,66;0,64;0,65;0,57;0,62;0,58;0,64;0,53;0,68;0,68;0,57;0,68;0,55;0,52;0,53;0,64;0,67;0,64;0,57;0,67;0,52;0,54;0,54;0,68;0,7;0,51;0,53;0,62;0,53;0,6;0,53;0,69;0,54;0,66;0,62;0,63;0,58;0,56;0,5;0,59;0,6;0,63;0,62;0,67;0,58;0,64;0,67;0,67;0,53;0,59;0,56;0,62;0,57;0,68;0,54;0,53;6,0;;;;
10/02/2024;0,66;0,54;0,51;0,64;0,66;0,57;0,64;0,57;0,63;0,56;0,62;0,58;0,59;0,67;0,52;0,66;0,59;0,69;0,64;0,68;0,64;0,6;0,69;0,51;0,62;0,51;0,68;0,58;0,58;0,52;0,51;0,54;0,62;0,58;0,51;0,63;0,56;0,58;0,6;0,54;0,55;0,5;0,63;0,56;0,6;0,52;0,53;0,57;0,58;0,58;0,69;0,67;0,52;0,54;0,62;0,61;0,58;0,5;0,68;0,66;0,66;0,66;0,7;0,6;0,57;0,57;0,57;0,56;0,58;0,6;0,54;0,55;0,66;0,56;0,61;0,58;0,63;0,54;0,5;0,5;0,67;0,59;0,62;0,68;0,62;0,57;0,62;0,6;0,65;0,58;0,51;0,51;0,51;0,63;0,66;6,6;;;;
11/02/2024;0,68;0,67;0,6;0,67;0,6;0,62;0,51;0,63;0,54;0,54;0,51;0,5;0,57;0,63;0,67;0,5;0,52;0,56;0,7;0,7;0,59;0,51;0,57;0,52;0,6;0,58;0,65;0,56;0,66;0,61;0,53;0,53;0,69;0,53;0,63;0,64;0,56;0,59;0,6;0,55;0,63;0,67;0,54;0,63;0,68;0,69;0,65;0,65;0,67;0,52;0,53;0,54;0,6;0,56;0,55;0,61;0,64;0,51;0,52;0,69;0,56;0,57;0,54;0,63;0,63;0,52;0,64;0,69;0,53;0,69;0,52;0,6;0,5;0,53;0,67;0,55;0,69;0,63;0,55;0,57;0,51;0,5;0,69;0,61;0,56;0,68;0,54;0,62;0,63;0,58;0,64;0,57;0,55;0,68;0,53;6,3;;;;
12/02/2024;0,54;0,51;0,61;0,52;0,53;0,56;0,61;0,59;0,51;0,59;0,53;0,61;0,55;0,56;0,64;0,68;0,51;0,57;0,69;0,59;0,58;0,69;0,68;0,5;0,58;0,64;0,54;0,63;0,55;0,65;0,65;0,64;0,65;0,67;0,62;0,59;0,56;0,56;0,53;0,51;0,65;0,68;0,55;0,58;0,69;0,69;0,56;0,68;0,68;0,68;0,6;0,69;0,54;0,61;0,68;0,55;0,68;0,57;0,66;0,65;0,62;0,52;0,54;0,69;0,68;0,61;0,55;0,59;0,65;0,58;0,55;0,54;0,62;0,66;0,52;0,58;0,59;0,62;0,69;0,6;0,65;0,69;0,59;0,67;0,63;0,54;0,62;0,66;0,52;0,68;0,56;0,65;0,5;0,67;0,57;6,0;;;;
13/02/2024;0,6;0,67;0,63;0,59;0,65;0,53;0,61;0,64;0,57;0,6;0,53;0,66;0,66;0,67;0,63;0,55;0,64;0,63;0,57;0,54;0,59;0,54;0,55;0,6;0,62;0,68;0,55;0,57;0,69;0,6;0,53;0,62;0,69;0,65;0,63;0,53;0,69;0,63;0,53;0,6;0,57;0,7;0,68;0,66;0,58;0,68;0,51;0,58;0,63;0,68;0,52;0,51;0,66;0,54;0,7;0,54;0,63;0,56;0,67;0,57;0,63;0,61;0,57;0,67;0,54;0,65;0,69;0,61;0,7;0,67;0,5;0,63;0,68;0,52;0,66;0,51;0,65;0,68;0,6;0,61;0,58;0,52;0,62;0,61;0,7;0,68;0,64;0,68;0,59;0,57;0,52;0,6;0,59;0,55;0,53;6,9;;;;
14/02/2024;0,62;0,68;0,54;0,54;0,7;0,52;0,64;0,6;0,62;0,63;0,65;0,64;0,53;0,56;0,62;0,61;0,5;0,52;0,61;0,51;0,57;0,6;0,54;0,7;0,56;0,66;0,61;0,66;0,62;0,56;0,61;0,66;0,56;0,69;0,61;0,53;0,66;0,66;0,54;0,68;0,64;0,69;0,61;0,67;0,69;0,68;0,66;0,58;0,61;0,64;0,64;0,59;0,57;0,55;0,65;0,66;0,69;0,52;0,66;0,51;0,61;0,61;0,57;0,59;0,64;0,66;0,6;0,53;0,53;0,52;0,69;0,68;0,5;0,5;0,65;0,59;0,54;0,62;0,66;0,55;0,59;0,68;0,54;0,67;0,5;0,67;0,62;0,69;0,62;0,68;0,53;0,55;0,56;0,55;0,66;6,9;;;;
15/02/2024;0,6;0,6;0,68;0,53;0,65;0,52;0,61;0,56;0,56;0,65;0,69;0,61;0,66;0,64;0,56;0,63;0,56;0,64;0,59;0,64;0,56;0,58;0,66;0,66;0,67;0,53;0,62;0,53;0,52;0,5;0,61;0,63;0,6;0,62;0,58;0,58;0,54;0,66;0,55;0,58;0,56;0,51;0,7;0,67;0,67;0,68;0,69;0,67;0,69;0,52;0,65;0,65;0,61;0,56;0,68;0,66;0,61;0,6;0,52;0,69;0,58;0,56;0,57;0,68;0,59;0,6;0,53;0,57;0,56;0,69;0,68;0,59;0,7;0,51;0,58;0,6;0,59;0,67;0,53;0,57;0,69;0,56;0,56;0,54;0,7;0,54;0,63;0,67;0,7;0,64;0,59;0,58;0,62;0,67;0,55;6,0;;;;
16/02/2024;0,5;0,52;0,54;0,62;0,55;0,58;0,61;0,58;0,51;0,7;0,61;0,54;0,58;0,63;0,56;0,58;0,55;0,69;0,5;0,51;0,68;0,65;0,57;0,53;0,58;0,59;0,54;0,55;0,51;0,65;0,58;0,52;0,62;0,6;0,59;0,65;0,63;0,51;0,68;0,67;0,53;0,63;0,6;0,61;0,51;0,64;0,52;0,59;0,69;0,7;0,62;0,65;0,63;0,68;0,63;0,55;0,6;0,68;0,5;0,55;0,61;0,57;0,5;0,67;0,63;0,69;0,67;0,5;0,68;0,6;0,68;0,58;0,55;0,59;0,63;0,69;0,58;0,69;0,55;0,69;0,63;0,65;0,62;0,57;0,55;0,56;0,62;0,64;0,64;0,68;0,59;0,57;0,57;0,61;0,63;6,3;;;;
17/02/2024;0,68;0,59;0,62;0,68;0,51;0,69;0,66;0,68;0,61;0,58;0,62;0,57;0,56;0,6;0,62;0,62;0,56;0,53;0,51;0,65;0,66;0,66;0,64;0,65;0,55;0,69;0,6;0,64;0,52;0,52;0,67;0,51;0,51;0,58;0,59;0,54;0,66;0,67;0,51;0,57;0,69;0,5;0,69;0,68;0,51;0,68;0,59;0,54;0,63;0,69;0,64;0,54;0,65;0,65;0,56;0,65;0,64;0,53;0,65;0,52;0,69;0,52;0,56;0,68;0,55;0,58;0,52;0,57;0,65;0,56;0,66;0,53;0,6;0,66;0,55;0,58;0,6;0,56;0,59;0,63;0,55;0,52;0,61;0,69;0,54;0,64;0,52;0,63;0,58;0,57;0,62;0,61;0,51;0,64;0,53;6,6;;;;
18/02/2024;0,68;0,66;0,62;0,56;0,67;0,53;0,68;0,59;0,61;0,66;0,66;0,6;0,65;0,65;0,66;0,51;0,64;0,66;0,53;0,66;0,65;0,65;0,6;0,67;0,54;0,54;0,64;0,62;0,67;0,63;0,64;0,64;0,61;0,51;0,59;0,66;0,52;0,53;0,5;0,64;0,69;0,6;0,58;0,67;0,51;0,66;0,52;0,58;0,58;0,56;0,65;0,66;0,68;0,66;0,59;0,59;0,69;0,52;0,6;0,68;0,62;0,52;0,6;0,6;0,57;0,57;0,7;0,55;0,66;0,52;0,64;0,6;0,67;0,53;0,6;0,62;0,69;0,65;0,67;0,6;0,57;0,61;0,63;0,59;0,68;0,51;0,66;0,51;0,62;0,66;0,55;0,69;0,55;0,67;0,63;6,3;;;;
19/02/2024;0,52;0,69;0,65;0,69;0,69;0,6;0,53;0,66;0,66;0,67;0,68;0,58;0,67;0,56;0,57;0,62;0,66;0,69;0,62;0,65;0,64;0,69;0,65;0,52;0,58;0,61;0,53;0,7;0,61;0,7;0,53;0,68;0,55;0,6;0,66;0,56;0,61;0,51;0,55;0,69;0,6;0,53;0,55;0,7;0,64;0,61;0,6;0,63;0,52;0,51;0,65;0,69;0,59;0,59;0,52;0,61;0,51;0,57;0,58;0,54;0,57;0,58;0,7;0,68;0,62;0,67;0,57;0,57;0,53;0,68;0,64;0,64;0,6;0,51;0,66;0,57;0,64;0,65;0,69;0,59;0,65;0,7;0,53;0,51;0,69;0,68;0,52;0,62;0,68;0,58;0,67;0,54;0,58;0,63;0,57;6,6;;;;
20/02/2024;0,57;0,67;0,66;0,56;0,66;0,54;0,6;0,65;0,63;0,67;0,59;0,69;0,6;0,6;0,68;0,69;0,58;0,6;0,6;0,51;0,67;0,64;0,54;0,54;0,63;0,64;0,64;0,52;0,63;0,51;0,54;0,55;0,5;0,57;0,61;0,54;0,53;0,52;0,62;0,61;0,63;0,63;0,53;0,53;0,69;0,61;0,5;0,64;0,62;0,63;0,54;0,59;0,6;0,56;0,57;0,51;0,61;0,68;0,64;0,68;0,55;0,59;0,67;0,5;0,69;0,66;0,66;0,52;0,56;0,59;0,53;0,54;0,66;0,7;0,65;0,6;0,69;0,56;0,51;0,67;0,51;0,69;0,67;0,63;0,67;0,53;0,67;0,5;0,68;0,66;0,61;0,6;0,61;0,66;0,67;6,6;;;;
21/02/2024;0,59;0,61;0,52;0,7;0,54;0,52;0,66;0,51;0,63;0,68;0,58;0,6;0,66;0,56;0,65;0,68;0,66;0,59;0,68;0,58;0,64;0,65;0,56;0,56;0,52;0,53;0,67;0,5;0,64;0,61;0,54;0,56;0,51;0,65;0,67;0,61;0,67;0,59;0,68;0,63;0,69;0,51;0,65;0,62;0,64;0,69;0,54;0,51;0,52;0,56;0,53;0,65;0,55;0,59;0,52;0,53;0,54;0,54;0,7;0,69;0,68;0,54;0,53;0,53;0,59;0,66;0,63;0,58;0,63;0,59;0,66;0,61;0,61;0,54;0,63;0,53;0,7;0,5;0,61;0,64;0,67;0,55;0,57;0,52;0,53;0,55;0,5;0,65;0,51;0,61;0,6;0,62;0,65;0,64;0,68;6,0;;;;
22/02/2024;0,55;0,55;0,63;0,67;0,67;0,55;0,58;0,63;0,54;0,68;0,65;0,58;0,63;0,64;0,66;0,51;0,55;0,59;0,57;0,57;0,53;0,5;0,5;0,51;0,63;0,62;0,62;0,58;0,61;0,55;0,6;0,59;0,68;0,56;0,53;0,61;0,64;0,61;0,7;0,63;0,57;0,61;0,55;0,69;0,67;0,55;0,57;0,55;0,66;0,59;0,63;0,62;0,68;0,51;0,55;0,57;0,67;0,52;0,54;0,67;0,55;0,62;0,56;0,55;0,64;0,6;0,6;0,63;0,61;0,52;0,53;0,59;0,69;0,66;0,63;0,57;0,57;0,62;0,57;0,51;0,53;0,66;0,67;0,66;0,52;0,7;0,66;0,67;0,67;0,65;0,66;0,57;0,69;0,52;0,5;6,6;;;;
23/02/2024;0,54;0,59;0,57;0,67;0,55;0,59;0,52;0,64;0,5;0,7;0,64;0,56;0,65;0,64;0,51;0,53;0,61;0,53;0,62;0,62;0,55;0,55;0,55;0,53;0,53;0,51;0,65;0,51;0,67;0,5;0,66;0,64;0,6;0,55;0,63;0,57;0,51;0,51;0,65;0,63;0,59;0,51;0,68;0,64;0,58;0,56;0,66;0,61;0,66;0,57;0,67;0,55;0,56;0,5;0,59;0,6;0,55;0,6;0,56;0,66;0,67;0,66;0,55;0,57;0,66;0,58;0,67;0,58;0,56;0,6;0,63;0,69;0,68;0,55;0,56;0,62;0,63;0,7;0,5;0,6;0,51;0,61;0,5;0,52;0,66;0,67;0,54;0,53;0,69;0,58;0,5;0,61;0,64;0,52;0,58;6,3;;;;
24/02/2024;0,56;0,64;0,55;0,57;0,54;0,6;0,69;0,67;0,65;0,5;0,68;0,63;0,53;0,55;0,64;0,5;0,56;0,56;0,58;0,69;0,65;0,53;0,57;0,54;0,67;0,54;0,59;0,67;0,65;0,66;0,61;0,51;0,6;0,64;0,51;0,52;0,65;0,62;0,66;0,5;0,69;0,53;0,58;0,56;0,54;0,6;0,51;0,55;0,67;0,7;0,63;0,54;0,58;0,66;0,65;0,69;0,51;0,6;0,66;0,53;0,54;0,59;0,65;0,53;0,56;0,7;0,59;0,69;0,54;0,5;0,56;0,58;0,55;0,63;0,69;0,56;0,58;0,65;0,51;0,68;0,57;0,65;0,69;0,67;0,52;0,52;0,66;0,51;0,59;0,65;0,57;0,57;0,55;0,6;0,64;6,0;;;;
25/02/2024;0,58;0,6;0,68;0,6;0,59;0,62;0,56;0,65;0,51;0,53;0,67;0,63;0,55;0,66;0,68;0,54;0,69;0,53;0,52;0,54;0,52;0,63;0,6;0,68;0,7;0,63;0,55;0,68;0,52;0,63;0,63;0,62;0,52;0,65;0,64;0,51;0,57;0,63;0,61;0,58;0,7;0,69;0,59;0,65;0,68;0,63;0,53;0,6;0,63;0,59;0,53;0,68;0,62;0,66;0,54;0,63;0,51;0,63;0,54;0,57;0,69;0,62;0,62;0,5;0,54;0,52;0,51;0,68;0,64;0,66;0,52;0,58;0,62;0,62;0,69;0,53;0,5;0,54;0,69;0,59;0,67;0,54;0,53;0,64;0,64;0,55;0,58;0,54;0,56;0,68;0,68;0,7;0,7;0,64;0,52;6,6;;;;
26/02/2024;0,51;0,59;0,65;0,56;0,69;0,6;0,64;0,7;0,69;0,61;0,5;0,54;0,51;0,52;0,53;0,56;0,54;0,62;0,53;0,69;0,5;0,57;0,7;0,66;0,63;0,65;0,67;0,68;0,56;0,57;0,63;0,57;0,65;0,52;0,64;0,64;0,52;0,6;0,63;0,62;0,69;0,62;0,54;0,58;0,66;0,69;0,64;0,57;0,58;0,62;0,52;0,56;0,52;0,63;0,65;0,65;0,59;0,52;0,58;0,6;0,59;0,64;0,64;0,54;0,5;0,51;0,56;0,52;0,62;0,66;0,61;0,66;0,66;0,51;0,65;0,68;0,65;0,69;0,53;0,55;0,7;0,68;0,69;0,59;0,69;0,56;0,65;0,53;0,63;0,66;0,56;0,5;0,63;0,56;0,62;6,0;;;;
27/02/2024;0,54;0,65;0,67;0,53;0,64;0,65;0,51;0,6;0,65;0,54;0,57;0,56;0,56;0,51;0,53;0,68;0,55;0,64;0,69;0,5;0,54;0,62;0,56;0,53;0,55;0,6;0,67;0,58;0,58;0,53;0,51;0,55;0,69;0,53;0,62;0,65;0,6;0,67;0,55;0,6;0,54;0,58;0,67;0,59;0,58;0,64;0,65;0,65;0,61;0,63;0,64;0,5;0,59;0,53;0,5;0,54;0,57;0,54;0,63;0,62;0,63;0,61;0,59;0,63;0,61;0,67;0,6;0,55;0,66;0,58;0,63;0,61;0,69;0,6;0,55;0,61;0,56;0,61;0,59;0,68;0,56;0,5;0,64;0,68;0,69;0,56;0,55;0,62;0,69;0,55;0,52;0,54;0,53;0,57;0,52;6,0;;;;
28/02/2024;0,54;0,56;0,6;0,53;0,62;0,55;0,6;0,56;0,52;0,51;0,65;0,63;0,65;0,53;0,5;0,52;0,62;0,58;0,56;0,65;0,52;0,66;0,59;0,66;0,7;0,62;0,56;0,65;0,52;0,54;0,66;0,63;0,55;0,58;0,58;0,51;0,7;0,65;0,53;0,53;0,6;0,6;0,64;0,68;0,56;0,68;0,7;0,56;0,67;0,62;0,63;0,58;0,54;0,63;0,64;0,51;0,56;0,66;0,61;0,7;0,62;0,57;0,52;0,58;0,66;0,6;0,68;0,54;0,61;0,68;0,68;0,55;0,62;0,63;0,6;0,51;0,63;0,58;0,62;0,54;0,67;0,65;0,56;0,63;0,63;0,69;0,54;0,63;0,53;0,54;0,66;0,56;0,6;0,51;0,61;6,0;;;;
01/03/2024;0,57;0,63;0,62;0,57;0,68;0,68;0,55;0,65;0,57;0,58;0,61;0,61;0,68;0,61;0,7;0,69;0,61;0,52;0,57;0,59;0,5;0,6;0,64;0,65;0,6;0,56;0,65;0,53;0,62;0,53;0,64;0,6;0,66;0,67;0,64;0,67;0,66;0,66;0,6;0,53;0,65;0,5;0,7;0,62;0,65;0,53;0,51;0,55;0,55;0,56;0,69;0,63;0,69;0,64;0,66;0,61;0,52;0,52;0,55;0,6;0,65;0,65;0,52;0,56;0,54;0,52;0,7;0,56;0,57;0,54;0,7;0,58;0,63;0,58;0,59;0,68;0,62;0,64;0,51;0,67;0,54;0,67;0,66;0,68;0,53;0,53;0,62;0,68;0,51;0,55;0,54;0,68;0,5;0,66;0,61;5,7;;;;
02/03/2024;0,68;0,51;0,66;0,53;0,64;0,65;0,51;0,6;0,69;0,56;0,52;0,52;0,59;0,57;0,53;0,51;0,7;0,57;0,65;0,7;0,52;0,62;0,67;0,64;0,52;0,56;0,52;0,52;0,66;0,51;0,69;0,57;0,67;0,63;0,64;0,55;0,56;0,56;0,56;0,5;0,56;0,7;0,57;0,52;0,57;0,58;0,55;0,68;0,55;0,55;0,63;0,54;0,51;0,62;0,6;0,53;0,54;0,51;0,65;0,58;0,65;0,56;0,64;0,56;0,51;0,56;0,7;0,54;0,68;0,66;0,64;0,5;0,61;0,54;0,58;0,59;0,64;0,66;0,67;0,69;0,52;0,53;0,63;0,52;0,65;0,61;0,54;0,54;0,66;0,58;0,67;0,64;0,68;0,67;0,66;6,0;;;;
03/03/2024;0,54;0,52;0,65;0,6;0,56;0,57;0,59;0,54;0,63;0,55;0,69;0,59;0,6;0,65;0,57;0,55;0,52;0,67;0,62;0,52;0,61;0,52;0,53;0,63;0,54;0,66;0,65;0,58;0,65;0,65;0,5;0,56;0,67;0,67;0,58;0,53;0,52;0,5;0,63;0,57;0,6;0,53;0,53;0,67;0,65;0,58;0,53;0,67;0,62;0,65;0,64;0,68;0,56;0,63;0,53;0,52;0,63;0,64;0,64;0,58;0,5;0,56;0,62;0,61;0,61;0,57;0,69;0,63;0,59;0,68;0,68;0,52;0,58;0,55;0,63;0,69;0,63;0,57;0,62;0,64;0,51;0,62;0,68;0,68;0,62;0,58;0,52;0,53;0,68;0,53;0,51;0,52;0,66;0,55;0,51;6,9;;;;
04/03/2024;0,64;0,65;0,56;0,58;0,58;0,65;0,6;0,53;0,52;0,53;0,51;0,61;0,51;0,51;0,65;0,59;0,64;0,56;0,56;0,59;0,6;0,53;0,69;0,69;0,56;0,6;0,69;0,69;0,57;0,64;0,53;0,59;0,61;0,68;0,66;0,59;0,65;0,69;0,5;0,61;0,64;0,66;0,5;0,53;0,58;0,65;0,65;0,69;0,66;0,65;0,56;0,55;0,64;0,6;0,57;0,65;0,6;0,62;0,51;0,69;0,63;0,57;0,53;0,63;0,53;0,6;0,69;0,66;0,57;0,53;0,6;0,51;0,51;0,57;0,62;0,55;0,61;0,58;0,54;0,66;0,59;0,66;0,6;0,65;0,58;0,65;0,56;0,64;0,69;0,63;0,69;0,66;0,65;0,67;0,52;6,3;;;;
05/03/2024;0,66;0,67;0,52;0,56;0,57;0,57;0,67;0,62;0,59;0,61;0,68;0,61;0,67;0,67;0,59;0,63;0,57;0,52;0,54;0,57;0,6;0,55;0,69;0,56;0,67;0,63;0,64;0,67;0,69;0,67;0,66;0,63;0,51;0,51;0,6;0,65;0,52;0,55;0,64;0,54;0,55;0,64;0,63;0,67;0,63;0,6;0,53;0,64;0,58;0,68;0,59;0,63;0,65;0,6;0,64;0,52;0,68;0,56;0,61;0,59;0,65;0,68;0,68;0,59;0,56;0,66;0,56;0,66;0,58;0,59;0,52;0,52;0,53;0,57;0,53;0,62;0,51;0,67;0,62;0,62;0,67;0,55;0,59;0,61;0,65;0,53;0,64;0,61;0,6;0,55;0,55;0,54;0,65;0,5;0,53;6,0;;;;
06/03/2024;0,58;0,68;0,54;0,62;0,55;0,67;0,51;0,65;0,65;0,64;0,61;0,56;0,69;0,61;0,67;0,52;0,69;0,6;0,55;0,53;0,6;0,63;0,54;0,52;0,59;0,55;0,64;0,68;0,58;0,55;0,5;0,65;0,56;0,62;0,62;0,64;0,66;0,5;0,55;0,69;0,66;0,52;0,5;0,61;0,62;0,51;0,5;0,54;0,68;0,52;0,52;0,6;0,51;0,69;0,57;0,58;0,69;0,52;0,5;0,67;0,66;0,68;0,66;0,57;0,53;0,55;0,62;0,52;0,55;0,61;0,53;0,65;0,54;0,56;0,64;0,59;0,59;0,61;0,6;0,53;0,58;0,56;0,54;0,68;0,58;0,52;0,5;0,56;0,68;0,55;0,62;0,69;0,5;0,5;0,61;6,0;;;;
07/03/2024;0,63;0,65;0,61;0,6;0,59;0,61;0,61;0,5;0,62;0,7;0,61;0,55;0,6;0,68;0,51;0,63;0,58;0,66;0,63;0,63;0,52;0,61;0,55;0,64;0,61;0,52;0,56;0,67;0,65;0,62;0,66;0,68;0,61;0,6;0,69;0,63;0,61;0,54;0,52;0,68;0,67;0,59;0,55;0,63;0,57;0,59;0,56;0,55;0,6;0,51;0,54;0,69;0,58;0,67;0,6;0,55;0,62;0,68;0,51;0,57;0,65;0,53;0,53;0,51;0,63;0,66;0,66;0,53;0,56;0,61;0,69;0,57;0,52;0,68;0,66;0,55;0,68;0,59;0,64;0,55;0,64;0,63;0,67;0,6;0,54;0,51;0,54;0,53;0,51;0,54;0,51;0,52;0,68;0,64;0,57;6,0;;;;
08/03/2024;0,62;0,56;0,58;0,61;0,7;0,66;0,66;0,53;0,63;0,57;0,51;0,6;0,63;0,69;0,53;0,56;0,67;0,6;0,57;0,7;0,57;0,57;0,62;0,63;0,66;0,55;0,5;0,5;0,54;0,61;0,56;0,5;0,52;0,53;0,52;0,67;0,52;0,54;0,63;0,68;0,69;0,62;0,58;0,59;0,66;0,58;0,67;0,52;0,59;0,62;0,53;0,69;0,64;0,68;0,6;0,64;0,65;0,61;0,66;0,67;0,68;0,6;0,69;0,58;0,66;0,57;0,66;0,58;0,64;0,62;0,55;0,61;0,51;0,66;0,69;0,57;0,67;0,52;0,63;0,56;0,69;0,53;0,65;0,54;0,69;0,63;0,62;0,63;0,6;0,61;0,64;0,65;0,65;0,55;0,61;6,6;;;;
09/03/2024;0,55;0,58;0,53;0,51;0,68;0,52;0,53;0,59;0,61;0,55;0,5;0,62;0,67;0,68;0,57;0,55;0,58;0,63;0,6;0,65;0,69;0,66;0,53;0,66;0,62;0,67;0,62;0,7;0,59;0,68;0,68;0,54;0,56;0,69;0,62;0,63;0,56;0,56;0,6;0,65;0,61;0,53;0,51;0,57;0,5;0,7;0,63;0,69;0,51;0,55;0,68;0,59;0,66;0,65;0,69;0,6;0,67;0,54;0,57;0,66;0,61;0,51;0,59;0,64;0,62;0,62;0,69;0,66;0,59;0,68;0,63;0,68;0,61;0,56;0,53;0,61;0,53;0,62;0,62;0,51;0,66;0,5;0,58;0,55;0,61;0,52;0,64;0,63;0,54;0,5;0,67;0,68;0,58;0,63;0,54;6,0;;;;
10/03/2024;0,6;0,52;0,65;0,5;0,59;0,55;0,52;0,63;0,55;0,63;0,68;0,57;0,69;0,64;0,53;0,62;0,68;0,59;0,68;0,52;0,53;0,55;0,6;0,58;0,63;0,6;0,62;0,66;0,59;0,59;0,66;0,57;0,55;0,7;0,57;0,56;0,61;0,54;0,59;0,61;0,53;0,67;0,52;0,62;0,59;0,53;0,59;0,58;0,67;0,6;0,51;0,53;0,53;0,63;0,58;0,63;0,68;0,66;0,62;0,59;0,51;0,51;0,62;0,62;0,62;0,51;0,61;0,51;0,58;0,69;0,6;0,69;0,7;0,68;0,52;0,55;0,67;0,5;0,56;0,64;0,57;0,62;0,68;0,69;0,59;0,6;0,62;0,6;0,5;0,57;0,65;0,54;0,6;0,58;0,57;6,6;;;;
11/03/2024;0,68;0,64;0,52;0,7;0,58;0,6;0,52;0,69;0,65;0,65;0,62;0,64;0,55;0,57;0,53;0,6;0,62;0,56;0,57;0,66;0,57;0,62;0,51;0,6;0,59;0,55;0,58;0,67;0,7;0,61;0,65;0,66;0,51;0,53;0,56;0,54;0,59;0,52;0,56;0,59;0,51;0,53;0,62;0,62;0,56;0,67;0,52;0,58;0,51;0,6;0,56;0,55;0,69;0,51;0,55;0,55;0,56;0,65;0,63;0,58;0,53;0,61;0,7;0,67;0,52;0,52;0,66;0,58;0,54;0,6;0,65;0,62;0,52;0,52;0,57;0,56;0,55;0,59;0,7;0,56;0,66;0,69;0,53;0,68;0,61;0,58;0,64;0,62;0,64;0,65;0,66;0,57;0,59;0,66;0,54;6,6;;;;
12/03/2024;0,68;0,67;0,54;0,67;0,52;0,6;0,53;0,52;0,52;0,55;0,6;0,53;0,57;0,67;0,68;0,66;0,52;0,5;0,65;0,54;0,55;0,64;0,69;0,54;0,53;0,59;0,55;0,66;0,65;0,52;0,64;0,52;0,52;0,59;0,57;0,68;0,61;0,52;0,59;0,59;0,53;0,52;0,6;0,6;0,54;0,59;0,62;0,68;0,68;0,61;0,66;0,57;0,61;0,6;0,59;0,58;0,66;0,69;0,61;0,55;0,55;0,64;0,56;0,58;0,65;0,69;0,65;0,65;0,57;0,64;0,56;0,6;0,69;0,52;0,64;0,6;0,69;0,54;0,66;0,53;0,65;0,68;0,58;0,63;0,55;0,52;0,69;0,54;0,57;0,63;0,51;0,61;0,67;0,67;0,61;6,9;;;;
13/03/2024;0,64;0,67;0,61;0,69;0,66;0,6;0,64;0,66;0,56;0,58;0,64;0,56;0,62;0,53;0,51;0,7;0,65;0,62;0,65;0,69;0,65;0,56;0,54;0,65;0,66;0,59;0,68;0,51;0,66;0,55;0,61;0,58;0,67;0,64;0,59;0,63;0,65;0,59;0,56;0,69;0,57;0,52;0,61;0,7;0,7;0,55;0,66;0,7;0,51;0,57;0,57;0,53;0,55;0,51;0,65;0,66;0,54;0,58;0,54;0,56;0,6;0,56;0,61;0,57;0,6;0,56;0,67;0,69;0,55;0,7;0,55;0,64;0,64;0,64;0,62;0,57;0,65;0,53;0,62;0,63;0,67;0,65;0,61;0,68;0,57;0,57;0,6;0,59;0,64;0,54;0,6;0,61;0,66;0,55;0,62;6,0;;;;
14/03/2024;0,51;0,53;0,68;0,67;0,65;0,57;0,64;0,6;0,53;0,68;0,63;0,53;0,68;0,51;0,55;0,62;0,59;0,65;0,51;0,54;0,67;0,67;0,54;0,57;0,57;0,68;0,68;0,62;0,61;0,55;0,61;0,6;0,6;0,7;0,58;0,5;0,55;0,55;0,61;0,65;0,66;0,68;0,62;0,56;0,69;0,6;0,59;0,6;0,51;0,62;0,51;0,67;0,59;0,61;0,6;0,67;0,55;0,54;0,69;0,56;0,51;0,57;0,61;0,64;0,7;0,68;0,7;0,55;0,63;0,59;0,64;0,64;0,54;0,63;0,67;0,56;0,64;0,59;0,51;0,66;0,51;0,52;0,56;0,61;0,69;0,52;0,7;0,69;0,57;0,63;0,69;0,54;0,54;0,56;0,53;6,0;;;;
15/03/2024;0,57;0,5;0,6;0,57;0,58;0,52;0,66;0,54;0,69;0,58;0,64;0,55;0,51;0,62;0,56;0,55;0,69;0,68;0,6;0,69;0,69;0,67;0,6;0,6;0,66;0,54;0,69;0,66;0,6;0,7;0,68;0,63;0,52;0,57;0,55;0,57;0,6;0,55;0,55;0,52;0,51;0,68;0,55;0,69;0,67;0,63;0,51;0,62;0,5;0,67;0,57;0,62;0,67;0,58;0,65;0,64;0,64;0,61;0,66;0,53;0,66;0,62;0,63;0,54;0,53;0,58;0,59;0,56;0,58;0,64;0,63;0,59;0,57;0,51;0,6;0,66;0,52;0,58;0,6;0,55;0,56;0,68;0,56;0,7;0,63;0,52;0,52;0,63;0,63;0,65;0,5;0,67;0,56;0,64;0,54;6,9;;;;
16/03/2024;0,53;0,6;0,51;0,56;0,51;0,63;0,6;0,68;0,51;0,51;0,54;0,52;0,69;0,6;0,63;0,53;0,62;0,66;0,63;0,55;0,64;0,7;0,65;0,67;0,65;0,57;0,63;0,67;0,68;0,68;0,63;0,51;0,62;0,64;0,68;0,63;0,66;0,68;0,61;0,61;0,56;0,56;0,57;0,61;0,64;0,65;0,6;0,56;0,69;0,53;0,59;0,56;0,5;0,59;0,69;0,62;0,52;0,69;0,52;0,64;0,66;0,64;0,67;0,52;0,53;0,54;0,68;0,61;0,61;0,63;0,51;0,56;0,56;0,65;0,69;0,56;0,62;0,66;0,62;0,69;0,58;0,54;0,51;0,59;0,7;0,66;0,61;0,59;0,7;0,59;0,57;0,56;0,66;0,65;0,56;6,0;;;;
17/03/2024;0,52;0,59;0,68;0,55;0,58;0,61;0,51;0,66;0,55;0,58;0,69;0,53;0,59;0,63;0,52;0,6;0,64;0,68;0,63;0,7;0,57;0,53;0,68;0,57;0,63;0,52;0,65;0,69;0,69;0,7;0,58;0,64;0,55;0,51;0,69;0,68;0,54;0,61;0,67;0,57;0,64;0,64;0,57;0,66;0,52;0,65;0,61;0,52;0,62;0,56;0,68;0,52;0,52;0,65;0,57;0,65;0,54;0,64;0,7;0,66;0,63;0,69;0,51;0,57;0,66;0,65;0,62;0,68;0,62;0,69;0,58;0,66;0,61;0,68;0,7;0,68;0,51;0,67;0,54;0,62;0,69;0,5;0,69;0,57;0,66;0,62;0,6;0,58;0,59;0,51;0,57;0,56;0,69;0,6;0,52;5,7;;;;
18/03/2024;0,52;0,5;0,53;0,66;0,6;0,6;0,6;0,57;0,69;0,53;0,59;0,69;0,59;0,51;0,65;0,57;0,64;0,51;0,65;0,55;0,65;0,56;0,64;0,64;0,68;0,68;0,52;0,69;0,57;0,53;0,62;0,58;0,7;0,6;0,63;0,69;0,51;0,58;0,58;0,7;0,54;0,53;0,53;0,62;0,61;0,66;0,55;0,59;0,6;0,5;0,57;0,53;0,65;0,63;0,64;0,6;0,65;0,59;0,53;0,59;0,69;0,66;0,59;0,64;0,62;0,56;0,7;0,51;0,52;0,55;0,59;0,62;0,53;0,56;0,55;0,58;0,53;0,68;0,65;0,66;0,64;0,58;0,6;0,5;0,63;0,65;0,65;0,58;0,69;0,67;0,62;0,54;0,64;0,68;0,6;6,0;;;;
19/03/2024;0,51;0,57;0,67;0,54;0,69;0,64;0,59;0,63;0,69;0,69;0,58;0,69;0,62;0,64;0,59;0,7;0,57;0,57;0,52;0,68;0,61;0,68;0,68;0,51;0,6;0,69;0,67;0,61;0,51;0,59;0,7;0,54;0,53;0,63;0,52;0,55;0,61;0,6;0,64;0,6;0,53;0,53;0,63;0,5;0,51;0,51;0,53;0,51;0,52;0,6;0,58;0,63;0,64;0,63;0,64;0,68;0,52;0,51;0,65;0,65;0,61;0,51;0,61;0,5;0,53;0,65;0,64;0,57;0,52;0,66;0,64;0,54;0,55;0,68;0,68;0,52;0,61;0,51;0,57;0,53;0,54;0,7;0,7;0,55;0,64;0,67;0,69;0,56;0,55;0,52;0,67;0,62;0,53;0,65;0,51;6,0;;;;
20/03/2024;0,67;0,6;0,69;0,54;0,65;0,64;0,53;0,7;0,7;0,59;0,58;0,65;0,52;0,61;0,67;0,57;0,64;0,54;0,52;0,67;0,55;0,7;0,53;0,54;0,63;0,68;0,6;0,63;0,68;0,57;0,54;0,7;0,7;0,54;0,52;0,68;0,66;0,53;0,62;0,7;0,6;0,5;0,57;0,68;0,61;0,62;0,55;0,6;0,68;0,54;0,59;0,53;0,55;0,56;0,6;0,69;0,62;0,6;0,7;0,6;0,63;0,6;0,68;0,69;0,56;0,68;0,64;0,5;0,51;0,6;0,65;0,56;0,58;0,65;0,61;0,53;0,61;0,55;0,52;0,56;0,65;0,7;0,55;0,56;0,63;0,61;0,59;0,7;0,53;0,68;0,61;0,51;0,51;0,7;0,67;5,7;;;;
21/03/2024;0,52;0,54;0,55;0,54;0,62;0,59;0,65;0,59;0,6;0,5;0,67;0,67;0,54;0,59;0,6;0,56;0,62;0,57;0,54;0,68;0,69;0,69;0,62;0,53;0,67;0,6;0,63;0,62;0,51;0,68;0,54;0,64;0,58;0,67;0,64;0,54;0,58;0,66;0,6;0,58;0,67;0,56;0,61;0,52;0,58;0,65;0,54;0,66;0,52;0,67;0,54;0,63;0,69;0,57;0,59;0,63;0,6;0,55;0,67;0,61;0,58;0,64;0,65;0,68;0,55;0,67;0,69;0,66;0,51;0,6;0,51;0,62;0,59;0,6;0,66;0,57;0,51;0,65;0,55;0,69;0,62;0,64;0,62;0,64;0,52;0,69;0,63;0,69;0,66;0,59;0,57;0,62;0,65;0,66;0,61;6,9;;;;
22/03/2024;0,62;0,58;0,63;0,64;0,51;0,63;0,56;0,69;0,64;0,53;0,6;0,69;0,64;0,68;0,51;0,52;0,66;0,62;0,58;0,59;0,52;0,58;0,63;0,58;0,54;0,68;0,52;0,61;0,62;0,66;0,5;0,57;0,59;0,53;0,57;0,51;0,52;0,55;0,51;0,5;0,5;0,6;0,51;0,6;0,63;0,56;0,5;0,59;0,63;0,69;0,53;0,53;0,56;0,66;0,62;0,68;0,66;0,52;0,57;0,55;0,68;0,51;0,55;0,54;0,5;0,52;0,69;0,7;0,65;0,57;0,54;0,61;0,53;0,56;0,62;0,58;0,62;0,6;0,63;0,65;0,65;0,65;0,65;0,58;0,57;0,69;0,68;0,69;0,66;0,51;0,69;0,68;0,64;0,55;0,61;5,7;;;;
23/03/2024;0,5;0,66;0,6;0,61;0,51;0,59;0,6;0,59;0,5;0,61;0,56;0,65;0,64;0,69;0,68;0,67;0,69;0,53;0,51;0,53;0,66;0,59;0,63;0,63;0,62;0,64;0,64;0,55;0,5;0,63;0,61;0,52;0,62;0,64;0,65;0,55;0,52;0,55;0,63;0,64;0,62;0,65;0,59;0,68;0,65;0,55;0,54;0,54;0,64;0,5;0,55;0,55;0,6;0,53;0,63;0,66;0,62;0,64;0,58;0,66;0,69;0,57;0,62;0,61;0,6;0,6;0,65;0,54;0,65;0,58;0,67;0,68;0,67;0,51;0,52;0,55;0,56;0,53;0,69;0,61;0,56;0,58;0,67;0,69;0,57;0,67;0,52;0,51;0,64;0,52;0,63;0,66;0,58;0,69;0,68;6,3;;;;
24/03/2024;0,52;0,51;0,52;0,62;0,64;0,7;0,65;0,52;0,61;0,6;0,51;0,65;0,64;0,61;0,53;0,57;0,5;0,62;0,68;0,57;0,57;0,51;0,56;0,5;0,52;0,59;0,63;0,58;0,68;0,53;0,56;0,67;0,67;0,63;0,6;0,67;0,67;0,58;0,58;0,58;0,63;0,61;0,64;0,64;0,57;0,64;0,63;0,66;0,65;0,63;0,59;0,62;0,67;0,68;0,6;0,6;0,51;0,52;0,54;0,54;0,55;0,67;0,5;0,59;0,57;0,66;0,7;0,58;0,51;0,53;0,64;0,65;0,64;0,5;0,66;0,62;0,7;0,52;0,58;0,62;0,66;0,55;0,51;0,54;0,57;0,67;0,67;0,6;0,54;0,65;0,67;0,51;0,55;0,65;0,63;6,0;;;;
25/03/2024;0,54;0,65;0,63;0,55;0,61;0,61;0,63;0,65;0,66;0,55;0,64;0,65;0,56;0,51;0,58;0,52;0,52;0,56;0,58;0,68;0,68;0,68;0,69;0,68;0,63;0,66;0,62;0,69;0,68;0,64;0,65;0,54;0,69;0,59;0,51;0,52;0,62;0,55;0,68;0,52;0,69;0,59;0,53;0,62;0,68;0,55;0,63;0,68;0,57;0,55;0,68;0,61;0,56;0,63;0,68;0,58;0,61;0,51;0,51;0,58;0,68;0,58;0,56;0,69;0,63;0,58;0,55;0,63;0,6;0,56;0,54;0,58;0,51;0,52;0,67;0,55;0,67;0,5;0,6;0,6;0,64;0,58;0,51;0,55;0,53;0,52;0,56;0,69;0,55;0,51;0,68;0,54;0,57;0,55;0,5;6,0;;;;
26/03/2024;0,51;0,53;0,68;0,66;0,65;0,51;0,5;0,55;0,51;0,52;0,7;0,64;0,56;0,6;0,59;0,58;0,52;0,67;0,63;0,66;0,7;0,58;0,58;0,52;0,64;0,64;0,61;0,53;0,55;0,52;0,63;0,58;0,62;0,67;0,69;0,55;0,54;0,63;0,63;0,64;0,57;0,7;0,53;0,69;0,65;0,52;0,51;0,57;0,56;0,56;0,57;0,51;0,5;0,6;0,67;0,52;0,57;0,6;0,53;0,69;0,57;0,58;0,67;0,64;0,7;0,65;0,56;0,57;0,62;0,63;0,69;0,53;0,65;0,53;0,62;0,55;0,69;0,51;0,59;0,68;0,65;0,52;0,65;0,59;0,64;0,54;0,61;0,7;0,69;0,55;0,57;0,51;0,64;0,61;0,69;5,7;;;;
27/03/2024;0,64;0,61;0,54;0,6;0,62;0,53;0,69;0,68;0,66;0,61;0,61;0,59;0,52;0,6;0,67;0,69;0,6;0,51;0,54;0,63;0,67;0,5;0,69;0,57;0,6;0,59;0,65;0,62;0,7;0,66;0,6;0,58;0,55;0,55;0,51;0,58;0,5;0,69;0,59;0,69;0,6;0,52;0,54;0,51;0,56;0,54;0,66;0,62;0,61;0,6;0,58;0,63;0,56;0,61;0,61;0,64;0,6;0,63;0,59;0,65;0,58;0,61;0,68;0,65;0,67;0,65;0,54;0,6;0,57;0,51;0,61;0,69;0,58;0,67;0,54;0,65;0,64;0,58;0,66;0,62;0,62;0,67;0,54;0,63;0,68;0,63;0,63;0,55;0,56;0,59;0,59;0,53;0,57;0,65;0,61;6,0;;;;
28/03/2024;0,67;0,52;0,6;0,69;0,54;0,5;0,68;0,6;0,61;0,69;0,51;0,53;0,51;0,56;0,69;0,54;0,65;0,58;0,64;0,65;0,54;0,51;0,58;0,7;0,6;0,51;0,67;0,62;0,67;0,69;0,69;0,66;0,59;0,61;0,59;0,67;0,62;0,6;0,61;0,61;0,53;0,69;0,61;0,61;0,53;0,61;0,61;0,6;0,67;0,63;0,63;0,67;0,64;0,57;0,59;0,55;0,52;0,51;0,5;0,67;0,57;0,67;0,62;0,66;0,54;0,5;0,66;0,59;0,65;0,64;0,51;0,68;0,56;0,51;0,57;0,56;0,61;0,59;0,67;0,54;0,54;0,52;0,62;0,67;0,53;0,63;0,5;0,6;0,59;0,7;0,55;0,52;0,0;0,0;0,0;;;;;
29/03/2024;0,52;0,63;0,66;0,52;0,56;0,57;0,59;0,68;0,5;0,67;0,51;0,61;0,64;0,68;0,54;0,64;0,64;0,67;0,68;0,51;0,57;0,67;0,53;0,52;0,63;0,67;0,52;0,53;0,58;0,57;0,54;0,51;0,61;0,52;0,53;0,59;0,57;0,67;0,52;0,54;0,59;0,64;0,6;0,5;0,63;0,66;0,55;0,5;0,66;0,53;0,53;0,61;0,63;0,67;0,65;0,54;0,55;0,69;0,66;0,64;0,67;0,66;0,53;0,51;0,62;0,57;0,56;0,58;0,57;0,61;0,55;0,6;0,66;0,63;0,67;0,55;0,65;0,69;0,52;0,69;0,69;0,68;0,5;0,7;0,56;0,61;0,68;0,52;0,51;0,54;0,63;0,65;0,53;0,56;0,63;6,0;;;;
30/03/2024;0,6;0,51;0,63;0,59;0,66;0,56;0,65;0,54;0,6;0,7;0,61;0,55;0,53;0,6;0,51;0,64;0,61;0,69;0,57;0,51;0,67;0,5;0,51;0,67;0,68;0,59;0,65;0,7;0,69;0,7;0,66;0,53;0,64;0,54;0,69;0,69;0,53;0,7;0,7;0,54;0,68;0,51;0,6;0,57;0,54;0,56;0,67;0,63;0,51;0,53;0,58;0,66;0,62;0,7;0,65;0,55;0,64;0,59;0,7;0,51;0,53;0,51;0,65;0,6;0,63;0,5;0,66;0,62;0,56;0,5;0,69;0,54;0,67;0,64;0,52;0,64;0,56;0,62;0,53;0,57;0,69;0,69;0,55;0,57;0,52;0,68;0,62;0,54;0,51;0,67;0,63;0,64;0,66;0,56;0,57;6,0;;;;
31/03/2024;0,69;0,55;0,7;0,64;0,63;0,62;0,63;0,54;0,69;0,51;0,67;0,53;0,57;0,6;0,51;0,52;0,68;0,7;0,61;0,66;0,51;0,55;0,63;0,56;0,56;0,61;0,7;0,58;0,6;0,57;0,57;0,68;0,51;0,63;0,66;0,53;0,61;0,57;0,61;0,56;0,51;0,64;0,68;0,66;0,69;0,54;0,52;0,58;0,63;0,62;0,6;0,62;0,56;0,55;0,56;0,58;0,69;0,52;0,63;0,57;0,5;0,63;0,51;0,61;0,61;0,5;0,64;0,66;0,64;0,69;0,52;0,59;0,53;0,54;0,64;0,62;0,6;0,51;0,54;0,51;0,54;0,7;0,64;0,54;0,55;0,59;0,55;0,64;0,63;0,51;0,61;0,57;0,69;0,68;0,68;6,6;;;;
01/04/2024;0,53;0,6;0,59;0,63;0,59;0,53;0,59;0,66;0,54;0,66;0,55;0,5;0,68;0,64;0,65;0,59;0,62;0,55;0,65;0,61;0,65;0,67;0,6;0,61;0,68;0,52;0,66;0,55;0,56;0,7;0,52;0,58;0,55;0,58;0,57;0,57;0,56;0,65;0,53;0,61;0,53;0,65;0,59;0,57;0,51;0,69;0,53;0,58;0,6;0,68;0,68;0,67;0,53;0,53;0,59;0,69;0,52;0,6;0,51;0,57;0,55;0,64;0,54;0,67;0,53;0,65;0,59;0,6;0,6;0,54;0,7;0,63;0,55;0,67;0,63;0,7;0,53;0,65;0,53;0,62;0,52;0,58;0,67;0,66;0,69;0,64;0,56;0,52;0,69;0,6;0,57;0,6;0,6;0,69;0,68;6,6;;;;
02/04/2024;0,58;0,69;0,61;0,63;0,54;0,58;0,58;0,5;0,64;0,64;0,57;0,62;0,51;0,58;0,58;0,55;0,54;0,66;0,64;0,63;0,63;0,57;0,63;0,56;0,56;0,62;0,55;0,51;0,55;0,64;0,7;0,55;0,57;0,66;0,66;0,69;0,56;0,58;0,64;0,53;0,63;0,62;0,62;0,52;0,55;0,54;0,57;0,64;0,67;0,51;0,64;0,68;0,69;0,63;0,56;0,55;0,52;0,66;0,57;0,62;0,67;0,56;0,56;0,67;0,64;0,56;0,66;0,68;0,63;0,66;0,5;0,67;0,68;0,59;0,59;0,63;0,53;0,64;0,65;0,5;0,54;0,51;0,5;0,52;0,64;0,67;0,69;0,64;0,66;0,52;0,65;0,56;0,68;0,51;0,6;6,0;;;;
03/04/2024;0,59;0,7;0,51;0,66;0,67;0,55;0,52;0,68;0,53;0,53;0,59;0,66;0,68;0,57;0,58;0,5;0,57;0,52;0,6;0,57;0,63;0,52;0,62;0,57;0,52;0,61;0,58;0,58;0,55;0,62;0,61;0,58;0,52;0,5;0,59;0,66;0,65;0,61;0,64;0,58;0,6;0,56;0,67;0,6;0,61;0,54;0,59;0,54;0,53;0,51;0,69;0,55;0,51;0,51;0,54;0,63;0,52;0,58;0,63;0,62;0,59;0,51;0,6;0,53;0,59;0,68;0,66;0,53;0,51;0,51;0,6;0,59;0,69;0,62;0,64;0,59;0,69;0,66;0,66;0,5;0,63;0,67;0,51;0,57;0,51;0,67;0,63;0,61;0,61;0,53;0,56;0,68;0,57;0,53;0,57;6,3;;;;
04/04/2024;0,51;0,61;0,57;0,68;0,54;0,65;0,6;0,67;0,7;0,64;0,62;0,68;0,64;0,59;0,7;0,64;0,56;0,53;0,65;0,67;0,62;0,54;0,61;0,59;0,54;0,63;0,68;0,57;0,62;0,59;0,57;0,51;0,52;0,55;0,66;0,67;0,7;0,65;0,7;0,69;0,6;0,53;0,67;0,59;0,66;0,65;0,51;0,67;0,7;0,54;0,68;0,59;0,68;0,61;0,53;0,64;0,59;0,54;0,6;0,54;0,6;0,53;0,54;0,51;0,65;0,51;0,64;0,68;0,6;0,65;0,65;0,65;0,61;0,59;0,67;0,56;0,62;0,56;0,62;0,63;0,69;0,53;0,69;0,57;0,69;0,54;0,57;0,58;0,64;0,55;0,58;0,59;0,5;0,6;0,57;5,7;;;;
05/04/2024;0,55;0,55;0,68;0,6;0,52;0,69;0,52;0,69;0,68;0,6;0,67;0,52;0,52;0,57;0,58;0,61;0,6;0,53;0,66;0,7;0,57;0,67;0,53;0,62;0,56;0,58;0,59;0,64;0,66;0,51;0,7;0,51;0,5;0,57;0,53;0,64;0,64;0,58;0,57;0,64;0,68;0,67;0,55;0,65;0,66;0,64;0,66;0,56;0,68;0,59;0,59;0,7;0,55;0,68;0,5;0,69;0,58;0,69;0,66;0,54;0,54;0,56;0,66;0,52;0,59;0,62;0,57;0,61;0,5;0,69;0,62;0,52;0,62;0,56;0,69;0,68;0,52;0,67;0,66;0,54;0,58;0,58;0,56;0,57;0,51;0,53;0,52;0,69;0,64;0,59;0,5;0,51;0,52;0,52;0,56;6,3;;;;
06/04/2024;0,68;0,69;0,62;0,59;0,53;0,55;0,6;0,64;0,64;0,64;0,7;0,65;0,62;0,65;0,55;0,64;0,57;0,69;0,63;0,62;0,61;0,53;0,54;0,66;0,5;0,56;0,57;0,6;0,5;0,5;0,54;0,54;0,54;0,65;0,63;0,51;0,55;0,64;0,65;0,55;0,64;0,52;0,6;0,66;0,65;0,53;0,61;0,54;0,56;0,68;0,64;0,57;0,7;0,56;0,6;0,66;0,69;0,65;0,63;0,69;0,68;0,67;0,56;0,51;0,65;0,55;0,62;0,56;0,61;0,51;0,66;0,63;0,51;0,53;0,59;0,54;0,69;0,66;0,64;0,68;0,67;0,56;0,53;0,65;0,61;0,6;0,63;0,57;0,52;0,59;0,66;0,52;0,56;0,69;0,61;5,7;;;;
07/04/2024;0,61;0,61;0,69;0,54;0,53;0,68;0,61;0,55;0,52;0,53;0,52;0,55;0,66;0,65;0,67;0,54;0,66;0,55;0,63;0,61;0,69;0,63;0,55;0,58;0,55;0,54;0,64;0,6;0,66;0,59;0,51;0,65;0,61;0,65;0,66;0,53;0,58;0,7;0,55;0,56;0,59;0,59;0,67;0,55;0,54;0,64;0,58;0,54;0,52;0,53;0,67;0,64;0,61;0,6;0,53;0,51;0,53;0,65;0,54;0,64;0,7;0,6;0,7;0,57;0,62;0,65;0,52;0,68;0,55;0,63;0,55;0,64;0,63;0,51;0,62;0,63;0,66;0,59;0,66;0,54;0,51;0,57;0,62;0,56;0,67;0,51;0,67;0,65;0,59;0,66;0,64;0,51;0,6;0,61;0,57;5,4;;;;
08/04/2024;0,6;0,51;0,69;0,64;0,54;0,67;0,63;0,51;0,55;0,59;0,65;0,61;0,68;0,55;0,7;0,63;0,67;0,59;0,67;0,59;0,51;0,56;0,64;0,54;0,68;0,65;0,51;0,58;0,68;0,58;0,53;0,6;0,53;0,5;0,68;0,69;0,64;0,66;0,58;0,62;0,64;0,62;0,63;0,62;0,54;0,59;0,54;0,56;0,56;0,68;0,54;0,58;0,52;0,51;0,53;0,62;0,53;0,69;0,5;0,51;0,52;0,52;0,65;0,53;0,57;0,62;0,61;0,56;0,65;0,57;0,55;0,52;0,54;0,64;0,61;0,69;0,62;0,59;0,51;0,58;0,63;0,6;0,56;0,58;0,55;0,64;0,69;0,69;0,57;0,56;0,56;0,6;0,67;0,58;0,64;5,7;;;;
09/04/2024;0,51;0,6;0,56;0,57;0,61;0,68;0,65;0,55;0,54;0,61;0,54;0,68;0,64;0,56;0,58;0,58;0,58;0,62;0,54;0,54;0,62;0,64;0,56;0,56;0,64;0,56;0,52;0,58;0,64;0,69;0,51;0,57;0,55;0,52;0,54;0,66;0,54;0,61;0,63;0,52;0,52;0,57;0,55;0,53;0,51;0,53;0,56;0,56;0,51;0,68;0,51;0,65;0,54;0,59;0,67;0,59;0,6;0,61;0,56;0,67;0,65;0,66;0,64;0,68;0,63;0,69;0,56;0,68;0,59;0,62;0,53;0,62;0,61;0,58;0,65;0,59;0,61;0,56;0,69;0,56;0,52;0,51;0,58;0,7;0,6;0,6;0,62;0,64;0,52;0,63;0,68;0,64;0,54;0,63;0,5;5,7;;;;
10/04/2024;0,54;0,53;0,66;0,53;0,58;0,58;0,52;0,51;0,51;0,65;0,69;0,51;0,5;0,56;0,67;0,69;0,53;0,51;0,67;0,64;0,54;0,55;0,64;0,69;0,59;0,51;0,58;0,6;0,69;0,63;0,65;0,54;0,66;0,65;0,69;0,67;0,58;0,63;0,56;0,68;0,55;0,54;0,62;0,59;0,56;0,69;0,69;0,64;0,6;0,69;0,52;0,54;0,58;0,61;0,6;0,68;0,63;0,63;0,7;0,6;0,57;0,57;0,51;0,6;0,65;0,62;0,51;0,57;0,63;0,54;0,51;0,56;0,68;0,6;0,6;0,63;0,69;0,67;0,58;0,55;0,66;0,56;0,52;0,62;0,57;0,6;0,51;0,64;0,52;0,55;0,56;0,59;0,69;0,57;0,63;6,9;;;;
11/04/2024;0,54;0,58;0,58;0,64;0,64;0,51;0,51;0,65;0,52;0,56;0,6;0,6;0,52;0,63;0,52;0,61;0,56;0,62;0,52;0,51;0,65;0,66;0,54;0,7;0,53;0,67;0,64;0,68;0,63;0,54;0,54;0,6;0,62;0,64;0,54;0,65;0,51;0,51;0,6;0,61;0,62;0,54;0,66;0,55;0,64;0,6;0,55;0,58;0,54;0,69;0,54;0,51;0,6;0,65;0,62;0,65;0,58;0,59;0,68;0,62;0,56;0,62;0,67;0,56;0,69;0,66;0,51;0,66;0,57;0,69;0,59;0,53;0,56;0,6;0,61;0,63;0,66;0,69;0,5;0,53;0,68;0,66;0,56;0,58;0,67;0,54;0,69;0,67;0,58;0,56;0,56;0,55;0,52;0,63;0,66;6,6;;;;
12/04/2024;0,55;0,52;0,55;0,6;0,64;0,54;0,66;0,54;0,56;0,69;0,67;0,56;0,6;0,62;0,63;0,63;0,69;0,7;0,62;0,51;0,63;0,53;0,51;0,56;0,65;0,61;0,5;0,51;0,63;0,54;0,63;0,7;0,52;0,59;0,58;0,59;0,65;0,67;0,55;0,63;0,61;0,52;0,63;0,67;0,7;0,62;0,67;0,64;0,57;0,58;0,58;0,6;0,64;0,65;0,7;0,59;0,63;0,62;0,51;0,66;0,67;0,57;0,7;0,51;0,52;0,62;0,63;0,53;0,54;0,59;0,59;0,51;0,59;0,68;0,66;0,6;0,53;0,6;0,6;0,59;0,61;0,52;0,66;0,56;0,57;0,59;0,57;0,69;0,53;0,58;0,53;0,52;0,58;0,61;0,63;5,7;;;;
13/04/2024;0,65;0,68;0,65;0,64;0,58;0,52;0,55;0,6;0,61;0,67;0,61;0,62;0,59;0,66;0,66;0,67;0,65;0,63;0,52;0,51;0,67;0,52;0,62;0,6;0,57;0,59;0,56;0,55;0,59;0,53;0,66;0,53;0,55;0,62;0,66;0,61;0,52;0,54;0,52;0,56;0,67;0,61;0,62;0,68;0,52;0,63;0,63;0,51;0,63;0,67;0,54;0,67;0,5;0,5;0,62;0,68;0,52;0,62;0,69;0,56;0,59;0,52;0,69;0,52;0,68;0,53;0,56;0,6;0,53;0,67;0,7;0,59;0,55;0,57;0,66;0,53;0,55;0,52;0,5;0,57;0,62;0,54;0,65;0,64;0,59;0,69;0,6;0,59;0,7;0,68;0,69;0,52;0,68;0,56;0,53;6,3;;;;
14/04/2024;0,63;0,65;0,66;0,57;0,55;0,7;0,65;0,57;0,58;0,54;0,5;0,57;0,59;0,59;0,61;0,53;0,56;0,53;0,58;0,62;0,53;0,59;0,69;0,57;0,69;0,68;0,64;0,62;0,65;0,64;0,61;0,58;0,54;0,58;0,67;0,65;0,64;0,53;0,66;0,58;0,58;0,67;0,59;0,58;0,5;0,52;0,7;0,69;0,54;0,66;0,62;0,56;0,58;0,56;0,52;0,53;0,6;0,6;0,53;0,54;0,68;0,61;0,66;0,56;0,65;0,54;0,55;0,61;0,69;0,54;0,56;0,57;0,61;0,57;0,56;0,7;0,58;0,57;0,64;0,68;0,68;0,69;0,67;0,66;0,56;0,54;0,53;0,58;0,64;0,64;0,66;0,51;0,61;0,62;0,7;6,6;;;;
15/04/2024;0,6;0,66;0,68;0,65;0,54;0,62;0,53;0,64;0,7;0,69;0,66;0,54;0,59;0,52;0,69;0,69;0,57;0,7;0,69;0,6;0,56;0,64;0,58;0,5;0,64;0,59;0,54;0,51;0,67;0,69;0,56;0,69;0,68;0,57;0,61;0,62;0,57;0,69;0,56;0,62;0,58;0,63;0,68;0,63;0,67;0,64;0,56;0,53;0,62;0,62;0,61;0,58;0,63;0,62;0,69;0,65;0,51;0,69;0,6;0,56;0,68;0,5;0,54;0,62;0,69;0,67;0,62;0,54;0,63;0,65;0,55;0,58;0,59;0,63;0,69;0,51;0,66;0,58;0,65;0,7;0,61;0,59;0,61;0,56;0,67;0,62;0,58;0,61;0,58;0,52;0,68;0,7;0,59;0,62;0,62;6,6;;;;
16/04/2024;0,56;0,6;0,62;0,54;0,63;0,56;0,51;0,69;0,69;0,61;0,58;0,65;0,61;0,66;0,52;0,68;0,52;0,56;0,59;0,56;0,52;0,63;0,69;0,64;0,65;0,63;0,59;0,66;0,56;0,6;0,51;0,64;0,67;0,55;0,57;0,58;0,59;0,62;0,68;0,66;0,63;0,62;0,64;0,56;0,67;0,67;0,64;0,5;0,64;0,52;0,65;0,56;0,61;0,62;0,61;0,53;0,59;0,65;0,69;0,61;0,64;0,59;0,53;0,6;0,66;0,56;0,58;0,52;0,64;0,63;0,69;0,51;0,7;0,61;0,61;0,56;0,64;0,55;0,64;0,61;0,53;0,67;0,62;0,51;0,55;0,65;0,66;0,68;0,5;0,66;0,68;0,63;0,6;0,55;0,58;6,3;;;;
17/04/2024;0,65;0,66;0,69;0,64;0,67;0,58;0,54;0,68;0,6;0,68;0,52;0,64;0,61;0,56;0,56;0,53;0,65;0,51;0,56;0,56;0,67;0,52;0,6;0,67;0,66;0,67;0,5;0,67;0,68;0,52;0,61;0,66;0,69;0,54;0,66;0,53;0,51;0,68;0,56;0,69;0,62;0,6;0,52;0,67;0,68;0,58;0,52;0,53;0,62;0,52;0,59;0,64;0,61;0,55;0,58;0,64;0,7;0,66;0,62;0,55;0,66;0,54;0,68;0,58;0,53;0,67;0,55;0,53;0,66;0,61;0,6;0,51;0,6;0,61;0,51;0,65;0,55;0,59;0,59;0,62;0,57;0,55;0,69;0,52;0,55;0,68;0,59;0,54;0,6;0,64;0,65;0,67;0,65;0,63;0,6;6,6;;;;
18/04/2024;0,57;0,58;0,63;0,61;0,58;0,65;0,69;0,7;0,65;0,63;0,62;0,6;0,62;0,5;0,53;0,67;0,58;0,63;0,55;0,57;0,51;0,58;0,64;0,55;0,66;0,66;0,68;0,55;0,68;0,54;0,65;0,57;0,5;0,64;0,54;0,59;0,67;0,53;0,57;0,56;0,68;0,66;0,53;0,68;0,64;0,69;0,68;0,62;0,55;0,64;0,67;0,59;0,61;0,54;0,57;0,58;0,52;0,54;0,55;0,65;0,64;0,65;0,59;0,67;0,55;0,58;0,62;0,68;0,55;0,65;0,69;0,53;0,62;0,67;0,63;0,64;0,56;0,57;0,51;0,53;0,58;0,7;0,51;0,67;0,51;0,6;0,63;0,66;0,64;0,65;0,63;0,59;0,62;0,65;0,66;5,7;;;;
19/04/2024;0,56;0,5;0,58;0,66;0,51;0,64;0,61;0,62;0,57;0,51;0,63;0,66;0,61;0,58;0,53;0,5;0,54;0,59;0,62;0,58;0,59;0,53;0,5;0,59;0,53;0,63;0,52;0,57;0,68;0,62;0,51;0,65;0,55;0,59;0,62;0,68;0,59;0,6;0,53;0,54;0,57;0,54;0,59;0,6;0,64;0,53;0,67;0,62;0,55;0,63;0,65;0,66;0,51;0,6;0,63;0,63;0,57;0,6;0,53;0,51;0,61;0,5;0,51;0,65;0,55;0,61;0,66;0,65;0,58;0,62;0,63;0,53;0,56;0,68;0,62;0,54;0,5;0,6;0,69;0,6;0,61;0,64;0,55;0,6;0,58;0,53;0,57;0,55;0,67;0,52;0,55;0,62;0,63;0,52;0,63;6,0;;;;
20/04/2024;0,57;0,68;0,6;0,58;0,55;0,6;0,54;0,66;0,53;0,54;0,55;0,65;0,67;0,63;0,64;0,51;0,57;0,51;0,59;0,62;0,66;0,63;0,58;0,7;0,51;0,67;0,62;0,63;0,68;0,65;0,69;0,52;0,69;0,56;0,59;0,69;0,55;0,54;0,52;0,66;0,68;0,5;0,59;0,55;0,6;0,69;0,54;0,57;0,64;0,55;0,6;0,61;0,62;0,55;0,57;0,56;0,63;0,58;0,55;0,52;0,61;0,66;0,65;0,56;0,62;0,61;0,62;0,57;0,58;0,56;0,57;0,63;0,69;0,61;0,62;0,57;0,67;0,54;0,52;0,62;0,63;0,63;0,51;0,57;0,62;0,53;0,57;0,51;0,6;0,59;0,51;0,61;0,58;0,64;0,62;6,0;;;;
21/04/2024;0,59;0,53;0,63;0,58;0,51;0,59;0,65;0,62;0,7;0,67;0,54;0,6;0,6;0,54;0,7;0,58;0,55;0,58;0,55;0,52;0,59;0,57;0,62;0,56;0,6;0,61;0,59;0,51;0,58;0,67;0,65;0,69;0,7;0,58;0,67;0,54;0,66;0,54;0,54;0,62;0,52;0,55;0,63;0,63;0,63;0,61;0,52;0,7;0,58;0,67;0,68;0,7;0,65;0,6;0,54;0,58;0,54;0,51;0,55;0,6;0,53;0,52;0,61;0,52;0,62;0,69;0,57;0,68;0,61;0,63;0,62;0,58;0,62;0,54;0,69;0,68;0,54;0,6;0,51;0,65;0,67;0,62;0,69;0,54;0,52;0,69;0,63;0,63;0,64;0,66;0,51;0,66;0,64;0,61;0,65;6,0;;;;
22/04/2024;0,63;0,65;0,64;0,65;0,57;0,52;0,6;0,69;0,5;0,63;0,52;0,59;0,68;0,59;0,55;0,52;0,53;0,65;0,62;0,52;0,64;0,56;0,6;0,68;0,62;0,57;0,53;0,59;0,67;0,7;0,64;0,62;0,58;0,63;0,63;0,57;0,62;0,59;0,63;0,64;0,61;0,59;0,56;0,53;0,58;0,56;0,64;0,59;0,7;0,65;0,54;0,53;0,64;0,55;0,54;0,51;0,55;0,59;0,69;0,57;0,6;0,59;0,52;0,56;0,59;0,66;0,55;0,51;0,57;0,62;0,69;0,59;0,52;0,58;0,55;0,58;0,61;0,63;0,6;0,6;0,52;0,69;0,67;0,55;0,6;0,63;0,52;0,59;0,57;0,53;0,51;0,63;0,65;0,67;0,58;6,6;;;;
23/04/2024;0,67;0,6;0,65;0,52;0,56;0,59;0,63;0,5;0,62;0,69;0,54;0,54;0,54;0,58;0,68;0,57;0,66;0,6;0,65;0,64;0,64;0,54;0,66;0,6;0,65;0,63;0,63;0,5;0,62;0,53;0,64;0,69;0,55;0,51;0,54;0,66;0,6;0,64;0,54;0,59;0,61;0,69;0,65;0,69;0,54;0,67;0,69;0,52;0,53;0,53;0,64;0,51;0,68;0,57;0,52;0,58;0,69;0,56;0,69;0,52;0,62;0,59;0,53;0,52;0,53;0,54;0,56;0,67;0,62;0,68;0,68;0,69;0,67;0,63;0,69;0,67;0,59;0,6;0,65;0,67;0,59;0,51;0,52;0,54;0,7;0,54;0,6;0,57;0,52;0,57;0,52;0,51;0,51;0,65;0,55;6,3;;;;
24/04/2024;0,69;0,59;0,52;0,56;0,6;0,65;0,7;0,58;0,53;0,62;0,69;0,59;0,51;0,52;0,63;0,66;0,51;0,66;0,65;0,6;0,58;0,66;0,54;0,67;0,5;0,54;0,68;0,56;0,58;0,67;0,58;0,55;0,57;0,61;0,61;0,57;0,65;0,66;0,53;0,52;0,55;0,52;0,63;0,7;0,63;0,62;0,6;0,69;0,63;0,53;0,61;0,69;0,62;0,53;0,68;0,62;0,62;0,51;0,57;0,52;0,67;0,69;0,55;0,67;0,58;0,57;0,7;0,5;0,6;0,62;0,68;0,62;0,52;0,51;0,56;0,56;0,55;0,61;0,6;0,58;0,56;0,64;0,65;0,59;0,56;0,61;0,6;0,55;0,52;0,62;0,57;0,54;0,69;0,55;0,6;5,4;;;;
25/04/2024;0,69;0,59;0,56;0,65;0,69;0,64;0,5;0,65;0,62;0,6;0,69;0,66;0,63;0,53;0,61;0,7;0,52;0,7;0,54;0,66;0,56;0,55;0,56;0,64;0,53;0,54;0,58;0,68;0,6;0,58;0,69;0,64;0,55;0,53;0,62;0,67;0,56;0,64;0,68;0,51;0,68;0,55;0,68;0,7;0,56;0,58;0,62;0,58;0,64;0,61;0,66;0,53;0,52;0,6;0,55;0,69;0,55;0,51;0,63;0,69;0,57;0,58;0,51;0,64;0,53;0,62;0,6;0,63;0,66;0,59;0,5;0,63;0,68;0,57;0,65;0,66;0,64;0,64;0,7;0,51;0,58;0,63;0,6;0,64;0,69;0,61;0,7;0,61;0,63;0,57;0,68;0,57;0,55;0,69;0,52;6,3;;;;
26/04/2024;0,52;0,5;0,69;0,55;0,59;0,54;0,68;0,56;0,52;0,51;0,57;0,68;0,69;0,67;0,53;0,63;0,69;0,57;0,54;0,68;0,67;0,59;0,67;0,62;0,51;0,66;0,52;0,62;0,68;0,69;0,6;0,58;0,64;0,63;0,56;0,69;0,64;0,6;0,52;0,51;0,7;0,61;0,61;0,63;0,55;0,5;0,64;0,57;0,65;0,56;0,6;0,6;0,5;0,62;0,54;0,6;0,54;0,6;0,69;0,58;0,68;0,57;0,66;0,54;0,7;0,65;0,66;0,65;0,68;0,61;0,55;0,65;0,54;0,67;0,59;0,52;0,65;0,57;0,51;0,6;0,56;0,65;0,61;0,68;0,68;0,62;0,54;0,64;0,53;0,64;0,58;0,55;0,61;0,57;0,6;6,6;;;;
27/04/2024;0,62;0,54;0,63;0,6;0,61;0,57;0,62;0,6;0,69;0,55;0,7;0,62;0,66;0,56;0,62;0,63;0,69;0,57;0,58;0,58;0,54;0,67;0,66;0,56;0,57;0,64;0,56;0,69;0,64;0,53;0,57;0,57;0,6;0,51;0,61;0,57;0,52;0,64;0,5;0,57;0,64;0,61;0,65;0,69;0,57;0,56;0,62;0,55;0,57;0,51;0,57;0,7;0,59;0,59;0,59;0,57;0,6;0,67;0,56;0,69;0,64;0,57;0,54;0,61;0,56;0,51;0,6;0,67;0,53;0,61;0,61;0,67;0,54;0,66;0,53;0,7;0,66;0,5;0,54;0,62;0,6;0,55;0,65;0,54;0,55;0,67;0,66;0,57;0,52;0,52;0,7;0,53;0,66;0,55;0,53;6,0;;;;
28/04/2024;0,64;0,57;0,61;0,7;0,59;0,59;0,53;0,66;0,63;0,54;0,58;0,65;0,54;0,7;0,6;0,69;0,55;0,66;0,58;0,64;0,65;0,67;0,5;0,69;0,62;0,53;0,69;0,7;0,63;0,5;0,54;0,69;0,55;0,58;0,67;0,57;0,62;0,56;0,56;0,65;0,54;0,62;0,66;0,62;0,63;0,57;0,68;0,66;0,58;0,59;0,68;0,65;0,65;0,55;0,57;0,56;0,55;0,64;0,57;0,68;0,54;0,66;0,63;0,57;0,53;0,6;0,53;0,58;0,68;0,55;0,7;0,55;0,53;0,68;0,53;0,67;0,69;0,63;0,69;0,56;0,61;0,65;0,69;0,59;0,52;0,68;0,66;0,69;0,62;0,64;0,58;0,61;0,61;0,58;0,69;6,0;;;;
29/04/2024;0,67;0,59;0,5;0,54;0,54;0,6;0,53;0,67;0,54;0,54;0,67;0,54;0,63;0,53;0,57;0,56;0,54;0,55;0,55;0,65;0,54;0,57;0,59;0,59;0,7;0,58;0,55;0,59;0,67;0,57;0,68;0,5;0,53;0,59;0,66;0,51;0,6;0,67;0,66;0,57;0,59;0,65;0,57;0,52;0,55;0,53;0,58;0,62;0,68;0,57;0,5;0,6;0,66;0,63;0,5;0,55;0,6;0,51;0,62;0,52;0,63;0,66;0,57;0,65;0,58;0,54;0,56;0,6;0,68;0,52;0,62;0,52;0,54;0,52;0,54;0,62;0,64;0,69;0,58;0,51;0,52;0,57;0,65;0,51;0,58;0,66;0,54;0,57;0,54;0,63;0,6;0,64;0,59;0,57;0,5;6,3;;;;
30/04/2024;0,61;0,53;0,54;0,6;0,52;0,65;0,62;0,52;0,58;0,54;0,63;0,61;0,59;0,63;0,62;0,62;0,6;0,68;0,53;0,61;0,58;0,68;0,61;0,61;0,6;0,52;0,59;0,57;0,68;0,58;0,61;0,53;0,54;0,51;0,66;0,55;0,6;0,69;0,63;0,51;0,69;0,6;0,66;0,68;0,67;0,63;0,69;0,67;0,54;0,66;0,52;0,67;0,65;0,66;0,61;0,55;0,62;0,53;0,58;0,52;0,61;0,59;0,59;0,56;0,53;0,6;0,59;0,63;0,68;0,68;0,54;0,51;0,56;0,55;0,69;0,59;0,58;0,59;0,62;0,65;0,6;0,56;0,55;0,61;0,64;0,6;0,52;0,58;0,7;0,53;0,69;0,62;0,51;0,51;0,53;6,0;;;;
01/05/2024;0,55;0,56;0,62;0,59;0,68;0,54;0,56;0,55;0,69;0,66;0,55;0,52;0,57;0,62;0,5;0,51;0,6;0,56;0,64;0,66;0,58;0,66;0,55;0,59;0,63;0,55;0,63;0,6;0,57;0,62;0,67;0,55;0,55;0,51;0,54;0,59;0,65;0,64;0,52;0,52;0,53;0,57;0,59;0,69;0,66;0,63;0,53;0,63;0,55;0,61;0,68;0,62;0,68;0,7;0,65;0,54;0,7;0,53;0,59;0,67;0,67;0,6;0,66;0,66;0,53;0,69;0,63;0,6;0,67;0,52;0,59;0,57;0,62;0,52;0,56;0,62;0,51;0,52;0,55;0,52;0,67;0,59;0,63;0,63;0,55;0,62;0,56;0,68;0,69;0,53;0,55;0,61;0,51;0,56;0,67;6,3;;;;
02/05/2024;0,67;0,57;0,69;0,56;0,56;0,62;0,62;0,56;0,52;0,59;0,58;0,52;0,64;0,65;0,62;0,51;0,56;0,67;0,64;0,58;0,57;0,66;0,56;0,69;0,62;0,67;0,54;0,66;0,56;0,55;0,64;0,57;0,68;0,63;0,61;0,58;0,64;0,68;0,63;0,66;0,51;0,64;0,7;0,65;0,68;0,69;0,54;0,63;0,62;0,67;0,5;0,68;0,57;0,7;0,58;0,58;0,54;0,51;0,63;0,57;0,69;0,57;0,5;0,56;0,5;0,53;0,55;0,57;0,62;0,63;0,54;0,65;0,66;0,69;0,55;0,5;0,63;0,58;0,51;0,65;0,61;0,7;0,64;0,53;0,65;0,63;0,62;0,52;0,51;0,58;0,55;0,62;0,6;0,69;0,63;5,7;;;;
03/05/2024;0,64;0,68;0,65;0,5;0,69;0,53;0,52;0,59;0,62;0,67;0,64;0,58;0,51;0,59;0,61;0,69;0,53;0,52;0,66;0,67;0,53;0,52;0,69;0,67;0,54;0,67;0,54;0,57;0,58;0,62;0,53;0,63;0,53;0,6;0,67;0,61;0,53;0,58;0,55;0,63;0,64;0,55;0,59;0,57;0,52;0,58;0,69;0,51;0,57;0,58;0,69;0,55;0,64;0,58;0,59;0,62;0,63;0,59;0,69;0,6;0,53;0,52;0,65;0,54;0,66;0,51;0,62;0,55;0,69;0,56;0,55;0,69;0,52;0,59;0,5;0,63;0,68;0,67;0,58;0,61;0,5;0,56;0,59;0,67;0,67;0,52;0,54;0,67;0,67;0,67;0,67;0,55;0,6;0,63;0,57;6,0;;;;
04/05/2024;0,55;0,61;0,5;0,51;0,66;0,69;0,66;0,62;0,58;0,56;0,54;0,64;0,64;0,66;0,56;0,56;0,52;0,56;0,52;0,54;0,66;0,68;0,53;0,54;0,66;0,51;0,69;0,53;0,66;0,54;0,59;0,65;0,56;0,66;0,7;0,66;0,52;0,63;0,6;0,54;0,69;0,57;0,68;0,51;0,67;0,69;0,63;0,66;0,56;0,65;0,51;0,56;0,56;0,63;0,62;0,63;0,68;0,56;0,69;0,63;0,55;0,55;0,52;0,53;0,62;0,64;0,52;0,55;0,69;0,59;0,69;0,56;0,53;0,7;0,53;0,53;0,69;0,63;0,51;0,6;0,58;0,53;0,59;0,58;0,56;0,64;0,59;0,6;0,56;0,67;0,68;0,55;0,58;0,51;0,65;9,6;;;;
05/05/2024;0,62;0,62;0,56;0,56;0,54;0,68;0,57;0,5;0,55;0,67;0,53;0,5;0,59;0,62;0,67;0,57;0,64;0,64;0,69;0,67;0,51;0,64;0,53;0,52;0,61;0,68;0,59;0,69;0,56;0,7;0,52;0,63;0,51;0,55;0,67;0,65;0,68;0,6;0,56;0,69;0,53;0,65;0,65;0,55;0,63;0,65;0,56;0,58;0,6;0,61;0,67;0,67;0,59;0,67;0,52;0,64;0,55;0,65;0,68;0,64;0,67;0,64;0,66;0,7;0,69;0,58;0,54;0,6;0,55;0,56;0,57;0,5;0,5;0,69;0,67;0,58;0,69;0,6;0,56;0,57;0,54;0,61;0,56;0,61;0,6;0,51;0,52;0,64;0,62;0,67;0,66;0,61;0,6;0,66;0,5;9,6;;;;
06/05/2024;0,62;0,59;0,67;0,52;0,57;0,69;0,59;0,68;0,61;0,53;0,59;0,69;0,57;0,52;0,55;0,6;0,5;0,56;0,66;0,52;0,69;0,54;0,6;0,63;0,55;0,61;0,51;0,69;0,68;0,65;0,57;0,69;0,6;0,53;0,68;0,66;0,66;0,62;0,6;0,6;0,59;0,65;0,52;0,66;0,55;0,7;0,52;0,62;0,67;0,58;0,56;0,55;0,59;0,59;0,69;0,65;0,64;0,52;0,55;0,56;0,6;0,6;0,51;0,57;0,5;0,64;0,59;0,63;0,65;0,57;0,51;0,64;0,64;0,62;0,53;0,57;0,54;0,52;0,63;0,61;0,61;0,67;0,53;0,69;0,58;0,7;0,65;0,69;0,65;0,65;0,65;0,59;0,64;0,65;0,68;8,4;;;;
07/05/2024;0,54;0,55;0,58;0,5;0,62;0,56;0,58;0,51;0,57;0,67;0,51;0,69;0,59;0,64;0,69;0,5;0,6;0,59;0,69;0,66;0,66;0,57;0,6;0,6;0,5;0,54;0,62;0,6;0,51;0,54;0,68;0,51;0,63;0,65;0,58;0,56;0,5;0,51;0,52;0,67;0,68;0,67;0,59;0,69;0,57;0,62;0,68;0,61;0,56;0,53;0,51;0,66;0,57;0,61;0,54;0,59;0,55;0,55;0,69;0,57;0,68;0,68;0,59;0,7;0,67;0,63;0,69;0,64;0,66;0,54;0,61;0,69;0,61;0,51;0,53;0,57;0,51;0,68;0,64;0,59;0,63;0,69;0,6;0,64;0,55;0,66;0,59;0,64;0,69;0,61;0,68;0,59;0,61;0,55;0,58;9,0;;;;
08/05/2024;0,63;0,67;0,59;0,55;0,62;0,61;0,6;0,66;0,62;0,6;0,67;0,52;0,65;0,63;0,67;0,52;0,67;0,64;0,69;0,64;0,56;0,52;0,54;0,68;0,56;0,5;0,6;0,67;0,58;0,52;0,54;0,52;0,66;0,5;0,55;0,61;0,68;0,64;0,65;0,56;0,5;0,53;0,64;0,57;0,67;0,68;0,52;0,63;0,54;0,67;0,51;0,57;0,57;0,63;0,67;0,64;0,57;0,64;0,53;0,6;0,56;0,57;0,56;0,67;0,61;0,58;0,58;0,56;0,63;0,63;0,63;0,59;0,57;0,55;0,61;0,59;0,62;0,63;0,68;0,64;0,6;0,52;0,54;0,58;0,54;0,63;0,51;0,53;0,61;0,55;0,61;0,6;0,61;0,62;0,64;9,9;;;;
09/05/2024;0,51;0,61;0,62;0,58;0,55;0,55;0,5;0,6;0,62;0,63;0,55;0,63;0,62;0,63;0,57;0,65;0,67;0,58;0,57;0,69;0,51;0,52;0,68;0,53;0,53;0,64;0,56;0,58;0,59;0,57;0,56;0,55;0,53;0,54;0,53;0,67;0,51;0,57;0,51;0,69;0,69;0,66;0,7;0,55;0,5;0,69;0,59;0,56;0,52;0,63;0,68;0,53;0,55;0,54;0,68;0,63;0,6;0,59;0,63;0,51;0,57;0,65;0,53;0,58;0,6;0,6;0,68;0,65;0,66;0,65;0,63;0,69;0,55;0,54;0,66;0,65;0,67;0,66;0,61;0,58;0,52;0,58;0,59;0,51;0,59;0,63;0,69;0,54;0,57;0,53;0,69;0,5;0,59;0,66;0,53;9,6;;;;
10/05/2024;0,64;0,62;0,65;0,59;0,58;0,68;0,53;0,6;0,5;0,7;0,57;0,55;0,68;0,61;0,53;0,7;0,67;0,64;0,64;0,56;0,54;0,51;0,6;0,54;0,62;0,58;0,69;0,55;0,63;0,6;0,62;0,67;0,59;0,55;0,58;0,69;0,61;0,69;0,57;0,54;0,53;0,6;0,55;0,55;0,52;0,6;0,57;0,54;0,67;0,7;0,69;0,66;0,65;0,65;0,67;0,53;0,56;0,67;0,62;0,51;0,5;0,53;0,6;0,53;0,55;0,5;0,63;0,53;0,52;0,55;0,54;0,53;0,59;0,6;0,51;0,63;0,67;0,69;0,54;0,52;0,65;0,65;0,52;0,64;0,56;0,62;0,63;0,65;0,68;0,64;0,6;0,62;0,64;0,58;0,59;9,3;;;;
11/05/2024;0,5;0,68;0,67;0,51;0,7;0,63;0,57;0,58;0,6;0,54;0,51;0,5;0,61;0,69;0,59;0,63;0,6;0,65;0,57;0,53;0,65;0,5;0,65;0,57;0,54;0,5;0,69;0,59;0,51;0,51;0,66;0,63;0,63;0,63;0,63;0,58;0,56;0,54;0,55;0,66;0,54;0,62;0,69;0,69;0,53;0,67;0,61;0,59;0,65;0,54;0,66;0,68;0,61;0,62;0,61;0,55;0,55;0,67;0,53;0,52;0,6;0,5;0,65;0,7;0,62;0,62;0,57;0,64;0,58;0,56;0,54;0,68;0,51;0,66;0,58;0,61;0,67;0,6;0,58;0,59;0,5;0,53;0,6;0,7;0,67;0,56;0,6;0,64;0,63;0,68;0,58;0,57;0,52;0,55;0,5;9,3;;;;
12/05/2024;0,57;0,64;0,54;0,63;0,69;0,7;0,57;0,69;0,5;0,59;0,66;0,65;0,59;0,65;0,61;0,54;0,59;0,65;0,57;0,51;0,56;0,5;0,65;0,68;0,53;0,6;0,57;0,59;0,56;0,51;0,59;0,64;0,5;0,52;0,51;0,69;0,68;0,58;0,56;0,57;0,68;0,68;0,53;0,54;0,54;0,62;0,55;0,6;0,67;0,53;0,62;0,61;0,61;0,61;0,52;0,64;0,62;0,56;0,52;0,54;0,63;0,68;0,58;0,62;0,54;0,69;0,68;0,64;0,62;0,57;0,52;0,56;0,65;0,52;0,67;0,69;0,59;0,66;0,69;0,53;0,58;0,67;0,52;0,59;0,63;0,57;0,57;0,63;0,52;0,58;0,58;0,61;0,64;0,62;0,55;9,6;;;;
13/05/2024;0,62;0,58;0,53;0,7;0,51;0,58;0,63;0,63;0,56;0,68;0,61;0,57;0,59;0,65;0,56;0,66;0,56;0,6;0,67;0,7;0,51;0,58;0,69;0,64;0,52;0,65;0,54;0,54;0,62;0,62;0,57;0,62;0,63;0,6;0,61;0,59;0,52;0,63;0,63;0,62;0,51;0,6;0,53;0,5;0,64;0,58;0,5;0,62;0,7;0,69;0,51;0,64;0,56;0,66;0,66;0,51;0,56;0,6;0,67;0,57;0,59;0,68;0,52;0,59;0,65;0,57;0,69;0,56;0,52;0,68;0,64;0,58;0,52;0,53;0,65;0,51;0,63;0,64;0,51;0,52;0,66;0,5;0,67;0,56;0,65;0,61;0,58;0,56;0,69;0,51;0,69;0,59;0,52;0,54;0,68;10,2;;;;
14/05/2024;0,51;0,59;0,67;0,59;0,58;0,61;0,66;0,55;0,64;0,57;0,62;0,65;0,68;0,66;0,53;0,54;0,6;0,52;0,61;0,54;0,51;0,56;0,54;0,62;0,58;0,55;0,54;0,63;0,59;0,63;0,56;0,66;0,68;0,56;0,53;0,52;0,69;0,66;0,62;0,57;0,58;0,61;0,54;0,54;0,62;0,68;0,57;0,61;0,67;0,67;0,65;0,59;0,54;0,63;0,58;0,7;0,69;0,56;0,67;0,66;0,55;0,59;0,51;0,63;0,66;0,68;0,62;0,69;0,6;0,61;0,64;0,54;0,52;0,55;0,65;0,56;0,57;0,55;0,6;0,65;0,6;0,69;0,6;0,58;0,63;0,67;0,53;0,62;0,54;0,56;0,67;0,56;0,5;0,55;0,54;9,9;;;;
15/05/2024;0,54;0,62;0,53;0,52;0,61;0,69;0,53;0,59;0,67;0,64;0,61;0,5;0,57;0,7;0,7;0,54;0,64;0,66;0,56;0,56;0,62;0,5;0,7;0,6;0,63;0,53;0,65;0,58;0,61;0,53;0,65;0,67;0,59;0,68;0,62;0,57;0,51;0,61;0,67;0,58;0,59;0,54;0,56;0,64;0,56;0,64;0,58;0,69;0,64;0,65;0,65;0,53;0,53;0,6;0,7;0,62;0,63;0,6;0,64;0,59;0,67;0,52;0,65;0,57;0,67;0,65;0,64;0,57;0,51;0,51;0,54;0,53;0,66;0,65;0,58;0,69;0,61;0,57;0,52;0,66;0,56;0,66;0,57;0,69;0,54;0,67;0,59;0,67;0,58;0,5;0,62;0,59;0,56;0,52;0,56;10,2;;;;
16/05/2024;0,62;0,6;0,67;0,51;0,57;0,6;0,7;0,65;0,53;0,57;0,6;0,53;0,65;0,57;0,62;0,64;0,61;0,6;0,61;0,51;0,5;0,69;0,69;0,52;0,54;0,54;0,51;0,61;0,58;0,63;0,61;0,51;0,58;0,59;0,53;0,59;0,59;0,6;0,56;0,69;0,6;0,52;0,51;0,64;0,61;0,61;0,51;0,59;0,67;0,66;0,62;0,54;0,62;0,57;0,68;0,51;0,68;0,55;0,67;0,51;0,58;0,52;0,5;0,63;0,66;0,65;0,6;0,53;0,51;0,55;0,68;0,61;0,63;0,67;0,62;0,55;0,7;0,57;0,54;0,63;0,56;0,52;0,59;0,56;0,67;0,64;0,66;0,5;0,68;0,52;0,58;0,65;0,5;0,51;0,64;10,2;;;;
17/05/2024;0,61;0,5;0,55;0,52;0,64;0,52;0,69;0,62;0,6;0,53;0,65;0,59;0,68;0,63;0,54;0,53;0,6;0,66;0,67;0,58;0,66;0,52;0,5;0,69;0,6;0,59;0,55;0,64;0,61;0,64;0,62;0,64;0,69;0,54;0,58;0,6;0,53;0,59;0,53;0,57;0,52;0,64;0,54;0,64;0,5;0,52;0,62;0,62;0,6;0,54;0,52;0,58;0,58;0,51;0,65;0,57;0,55;0,54;0,51;0,64;0,53;0,67;0,6;0,56;0,53;0,59;0,53;0,64;0,56;0,67;0,54;0,54;0,61;0,63;0,62;0,63;0,61;0,6;0,64;0,55;0,59;0,5;0,57;0,51;0,64;0,64;0,53;0,57;0,63;0,67;0,53;0,62;0,58;0,57;0,62;9,6;;;;
18/05/2024;0,66;0,68;0,61;0,57;0,56;0,66;0,69;0,66;0,67;0,57;0,64;0,63;0,61;0,67;0,66;0,69;0,61;0,61;0,51;0,65;0,67;0,65;0,67;0,6;0,7;0,5;0,67;0,54;0,52;0,63;0,58;0,64;0,63;0,54;0,54;0,7;0,64;0,5;0,6;0,65;0,55;0,64;0,55;0,58;0,51;0,64;0,58;0,53;0,6;0,63;0,5;0,64;0,58;0,61;0,66;0,64;0,69;0,56;0,52;0,69;0,67;0,53;0,68;0,63;0,57;0,63;0,55;0,64;0,58;0,58;0,65;0,62;0,69;0,66;0,62;0,51;0,6;0,55;0,66;0,69;0,67;0,59;0,51;0,55;0,59;0,52;0,7;0,58;0,64;0,55;0,62;0,54;0,5;0,59;0,67;8,4;;;;
19/05/2024;0,55;0,6;0,61;0,66;0,66;0,54;0,55;0,51;0,6;0,66;0,6;0,66;0,65;0,52;0,56;0,67;0,67;0,55;0,54;0,57;0,6;0,51;0,56;0,53;0,66;0,63;0,51;0,63;0,6;0,63;0,67;0,53;0,54;0,52;0,66;0,67;0,53;0,61;0,69;0,56;0,55;0,61;0,6;0,58;0,53;0,61;0,64;0,59;0,61;0,6;0,55;0,56;0,54;0,61;0,62;0,58;0,6;0,67;0,59;0,52;0,6;0,63;0,62;0,61;0,6;0,59;0,68;0,51;0,65;0,56;0,5;0,62;0,55;0,66;0,54;0,69;0,51;0,67;0,52;0,57;0,68;0,54;0,51;0,66;0,66;0,6;0,53;0,69;0,68;0,5;0,65;0,62;0,58;0,56;0,58;9,6;;;;
20/05/2024;0,56;0,54;0,56;0,64;0,62;0,61;0,66;0,64;0,67;0,52;0,6;0,53;0,52;0,66;0,55;0,53;0,63;0,6;0,52;0,51;0,52;0,63;0,52;0,54;0,54;0,55;0,65;0,61;0,58;0,6;0,54;0,53;0,64;0,57;0,62;0,51;0,64;0,61;0,51;0,67;0,53;0,5;0,51;0,51;0,6;0,58;0,7;0,64;0,7;0,55;0,65;0,66;0,59;0,67;0,64;0,54;0,5;0,58;0,68;0,54;0,61;0,59;0,58;0,59;0,63;0,54;0,65;0,7;0,55;0,63;0,64;0,58;0,68;0,52;0,62;0,65;0,65;0,7;0,52;0,61;0,54;0,6;0,66;0,69;0,63;0,57;0,68;0,65;0,62;0,54;0,63;0,65;0,58;0,61;0,58;8,7;;;;
21/05/2024;0,64;0,52;0,62;0,62;0,62;0,61;0,54;0,56;0,6;0,62;0,55;0,5;0,5;0,7;0,6;0,66;0,6;0,61;0,61;0,64;0,5;0,7;0,61;0,66;0,54;0,54;0,65;0,54;0,64;0,52;0,57;0,53;0,53;0,51;0,68;0,59;0,55;0,69;0,5;0,52;0,6;0,6;0,7;0,69;0,6;0,51;0,56;0,57;0,68;0,54;0,66;0,61;0,52;0,59;0,61;0,63;0,67;0,59;0,64;0,66;0,56;0,51;0,68;0,7;0,66;0,58;0,51;0,68;0,57;0,62;0,5;0,51;0,63;0,54;0,69;0,66;0,54;0,57;0,53;0,6;0,56;0,65;0,55;0,54;0,61;0,53;0,65;0,52;0,53;0,65;0,64;0,64;0,69;0,63;0,52;9,0;;;;
22/05/2024;0,61;0,69;0,52;0,53;0,63;0,67;0,59;0,5;0,58;0,57;0,52;0,67;0,62;0,54;0,53;0,64;0,63;0,63;0,52;0,56;0,6;0,62;0,65;0,66;0,65;0,57;0,61;0,61;0,56;0,57;0,66;0,66;0,62;0,55;0,51;0,59;0,59;0,56;0,62;0,58;0,65;0,63;0,56;0,5;0,51;0,64;0,6;0,54;0,7;0,52;0,69;0,62;0,67;0,65;0,52;0,51;0,51;0,56;0,55;0,54;0,65;0,68;0,69;0,66;0,55;0,65;0,5;0,69;0,58;0,64;0,66;0,54;0,64;0,61;0,53;0,59;0,65;0,67;0,63;0,62;0,53;0,6;0,56;0,61;0,58;0,55;0,62;0,68;0,53;0,67;0,58;0,68;0,53;0,57;0,57;9,0;;;;
23/05/2024;0,55;0,54;0,64;0,61;0,5;0,57;0,68;0,63;0,56;0,54;0,68;0,65;0,66;0,57;0,55;0,62;0,57;0,62;0,51;0,64;0,61;0,53;0,52;0,6;0,56;0,6;0,69;0,57;0,55;0,51;0,65;0,56;0,64;0,59;0,56;0,69;0,56;0,53;0,54;0,56;0,59;0,69;0,63;0,7;0,65;0,67;0,58;0,53;0,64;0,63;0,5;0,68;0,69;0,7;0,61;0,65;0,64;0,57;0,69;0,68;0,69;0,63;0,5;0,67;0,58;0,63;0,58;0,56;0,59;0,62;0,59;0,51;0,51;0,53;0,65;0,59;0,6;0,63;0,7;0,52;0,62;0,63;0,5;0,7;0,57;0,67;0,58;0,66;0,68;0,6;0,56;0,69;0,58;0,55;0,57;8,4;;;;
24/05/2024;0,52;0,52;0,64;0,53;0,55;0,67;0,62;0,66;0,68;0,54;0,57;0,61;0,61;0,57;0,69;0,57;0,69;0,56;0,62;0,64;0,64;0,56;0,6;0,7;0,62;0,56;0,52;0,59;0,7;0,66;0,68;0,63;0,68;0,51;0,55;0,58;0,6;0,57;0,64;0,63;0,62;0,65;0,55;0,56;0,65;0,6;0,65;0,63;0,54;0,55;0,62;0,67;0,68;0,57;0,67;0,55;0,51;0,62;0,65;0,66;0,51;0,55;0,66;0,58;0,69;0,55;0,53;0,5;0,67;0,62;0,56;0,52;0,6;0,63;0,5;0,7;0,56;0,52;0,53;0,53;0,58;0,58;0,61;0,63;0,67;0,61;0,63;0,59;0,59;0,53;0,64;0,62;0,57;0,65;0,61;7,8;;;;
25/05/2024;0,63;0,54;0,52;0,65;0,68;0,57;0,54;0,64;0,69;0,62;0,57;0,57;0,69;0,53;0,62;0,53;0,59;0,56;0,58;0,68;0,63;0,58;0,53;0,64;0,62;0,7;0,58;0,6;0,58;0,68;0,6;0,55;0,58;0,53;0,57;0,55;0,61;0,66;0,52;0,63;0,55;0,65;0,5;0,57;0,69;0,56;0,55;0,59;0,6;0,52;0,51;0,51;0,55;0,56;0,5;0,61;0,66;0,6;0,61;0,61;0,68;0,55;0,65;0,57;0,57;0,67;0,67;0,69;0,56;0,68;0,57;0,66;0,51;0,65;0,68;0,5;0,64;0,6;0,55;0,58;0,65;0,68;0,62;0,6;0,69;0,64;0,52;0,56;0,68;0,66;0,63;0,55;0,56;0,62;0,56;5,4;;;;
26/05/2024;0,54;0,58;0,58;0,55;0,67;0,53;0,56;0,67;0,62;0,54;0,58;0,6;0,55;0,67;0,57;0,52;0,56;0,52;0,63;0,64;0,55;0,52;0,63;0,68;0,64;0,61;0,53;0,57;0,59;0,61;0,69;0,67;0,53;0,66;0,68;0,68;0,55;0,66;0,69;0,55;0,68;0,54;0,57;0,55;0,68;0,55;0,57;0,58;0,57;0,51;0,53;0,5;0,51;0,6;0,58;0,55;0,56;0,61;0,65;0,5;0,55;0,57;0,55;0,5;0,6;0,67;0,51;0,67;0,51;0,7;0,61;0,63;0,65;0,61;0,69;0,59;0,66;0,64;0,51;0,58;0,53;0,68;0,64;0,6;0,58;0,6;0,69;0,62;0,55;0,55;0,65;0,69;0,54;0,59;0,52;5,1;;;;
27/05/2024;0,65;0,55;0,66;0,65;0,68;0,62;0,65;0,68;0,69;0,53;0,63;0,6;0,53;0,67;0,64;0,6;0,69;0,61;0,63;0,68;0,59;0,58;0,5;0,57;0,68;0,6;0,61;0,5;0,6;0,6;0,64;0,64;0,5;0,68;0,59;0,54;0,52;0,54;0,7;0,55;0,66;0,69;0,61;0,64;0,52;0,55;0,68;0,54;0,63;0,64;0,53;0,55;0,55;0,68;0,62;0,55;0,57;0,52;0,57;0,62;0,68;0,69;0,57;0,6;0,62;0,56;0,57;0,5;0,52;0,64;0,54;0,59;0,53;0,64;0,54;0,7;0,58;0,6;0,64;0,59;0,62;0,65;0,69;0,56;0,51;0,58;0,5;0,59;0,63;0,61;0,63;0,55;0,59;0,54;0,68;5,7;;;;
28/05/2024;0,52;0,64;0,64;0,51;0,52;0,52;0,56;0,61;0,58;0,55;0,7;0,65;0,53;0,61;0,57;0,59;0,53;0,67;0,53;0,63;0,55;0,63;0,52;0,68;0,68;0,69;0,59;0,54;0,6;0,56;0,64;0,59;0,63;0,52;0,66;0,54;0,62;0,6;0,62;0,53;0,52;0,66;0,68;0,57;0,55;0,63;0,6;0,51;0,53;0,59;0,5;0,69;0,66;0,66;0,6;0,68;0,56;0,66;0,67;0,54;0,64;0,57;0,61;0,62;0,55;0,58;0,56;0,65;0,64;0,54;0,64;0,63;0,59;0,54;0,52;0,68;0,55;0,62;0,61;0,62;0,64;0,61;0,6;0,55;0,69;0,54;0,6;0,59;0,7;0,68;0,56;0,53;0,56;0,6;0,67;5,399;;;;
29/05/2024;0,56;0,65;0,65;0,54;0,68;0,55;0,52;0,66;0,67;0,64;0,52;0,63;0,52;0,59;0,59;0,69;0,66;0,62;0,51;0,55;0,55;0,62;0,59;0,58;0,61;0,68;0,59;0,57;0,56;0,62;0,61;0,56;0,52;0,65;0,66;0,51;0,56;0,52;0,55;0,68;0,62;0,61;0,52;0,57;0,6;0,62;0,69;0,59;0,66;0,55;0,58;0,69;0,53;0,62;0,54;0,61;0,62;0,67;0,65;0,67;0,59;0,54;0,62;0,54;0,68;0,51;0,59;0,51;0,59;0,64;0,66;0,62;0,57;0,55;0,6;0,52;0,52;0,56;0,53;0,64;0,66;0,55;0,51;0,56;0,52;0,64;0,62;0,53;0,63;0,5;0,68;0,64;0,54;0,61;0,7;6,0;;;;
30/05/2024;0,68;0,67;0,55;0,67;0,58;0,58;0,65;0,58;0,64;0,57;0,69;0,69;0,5;0,66;0,56;0,55;0,65;0,52;0,68;0,61;0,52;0,62;0,57;0,63;0,61;0,51;0,53;0,64;0,57;0,61;0,68;0,6;0,64;0,53;0,65;0,65;0,58;0,51;0,65;0,54;0,62;0,55;0,69;0,57;0,62;0,56;0,55;0,58;0,62;0,66;0,65;0,57;0,59;0,55;0,54;0,54;0,6;0,67;0,64;0,5;0,62;0,61;0,62;0,7;0,68;0,63;0,6;0,64;0,51;0,52;0,62;0,56;0,61;0,6;0,69;0,61;0,53;0,53;0,68;0,65;0,63;0,63;0,64;0,57;0,67;0,59;0,6;0,58;0,52;0,57;0,63;0,62;0,68;0,65;0,52;5,1;;;;
31/05/2024;0,58;0,65;0,58;0,55;0,56;0,58;0,65;0,66;0,6;0,63;0,61;0,53;0,53;0,51;0,52;0,6;0,62;0,6;0,54;0,58;0,65;0,62;0,67;0,54;0,7;0,6;0,53;0,58;0,69;0,54;0,69;0,53;0,61;0,56;0,59;0,67;0,64;0,6;0,62;0,63;0,58;0,58;0,63;0,54;0,63;0,61;0,51;0,59;0,63;0,63;0,53;0,6;0,65;0,63;0,68;0,64;0,62;0,53;0,65;0,54;0,54;0,53;0,66;0,69;0,67;0,62;0,63;0,68;0,51;0,65;0,65;0,56;0,55;0,64;0,51;0,62;0,66;0,7;0,5;0,6;0,67;0,54;0,51;0,55;0,52;0,64;0,62;0,63;0,6;0,51;0,68;0,57;0,57;0,53;0,58;5,7;;;;
01/06/2024;0,64;0,59;0,64;0,6;0,68;0,63;0,65;0,63;0,56;0,54;0,56;0,65;0,61;0,51;0,7;0,55;0,7;0,54;0,7;0,54;0,64;0,66;0,54;0,6;0,55;0,65;0,68;0,5;0,58;0,64;0,54;0,66;0,55;0,5;0,63;0,56;0,66;0,69;0,63;0,68;0,68;0,66;0,63;0,58;0,67;0,66;0,59;0,63;0,51;0,55;0,69;0,51;0,56;0,6;0,58;0,69;0,59;0,63;0,65;0,56;0,54;0,58;0,52;0,69;0,53;0,66;0,56;0,64;0,56;0,68;0,57;0,67;0,62;0,51;0,56;0,58;0,67;0,5;0,52;0,7;0,68;0,68;0,57;0,54;0,61;0,55;0,5;0,7;0,68;0,67;0,54;0,54;0,52;0,56;0,59;5,101;;;;
02/06/2024;0,61;0,7;0,56;0,55;0,58;0,61;0,65;0,59;0,69;0,63;0,52;0,54;0,62;0,67;0,5;0,6;0,63;0,69;0,61;0,55;0,67;0,67;0,56;0,55;0,51;0,59;0,66;0,69;0,59;0,61;0,7;0,68;0,56;0,69;0,68;0,66;0,68;0,55;0,62;0,55;0,59;0,6;0,69;0,57;0,62;0,56;0,7;0,54;0,6;0,54;0,52;0,55;0,66;0,68;0,52;0,53;0,65;0,69;0,68;0,52;0,6;0,61;0,63;0,68;0,6;0,51;0,53;0,51;0,6;0,51;0,69;0,68;0,53;0,63;0,64;0,59;0,53;0,52;0,67;0,54;0,53;0,57;0,54;0,6;0,51;0,69;0,58;0,62;0,65;0,56;0,67;0,58;0,54;0,61;0,69;5,4;;;;
03/06/2024;0,65;0,56;0,7;0,58;0,68;0,7;0,7;0,66;0,69;0,63;0,52;0,5;0,6;0,69;0,69;0,64;0,5;0,57;0,67;0,63;0,58;0,59;0,67;0,63;0,62;0,63;0,69;0,53;0,61;0,52;0,6;0,62;0,61;0,59;0,51;0,65;0,67;0,6;0,64;0,56;0,7;0,54;0,51;0,58;0,56;0,61;0,64;0,51;0,53;0,56;0,52;0,61;0,55;0,58;0,69;0,6;0,64;0,55;0,57;0,53;0,53;0,51;0,5;0,57;0,58;0,62;0,58;0,63;0,61;0,51;0,58;0,55;0,6;0,53;0,68;0,5;0,69;0,61;0,62;0,58;0,68;0,55;0,52;0,58;0,61;0,58;0,68;0,53;0,63;0,7;0,56;0,55;0,55;0,64;0,65;5,1;;;;
04/06/2024;0,56;0,57;0,68;0,68;0,66;0,59;0,67;0,65;0,61;0,64;0,67;0,59;0,59;0,64;0,6;0,7;0,69;0,52;0,5;0,59;0,64;0,63;0,58;0,6;0,6;0,58;0,58;0,59;0,64;0,67;0,58;0,59;0,56;0,6;0,55;0,57;0,51;0,67;0,64;0,68;0,62;0,57;0,58;0,59;0,63;0,62;0,59;0,57;0,62;0,63;0,65;0,59;0,53;0,51;0,5;0,66;0,51;0,56;0,55;0,66;0,65;0,65;0,54;0,52;0,5;0,53;0,68;0,7;0,64;0,69;0,69;0,56;0,51;0,6;0,65;0,5;0,64;0,65;0,53;0,66;0,54;0,62;0,56;0,63;0,59;0,55;0,64;0,63;0,56;0,68;0,7;0,63;0,61;0,54;0,66;5,1;;;;
05/06/2024;0,62;0,67;0,62;0,6;0,68;0,64;0,61;0,68;0,55;0,64;0,57;0,63;0,63;0,55;0,58;0,58;0,57;0,53;0,66;0,64;0,51;0,53;0,59;0,62;0,62;0,69;0,58;0,61;0,56;0,57;0,59;0,55;0,52;0,54;0,61;0,58;0,53;0,58;0,61;0,53;0,61;0,6;0,63;0,56;0,6;0,65;0,62;0,7;0,51;0,64;0,7;0,58;0,54;0,51;0,65;0,66;0,56;0,66;0,7;0,65;0,57;0,68;0,7;0,68;0,6;0,65;0,61;0,67;0,53;0,69;0,52;0,63;0,52;0,55;0,64;0,64;0,58;0,66;0,6;0,61;0,59;0,54;0,67;0,51;0,5;0,57;0,62;0,58;0,51;0,59;0,57;0,67;0,68;0,5;0,57;5,7;;;;
06/06/2024;0,52;0,7;0,63;0,61;0,57;0,51;0,52;0,69;0,65;0,67;0,54;0,63;0,59;0,62;0,63;0,58;0,65;0,68;0,67;0,63;0,62;0,58;0,55;0,57;0,52;0,7;0,64;0,68;0,68;0,58;0,63;0,55;0,61;0,6;0,57;0,53;0,51;0,52;0,56;0,62;0,69;0,55;0,64;0,66;0,52;0,59;0,57;0,66;0,55;0,63;0,62;0,56;0,58;0,56;0,58;0,52;0,53;0,59;0,7;0,66;0,6;0,68;0,66;0,53;0,67;0,62;0,52;0,67;0,62;0,57;0,66;0,66;0,61;0,65;0,56;0,68;0,65;0,51;0,53;0,6;0,57;0,64;0,66;0,59;0,58;0,69;0,66;0,52;0,63;0,61;0,66;0,64;0,65;0,56;0,57;5,7;;;;
07/06/2024;0,61;0,5;0,56;0,53;0,63;0,65;0,54;0,55;0,5;0,66;0,53;0,53;0,61;0,63;0,61;0,69;0,54;0,53;0,68;0,6;0,52;0,66;0,57;0,51;0,56;0,54;0,61;0,65;0,69;0,55;0,54;0,58;0,64;0,61;0,51;0,54;0,51;0,57;0,67;0,57;0,56;0,59;0,55;0,65;0,51;0,67;0,61;0,55;0,56;0,63;0,63;0,63;0,56;0,67;0,62;0,68;0,52;0,55;0,57;0,54;0,66;0,66;0,55;0,55;0,57;0,65;0,64;0,51;0,57;0,51;0,67;0,6;0,64;0,52;0,61;0,68;0,56;0,6;0,67;0,62;0,67;0,62;0,57;0,5;0,53;0,66;0,59;0,59;0,67;0,61;0,53;0,64;0,51;0,63;0,52;5,1;;;;
08/06/2024;0,63;0,58;0,52;0,65;0,62;0,51;0,7;0,52;0,56;0,55;0,62;0,59;0,51;0,5;0,57;0,61;0,62;0,64;0,51;0,6;0,51;0,6;0,6;0,52;0,55;0,59;0,55;0,63;0,54;0,52;0,55;0,55;0,54;0,57;0,64;0,61;0,67;0,63;0,67;0,64;0,62;0,66;0,51;0,67;0,57;0,61;0,57;0,65;0,57;0,67;0,6;0,6;0,56;0,59;0,57;0,62;0,61;0,7;0,69;0,66;0,52;0,52;0,65;0,63;0,67;0,62;0,57;0,63;0,54;0,6;0,62;0,64;0,67;0,61;0,58;0,5;0,5;0,52;0,58;0,51;0,54;0,51;0,66;0,67;0,63;0,63;0,53;0,69;0,59;0,52;0,59;0,67;0,55;0,63;0,65;5,4;;;;
09/06/2024;0,6;0,55;0,51;0,68;0,63;0,52;0,59;0,57;0,59;0,68;0,56;0,59;0,51;0,52;0,5;0,59;0,6;0,57;0,57;0,52;0,53;0,57;0,58;0,62;0,54;0,56;0,62;0,55;0,66;0,51;0,69;0,5;0,66;0,63;0,52;0,65;0,6;0,69;0,55;0,56;0,61;0,7;0,54;0,67;0,68;0,62;0,5;0,7;0,67;0,59;0,55;0,55;0,67;0,67;0,61;0,57;0,65;0,65;0,69;0,57;0,51;0,57;0,54;0,7;0,52;0,55;0,52;0,52;0,53;0,61;0,64;0,67;0,64;0,62;0,65;0,62;0,66;0,55;0,54;0,67;0,68;0,5;0,68;0,65;0,5;0,55;0,52;0,7;0,53;0,61;0,51;0,69;0,68;0,69;0,59;6,3;;;;
10/06/2024;0,54;0,55;0,62;0,61;0,55;0,58;0,62;0,68;0,66;0,69;0,52;0,57;0,6;0,6;0,59;0,54;0,53;0,68;0,58;0,63;0,67;0,59;0,63;0,53;0,53;0,63;0,59;0,51;0,64;0,68;0,54;0,63;0,59;0,54;0,54;0,52;0,66;0,59;0,57;0,55;0,64;0,54;0,61;0,51;0,56;0,6;0,58;0,62;0,66;0,69;0,63;0,59;0,56;0,62;0,62;0,58;0,52;0,68;0,58;0,63;0,69;0,65;0,53;0,6;0,6;0,65;0,62;0,62;0,5;0,6;0,59;0,56;0,53;0,53;0,65;0,64;0,6;0,58;0,68;0,58;0,7;0,52;0,57;0,56;0,57;0,58;0,61;0,67;0,6;0,59;0,59;0,52;0,58;0,63;0,66;6,3;;;;
11/06/2024;0,59;0,64;0,5;0,66;0,67;0,5;0,58;0,53;0,51;0,52;0,63;0,64;0,66;0,66;0,51;0,64;0,51;0,6;0,54;0,62;0,6;0,56;0,64;0,6;0,56;0,61;0,69;0,68;0,51;0,58;0,52;0,56;0,55;0,62;0,6;0,69;0,69;0,63;0,64;0,59;0,56;0,61;0,64;0,57;0,62;0,64;0,54;0,51;0,55;0,68;0,64;0,65;0,66;0,69;0,51;0,57;0,6;0,52;0,69;0,67;0,54;0,68;0,67;0,69;0,53;0,62;0,56;0,67;0,57;0,64;0,66;0,6;0,55;0,53;0,68;0,64;0,5;0,55;0,57;0,5;0,58;0,68;0,57;0,58;0,53;0,69;0,6;0,65;0,51;0,52;0,67;0,64;0,54;0,68;0,69;5,4;;;;
12/06/2024;0,65;0,67;0,6;0,64;0,66;0,6;0,5;0,65;0,65;0,66;0,61;0,65;0,65;0,7;0,51;0,51;0,63;0,7;0,67;0,54;0,51;0,69;0,64;0,54;0,65;0,6;0,65;0,64;0,55;0,68;0,53;0,6;0,66;0,64;0,58;0,68;0,68;0,64;0,57;0,65;0,6;0,51;0,59;0,59;0,63;0,61;0,6;0,65;0,63;0,66;0,53;0,64;0,62;0,62;0,69;0,53;0,57;0,69;0,58;0,63;0,6;0,59;0,68;0,59;0,55;0,67;0,7;0,57;0,55;0,62;0,53;0,53;0,55;0,68;0,58;0,68;0,68;0,63;0,52;0,56;0,69;0,61;0,66;0,69;0,54;0,61;0,69;0,56;0,66;0,5;0,57;0,7;0,57;0,69;0,64;6,301;;;;
13/06/2024;0,65;0,66;0,5;0,62;0,62;0,52;0,59;0,68;0,56;0,66;0,52;0,51;0,51;0,63;0,53;0,54;0,66;0,55;0,66;0,59;0,62;0,56;0,53;0,51;0,62;0,61;0,51;0,63;0,69;0,66;0,64;0,61;0,61;0,69;0,53;0,63;0,65;0,67;0,54;0,57;0,6;0,59;0,7;0,67;0,65;0,61;0,6;0,63;0,66;0,54;0,63;0,56;0,66;0,55;0,52;0,51;0,67;0,52;0,7;0,59;0,54;0,67;0,66;0,59;0,55;0,63;0,69;0,51;0,7;0,62;0,62;0,63;0,5;0,5;0,65;0,69;0,57;0,58;0,64;0,51;0,59;0,64;0,65;0,66;0,59;0,57;0,51;0,68;0,58;0,58;0,69;0,65;0,52;0,58;0,63;12,6;;;;
14/06/2024;0,62;0,69;0,63;0,59;0,67;0,6;0,69;0,59;0,57;0,55;0,53;0,57;0,59;0,5;0,54;0,57;0,55;0,65;0,58;0,59;0,62;0,51;0,69;0,54;0,64;0,67;0,62;0,51;0,61;0,55;0,56;0,7;0,66;0,53;0,68;0,59;0,68;0,57;0,54;0,61;0,68;0,59;0,54;0,61;0,52;0,5;0,69;0,69;0,64;0,52;0,65;0,6;0,57;0,59;0,66;0,53;0,51;0,58;0,52;0,65;0,64;0,51;0,5;0,69;0,52;0,55;0,6;0,66;0,69;0,66;0,57;0,62;0,61;0,58;0,51;0,56;0,66;0,51;0,6;0,62;0,65;0,51;0,52;0,68;0,6;0,6;0,69;0,59;0,61;0,64;0,55;0,64;0,7;0,61;0,58;9,6;;;;
15/06/2024;0,61;0,53;0,55;0,68;0,51;0,51;0,55;0,66;0,54;0,58;0,67;0,64;0,61;0,68;0,65;0,63;0,56;0,7;0,52;0,58;0,65;0,6;0,64;0,6;0,64;0,52;0,67;0,61;0,66;0,52;0,68;0,6;0,59;0,58;0,54;0,61;0,5;0,58;0,54;0,67;0,68;0,6;0,57;0,64;0,57;0,7;0,7;0,59;0,52;0,55;0,61;0,6;0,66;0,5;0,62;0,68;0,62;0,5;0,69;0,68;0,67;0,56;0,54;0,64;0,61;0,61;0,6;0,53;0,57;0,58;0,66;0,66;0,58;0,58;0,7;0,56;0,64;0,54;0,51;0,58;0,61;0,51;0,51;0,67;0,67;0,67;0,51;0,65;0,7;0,57;0,54;0,65;0,54;0,61;0,64;8,7;;;;
16/06/2024;0,51;0,55;0,65;0,59;0,65;0,66;0,67;0,57;0,68;0,67;0,53;0,59;0,65;0,57;0,57;0,59;0,55;0,55;0,61;0,54;0,53;0,67;0,67;0,58;0,65;0,64;0,61;0,61;0,51;0,65;0,64;0,61;0,64;0,53;0,6;0,62;0,66;0,67;0,6;0,55;0,58;0,7;0,57;0,53;0,57;0,59;0,6;0,6;0,67;0,59;0,62;0,65;0,67;0,69;0,54;0,65;0,6;0,58;0,67;0,55;0,62;0,56;0,61;0,61;0,56;0,67;0,51;0,58;0,66;0,65;0,64;0,53;0,69;0,53;0,68;0,51;0,61;0,7;0,58;0,65;0,64;0,55;0,64;0,66;0,68;0,59;0,6;0,64;0,6;0,68;0,51;0,51;0,66;0,56;0,67;9,6;;;;
17/06/2024;0,58;0,62;0,69;0,64;0,6;0,57;0,52;0,7;0,53;0,6;0,5;0,67;0,51;0,56;0,6;0,56;0,66;0,7;0,57;0,64;0,53;0,59;0,63;0,68;0,58;0,61;0,57;0,64;0,53;0,61;0,55;0,53;0,56;0,56;0,55;0,6;0,6;0,55;0,57;0,58;0,66;0,57;0,54;0,51;0,51;0,52;0,57;0,6;0,59;0,6;0,56;0,52;0,59;0,67;0,64;0,57;0,64;0,68;0,63;0,68;0,57;0,51;0,68;0,51;0,59;0,64;0,57;0,58;0,65;0,6;0,54;0,52;0,64;0,62;0,59;0,59;0,68;0,56;0,61;0,64;0,59;0,6;0,58;0,6;0,64;0,66;0,5;0,62;0,53;0,67;0,57;0,67;0,56;0,57;0,61;7,5;;;;
18/06/2024;0,61;0,62;0,55;0,52;0,54;0,58;0,69;0,5;0,51;0,59;0,67;0,55;0,61;0,52;0,6;0,63;0,67;0,64;0,55;0,51;0,59;0,66;0,67;0,59;0,68;0,6;0,64;0,55;0,65;0,66;0,58;0,55;0,56;0,67;0,57;0,63;0,7;0,6;0,65;0,6;0,52;0,58;0,55;0,55;0,62;0,53;0,68;0,56;0,56;0,61;0,54;0,63;0,51;0,59;0,52;0,64;0,56;0,64;0,58;0,58;0,64;0,53;0,56;0,62;0,55;0,57;0,51;0,6;0,58;0,61;0,52;0,68;0,5;0,57;0,69;0,69;0,62;0,61;0,65;0,51;0,63;0,51;0,62;0,64;0,61;0,52;0,58;0,65;0,68;0,59;0,53;0,68;0,58;0,7;0,56;8,4;;;;
19/06/2024;0,51;0,6;0,59;0,68;0,56;0,65;0,65;0,56;0,68;0,65;0,54;0,51;0,65;0,67;0,52;0,68;0,51;0,61;0,68;0,68;0,57;0,52;0,63;0,51;0,53;0,61;0,6;0,67;0,67;0,57;0,7;0,68;0,68;0,55;0,57;0,65;0,61;0,56;0,69;0,53;0,6;0,62;0,56;0,55;0,62;0,56;0,68;0,59;0,58;0,52;0,68;0,61;0,58;0,58;0,68;0,59;0,54;0,51;0,64;0,64;0,59;0,51;0,63;0,63;0,62;0,67;0,62;0,66;0,66;0,53;0,51;0,52;0,62;0,62;0,59;0,59;0,65;0,51;0,58;0,5;0,62;0,52;0,67;0,69;0,57;0,69;0,51;0,68;0,5;0,6;0,53;0,69;0,51;0,69;0,66;8,1;;;;
20/06/2024;0,52;0,52;0,62;0,67;0,55;0,6;0,67;0,67;0,67;0,7;0,61;0,61;0,53;0,51;0,65;0,51;0,66;0,63;0,54;0,52;0,52;0,6;0,53;0,54;0,64;0,55;0,62;0,61;0,54;0,51;0,53;0,64;0,69;0,53;0,52;0,68;0,53;0,52;0,7;0,69;0,64;0,62;0,53;0,5;0,59;0,55;0,66;0,64;0,51;0,65;0,68;0,61;0,5;0,51;0,64;0,63;0,65;0,65;0,6;0,64;0,67;0,63;0,55;0,58;0,52;0,51;0,56;0,57;0,6;0,67;0,58;0,7;0,55;0,68;0,53;0,68;0,67;0,57;0,67;0,57;0,68;0,58;0,68;0,7;0,56;0,65;0,62;0,6;0,51;0,52;0,64;0,69;0,53;0,52;0,66;7,2;;;;
21/06/2024;0,64;0,53;0,62;0,56;0,67;0,68;0,66;0,6;0,59;0,61;0,66;0,64;0,56;0,62;0,56;0,58;0,56;0,65;0,64;0,53;0,63;0,6;0,64;0,6;0,56;0,68;0,61;0,55;0,57;0,65;0,68;0,55;0,64;0,52;0,65;0,57;0,65;0,66;0,63;0,66;0,55;0,52;0,56;0,52;0,55;0,63;0,64;0,55;0,53;0,59;0,69;0,64;0,63;0,58;0,61;0,62;0,7;0,52;0,58;0,5;0,58;0,68;0,63;0,51;0,58;0,66;0,68;0,58;0,68;0,7;0,62;0,56;0,62;0,57;0,64;0,67;0,69;0,69;0,53;0,68;0,57;0,61;0,52;0,6;0,62;0,61;0,62;0,56;0,6;0,59;0,67;0,66;0,65;0,61;0,62;9,3;;;;
22/06/2024;0,68;0,57;0,52;0,65;0,6;0,7;0,55;0,67;0,57;0,68;0,58;0,63;0,55;0,54;0,63;0,56;0,55;0,54;0,56;0,61;0,64;0,51;0,53;0,56;0,59;0,69;0,61;0,56;0,56;0,69;0,58;0,53;0,58;0,6;0,51;0,58;0,61;0,57;0,62;0,5;0,69;0,61;0,6;0,69;0,55;0,66;0,56;0,63;0,52;0,59;0,55;0,62;0,56;0,68;0,63;0,52;0,62;0,57;0,56;0,5;0,52;0,6;0,62;0,66;0,57;0,67;0,68;0,53;0,56;0,68;0,6;0,54;0,5;0,69;0,65;0,61;0,51;0,67;0,55;0,57;0,51;0,63;0,52;0,55;0,55;0,59;0,65;0,69;0,52;0,56;0,5;0,55;0,55;0,56;0,56;9,6;;;;
23/06/2024;0,64;0,56;0,68;0,51;0,62;0,7;0,61;0,7;0,5;0,6;0,69;0,61;0,68;0,57;0,55;0,61;0,66;0,54;0,57;0,53;0,62;0,67;0,52;0,66;0,67;0,62;0,6;0,64;0,55;0,68;0,5;0,55;0,65;0,54;0,5;0,6;0,51;0,59;0,52;0,65;0,55;0,55;0,56;0,67;0,54;0,62;0,57;0,53;0,52;0,66;0,56;0,63;0,65;0,64;0,66;0,62;0,55;0,66;0,52;0,69;0,64;0,56;0,63;0,57;0,56;0,57;0,51;0,59;0,61;0,52;0,51;0,57;0,68;0,66;0,57;0,69;0,66;0,68;0,69;0,5;0,59;0,59;0,62;0,65;0,59;0,6;0,55;0,67;0,69;0,62;0,64;0,58;0,62;0,51;0,61;7,8;;;;
24/06/2024;0,65;0,57;0,57;0,59;0,62;0,7;0,66;0,65;0,61;0,53;0,69;0,58;0,7;0,61;0,7;0,53;0,65;0,66;0,53;0,69;0,51;0,58;0,54;0,57;0,66;0,63;0,51;0,63;0,68;0,64;0,6;0,57;0,62;0,55;0,55;0,63;0,53;0,67;0,54;0,57;0,63;0,56;0,52;0,57;0,56;0,67;0,59;0,61;0,65;0,54;0,63;0,69;0,62;0,52;0,64;0,59;0,65;0,61;0,58;0,54;0,55;0,5;0,63;0,67;0,62;0,68;0,59;0,61;0,66;0,67;0,64;0,53;0,55;0,56;0,61;0,57;0,54;0,57;0,58;0,54;0,62;0,66;0,52;0,68;0,69;0,53;0,54;0,6;0,68;0,66;0,59;0,6;0,66;0,68;0,63;7,8;;;;
25/06/2024;0,53;0,54;0,64;0,56;0,56;0,65;0,61;0,57;0,59;0,51;0,69;0,67;0,58;0,61;0,59;0,66;0,57;0,51;0,67;0,59;0,67;0,62;0,52;0,66;0,54;0,51;0,64;0,69;0,67;0,68;0,68;0,58;0,68;0,6;0,68;0,53;0,7;0,52;0,56;0,58;0,5;0,56;0,63;0,53;0,53;0,62;0,54;0,51;0,68;0,52;0,55;0,54;0,57;0,68;0,69;0,64;0,57;0,55;0,51;0,65;0,61;0,52;0,66;0,65;0,68;0,51;0,54;0,58;0,54;0,65;0,6;0,67;0,55;0,62;0,63;0,54;0,59;0,65;0,61;0,57;0,63;0,58;0,55;0,58;0,64;0,52;0,67;0,57;0,54;0,69;0,61;0,66;0,59;0,66;0,66;8,4;;;;
26/06/2024;0,64;0,63;0,66;0,66;0,63;0,55;0,66;0,61;0,63;0,57;0,57;0,66;0,68;0,6;0,54;0,63;0,69;0,68;0,6;0,58;0,56;0,65;0,59;0,57;0,68;0,57;0,63;0,61;0,57;0,68;0,64;0,52;0,68;0,55;0,53;0,53;0,58;0,57;0,52;0,61;0,67;0,55;0,68;0,56;0,54;0,52;0,57;0,68;0,59;0,54;0,51;0,5;0,58;0,69;0,52;0,67;0,59;0,52;0,51;0,56;0,58;0,68;0,62;0,57;0,51;0,66;0,59;0,64;0,5;0,68;0,57;0,65;0,59;0,69;0,68;0,52;0,57;0,55;0,66;0,6;0,53;0,6;0,51;0,65;0,63;0,69;0,58;0,68;0,52;0,65;0,59;0,5;0,5;0,59;0,68;7,8;;;;
27/06/2024;0,59;0,7;0,63;0,68;0,63;0,55;0,54;0,68;0,53;0,64;0,65;0,58;0,64;0,59;0,65;0,6;0,63;0,6;0,63;0,56;0,7;0,64;0,51;0,55;0,6;0,67;0,7;0,52;0,64;0,61;0,67;0,59;0,52;0,69;0,65;0,66;0,55;0,69;0,69;0,54;0,52;0,64;0,6;0,66;0,57;0,67;0,68;0,52;0,57;0,58;0,54;0,52;0,63;0,63;0,56;0,59;0,66;0,59;0,62;0,68;0,68;0,6;0,55;0,66;0,62;0,55;0,63;0,7;0,61;0,65;0,65;0,62;0,64;0,62;0,58;0,58;0,59;0,69;0,69;0,67;0,67;0,65;0,56;0,68;0,52;0,53;0,54;0,51;0,7;0,64;0,68;0,66;0,52;0,53;0,65;9,3;;;;
28/06/2024;0,59;0,5;0,68;0,51;0,62;0,6;0,68;0,55;0,6;0,63;0,62;0,55;0,57;0,51;0,65;0,51;0,54;0,54;0,51;0,55;0,63;0,55;0,64;0,6;0,55;0,57;0,57;0,61;0,64;0,62;0,63;0,61;0,64;0,58;0,54;0,52;0,6;0,64;0,62;0,65;0,65;0,51;0,66;0,66;0,55;0,52;0,51;0,56;0,61;0,62;0,55;0,7;0,57;0,55;0,68;0,6;0,5;0,55;0,56;0,58;0,58;0,51;0,68;0,57;0,63;0,67;0,52;0,56;0,66;0,57;0,61;0,51;0,65;0,57;0,7;0,68;0,62;0,66;0,69;0,51;0,62;0,56;0,61;0,59;0,54;0,6;0,5;0,69;0,65;0,59;0,65;0,7;0,59;0,61;0,64;11,7;;;;
29/06/2024;0,54;0,55;0,51;0,61;0,68;0,57;0,56;0,63;0,66;0,62;0,62;0,53;0,65;0,59;0,65;0,55;0,59;0,65;0,5;0,55;0,59;0,63;0,66;0,55;0,67;0,51;0,56;0,56;0,68;0,63;0,65;0,55;0,64;0,65;0,54;0,56;0,52;0,66;0,53;0,5;0,63;0,58;0,51;0,51;0,69;0,55;0,51;0,56;0,68;0,58;0,55;0,56;0,69;0,52;0,53;0,69;0,65;0,55;0,59;0,5;0,61;0,67;0,5;0,67;0,5;0,59;0,6;0,64;0,51;0,61;0,5;0,59;0,62;0,59;0,69;0,5;0,58;0,6;0,66;0,66;0,66;0,52;0,65;0,58;0,53;0,67;0,58;0,62;0,68;0,51;0,61;0,68;0,53;0,66;0,64;9,9;;;;
30/06/2024;0,58;0,6;0,66;0,57;0,58;0,61;0,68;0,69;0,5;0,5;0,6;0,57;0,64;0,6;0,68;0,64;0,68;0,51;0,53;0,53;0,55;0,62;0,53;0,67;0,58;0,65;0,66;0,59;0,69;0,69;0,56;0,56;0,61;0,62;0,57;0,63;0,69;0,57;0,63;0,63;0,52;0,65;0,67;0,51;0,6;0,55;0,67;0,56;0,5;0,55;0,56;0,58;0,52;0,56;0,51;0,58;0,66;0,52;0,59;0,54;0,53;0,69;0,57;0,64;0,66;0,66;0,66;0,65;0,56;0,52;0,6;0,54;0,67;0,52;0,51;0,69;0,69;0,52;0,62;0,66;0,62;0,59;0,52;0,54;0,55;0,59;0,66;0,58;0,7;0,55;0,61;0,6;0,63;0,67;0,58;6,9;;;;
01/07/2024;0,69;0,56;0,6;0,69;0,51;0,64;0,61;0,55;0,53;0,64;0,65;0,7;0,59;0,5;0,53;0,63;0,58;0,63;0,68;0,67;0,6;0,55;0,55;0,61;0,63;0,55;0,55;0,58;0,64;0,7;0,57;0,53;0,51;0,58;0,57;0,59;0,51;0,68;0,62;0,65;0,53;0,65;0,51;0,59;0,64;0,66;0,59;0,68;0,65;0,67;0,65;0,65;0,59;0,69;0,65;0,64;0,63;0,55;0,55;0,68;0,69;0,58;0,52;0,69;0,52;0,56;0,51;0,61;0,59;0,63;0,62;0,63;0,68;0,67;0,53;0,56;0,64;0,52;0,63;0,6;0,53;0,53;0,7;0,68;0,68;0,53;0,61;0,63;0,69;0,61;0,66;0,64;0,57;0,57;0,56;11,1;;;;
02/07/2024;0,62;0,67;0,67;0,55;0,5;0,66;0,6;0,69;0,67;0,65;0,68;0,62;0,52;0,65;0,5;0,59;0,53;0,55;0,61;0,55;0,67;0,59;0,67;0,62;0,67;0,68;0,54;0,51;0,69;0,65;0,55;0,54;0,55;0,59;0,52;0,55;0,63;0,52;0,61;0,63;0,63;0,59;0,62;0,66;0,6;0,51;0,56;0,55;0,66;0,6;0,59;0,51;0,64;0,57;0,53;0,55;0,69;0,56;0,63;0,61;0,64;0,55;0,67;0,64;0,62;0,61;0,51;0,57;0,69;0,59;0,51;0,65;0,51;0,52;0,52;0,61;0,57;0,68;0,63;0,52;0,59;0,52;0,58;0,59;0,51;0,54;0,5;0,57;0,65;0,69;0,65;0,51;0,62;0,65;0,53;8,4;;;;
03/07/2024;0,6;0,69;0,52;0,58;0,53;0,62;0,65;0,7;0,54;0,57;0,63;0,65;0,65;0,63;0,65;0,66;0,64;0,5;0,54;0,57;0,58;0,58;0,61;0,67;0,69;0,62;0,58;0,55;0,65;0,66;0,5;0,66;0,68;0,68;0,66;0,69;0,58;0,51;0,66;0,52;0,57;0,55;0,63;0,69;0,66;0,55;0,63;0,67;0,6;0,6;0,65;0,64;0,52;0,54;0,69;0,65;0,6;0,56;0,59;0,55;0,59;0,6;0,58;0,63;0,58;0,66;0,69;0,68;0,62;0,65;0,67;0,65;0,56;0,66;0,65;0,58;0,7;0,52;0,52;0,53;0,6;0,61;0,54;0,66;0,57;0,53;0,57;0,55;0,69;0,56;0,64;0,51;0,64;0,68;0,61;10,5;;;;
04/07/2024;0,57;0,51;0,7;0,54;0,6;0,61;0,7;0,6;0,52;0,66;0,69;0,58;0,65;0,66;0,5;0,51;0,65;0,55;0,6;0,61;0,57;0,58;0,58;0,7;0,55;0,7;0,68;0,59;0,54;0,65;0,67;0,69;0,67;0,53;0,51;0,67;0,63;0,68;0,54;0,59;0,6;0,54;0,69;0,69;0,53;0,6;0,56;0,57;0,62;0,51;0,61;0,58;0,68;0,69;0,62;0,63;0,53;0,63;0,59;0,57;0,7;0,68;0,53;0,52;0,58;0,56;0,69;0,58;0,67;0,59;0,65;0,7;0,61;0,58;0,6;0,61;0,51;0,61;0,64;0,67;0,67;0,58;0,51;0,6;0,69;0,52;0,7;0,56;0,55;0,68;0,66;0,66;0,59;0,56;0,6;8,1;;;;
05/07/2024;0,56;0,59;0,62;0,63;0,59;0,55;0,52;0,51;0,69;0,57;0,56;0,6;0,64;0,64;0,68;0,56;0,67;0,51;0,56;0,53;0,59;0,55;0,64;0,68;0,69;0,61;0,61;0,59;0,55;0,57;0,51;0,6;0,53;0,7;0,68;0,69;0,62;0,53;0,52;0,61;0,57;0,53;0,57;0,56;0,55;0,6;0,7;0,66;0,52;0,59;0,55;0,53;0,51;0,55;0,69;0,55;0,6;0,55;0,68;0,57;0,54;0,58;0,66;0,53;0,5;0,51;0,59;0,61;0,67;0,56;0,51;0,66;0,61;0,53;0,7;0,66;0,54;0,6;0,62;0,52;0,59;0,68;0,58;0,58;0,67;0,59;0,65;0,62;0,55;0,59;0,57;0,58;0,62;0,65;0,55;8,1;;;;
06/07/2024;0,57;0,57;0,55;0,68;0,54;0,55;0,64;0,55;0,6;0,52;0,57;0,61;0,54;0,62;0,68;0,57;0,55;0,56;0,64;0,68;0,67;0,61;0,56;0,58;0,61;0,57;0,56;0,59;0,64;0,67;0,5;0,65;0,53;0,62;0,6;0,52;0,64;0,54;0,59;0,57;0,55;0,57;0,55;0,65;0,65;0,51;0,6;0,63;0,56;0,68;0,55;0,67;0,53;0,68;0,63;0,61;0,68;0,61;0,57;0,67;0,55;0,65;0,53;0,53;0,55;0,62;0,56;0,67;0,68;0,56;0,52;0,68;0,67;0,55;0,55;0,6;0,61;0,65;0,53;0,58;0,52;0,58;0,61;0,56;0,69;0,68;0,66;0,69;0,6;0,62;0,52;0,51;0,5;0,62;0,51;9,9;;;;
07/07/2024;0,53;0,57;0,58;0,68;0,63;0,68;0,55;0,67;0,61;0,67;0,53;0,52;0,59;0,55;0,65;0,54;0,64;0,51;0,61;0,68;0,63;0,62;0,56;0,64;0,53;0,5;0,67;0,59;0,57;0,61;0,5;0,58;0,58;0,58;0,68;0,66;0,54;0,7;0,67;0,65;0,52;0,57;0,67;0,59;0,59;0,52;0,52;0,68;0,56;0,61;0,67;0,65;0,57;0,67;0,59;0,56;0,63;0,62;0,67;0,51;0,69;0,63;0,63;0,6;0,66;0,59;0,65;0,66;0,54;0,61;0,54;0,52;0,58;0,67;0,69;0,55;0,59;0,67;0,66;0,53;0,52;0,65;0,59;0,59;0,6;0,58;0,6;0,52;0,66;0,63;0,53;0,69;0,68;0,68;0,55;9,9;;;;
08/07/2024;0,61;0,52;0,6;0,55;0,52;0,54;0,55;0,64;0,61;0,59;0,58;0,68;0,62;0,51;0,54;0,53;0,59;0,55;0,51;0,66;0,6;0,56;0,55;0,6;0,52;0,54;0,52;0,6;0,61;0,62;0,63;0,61;0,67;0,55;0,69;0,56;0,59;0,64;0,7;0,6;0,63;0,54;0,56;0,53;0,59;0,56;0,63;0,51;0,57;0,54;0,67;0,57;0,61;0,58;0,55;0,55;0,57;0,55;0,66;0,65;0,5;0,55;0,7;0,68;0,64;0,55;0,6;0,68;0,65;0,62;0,61;0,67;0,51;0,62;0,54;0,63;0,62;0,63;0,59;0,51;0,54;0,67;0,59;0,61;0,53;0,53;0,58;0,59;0,58;0,53;0,58;0,56;0,58;0,64;0,51;6,3;;;;
09/07/2024;0,69;0,7;0,59;0,53;0,63;0,69;0,64;0,63;0,65;0,62;0,63;0,6;0,67;0,56;0,66;0,68;0,52;0,53;0,56;0,52;0,58;0,65;0,61;0,68;0,59;0,57;0,6;0,66;0,69;0,59;0,5;0,55;0,59;0,65;0,63;0,51;0,68;0,5;0,52;0,67;0,56;0,61;0,66;0,61;0,55;0,52;0,63;0,51;0,55;0,59;0,51;0,58;0,54;0,52;0,53;0,53;0,55;0,51;0,52;0,68;0,56;0,6;0,57;0,62;0,56;0,5;0,7;0,68;0,56;0,53;0,52;0,5;0,5;0,53;0,55;0,64;0,62;0,65;0,58;0,56;0,51;0,61;0,61;0,62;0,52;0,58;0,69;0,57;0,57;0,55;0,65;0,59;0,7;0,55;0,59;6,6;;;;
10/07/2024;0,68;0,56;0,54;0,54;0,65;0,57;0,58;0,55;0,61;0,53;0,61;0,61;0,61;0,65;0,56;0,63;0,6;0,57;0,51;0,58;0,65;0,54;0,63;0,69;0,67;0,55;0,5;0,58;0,57;0,67;0,56;0,7;0,68;0,69;0,69;0,64;0,65;0,65;0,64;0,69;0,55;0,62;0,68;0,7;0,58;0,56;0,61;0,57;0,62;0,63;0,69;0,64;0,56;0,63;0,55;0,59;0,63;0,65;0,6;0,51;0,55;0,65;0,57;0,54;0,55;0,62;0,52;0,54;0,51;0,55;0,68;0,66;0,54;0,66;0,55;0,59;0,65;0,63;0,64;0,69;0,62;0,51;0,64;0,52;0,52;0,63;0,55;0,69;0,62;0,68;0,58;0,64;0,69;0,69;0,67;7,2;;;;
11/07/2024;0,68;0,64;0,57;0,6;0,59;0,5;0,51;0,68;0,65;0,61;0,69;0,65;0,68;0,69;0,59;0,69;0,64;0,65;0,52;0,62;0,56;0,57;0,5;0,59;0,6;0,69;0,55;0,62;0,67;0,67;0,6;0,69;0,57;0,52;0,54;0,51;0,57;0,57;0,68;0,55;0,6;0,59;0,68;0,61;0,53;0,59;0,58;0,64;0,63;0,54;0,64;0,55;0,69;0,5;0,6;0,62;0,59;0,51;0,52;0,59;0,55;0,52;0,58;0,62;0,69;0,61;0,54;0,57;0,55;0,55;0,69;0,57;0,61;0,55;0,6;0,56;0,51;0,55;0,64;0,65;0,59;0,55;0,6;0,53;0,64;0,57;0,68;0,58;0,55;0,54;0,69;0,69;0,53;0,65;0,57;9,3;;;;
12/07/2024;0,68;0,69;0,55;0,67;0,6;0,57;0,63;0,59;0,56;0,62;0,51;0,69;0,6;0,59;0,59;0,67;0,53;0,69;0,65;0,69;0,6;0,66;0,55;0,65;0,68;0,62;0,68;0,61;0,68;0,62;0,51;0,68;0,69;0,56;0,61;0,55;0,51;0,67;0,5;0,62;0,68;0,53;0,6;0,7;0,68;0,58;0,55;0,54;0,56;0,59;0,55;0,68;0,52;0,56;0,6;0,6;0,52;0,52;0,69;0,64;0,5;0,57;0,58;0,67;0,54;0,61;0,64;0,65;0,57;0,66;0,53;0,55;0,57;0,65;0,64;0,58;0,7;0,51;0,6;0,51;0,58;0,66;0,68;0,5;0,57;0,64;0,55;0,67;0,62;0,55;0,52;0,68;0,57;0,56;0,57;9,6;;;;
13/07/2024;0,64;0,61;0,64;0,5;0,57;0,5;0,57;0,66;0,59;0,68;0,6;0,56;0,64;0,53;0,67;0,67;0,59;0,56;0,55;0,53;0,62;0,7;0,59;0,62;0,53;0,56;0,68;0,59;0,51;0,51;0,57;0,56;0,58;0,7;0,64;0,6;0,58;0,68;0,61;0,5;0,65;0,53;0,66;0,61;0,69;0,65;0,53;0,55;0,51;0,57;0,59;0,62;0,52;0,56;0,5;0,61;0,68;0,54;0,67;0,58;0,67;0,63;0,53;0,57;0,61;0,57;0,68;0,61;0,63;0,57;0,66;0,6;0,56;0,66;0,53;0,58;0,52;0,68;0,6;0,51;0,52;0,67;0,7;0,68;0,68;0,62;0,58;0,6;0,57;0,59;0,59;0,56;0,58;0,62;0,62;6,3;;;;
14/07/2024;0,6;0,51;0,61;0,66;0,54;0,63;0,53;0,63;0,69;0,68;0,58;0,64;0,59;0,56;0,54;0,68;0,6;0,65;0,58;0,66;0,59;0,59;0,55;0,52;0,63;0,64;0,62;0,7;0,64;0,58;0,62;0,68;0,57;0,69;0,62;0,55;0,62;0,64;0,67;0,54;0,58;0,51;0,56;0,57;0,62;0,64;0,61;0,59;0,52;0,54;0,62;0,51;0,64;0,59;0,63;0,51;0,67;0,68;0,56;0,53;0,68;0,52;0,67;0,69;0,53;0,69;0,55;0,53;0,67;0,68;0,53;0,54;0,58;0,67;0,56;0,57;0,54;0,69;0,55;0,54;0,5;0,52;0,51;0,6;0,57;0,5;0,58;0,59;0,67;0,5;0,63;0,52;0,65;0,54;0,53;7,8;;;;
15/07/2024;0,55;0,59;0,61;0,66;0,6;0,55;0,58;0,54;0,59;0,63;0,69;0,52;0,69;0,67;0,7;0,55;0,67;0,7;0,6;0,57;0,5;0,57;0,64;0,5;0,52;0,67;0,6;0,67;0,64;0,62;0,6;0,64;0,69;0,52;0,61;0,54;0,54;0,63;0,61;0,66;0,56;0,52;0,63;0,63;0,55;0,55;0,61;0,56;0,57;0,62;0,6;0,65;0,54;0,64;0,69;0,61;0,57;0,68;0,6;0,5;0,58;0,68;0,65;0,58;0,56;0,65;0,54;0,51;0,57;0,61;0,56;0,53;0,54;0,6;0,55;0,54;0,54;0,65;0,5;0,65;0,68;0,57;0,7;0,55;0,67;0,59;0,59;0,57;0,6;0,54;0,67;0,56;0,64;0,65;0,51;6,301;;;;
16/07/2024;0,62;0,67;0,53;0,61;0,66;0,54;0,6;0,5;0,61;0,67;0,58;0,68;0,55;0,61;0,51;0,66;0,56;0,69;0,66;0,54;0,62;0,53;0,65;0,53;0,62;0,55;0,6;0,62;0,54;0,53;0,58;0,68;0,56;0,69;0,55;0,58;0,62;0,67;0,65;0,67;0,63;0,67;0,54;0,52;0,6;0,61;0,58;0,55;0,52;0,67;0,58;0,69;0,64;0,56;0,52;0,7;0,5;0,67;0,64;0,62;0,63;0,54;0,68;0,55;0,7;0,53;0,52;0,67;0,64;0,51;0,5;0,66;0,57;0,64;0,53;0,68;0,56;0,63;0,7;0,51;0,63;0,54;0,55;0,51;0,6;0,51;0,59;0,65;0,56;0,51;0,64;0,63;0,54;0,63;0,64;7,8;;;;
17/07/2024;0,59;0,51;0,67;0,63;0,69;0,67;0,56;0,65;0,58;0,57;0,66;0,54;0,6;0,61;0,65;0,66;0,7;0,64;0,56;0,6;0,66;0,61;0,6;0,64;0,65;0,5;0,57;0,63;0,54;0,63;0,59;0,56;0,62;0,65;0,66;0,61;0,63;0,6;0,63;0,69;0,67;0,6;0,63;0,57;0,67;0,54;0,57;0,57;0,7;0,54;0,56;0,6;0,67;0,61;0,51;0,55;0,56;0,65;0,57;0,53;0,6;0,64;0,66;0,7;0,52;0,64;0,53;0,56;0,67;0,56;0,52;0,52;0,64;0,57;0,52;0,63;0,59;0,69;0,57;0,62;0,58;0,52;0,67;0,61;0,56;0,65;0,62;0,65;0,57;0,5;0,68;0,52;0,6;0,5;0,52;8,4;;;;
18/07/2024;0,55;0,67;0,56;0,6;0,63;0,6;0,68;0,58;0,59;0,62;0,63;0,56;0,67;0,67;0,68;0,64;0,59;0,59;0,6;0,55;0,54;0,54;0,56;0,61;0,6;0,65;0,54;0,58;0,54;0,62;0,7;0,57;0,58;0,56;0,69;0,57;0,61;0,69;0,7;0,61;0,5;0,66;0,6;0,51;0,51;0,55;0,61;0,62;0,59;0,66;0,51;0,56;0,53;0,53;0,58;0,53;0,62;0,54;0,65;0,54;0,55;0,59;0,6;0,56;0,66;0,69;0,7;0,57;0,58;0,68;0,63;0,52;0,69;0,56;0,53;0,52;0,64;0,64;0,62;0,65;0,68;0,69;0,62;0,64;0,55;0,52;0,6;0,67;0,58;0,57;0,61;0,65;0,66;0,67;0,55;8,7;;;;
19/07/2024;0,65;0,55;0,67;0,55;0,6;0,54;0,68;0,67;0,57;0,6;0,53;0,69;0,54;0,54;0,53;0,6;0,55;0,67;0,61;0,66;0,53;0,52;0,52;0,61;0,66;0,53;0,54;0,59;0,69;0,57;0,55;0,7;0,67;0,52;0,58;0,54;0,58;0,55;0,63;0,68;0,6;0,69;0,59;0,62;0,66;0,59;0,66;0,56;0,65;0,56;0,63;0,65;0,55;0,6;0,57;0,58;0,58;0,66;0,55;0,66;0,61;0,67;0,57;0,54;0,53;0,69;0,51;0,58;0,69;0,53;0,55;0,56;0,59;0,51;0,52;0,57;0,6;0,51;0,66;0,52;0,69;0,59;0,58;0,7;0,65;0,62;0,65;0,6;0,56;0,62;0,68;0,59;0,54;0,55;0,54;9,6;;;;
20/07/2024;0,58;0,63;0,53;0,67;0,57;0,53;0,56;0,64;0,53;0,65;0,64;0,61;0,55;0,58;0,59;0,62;0,69;0,55;0,62;0,52;0,52;0,68;0,68;0,56;0,62;0,66;0,52;0,5;0,51;0,58;0,69;0,51;0,6;0,66;0,65;0,62;0,56;0,55;0,61;0,53;0,55;0,65;0,58;0,52;0,65;0,52;0,58;0,56;0,66;0,56;0,63;0,57;0,64;0,61;0,69;0,57;0,59;0,5;0,68;0,52;0,63;0,61;0,58;0,6;0,59;0,64;0,62;0,52;0,65;0,59;0,67;0,67;0,52;0,62;0,64;0,67;0,57;0,52;0,56;0,67;0,69;0,67;0,63;0,59;0,5;0,63;0,69;0,51;0,5;0,5;0,67;0,59;0,64;0,53;0,7;11,1;;;;
21/07/2024;0,51;0,58;0,66;0,65;0,64;0,63;0,64;0,57;0,67;0,58;0,7;0,59;0,58;0,69;0,61;0,68;0,61;0,58;0,7;0,64;0,52;0,66;0,6;0,52;0,68;0,55;0,69;0,51;0,59;0,51;0,65;0,65;0,5;0,64;0,68;0,65;0,52;0,56;0,67;0,55;0,52;0,52;0,59;0,54;0,56;0,63;0,51;0,68;0,58;0,59;0,65;0,58;0,66;0,67;0,7;0,53;0,63;0,58;0,68;0,61;0,55;0,59;0,69;0,68;0,67;0,68;0,6;0,5;0,54;0,56;0,63;0,66;0,63;0,56;0,66;0,55;0,51;0,7;0,56;0,54;0,57;0,56;0,57;0,62;0,63;0,56;0,58;0,53;0,62;0,64;0,54;0,55;0,5;0,55;0,59;11,1;;;;
22/07/2024;0,68;0,52;0,67;0,54;0,65;0,58;0,56;0,68;0,59;0,51;0,68;0,69;0,56;0,66;0,61;0,62;0,53;0,64;0,63;0,63;0,57;0,69;0,55;0,62;0,57;0,61;0,53;0,57;0,53;0,64;0,52;0,58;0,65;0,69;0,67;0,64;0,64;0,59;0,51;0,62;0,51;0,59;0,62;0,64;0,58;0,64;0,55;0,69;0,52;0,58;0,54;0,61;0,57;0,55;0,54;0,56;0,63;0,59;0,53;0,55;0,63;0,53;0,55;0,57;0,67;0,67;0,61;0,58;0,67;0,54;0,55;0,56;0,56;0,59;0,64;0,55;0,68;0,65;0,67;0,57;0,67;0,62;0,6;0,62;0,63;0,66;0,55;0,56;0,53;0,59;0,65;0,6;0,55;0,52;0,62;9,6;;;;
23/07/2024;0,57;0,65;0,62;0,57;0,54;0,54;0,68;0,61;0,53;0,57;0,59;0,54;0,65;0,68;0,52;0,61;0,5;0,66;0,6;0,56;0,7;0,63;0,53;0,59;0,64;0,51;0,69;0,57;0,51;0,69;0,62;0,63;0,56;0,55;0,67;0,62;0,51;0,54;0,69;0,61;0,54;0,66;0,53;0,59;0,61;0,7;0,59;0,58;0,66;0,59;0,54;0,53;0,59;0,65;0,52;0,64;0,5;0,54;0,67;0,62;0,67;0,57;0,54;0,66;0,54;0,66;0,51;0,67;0,58;0,5;0,68;0,51;0,52;0,54;0,63;0,63;0,54;0,61;0,51;0,65;0,52;0,69;0,55;0,53;0,66;0,5;0,62;0,69;0,52;0,52;0,52;0,56;0,55;0,66;0,57;9,9;;;;
24/07/2024;0,68;0,54;0,53;0,66;0,6;0,58;0,69;0,51;0,64;0,7;0,55;0,69;0,55;0,56;0,68;0,67;0,61;0,61;0,67;0,69;0,56;0,61;0,63;0,68;0,58;0,53;0,62;0,58;0,57;0,67;0,68;0,51;0,52;0,66;0,65;0,57;0,55;0,5;0,58;0,63;0,68;0,5;0,5;0,62;0,69;0,55;0,55;0,55;0,63;0,56;0,56;0,65;0,51;0,67;0,69;0,57;0,51;0,54;0,7;0,53;0,58;0,63;0,57;0,58;0,51;0,61;0,62;0,66;0,63;0,68;0,5;0,54;0,6;0,52;0,51;0,65;0,61;0,66;0,58;0,64;0,64;0,56;0,53;0,59;0,61;0,53;0,66;0,68;0,69;0,54;0,63;0,59;0,54;0,66;0,67;11,4;;;;
25/07/2024;0,56;0,55;0,53;0,51;0,68;0,58;0,64;0,63;0,58;0,64;0,51;0,61;0,62;0,67;0,65;0,52;0,57;0,59;0,61;0,66;0,61;0,69;0,68;0,59;0,51;0,52;0,54;0,55;0,65;0,57;0,57;0,51;0,59;0,65;0,62;0,69;0,67;0,69;0,53;0,68;0,64;0,52;0,67;0,63;0,58;0,58;0,69;0,51;0,69;0,55;0,59;0,52;0,57;0,56;0,52;0,64;0,62;0,53;0,57;0,68;0,54;0,7;0,57;0,58;0,65;0,56;0,65;0,68;0,55;0,65;0,51;0,58;0,58;0,62;0,61;0,69;0,64;0,58;0,62;0,63;0,56;0,67;0,69;0,6;0,64;0,51;0,57;0,51;0,6;0,52;0,56;0,57;0,58;0,62;0,62;10,2;;;;
26/07/2024;0,56;0,57;0,63;0,58;0,66;0,51;0,67;0,62;0,69;0,6;0,58;0,61;0,63;0,69;0,59;0,62;0,53;0,63;0,59;0,6;0,63;0,6;0,56;0,63;0,56;0,68;0,61;0,6;0,65;0,53;0,7;0,55;0,67;0,53;0,63;0,5;0,54;0,65;0,58;0,51;0,53;0,56;0,52;0,56;0,62;0,66;0,58;0,62;0,57;0,54;0,53;0,63;0,67;0,63;0,59;0,62;0,63;0,56;0,59;0,66;0,6;0,66;0,52;0,68;0,54;0,59;0,61;0,51;0,69;0,55;0,61;0,69;0,6;0,61;0,58;0,54;0,63;0,58;0,53;0,51;0,67;0,57;0,52;0,55;0,67;0,7;0,53;0,58;0,66;0,64;0,57;0,62;0,65;0,57;0,55;6,6;;;;
27/07/2024;0,51;0,53;0,51;0,68;0,58;0,64;0,53;0,5;0,54;0,65;0,53;0,58;0,59;0,69;0,62;0,63;0,55;0,54;0,62;0,55;0,62;0,54;0,57;0,52;0,6;0,56;0,6;0,63;0,55;0,59;0,61;0,53;0,67;0,57;0,66;0,69;0,66;0,6;0,66;0,52;0,63;0,6;0,62;0,65;0,64;0,6;0,6;0,52;0,53;0,56;0,5;0,61;0,51;0,56;0,63;0,51;0,54;0,7;0,69;0,61;0,52;0,5;0,52;0,66;0,64;0,67;0,67;0,57;0,64;0,64;0,62;0,54;0,63;0,62;0,62;0,57;0,52;0,65;0,59;0,69;0,53;0,65;0,63;0,58;0,66;0,52;0,53;0,5;0,62;0,63;0,61;0,52;0,67;0,65;0,59;10,2;;;;
28/07/2024;0,53;0,51;0,61;0,67;0,54;0,68;0,57;0,52;0,68;0,65;0,58;0,53;0,52;0,67;0,51;0,68;0,7;0,58;0,52;0,69;0,59;0,67;0,59;0,56;0,63;0,56;0,58;0,57;0,55;0,6;0,69;0,6;0,51;0,59;0,6;0,56;0,68;0,61;0,68;0,68;0,66;0,68;0,66;0,55;0,69;0,69;0,6;0,5;0,6;0,63;0,67;0,51;0,69;0,67;0,51;0,59;0,61;0,51;0,51;0,61;0,66;0,55;0,57;0,56;0,51;0,5;0,55;0,63;0,52;0,58;0,51;0,63;0,65;0,67;0,51;0,64;0,64;0,53;0,62;0,66;0,58;0,55;0,66;0,57;0,54;0,66;0,53;0,62;0,6;0,68;0,55;0,56;0,58;0,7;0,64;6,0;;;;
29/07/2024;0,7;0,58;0,68;0,61;0,5;0,59;0,7;0,56;0,52;0,51;0,55;0,54;0,56;0,6;0,68;0,68;0,53;0,64;0,52;0,57;0,65;0,67;0,66;0,66;0,64;0,54;0,52;0,57;0,69;0,58;0,59;0,56;0,62;0,63;0,6;0,54;0,67;0,51;0,54;0,56;0,6;0,69;0,7;0,54;0,55;0,59;0,54;0,54;0,7;0,58;0,67;0,55;0,7;0,65;0,58;0,61;0,55;0,51;0,54;0,62;0,61;0,62;0,51;0,64;0,5;0,57;0,61;0,52;0,63;0,65;0,69;0,5;0,68;0,56;0,51;0,58;0,55;0,59;0,65;0,69;0,51;0,56;0,58;0,52;0,54;0,62;0,58;0,67;0,62;0,7;0,53;0,61;0,67;0,54;0,68;8,7;;;;
30/07/2024;0,61;0,57;0,63;0,51;0,66;0,61;0,61;0,53;0,64;0,54;0,58;0,52;0,67;0,58;0,59;0,54;0,6;0,52;0,66;0,6;0,61;0,51;0,67;0,7;0,66;0,64;0,58;0,66;0,57;0,63;0,57;0,6;0,68;0,54;0,65;0,59;0,5;0,64;0,6;0,51;0,61;0,63;0,6;0,51;0,55;0,56;0,6;0,59;0,51;0,63;0,63;0,58;0,61;0,53;0,58;0,56;0,69;0,55;0,65;0,53;0,51;0,67;0,66;0,55;0,52;0,64;0,62;0,52;0,53;0,63;0,5;0,65;0,52;0,56;0,69;0,52;0,69;0,68;0,57;0,6;0,69;0,57;0,54;0,53;0,69;0,62;0,63;0,66;0,58;0,51;0,66;0,55;0,56;0,67;0,62;8,1;;;;
31/07/2024;0,69;0,68;0,65;0,52;0,53;0,58;0,58;0,52;0,56;0,63;0,64;0,58;0,7;0,65;0,68;0,62;0,69;0,63;0,7;0,65;0,66;0,68;0,55;0,52;0,55;0,53;0,52;0,53;0,66;0,65;0,51;0,53;0,53;0,51;0,57;0,69;0,61;0,54;0,68;0,65;0,63;0,67;0,59;0,7;0,6;0,52;0,62;0,52;0,6;0,63;0,51;0,62;0,66;0,61;0,6;0,63;0,55;0,55;0,51;0,56;0,56;0,51;0,56;0,66;0,57;0,63;0,54;0,54;0,64;0,7;0,66;0,67;0,68;0,59;0,67;0,57;0,58;0,51;0,51;0,61;0,64;0,57;0,57;0,53;0,56;0,68;0,62;0,55;0,6;0,65;0,52;0,64;0,63;0,69;0,66;7,5;;;;
01/08/2024;0,65;0,51;0,61;0,64;0,69;0,55;0,65;0,54;0,58;0,58;0,66;0,5;0,53;0,69;0,62;0,7;0,7;0,54;0,51;0,55;0,66;0,69;0,69;0,57;0,55;0,61;0,62;0,66;0,51;0,64;0,63;0,61;0,7;0,57;0,59;0,64;0,52;0,68;0,67;0,6;0,51;0,53;0,53;0,67;0,66;0,54;0,69;0,64;0,62;0,67;0,62;0,52;0,68;0,7;0,65;0,66;0,65;0,58;0,53;0,57;0,52;0,61;0,54;0,55;0,59;0,56;0,58;0,57;0,63;0,51;0,56;0,54;0,55;0,63;0,6;0,65;0,55;0,58;0,53;0,63;0,55;0,63;0,65;0,58;0,63;0,7;0,68;0,6;0,62;0,59;0,58;0,62;0,52;0,66;0,52;8,7;;;;
02/08/2024;0,51;0,67;0,61;0,61;0,7;0,57;0,55;0,53;0,56;0,64;0,5;0,54;0,6;0,68;0,61;0,58;0,67;0,56;0,64;0,6;0,62;0,52;0,6;0,54;0,54;0,54;0,69;0,52;0,54;0,7;0,7;0,69;0,56;0,57;0,56;0,58;0,61;0,61;0,67;0,65;0,55;0,56;0,51;0,66;0,59;0,54;0,62;0,56;0,52;0,64;0,52;0,65;0,63;0,67;0,69;0,57;0,52;0,54;0,64;0,54;0,58;0,67;0,65;0,56;0,65;0,52;0,62;0,52;0,57;0,61;0,62;0,62;0,6;0,54;0,63;0,51;0,54;0,59;0,53;0,66;0,58;0,57;0,55;0,62;0,7;0,63;0,65;0,57;0,65;0,65;0,55;0,61;0,64;0,68;0,59;7,2;;;;
03/08/2024;0,61;0,53;0,53;0,5;0,52;0,68;0,6;0,63;0,58;0,65;0,61;0,53;0,53;0,68;0,65;0,7;0,65;0,65;0,52;0,58;0,61;0,51;0,62;0,66;0,66;0,64;0,65;0,59;0,68;0,6;0,54;0,54;0,58;0,54;0,61;0,53;0,51;0,63;0,51;0,65;0,51;0,58;0,53;0,68;0,54;0,58;0,56;0,52;0,63;0,69;0,69;0,56;0,64;0,59;0,6;0,53;0,64;0,7;0,51;0,65;0,59;0,68;0,53;0,53;0,56;0,64;0,67;0,65;0,67;0,54;0,58;0,6;0,56;0,52;0,69;0,59;0,67;0,64;0,57;0,65;0,52;0,6;0,63;0,5;0,58;0,53;0,53;0,64;0,69;0,63;0,54;0,6;0,52;0,62;0,67;6,0;;;;
04/08/2024;0,53;0,61;0,67;0,67;0,53;0,55;0,54;0,5;0,67;0,53;0,58;0,66;0,63;0,68;0,51;0,6;0,61;0,65;0,64;0,66;0,64;0,67;0,52;0,66;0,6;0,62;0,68;0,67;0,63;0,59;0,54;0,6;0,64;0,69;0,61;0,69;0,69;0,56;0,62;0,51;0,63;0,61;0,58;0,6;0,51;0,68;0,51;0,56;0,64;0,65;0,67;0,66;0,63;0,62;0,69;0,62;0,52;0,52;0,55;0,51;0,57;0,54;0,69;0,56;0,58;0,52;0,68;0,54;0,52;0,64;0,61;0,67;0,53;0,62;0,66;0,51;0,64;0,61;0,54;0,6;0,52;0,63;0,66;0,69;0,51;0,63;0,61;0,52;0,66;0,53;0,55;0,61;0,56;0,53;0,57;6,6;;;;
05/08/2024;0,53;0,63;0,57;0,69;0,69;0,61;0,53;0,51;0,63;0,58;0,63;0,65;0,64;0,7;0,69;0,7;0,63;0,55;0,64;0,51;0,51;0,7;0,66;0,56;0,57;0,55;0,51;0,58;0,67;0,59;0,61;0,67;0,66;0,66;0,63;0,65;0,51;0,51;0,58;0,65;0,7;0,52;0,68;0,6;0,55;0,5;0,59;0,63;0,65;0,5;0,55;0,51;0,68;0,53;0,65;0,69;0,6;0,66;0,69;0,6;0,63;0,6;0,5;0,66;0,66;0,65;0,52;0,51;0,63;0,61;0,57;0,56;0,68;0,66;0,68;0,69;0,62;0,6;0,61;0,52;0,66;0,53;0,53;0,59;0,54;0,61;0,51;0,7;0,61;0,56;0,69;0,55;0,68;0,53;0,68;6,899;;;;
06/08/2024;0,7;0,59;0,67;0,6;0,66;0,54;0,65;0,65;0,65;0,53;0,64;0,58;0,64;0,59;0,64;0,53;0,67;0,64;0,5;0,58;0,51;0,55;0,63;0,53;0,57;0,62;0,62;0,64;0,63;0,66;0,51;0,65;0,62;0,61;0,55;0,59;0,56;0,53;0,61;0,61;0,67;0,58;0,69;0,68;0,56;0,55;0,58;0,69;0,63;0,7;0,53;0,63;0,67;0,54;0,53;0,64;0,52;0,51;0,67;0,62;0,62;0,63;0,65;0,58;0,52;0,62;0,67;0,57;0,65;0,53;0,56;0,59;0,68;0,6;0,65;0,62;0,57;0,64;0,65;0,62;0,57;0,59;0,58;0,54;0,64;0,61;0,59;0,66;0,66;0,6;0,7;0,59;0,53;0,56;0,57;9,3;;;;
07/08/2024;0,53;0,51;0,55;0,57;0,65;0,56;0,56;0,6;0,7;0,52;0,7;0,69;0,61;0,7;0,67;0,67;0,53;0,65;0,67;0,68;0,52;0,59;0,53;0,53;0,67;0,69;0,66;0,61;0,54;0,59;0,61;0,63;0,51;0,69;0,55;0,61;0,67;0,65;0,65;0,59;0,52;0,69;0,56;0,65;0,59;0,52;0,6;0,65;0,58;0,52;0,6;0,51;0,54;0,62;0,57;0,54;0,68;0,57;0,51;0,58;0,66;0,67;0,52;0,55;0,66;0,58;0,66;0,5;0,63;0,52;0,55;0,65;0,67;0,52;0,54;0,51;0,64;0,52;0,51;0,53;0,6;0,69;0,57;0,52;0,63;0,63;0,58;0,52;0,62;0,67;0,55;0,51;0,59;0,66;0,64;7,8;;;;
08/08/2024;0,63;0,56;0,63;0,56;0,58;0,64;0,57;0,52;0,66;0,61;0,65;0,61;0,58;0,65;0,66;0,56;0,61;0,57;0,7;0,53;0,57;0,61;0,66;0,58;0,62;0,67;0,55;0,56;0,51;0,54;0,62;0,57;0,52;0,63;0,61;0,51;0,64;0,57;0,68;0,54;0,53;0,53;0,52;0,6;0,64;0,64;0,63;0,69;0,55;0,62;0,59;0,59;0,69;0,63;0,53;0,59;0,62;0,55;0,58;0,52;0,57;0,63;0,69;0,52;0,6;0,59;0,59;0,62;0,66;0,56;0,56;0,65;0,65;0,52;0,51;0,51;0,57;0,62;0,66;0,6;0,7;0,61;0,63;0,58;0,66;0,66;0,61;0,5;0,51;0,6;0,64;0,61;0,61;0,58;0,5;7,8;;;;
09/08/2024;0,53;0,68;0,55;0,56;0,69;0,61;0,7;0,64;0,55;0,52;0,59;0,61;0,52;0,62;0,54;0,6;0,63;0,61;0,52;0,6;0,67;0,53;0,65;0,62;0,5;0,55;0,59;0,59;0,51;0,53;0,6;0,57;0,57;0,62;0,64;0,61;0,62;0,61;0,56;0,69;0,52;0,6;0,6;0,53;0,54;0,63;0,68;0,52;0,61;0,6;0,65;0,69;0,56;0,61;0,56;0,58;0,52;0,58;0,7;0,55;0,56;0,68;0,52;0,65;0,54;0,5;0,6;0,63;0,58;0,66;0,68;0,51;0,56;0,58;0,56;0,65;0,57;0,57;0,67;0,61;0,55;0,59;0,65;0,69;0,69;0,66;0,51;0,61;0,68;0,52;0,63;0,69;0,67;0,65;0,68;7,8;;;;
10/08/2024;0,69;0,7;0,69;0,58;0,6;0,57;0,67;0,55;0,61;0,62;0,54;0,62;0,66;0,69;0,58;0,62;0,69;0,61;0,65;0,61;0,68;0,6;0,66;0,56;0,6;0,53;0,53;0,54;0,64;0,65;0,63;0,51;0,57;0,54;0,56;0,59;0,53;0,6;0,61;0,56;0,52;0,65;0,66;0,58;0,63;0,63;0,63;0,66;0,53;0,56;0,6;0,67;0,57;0,69;0,64;0,56;0,59;0,63;0,5;0,58;0,65;0,59;0,62;0,56;0,66;0,7;0,51;0,53;0,6;0,59;0,54;0,52;0,53;0,51;0,63;0,57;0,55;0,59;0,53;0,52;0,53;0,66;0,6;0,56;0,56;0,59;0,66;0,53;0,61;0,56;0,64;0,53;0,63;0,53;0,52;8,4;;;;
11/08/2024;0,7;0,52;0,59;0,51;0,69;0,59;0,58;0,59;0,6;0,62;0,56;0,63;0,59;0,63;0,68;0,66;0,64;0,61;0,58;0,65;0,62;0,5;0,64;0,69;0,65;0,66;0,54;0,63;0,56;0,65;0,58;0,52;0,61;0,54;0,54;0,7;0,67;0,64;0,63;0,58;0,64;0,51;0,67;0,53;0,68;0,66;0,63;0,55;0,55;0,52;0,68;0,62;0,56;0,54;0,6;0,64;0,54;0,57;0,58;0,58;0,67;0,55;0,52;0,55;0,53;0,52;0,54;0,62;0,66;0,57;0,65;0,63;0,64;0,69;0,53;0,52;0,68;0,54;0,67;0,62;0,57;0,51;0,52;0,65;0,55;0,67;0,59;0,52;0,55;0,55;0,67;0,55;0,68;0,56;0,54;10,2;;;;
12/08/2024;0,61;0,53;0,56;0,53;0,62;0,65;0,65;0,54;0,6;0,67;0,6;0,62;0,65;0,64;0,52;0,54;0,58;0,5;0,58;0,52;0,52;0,63;0,57;0,53;0,62;0,57;0,67;0,65;0,59;0,6;0,52;0,57;0,55;0,6;0,54;0,51;0,51;0,65;0,57;0,68;0,51;0,69;0,55;0,51;0,56;0,69;0,6;0,58;0,6;0,52;0,53;0,67;0,52;0,65;0,52;0,58;0,69;0,65;0,55;0,5;0,69;0,63;0,67;0,57;0,56;0,58;0,68;0,69;0,67;0,52;0,52;0,59;0,63;0,63;0,54;0,52;0,58;0,62;0,65;0,64;0,58;0,55;0,67;0,56;0,67;0,51;0,65;0,5;0,6;0,7;0,7;0,53;0,66;0,58;0,64;10,5;;;;
13/08/2024;0,54;0,51;0,69;0,69;0,62;0,69;0,58;0,64;0,51;0,54;0,54;0,64;0,59;0,63;0,54;0,63;0,59;0,6;0,66;0,56;0,54;0,6;0,65;0,52;0,63;0,55;0,61;0,69;0,51;0,61;0,68;0,55;0,54;0,56;0,6;0,52;0,5;0,53;0,55;0,57;0,69;0,7;0,61;0,53;0,62;0,63;0,54;0,63;0,52;0,62;0,63;0,54;0,56;0,57;0,65;0,68;0,52;0,68;0,65;0,67;0,52;0,61;0,51;0,67;0,63;0,58;0,52;0,68;0,56;0,59;0,6;0,68;0,67;0,6;0,54;0,68;0,68;0,68;0,7;0,52;0,62;0,53;0,51;0,56;0,59;0,65;0,51;0,57;0,52;0,66;0,58;0,68;0,52;0,52;0,53;10,2;;;;
14/08/2024;0,7;0,57;0,5;0,66;0,6;0,67;0,59;0,66;0,58;0,63;0,69;0,51;0,65;0,7;0,51;0,63;0,57;0,69;0,59;0,68;0,62;0,67;0,66;0,54;0,51;0,66;0,66;0,63;0,58;0,53;0,68;0,58;0,58;0,5;0,61;0,53;0,6;0,63;0,58;0,69;0,59;0,57;0,64;0,59;0,52;0,52;0,51;0,56;0,66;0,67;0,66;0,67;0,61;0,59;0,61;0,69;0,65;0,65;0,53;0,65;0,54;0,7;0,54;0,57;0,53;0,69;0,54;0,57;0,61;0,5;0,68;0,57;0,54;0,61;0,61;0,6;0,62;0,52;0,62;0,55;0,67;0,57;0,63;0,64;0,59;0,53;0,66;0,59;0,67;0,51;0,62;0,52;0,6;0,68;0,6;12,0;;;;
15/08/2024;0,61;0,6;0,55;0,69;0,62;0,56;0,52;0,67;0,52;0,62;0,51;0,67;0,66;0,68;0,59;0,67;0,56;0,6;0,67;0,53;0,53;0,58;0,59;0,69;0,59;0,68;0,63;0,51;0,55;0,67;0,61;0,6;0,66;0,65;0,53;0,57;0,67;0,6;0,54;0,57;0,6;0,6;0,55;0,69;0,52;0,55;0,69;0,58;0,6;0,55;0,68;0,66;0,59;0,61;0,55;0,64;0,66;0,5;0,52;0,52;0,68;0,65;0,61;0,69;0,5;0,52;0,52;0,58;0,56;0,54;0,67;0,51;0,58;0,6;0,56;0,7;0,53;0,68;0,61;0,63;0,58;0,51;0,6;0,64;0,6;0,52;0,64;0,56;0,55;0,66;0,52;0,68;0,5;0,51;0,63;11,7;;;;
16/08/2024;0,54;0,63;0,68;0,58;0,6;0,57;0,52;0,57;0,6;0,6;0,63;0,67;0,67;0,61;0,67;0,61;0,64;0,59;0,59;0,55;0,58;0,54;0,63;0,61;0,51;0,56;0,57;0,61;0,54;0,61;0,6;0,69;0,62;0,67;0,61;0,66;0,51;0,66;0,55;0,51;0,59;0,67;0,67;0,66;0,57;0,54;0,68;0,67;0,59;0,66;0,61;0,55;0,63;0,51;0,59;0,53;0,51;0,64;0,53;0,61;0,59;0,69;0,62;0,52;0,5;0,57;0,63;0,69;0,63;0,67;0,66;0,62;0,64;0,6;0,59;0,66;0,62;0,51;0,61;0,6;0,59;0,64;0,69;0,55;0,54;0,64;0,62;0,65;0,62;0,53;0,6;0,51;0,65;0,65;0,62;10,2;;;;
17/08/2024;0,64;0,62;0,61;0,53;0,62;0,55;0,55;0,7;0,52;0,55;0,62;0,53;0,55;0,65;0,59;0,52;0,5;0,69;0,67;0,69;0,65;0,55;0,69;0,54;0,64;0,58;0,5;0,53;0,52;0,52;0,53;0,65;0,61;0,65;0,65;0,51;0,56;0,51;0,5;0,59;0,62;0,5;0,53;0,65;0,59;0,62;0,7;0,54;0,61;0,51;0,55;0,58;0,59;0,7;0,68;0,63;0,65;0,65;0,62;0,6;0,67;0,67;0,69;0,59;0,67;0,7;0,66;0,56;0,59;0,65;0,53;0,7;0,6;0,7;0,57;0,52;0,62;0,62;0,53;0,58;0,68;0,66;0,59;0,65;0,61;0,53;0,63;0,6;0,64;0,52;0,58;0,57;0,55;0,62;0,68;9,6;;;;
18/08/2024;0,65;0,67;0,64;0,68;0,64;0,51;0,53;0,52;0,58;0,57;0,51;0,56;0,64;0,52;0,54;0,53;0,51;0,58;0,53;0,64;0,51;0,61;0,69;0,56;0,67;0,59;0,6;0,62;0,58;0,69;0,5;0,62;0,6;0,63;0,54;0,5;0,62;0,67;0,65;0,5;0,58;0,53;0,68;0,51;0,64;0,59;0,64;0,65;0,59;0,59;0,57;0,54;0,52;0,64;0,62;0,67;0,54;0,65;0,69;0,58;0,65;0,67;0,55;0,6;0,64;0,6;0,67;0,5;0,55;0,58;0,51;0,56;0,6;0,58;0,58;0,6;0,7;0,61;0,64;0,61;0,61;0,6;0,51;0,66;0,65;0,66;0,55;0,69;0,7;0,69;0,66;0,68;0,59;0,65;0,67;9,9;;;;
19/08/2024;0,58;0,59;0,57;0,56;0,5;0,63;0,69;0,65;0,61;0,64;0,53;0,62;0,53;0,69;0,62;0,6;0,51;0,64;0,51;0,58;0,62;0,56;0,53;0,69;0,51;0,61;0,55;0,69;0,65;0,59;0,6;0,57;0,68;0,62;0,62;0,69;0,63;0,64;0,7;0,51;0,51;0,69;0,64;0,66;0,68;0,65;0,62;0,6;0,54;0,7;0,64;0,59;0,69;0,53;0,69;0,55;0,56;0,69;0,51;0,61;0,57;0,63;0,63;0,62;0,51;0,7;0,51;0,53;0,61;0,56;0,66;0,6;0,51;0,64;0,63;0,7;0,64;0,61;0,63;0,57;0,69;0,7;0,64;0,58;0,7;0,54;0,62;0,54;0,61;0,64;0,67;0,6;0,54;0,57;0,56;8,701;;;;
20/08/2024;0,52;0,58;0,55;0,55;0,68;0,61;0,54;0,67;0,67;0,57;0,55;0,61;0,63;0,68;0,58;0,6;0,53;0,53;0,64;0,51;0,53;0,69;0,6;0,68;0,6;0,57;0,54;0,61;0,56;0,58;0,5;0,6;0,63;0,55;0,54;0,53;0,64;0,65;0,52;0,56;0,51;0,52;0,61;0,57;0,58;0,56;0,63;0,55;0,56;0,66;0,52;0,68;0,57;0,53;0,57;0,53;0,51;0,51;0,51;0,66;0,52;0,55;0,68;0,62;0,7;0,68;0,5;0,53;0,61;0,58;0,65;0,67;0,69;0,61;0,52;0,62;0,58;0,6;0,7;0,54;0,58;0,58;0,51;0,54;0,61;0,58;0,54;0,55;0,56;0,68;0,54;0,69;0,61;0,63;0,53;9,6;;;;
21/08/2024;0,57;0,66;0,61;0,53;0,62;0,58;0,59;0,61;0,64;0,53;0,6;0,68;0,64;0,64;0,54;0,55;0,54;0,59;0,65;0,52;0,69;0,51;0,68;0,58;0,57;0,63;0,59;0,55;0,57;0,56;0,51;0,68;0,69;0,66;0,64;0,6;0,51;0,67;0,57;0,66;0,69;0,67;0,52;0,68;0,58;0,52;0,56;0,7;0,6;0,54;0,68;0,67;0,56;0,66;0,56;0,58;0,53;0,57;0,61;0,65;0,6;0,6;0,64;0,56;0,56;0,57;0,58;0,52;0,67;0,59;0,57;0,58;0,68;0,56;0,61;0,64;0,53;0,55;0,64;0,59;0,62;0,68;0,55;0,54;0,66;0,55;0,58;0,52;0,61;0,5;0,54;0,59;0,59;0,55;0,56;9,9;;;;
22/08/2024;0,51;0,62;0,66;0,61;0,58;0,6;0,57;0,52;0,56;0,63;0,7;0,51;0,59;0,56;0,68;0,58;0,59;0,55;0,69;0,52;0,69;0,6;0,69;0,65;0,68;0,61;0,52;0,63;0,61;0,56;0,67;0,63;0,58;0,68;0,65;0,64;0,5;0,51;0,57;0,53;0,53;0,6;0,69;0,6;0,69;0,55;0,61;0,62;0,53;0,67;0,67;0,67;0,65;0,56;0,51;0,5;0,55;0,5;0,59;0,67;0,61;0,64;0,6;0,6;0,51;0,6;0,7;0,53;0,58;0,64;0,61;0,66;0,67;0,63;0,56;0,52;0,58;0,69;0,52;0,59;0,53;0,6;0,52;0,62;0,51;0,54;0,66;0,56;0,5;0,62;0,54;0,57;0,64;0,55;0,53;9,3;;;;
23/08/2024;0,59;0,5;0,52;0,6;0,51;0,51;0,6;0,7;0,65;0,63;0,66;0,59;0,69;0,59;0,59;0,52;0,66;0,69;0,54;0,69;0,58;0,58;0,66;0,6;0,69;0,58;0,63;0,5;0,59;0,63;0,67;0,63;0,65;0,56;0,64;0,65;0,69;0,52;0,57;0,64;0,52;0,6;0,59;0,57;0,55;0,54;0,64;0,63;0,6;0,67;0,61;0,59;0,55;0,53;0,68;0,53;0,53;0,51;0,63;0,5;0,62;0,69;0,51;0,5;0,6;0,62;0,61;0,52;0,64;0,56;0,68;0,52;0,53;0,69;0,69;0,55;0,65;0,59;0,63;0,5;0,67;0,59;0,58;0,58;0,54;0,63;0,5;0,58;0,6;0,69;0,68;0,65;0,64;0,51;0,53;9,3;;;;
24/08/2024;0,52;0,54;0,58;0,56;0,56;0,69;0,68;0,61;0,61;0,67;0,59;0,7;0,61;0,63;0,55;0,61;0,53;0,65;0,62;0,58;0,62;0,63;0,65;0,53;0,51;0,55;0,64;0,5;0,64;0,7;0,54;0,57;0,69;0,53;0,65;0,53;0,6;0,62;0,55;0,69;0,67;0,61;0,66;0,69;0,63;0,58;0,58;0,55;0,56;0,53;0,58;0,6;0,55;0,52;0,51;0,7;0,62;0,56;0,52;0,54;0,58;0,64;0,59;0,52;0,63;0,58;0,52;0,63;0,64;0,57;0,51;0,61;0,61;0,63;0,68;0,62;0,59;0,55;0,56;0,53;0,65;0,62;0,63;0,53;0,59;0,54;0,64;0,53;0,55;0,51;0,57;0,53;0,55;0,63;0,64;9,3;;;;
25/08/2024;0,6;0,53;0,7;0,64;0,63;0,55;0,55;0,56;0,6;0,52;0,65;0,6;0,63;0,61;0,6;0,62;0,61;0,69;0,55;0,56;0,64;0,54;0,58;0,57;0,58;0,58;0,52;0,54;0,53;0,54;0,66;0,51;0,55;0,54;0,61;0,6;0,59;0,63;0,52;0,59;0,65;0,53;0,64;0,54;0,61;0,64;0,54;0,53;0,54;0,55;0,61;0,68;0,55;0,61;0,58;0,56;0,55;0,66;0,5;0,55;0,6;0,66;0,59;0,53;0,67;0,62;0,67;0,65;0,61;0,56;0,58;0,67;0,64;0,57;0,58;0,62;0,62;0,7;0,61;0,59;0,66;0,69;0,66;0,65;0,64;0,68;0,57;0,6;0,51;0,57;0,56;0,56;0,59;0,55;0,58;7,5;;;;
26/08/2024;0,63;0,68;0,62;0,66;0,59;0,54;0,6;0,61;0,5;0,57;0,69;0,5;0,64;0,68;0,55;0,64;0,52;0,53;0,56;0,5;0,58;0,68;0,56;0,65;0,65;0,63;0,67;0,56;0,65;0,64;0,52;0,57;0,68;0,54;0,68;0,54;0,55;0,57;0,65;0,6;0,58;0,61;0,69;0,6;0,68;0,59;0,69;0,62;0,61;0,68;0,68;0,54;0,54;0,66;0,55;0,61;0,7;0,56;0,57;0,51;0,66;0,56;0,56;0,68;0,62;0,61;0,61;0,53;0,66;0,66;0,57;0,67;0,66;0,68;0,51;0,57;0,58;0,62;0,67;0,55;0,51;0,58;0,64;0,66;0,55;0,55;0,52;0,62;0,53;0,53;0,5;0,51;0,68;0,56;0,62;7,8;;;;
27/08/2024;0,67;0,68;0,53;0,55;0,54;0,59;0,56;0,63;0,64;0,53;0,56;0,67;0,52;0,61;0,61;0,66;0,53;0,64;0,67;0,6;0,57;0,51;0,57;0,66;0,59;0,64;0,53;0,61;0,53;0,52;0,51;0,7;0,63;0,68;0,58;0,62;0,55;0,53;0,6;0,54;0,62;0,59;0,51;0,63;0,51;0,51;0,62;0,52;0,69;0,57;0,63;0,62;0,64;0,57;0,68;0,69;0,65;0,5;0,68;0,64;0,66;0,64;0,59;0,61;0,66;0,69;0,65;0,58;0,57;0,67;0,67;0,59;0,54;0,62;0,61;0,65;0,69;0,65;0,56;0,56;0,69;0,62;0,58;0,6;0,67;0,51;0,65;0,59;0,52;0,66;0,66;0,68;0,57;0,7;0,67;5,7;;;;
28/08/2024;0,53;0,51;0,67;0,62;0,68;0,56;0,59;0,5;0,7;0,53;0,52;0,51;0,53;0,5;0,58;0,51;0,53;0,61;0,51;0,57;0,61;0,61;0,57;0,52;0,56;0,57;0,5;0,55;0,62;0,58;0,61;0,68;0,66;0,53;0,57;0,57;0,6;0,51;0,65;0,59;0,56;0,51;0,51;0,64;0,65;0,66;0,65;0,58;0,6;0,61;0,6;0,61;0,51;0,51;0,58;0,67;0,6;0,64;0,68;0,56;0,65;0,59;0,66;0,64;0,68;0,59;0,6;0,61;0,67;0,63;0,68;0,54;0,67;0,62;0,62;0,63;0,52;0,61;0,6;0,63;0,53;0,57;0,63;0,69;0,55;0,54;0,59;0,55;0,66;0,51;0,55;0,64;0,6;0,66;0,5;5,4;;;;
29/08/2024;0,52;0,58;0,51;0,65;0,67;0,5;0,59;0,56;0,6;0,56;0,5;0,62;0,69;0,65;0,6;0,68;0,58;0,59;0,56;0,62;0,69;0,7;0,57;0,64;0,6;0,55;0,57;0,64;0,56;0,63;0,54;0,68;0,66;0,5;0,69;0,53;0,62;0,69;0,55;0,52;0,57;0,61;0,54;0,57;0,65;0,68;0,59;0,51;0,62;0,7;0,66;0,58;0,63;0,63;0,54;0,58;0,56;0,69;0,62;0,66;0,55;0,66;0,55;0,69;0,59;0,69;0,68;0,61;0,55;0,52;0,69;0,62;0,62;0,56;0,62;0,52;0,56;0,6;0,6;0,61;0,67;0,53;0,62;0,58;0,55;0,64;0,59;0,55;0,66;0,58;0,6;0,68;0,64;0,51;0,69;5,4;;;;
30/08/2024;0,7;0,54;0,64;0,59;0,59;0,65;0,6;0,59;0,58;0,52;0,52;0,54;0,55;0,66;0,66;0,64;0,69;0,64;0,61;0,6;0,54;0,54;0,54;0,68;0,56;0,67;0,56;0,56;0,69;0,66;0,65;0,55;0,66;0,54;0,66;0,68;0,58;0,67;0,57;0,67;0,68;0,56;0,56;0,53;0,65;0,7;0,53;0,52;0,6;0,56;0,67;0,61;0,54;0,68;0,68;0,52;0,64;0,51;0,68;0,66;0,6;0,54;0,63;0,52;0,6;0,67;0,51;0,63;0,55;0,56;0,54;0,52;0,62;0,67;0,52;0,65;0,57;0,68;0,57;0,5;0,51;0,66;0,57;0,68;0,68;0,6;0,51;0,67;0,66;0,56;0,58;0,63;0,51;0,58;0,68;5,7;;;;
31/08/2024;0,63;0,64;0,58;0,53;0,7;0,58;0,54;0,53;0,63;0,6;0,68;0,58;0,56;0,53;0,54;0,65;0,54;0,67;0,66;0,66;0,52;0,52;0,69;0,64;0,64;0,63;0,6;0,55;0,55;0,65;0,65;0,64;0,63;0,53;0,66;0,54;0,52;0,6;0,61;0,55;0,51;0,65;0,67;0,65;0,58;0,58;0,69;0,58;0,55;0,54;0,54;0,57;0,59;0,55;0,64;0,58;0,57;0,62;0,57;0,57;0,64;0,55;0,68;0,6;0,63;0,59;0,68;0,5;0,62;0,59;0,67;0,59;0,67;0,58;0,57;0,54;0,67;0,68;0,55;0,63;0,53;0,5;0,67;0,65;0,58;0,51;0,51;0,54;0,61;0,55;0,55;0,51;0,51;0,7;0,55;5,7;;;;
01/09/2024;0,64;0,62;0,66;0,7;0,55;0,51;0,55;0,64;0,68;0,58;0,55;0,63;0,67;0,53;0,56;0,68;0,51;0,69;0,52;0,61;0,55;0,62;0,66;0,56;0,64;0,57;0,65;0,52;0,68;0,53;0,53;0,57;0,52;0,64;0,69;0,65;0,53;0,56;0,67;0,68;0,62;0,58;0,67;0,54;0,52;0,62;0,57;0,61;0,53;0,69;0,58;0,65;0,69;0,64;0,61;0,63;0,64;0,51;0,62;0,66;0,52;0,58;0,6;0,59;0,62;0,58;0,64;0,62;0,64;0,59;0,59;0,68;0,53;0,53;0,6;0,64;0,67;0,57;0,65;0,57;0,51;0,5;0,53;0,67;0,52;0,54;0,64;0,64;0,68;0,6;0,53;0,62;0,61;0,57;0,67;6,0;;;;
02/09/2024;0,69;0,69;0,62;0,6;0,63;0,7;0,62;0,58;0,54;0,59;0,64;0,65;0,62;0,66;0,59;0,56;0,58;0,55;0,65;0,55;0,52;0,62;0,6;0,69;0,56;0,66;0,55;0,62;0,63;0,62;0,54;0,56;0,54;0,57;0,6;0,54;0,5;0,5;0,55;0,66;0,54;0,61;0,66;0,68;0,64;0,63;0,51;0,52;0,56;0,52;0,63;0,66;0,53;0,64;0,69;0,5;0,6;0,69;0,58;0,58;0,7;0,58;0,66;0,51;0,53;0,61;0,59;0,69;0,57;0,51;0,6;0,65;0,56;0,66;0,63;0,59;0,67;0,54;0,56;0,66;0,62;0,55;0,67;0,68;0,61;0,57;0,57;0,59;0,62;0,56;0,52;0,56;0,64;0,52;0,65;7,2;;;;
03/09/2024;0,6;0,67;0,53;0,68;0,66;0,65;0,68;0,69;0,68;0,52;0,63;0,55;0,54;0,65;0,54;0,53;0,67;0,6;0,55;0,66;0,56;0,68;0,6;0,62;0,54;0,53;0,57;0,54;0,6;0,59;0,7;0,57;0,65;0,6;0,63;0,64;0,64;0,57;0,54;0,52;0,55;0,67;0,54;0,5;0,52;0,66;0,55;0,6;0,5;0,62;0,53;0,67;0,66;0,65;0,58;0,62;0,57;0,56;0,61;0,67;0,51;0,63;0,54;0,56;0,64;0,53;0,67;0,61;0,67;0,65;0,61;0,6;0,57;0,51;0,68;0,52;0,57;0,67;0,56;0,67;0,58;0,66;0,61;0,54;0,65;0,59;0,68;0,6;0,57;0,58;0,61;0,56;0,52;0,53;0,63;5,7;;;;
04/09/2024;0,64;0,58;0,51;0,64;0,56;0,55;0,69;0,67;0,58;0,59;0,53;0,62;0,55;0,63;0,62;0,57;0,63;0,69;0,62;0,52;0,57;0,54;0,5;0,53;0,5;0,69;0,7;0,64;0,56;0,56;0,61;0,57;0,7;0,65;0,52;0,67;0,61;0,69;0,65;0,6;0,57;0,55;0,67;0,6;0,52;0,68;0,69;0,54;0,6;0,7;0,52;0,62;0,51;0,56;0,5;0,53;0,5;0,69;0,64;0,56;0,68;0,64;0,52;0,68;0,66;0,67;0,65;0,51;0,62;0,6;0,61;0,66;0,52;0,53;0,68;0,68;0,67;0,5;0,56;0,65;0,67;0,6;0,6;0,58;0,61;0,58;0,51;0,63;0,65;0,58;0,55;0,53;0,69;0,52;0,58;6,3;;;;
05/09/2024;0,69;0,57;0,7;0,54;0,59;0,61;0,51;0,69;0,53;0,54;0,56;0,67;0,51;0,51;0,58;0,62;0,6;0,59;0,59;0,56;0,68;0,59;0,6;0,63;0,5;0,68;0,58;0,65;0,67;0,66;0,64;0,5;0,53;0,53;0,61;0,54;0,51;0,66;0,66;0,57;0,51;0,52;0,7;0,65;0,6;0,53;0,67;0,52;0,51;0,7;0,6;0,66;0,56;0,65;0,52;0,63;0,56;0,68;0,6;0,62;0,55;0,57;0,68;0,59;0,56;0,65;0,69;0,65;0,59;0,59;0,6;0,63;0,66;0,57;0,68;0,6;0,52;0,62;0,66;0,58;0,54;0,61;0,65;0,64;0,6;0,56;0,56;0,57;0,64;0,58;0,7;0,62;0,64;0,58;0,58;6,3;;;;
06/09/2024;0,5;0,61;0,52;0,61;0,62;0,61;0,51;0,57;0,59;0,63;0,66;0,56;0,66;0,69;0,56;0,69;0,67;0,69;0,58;0,64;0,55;0,69;0,68;0,69;0,63;0,63;0,54;0,51;0,62;0,55;0,56;0,56;0,58;0,5;0,68;0,51;0,58;0,59;0,68;0,56;0,55;0,53;0,7;0,55;0,67;0,64;0,54;0,63;0,64;0,69;0,56;0,51;0,63;0,61;0,68;0,69;0,52;0,5;0,61;0,59;0,58;0,61;0,51;0,63;0,66;0,51;0,52;0,55;0,66;0,65;0,59;0,56;0,54;0,5;0,51;0,56;0,66;0,66;0,66;0,51;0,6;0,59;0,64;0,62;0,65;0,61;0,63;0,57;0,61;0,64;0,68;0,52;0,61;0,54;0,63;8,1;;;;
07/09/2024;0,69;0,66;0,57;0,66;0,56;0,63;0,68;0,67;0,62;0,67;0,58;0,64;0,54;0,53;0,52;0,6;0,56;0,52;0,68;0,62;0,59;0,53;0,55;0,6;0,66;0,53;0,6;0,58;0,63;0,54;0,69;0,56;0,6;0,51;0,62;0,54;0,63;0,56;0,66;0,55;0,61;0,56;0,66;0,64;0,62;0,51;0,58;0,68;0,66;0,62;0,54;0,53;0,56;0,61;0,5;0,52;0,52;0,55;0,61;0,53;0,52;0,55;0,51;0,67;0,57;0,52;0,53;0,67;0,55;0,69;0,67;0,53;0,51;0,6;0,53;0,69;0,6;0,55;0,5;0,57;0,65;0,63;0,55;0,58;0,61;0,61;0,66;0,66;0,61;0,55;0,63;0,53;0,6;0,69;0,67;8,1;;;;
08/09/2024;0,65;0,66;0,52;0,53;0,53;0,55;0,57;0,66;0,59;0,62;0,59;0,58;0,5;0,5;0,56;0,67;0,65;0,56;0,51;0,69;0,55;0,55;0,54;0,58;0,51;0,52;0,64;0,61;0,6;0,63;0,5;0,59;0,51;0,62;0,53;0,56;0,61;0,52;0,68;0,61;0,52;0,6;0,62;0,7;0,55;0,69;0,59;0,58;0,52;0,67;0,53;0,52;0,63;0,68;0,51;0,65;0,66;0,56;0,62;0,66;0,66;0,64;0,7;0,54;0,59;0,53;0,68;0,62;0,68;0,62;0,54;0,68;0,61;0,61;0,53;0,64;0,66;0,69;0,66;0,54;0,59;0,7;0,65;0,68;0,64;0,63;0,58;0,52;0,55;0,63;0,62;0,66;0,64;0,68;0,65;7,2;;;;
09/09/2024;0,56;0,58;0,62;0,62;0,7;0,51;0,57;0,68;0,65;0,6;0,5;0,69;0,61;0,51;0,51;0,62;0,59;0,67;0,55;0,68;0,58;0,57;0,64;0,51;0,68;0,68;0,68;0,62;0,67;0,53;0,53;0,56;0,61;0,62;0,51;0,62;0,56;0,65;0,6;0,52;0,67;0,51;0,6;0,62;0,58;0,62;0,64;0,67;0,69;0,51;0,64;0,63;0,54;0,5;0,61;0,6;0,51;0,56;0,52;0,66;0,65;0,68;0,56;0,59;0,62;0,6;0,63;0,58;0,51;0,63;0,67;0,54;0,62;0,6;0,5;0,54;0,53;0,62;0,63;0,55;0,59;0,65;0,68;0,68;0,55;0,61;0,51;0,51;0,63;0,65;0,64;0,69;0,53;0,68;0,51;6,3;;;;
10/09/2024;0,65;0,58;0,52;0,69;0,55;0,64;0,68;0,68;0,6;0,51;0,65;0,54;0,67;0,58;0,57;0,53;0,65;0,55;0,58;0,5;0,66;0,53;0,52;0,6;0,62;0,5;0,51;0,62;0,67;0,54;0,62;0,67;0,58;0,61;0,51;0,61;0,61;0,65;0,52;0,68;0,68;0,58;0,51;0,51;0,7;0,69;0,67;0,51;0,68;0,56;0,67;0,67;0,57;0,52;0,67;0,52;0,69;0,63;0,6;0,66;0,7;0,63;0,56;0,62;0,54;0,62;0,55;0,63;0,62;0,55;0,5;0,58;0,66;0,61;0,63;0,66;0,69;0,59;0,65;0,5;0,61;0,65;0,65;0,59;0,7;0,59;0,67;0,59;0,57;0,7;0,6;0,62;0,57;0,55;0,53;6,0;;;;
11/09/2024;0,5;0,62;0,59;0,56;0,63;0,68;0,51;0,67;0,61;0,65;0,68;0,58;0,68;0,56;0,65;0,64;0,6;0,58;0,61;0,5;0,52;0,56;0,62;0,65;0,54;0,6;0,65;0,64;0,6;0,67;0,65;0,51;0,52;0,64;0,7;0,68;0,61;0,6;0,54;0,67;0,66;0,62;0,62;0,51;0,5;0,59;0,51;0,59;0,58;0,62;0,61;0,58;0,58;0,56;0,68;0,65;0,53;0,67;0,62;0,67;0,58;0,69;0,63;0,54;0,5;0,67;0,53;0,66;0,66;0,69;0,56;0,66;0,7;0,66;0,63;0,6;0,61;0,65;0,65;0,53;0,54;0,63;0,55;0,67;0,6;0,54;0,56;0,66;0,6;0,57;0,63;0,59;0,6;0,68;0,62;5,7;;;;
12/09/2024;0,65;0,53;0,5;0,63;0,55;0,65;0,61;0,55;0,68;0,58;0,55;0,66;0,6;0,68;0,51;0,66;0,63;0,53;0,51;0,54;0,54;0,58;0,69;0,58;0,58;0,61;0,51;0,58;0,53;0,59;0,58;0,58;0,57;0,68;0,61;0,6;0,6;0,56;0,59;0,58;0,5;0,53;0,55;0,66;0,62;0,6;0,66;0,69;0,51;0,54;0,54;0,56;0,61;0,61;0,62;0,57;0,68;0,55;0,53;0,62;0,7;0,67;0,64;0,69;0,61;0,53;0,53;0,54;0,68;0,56;0,65;0,66;0,53;0,68;0,7;0,68;0,7;0,55;0,55;0,56;0,62;0,56;0,56;0,61;0,68;0,68;0,61;0,53;0,67;0,64;0,6;0,62;0,63;0,55;0,6;7,5;;;;
13/09/2024;0,53;0,58;0,63;0,51;0,57;0,57;0,58;0,54;0,63;0,62;0,61;0,69;0,64;0,63;0,69;0,61;0,63;0,52;0,5;0,58;0,69;0,58;0,68;0,64;0,63;0,6;0,66;0,63;0,52;0,54;0,7;0,65;0,65;0,61;0,51;0,57;0,56;0,61;0,68;0,55;0,51;0,62;0,56;0,57;0,5;0,51;0,51;0,6;0,53;0,57;0,52;0,54;0,6;0,57;0,6;0,61;0,53;0,6;0,52;0,7;0,69;0,52;0,65;0,59;0,65;0,68;0,5;0,7;0,58;0,56;0,52;0,6;0,52;0,55;0,52;0,58;0,52;0,57;0,58;0,7;0,57;0,52;0,52;0,57;0,57;0,66;0,62;0,52;0,63;0,67;0,52;0,64;0,64;0,6;0,52;9,0;;;;
14/09/2024;0,57;0,58;0,59;0,56;0,57;0,54;0,61;0,55;0,61;0,58;0,51;0,66;0,55;0,68;0,63;0,66;0,62;0,61;0,5;0,69;0,69;0,69;0,69;0,67;0,55;0,66;0,51;0,51;0,69;0,56;0,59;0,67;0,65;0,69;0,52;0,62;0,52;0,57;0,7;0,58;0,7;0,59;0,6;0,56;0,67;0,54;0,57;0,69;0,69;0,55;0,57;0,51;0,63;0,54;0,65;0,66;0,56;0,52;0,6;0,67;0,56;0,54;0,61;0,55;0,54;0,57;0,69;0,66;0,59;0,56;0,68;0,51;0,56;0,63;0,58;0,64;0,67;0,52;0,53;0,53;0,68;0,53;0,62;0,62;0,66;0,7;0,51;0,62;0,54;0,56;0,67;0,51;0,69;0,56;0,6;7,8;;;;
15/09/2024;0,67;0,6;0,64;0,58;0,58;0,56;0,54;0,56;0,54;0,65;0,52;0,64;0,67;0,51;0,65;0,66;0,66;0,68;0,61;0,64;0,61;0,69;0,64;0,58;0,63;0,54;0,59;0,5;0,52;0,57;0,7;0,64;0,55;0,65;0,65;0,6;0,53;0,52;0,55;0,58;0,61;0,64;0,51;0,58;0,64;0,66;0,59;0,68;0,68;0,6;0,61;0,65;0,53;0,59;0,51;0,65;0,61;0,58;0,56;0,54;0,53;0,52;0,64;0,54;0,68;0,56;0,66;0,52;0,58;0,68;0,66;0,61;0,67;0,54;0,68;0,61;0,56;0,5;0,56;0,59;0,63;0,55;0,52;0,66;0,62;0,55;0,54;0,53;0,66;0,58;0,56;0,7;0,54;0,69;0,64;6,6;;;;
16/09/2024;0,52;0,51;0,63;0,67;0,63;0,62;0,54;0,58;0,56;0,53;0,61;0,53;0,58;0,51;0,69;0,56;0,53;0,57;0,6;0,67;0,69;0,63;0,59;0,66;0,66;0,63;0,54;0,61;0,56;0,61;0,55;0,55;0,51;0,52;0,62;0,61;0,61;0,63;0,51;0,68;0,63;0,57;0,54;0,52;0,52;0,61;0,58;0,62;0,61;0,55;0,66;0,57;0,52;0,55;0,51;0,68;0,58;0,5;0,69;0,7;0,56;0,61;0,62;0,53;0,56;0,62;0,61;0,6;0,64;0,68;0,54;0,51;0,63;0,53;0,7;0,67;0,61;0,61;0,55;0,52;0,58;0,54;0,65;0,64;0,52;0,54;0,59;0,59;0,57;0,58;0,63;0,65;0,66;0,64;0,6;6,0;;;;
17/09/2024;0,53;0,51;0,59;0,57;0,67;0,55;0,54;0,63;0,7;0,58;0,69;0,53;0,61;0,51;0,62;0,62;0,63;0,59;0,68;0,68;0,58;0,66;0,66;0,63;0,58;0,54;0,59;0,59;0,62;0,59;0,69;0,6;0,67;0,64;0,64;0,63;0,57;0,54;0,58;0,66;0,51;0,59;0,63;0,63;0,58;0,65;0,52;0,66;0,69;0,68;0,65;0,59;0,54;0,61;0,55;0,55;0,51;0,53;0,65;0,55;0,69;0,67;0,58;0,54;0,52;0,52;0,67;0,69;0,57;0,55;0,6;0,64;0,62;0,51;0,54;0,6;0,62;0,69;0,64;0,69;0,66;0,62;0,64;0,61;0,58;0,61;0,6;0,63;0,59;0,51;0,61;0,62;0,6;0,63;0,56;5,7;;;;
18/09/2024;0,65;0,55;0,68;0,57;0,67;0,59;0,51;0,64;0,69;0,62;0,55;0,7;0,58;0,59;0,53;0,6;0,65;0,64;0,62;0,6;0,58;0,5;0,69;0,53;0,56;0,51;0,64;0,56;0,54;0,68;0,59;0,53;0,52;0,57;0,7;0,53;0,56;0,67;0,62;0,66;0,58;0,68;0,52;0,7;0,55;0,51;0,57;0,64;0,61;0,67;0,62;0,63;0,53;0,65;0,51;0,55;0,66;0,52;0,51;0,67;0,69;0,65;0,52;0,55;0,66;0,68;0,7;0,63;0,55;0,65;0,6;0,65;0,55;0,53;0,64;0,56;0,65;0,53;0,58;0,63;0,52;0,58;0,59;0,66;0,55;0,68;0,51;0,67;0,64;0,59;0,6;0,62;0,58;0,51;0,52;5,1;;;;
19/09/2024;0,65;0,66;0,58;0,52;0,64;0,58;0,51;0,64;0,65;0,58;0,62;0,52;0,65;0,54;0,56;0,67;0,7;0,55;0,61;0,59;0,51;0,63;0,53;0,69;0,68;0,51;0,51;0,62;0,56;0,53;0,52;0,66;0,57;0,5;0,53;0,51;0,56;0,57;0,66;0,67;0,68;0,54;0,58;0,53;0,62;0,62;0,51;0,57;0,6;0,7;0,59;0,67;0,6;0,59;0,54;0,68;0,58;0,52;0,56;0,62;0,54;0,59;0,59;0,66;0,62;0,56;0,52;0,57;0,57;0,59;0,57;0,64;0,51;0,67;0,67;0,52;0,68;0,69;0,52;0,53;0,51;0,65;0,55;0,59;0,58;0,56;0,65;0,51;0,67;0,66;0,56;0,6;0,59;0,59;0,51;5,4;;;;
20/09/2024;0,54;0,66;0,58;0,56;0,68;0,64;0,54;0,54;0,69;0,64;0,58;0,63;0,57;0,52;0,61;0,7;0,5;0,63;0,56;0,53;0,57;0,52;0,56;0,54;0,6;0,51;0,56;0,5;0,63;0,55;0,62;0,61;0,58;0,68;0,56;0,55;0,5;0,53;0,65;0,52;0,6;0,6;0,52;0,67;0,6;0,69;0,62;0,62;0,67;0,55;0,62;0,56;0,51;0,6;0,54;0,7;0,51;0,55;0,52;0,52;0,61;0,56;0,65;0,64;0,64;0,68;0,51;0,66;0,52;0,56;0,65;0,63;0,62;0,67;0,53;0,54;0,57;0,62;0,62;0,67;0,67;0,64;0,66;0,6;0,52;0,6;0,51;0,6;0,53;0,59;0,6;0,52;0,52;0,69;0,68;5,7;;;;
21/09/2024;0,52;0,64;0,68;0,63;0,55;0,58;0,55;0,6;0,63;0,69;0,67;0,62;0,68;0,58;0,66;0,5;0,58;0,57;0,68;0,53;0,53;0,69;0,55;0,68;0,52;0,51;0,56;0,53;0,5;0,51;0,7;0,55;0,65;0,55;0,61;0,52;0,54;0,7;0,61;0,64;0,69;0,54;0,61;0,5;0,63;0,53;0,64;0,6;0,6;0,58;0,53;0,61;0,56;0,67;0,51;0,55;0,53;0,58;0,54;0,51;0,68;0,52;0,55;0,51;0,56;0,52;0,63;0,51;0,59;0,68;0,64;0,57;0,69;0,54;0,6;0,55;0,66;0,62;0,62;0,54;0,64;0,6;0,7;0,6;0,57;0,54;0,59;0,52;0,52;0,53;0,56;0,68;0,51;0,64;0,62;5,1;;;;
22/09/2024;0,53;0,59;0,6;0,62;0,57;0,65;0,6;0,59;0,55;0,52;0,58;0,55;0,69;0,55;0,7;0,61;0,63;0,69;0,65;0,68;0,63;0,56;0,6;0,51;0,65;0,55;0,55;0,54;0,6;0,65;0,64;0,53;0,57;0,68;0,67;0,59;0,65;0,61;0,54;0,62;0,66;0,6;0,52;0,57;0,5;0,5;0,61;0,7;0,5;0,6;0,7;0,54;0,67;0,62;0,69;0,63;0,68;0,54;0,61;0,58;0,56;0,67;0,63;0,55;0,69;0,68;0,51;0,55;0,52;0,52;0,55;0,59;0,55;0,68;0,6;0,6;0,58;0,6;0,67;0,57;0,52;0,65;0,68;0,69;0,66;0,59;0,56;0,56;0,63;0,58;0,66;0,54;0,51;0,64;0,59;5,7;;;;
23/09/2024;0,57;0,6;0,66;0,65;0,56;0,68;0,56;0,52;0,61;0,64;0,62;0,67;0,67;0,52;0,53;0,6;0,51;0,66;0,7;0,66;0,67;0,66;0,64;0,6;0,5;0,51;0,62;0,59;0,61;0,53;0,55;0,65;0,54;0,52;0,66;0,57;0,55;0,67;0,51;0,52;0,68;0,61;0,64;0,55;0,55;0,6;0,68;0,54;0,7;0,6;0,63;0,59;0,64;0,66;0,67;0,54;0,52;0,67;0,67;0,58;0,57;0,65;0,54;0,65;0,51;0,57;0,57;0,62;0,66;0,53;0,67;0,62;0,55;0,64;0,69;0,53;0,53;0,65;0,7;0,68;0,69;0,6;0,62;0,62;0,63;0,62;0,57;0,54;0,68;0,53;0,58;0,69;0,57;0,59;0,55;5,399;;;;
24/09/2024;0,67;0,61;0,54;0,62;0,68;0,61;0,65;0,54;0,63;0,54;0,67;0,69;0,62;0,59;0,59;0,51;0,56;0,59;0,58;0,64;0,57;0,5;0,54;0,52;0,53;0,6;0,5;0,52;0,57;0,52;0,65;0,68;0,65;0,61;0,51;0,53;0,54;0,53;0,58;0,66;0,55;0,61;0,51;0,63;0,65;0,51;0,53;0,67;0,69;0,67;0,53;0,59;0,6;0,6;0,69;0,58;0,66;0,5;0,69;0,57;0,68;0,55;0,6;0,54;0,61;0,56;0,59;0,6;0,64;0,65;0,58;0,67;0,68;0,56;0,51;0,66;0,67;0,62;0,64;0,52;0,65;0,67;0,59;0,68;0,68;0,67;0,5;0,62;0,59;0,57;0,53;0,62;0,53;0,55;0,59;6,0;;;;
25/09/2024;0,57;0,59;0,67;0,55;0,58;0,52;0,6;0,66;0,57;0,57;0,65;0,53;0,63;0,65;0,58;0,69;0,63;0,57;0,69;0,66;0,64;0,68;0,53;0,5;0,65;0,63;0,58;0,51;0,69;0,54;0,68;0,57;0,52;0,5;0,55;0,7;0,58;0,52;0,65;0,51;0,57;0,66;0,64;0,64;0,66;0,62;0,7;0,67;0,53;0,64;0,51;0,69;0,63;0,62;0,67;0,59;0,55;0,6;0,6;0,54;0,55;0,67;0,56;0,51;0,59;0,64;0,51;0,68;0,53;0,53;0,68;0,61;0,55;0,64;0,63;0,55;0,54;0,56;0,56;0,68;0,54;0,54;0,57;0,52;0,66;0,64;0,61;0,5;0,54;0,56;0,64;0,52;0,54;0,62;0,6;5,4;;;;
26/09/2024;0,67;0,68;0,61;0,62;0,54;0,57;0,66;0,59;0,68;0,57;0,7;0,61;0,68;0,57;0,68;0,61;0,59;0,61;0,56;0,64;0,62;0,51;0,53;0,61;0,51;0,5;0,53;0,55;0,6;0,57;0,61;0,67;0,51;0,57;0,6;0,68;0,68;0,53;0,59;0,55;0,66;0,54;0,68;0,52;0,66;0,65;0,59;0,53;0,6;0,67;0,51;0,63;0,54;0,58;0,6;0,61;0,58;0,64;0,56;0,7;0,55;0,5;0,58;0,55;0,52;0,52;0,53;0,53;0,56;0,61;0,58;0,51;0,6;0,68;0,65;0,69;0,69;0,53;0,65;0,64;0,57;0,55;0,67;0,57;0,51;0,59;0,66;0,64;0,53;0,68;0,53;0,52;0,52;0,61;0,51;5,1;;;;
27/09/2024;0,69;0,51;0,57;0,53;0,55;0,55;0,58;0,56;0,7;0,62;0,57;0,61;0,67;0,54;0,61;0,68;0,68;0,67;0,62;0,52;0,61;0,56;0,55;0,69;0,69;0,5;0,68;0,61;0,57;0,68;0,53;0,51;0,65;0,6;0,56;0,59;0,58;0,51;0,6;0,59;0,53;0,66;0,52;0,63;0,61;0,52;0,65;0,61;0,57;0,54;0,68;0,5;0,62;0,62;0,63;0,51;0,69;0,63;0,5;0,63;0,58;0,55;0,64;0,51;0,64;0,62;0,51;0,61;0,63;0,69;0,55;0,56;0,68;0,63;0,5;0,69;0,57;0,56;0,52;0,52;0,55;0,54;0,57;0,64;0,64;0,62;0,52;0,59;0,64;0,52;0,52;0,62;0,58;0,61;0,54;6,0;;;;
28/09/2024;0,64;0,59;0,66;0,65;0,58;0,55;0,7;0,67;0,7;0,56;0,53;0,68;0,63;0,67;0,56;0,56;0,54;0,5;0,55;0,56;0,65;0,53;0,52;0,61;0,54;0,69;0,56;0,52;0,57;0,53;0,5;0,59;0,66;0,56;0,55;0,63;0,52;0,54;0,62;0,54;0,59;0,68;0,63;0,59;0,67;0,53;0,56;0,52;0,58;0,56;0,62;0,67;0,54;0,54;0,67;0,65;0,63;0,61;0,55;0,52;0,52;0,53;0,57;0,64;0,68;0,55;0,58;0,58;0,6;0,58;0,54;0,65;0,58;0,53;0,59;0,67;0,53;0,6;0,61;0,58;0,57;0,51;0,63;0,68;0,56;0,61;0,63;0,64;0,69;0,6;0,53;0,53;0,51;0,63;0,67;6,0;;;;
29/09/2024;0,62;0,54;0,53;0,57;0,57;0,55;0,65;0,53;0,53;0,53;0,56;0,65;0,68;0,51;0,66;0,7;0,66;0,69;0,53;0,51;0,54;0,67;0,66;0,51;0,67;0,69;0,63;0,57;0,62;0,57;0,56;0,56;0,69;0,62;0,6;0,69;0,63;0,6;0,62;0,66;0,61;0,65;0,7;0,63;0,66;0,59;0,55;0,66;0,62;0,54;0,53;0,58;0,55;0,61;0,66;0,57;0,66;0,51;0,55;0,61;0,53;0,59;0,68;0,58;0,52;0,64;0,53;0,51;0,53;0,63;0,52;0,54;0,66;0,56;0,67;0,56;0,57;0,5;0,54;0,65;0,65;0,6;0,54;0,65;0,5;0,63;0,55;0,65;0,58;0,54;0,55;0,68;0,63;0,69;0,67;5,7;;;;
30/09/2024;0,58;0,69;0,65;0,68;0,69;0,67;0,6;0,51;0,66;0,66;0,55;0,58;0,68;0,56;0,63;0,65;0,58;0,7;0,5;0,69;0,6;0,67;0,57;0,65;0,59;0,7;0,57;0,6;0,63;0,65;0,53;0,63;0,63;0,68;0,58;0,7;0,67;0,55;0,53;0,64;0,62;0,54;0,68;0,5;0,6;0,54;0,7;0,6;0,6;0,52;0,55;0,52;0,56;0,51;0,51;0,53;0,64;0,64;0,57;0,59;0,61;0,66;0,55;0,61;0,53;0,55;0,69;0,55;0,53;0,65;0,6;0,64;0,66;0,65;0,59;0,65;0,5;0,69;0,52;0,51;0,56;0,65;0,64;0,58;0,52;0,66;0,64;0,54;0,51;0,62;0,6;0,64;0,52;0,54;0,58;5,4;;;;
01/10/2024;0,53;0,67;0,51;0,53;0,65;0,68;0,67;0,51;0,51;0,53;0,61;0,66;0,52;0,53;0,52;0,5;0,6;0,55;0,69;0,64;0,59;0,66;0,67;0,55;0,62;0,53;0,63;0,61;0,65;0,68;0,56;0,56;0,59;0,59;0,54;0,52;0,6;0,68;0,55;0,6;0,61;0,56;0,59;0,66;0,62;0,63;0,57;0,51;0,67;0,56;0,5;0,55;0,69;0,53;0,61;0,68;0,68;0,56;0,53;0,62;0,59;0,6;0,61;0,63;0,69;0,56;0,63;0,55;0,52;0,67;0,64;0,59;0,66;0,53;0,59;0,55;0,68;0,66;0,69;0,66;0,56;0,53;0,59;0,68;0,6;0,66;0,52;0,57;0,54;0,65;0,65;0,52;0,52;0,6;0,5;5,1;;;;
02/10/2024;0,53;0,55;0,52;0,62;0,59;0,55;0,66;0,54;0,52;0,53;0,54;0,59;0,55;0,55;0,6;0,51;0,64;0,57;0,64;0,59;0,52;0,69;0,63;0,57;0,67;0,7;0,52;0,57;0,57;0,65;0,5;0,7;0,51;0,51;0,55;0,56;0,52;0,54;0,66;0,55;0,52;0,53;0,69;0,51;0,55;0,69;0,66;0,68;0,64;0,59;0,66;0,63;0,63;0,63;0,63;0,66;0,63;0,63;0,6;0,62;0,61;0,67;0,65;0,6;0,52;0,59;0,5;0,53;0,56;0,55;0,69;0,65;0,66;0,66;0,55;0,68;0,62;0,5;0,67;0,68;0,55;0,64;0,63;0,62;0,51;0,59;0,54;0,63;0,6;0,54;0,55;0,61;0,67;0,7;0,69;5,4;;;;
03/10/2024;0,57;0,51;0,69;0,6;0,58;0,51;0,69;0,67;0,53;0,6;0,52;0,6;0,61;0,53;0,69;0,57;0,67;0,65;0,59;0,55;0,57;0,62;0,64;0,5;0,64;0,65;0,56;0,57;0,59;0,61;0,63;0,61;0,66;0,62;0,56;0,5;0,67;0,69;0,51;0,67;0,55;0,64;0,63;0,66;0,64;0,6;0,51;0,51;0,66;0,63;0,5;0,61;0,64;0,51;0,55;0,5;0,63;0,62;0,5;0,66;0,51;0,64;0,54;0,53;0,66;0,56;0,65;0,54;0,6;0,64;0,65;0,63;0,68;0,63;0,57;0,69;0,61;0,56;0,68;0,54;0,55;0,57;0,66;0,56;0,69;0,68;0,68;0,51;0,61;0,51;0,53;0,54;0,64;0,51;0,55;4,8;;;;
04/10/2024;0,64;0,52;0,57;0,53;0,51;0,58;0,63;0,7;0,6;0,66;0,64;0,6;0,54;0,56;0,56;0,67;0,69;0,69;0,66;0,68;0,61;0,59;0,58;0,69;0,5;0,53;0,51;0,65;0,57;0,65;0,68;0,54;0,51;0,64;0,7;0,57;0,68;0,54;0,67;0,7;0,53;0,56;0,55;0,67;0,67;0,68;0,56;0,68;0,59;0,53;0,65;0,55;0,69;0,51;0,53;0,52;0,51;0,53;0,61;0,61;0,52;0,56;0,57;0,6;0,61;0,6;0,63;0,64;0,56;0,57;0,63;0,61;0,52;0,53;0,66;0,61;0,6;0,58;0,58;0,52;0,61;0,51;0,51;0,69;0,66;0,61;0,65;0,5;0,61;0,69;0,58;0,62;0,61;0,66;0,6;5,1;;;;
05/10/2024;0,68;0,55;0,69;0,61;0,55;0,69;0,55;0,59;0,62;0,69;0,58;0,6;0,52;0,69;0,65;0,53;0,5;0,58;0,67;0,5;0,66;0,66;0,59;0,69;0,54;0,55;0,52;0,57;0,6;0,69;0,67;0,65;0,64;0,64;0,56;0,69;0,69;0,54;0,69;0,63;0,61;0,63;0,62;0,51;0,62;0,61;0,66;0,64;0,55;0,61;0,68;0,57;0,51;0,65;0,59;0,56;0,67;0,54;0,53;0,52;0,56;0,53;0,68;0,52;0,69;0,61;0,62;0,55;0,52;0,51;0,5;0,67;0,53;0,52;0,69;0,61;0,5;0,57;0,69;0,54;0,53;0,51;0,7;0,69;0,62;0,55;0,56;0,66;0,59;0,63;0,53;0,66;0,55;0,61;0,58;6,0;;;;
06/10/2024;0,7;0,63;0,57;0,6;0,68;0,55;0,56;0,61;0,51;0,64;0,58;0,59;0,54;0,65;0,54;0,56;0,59;0,7;0,68;0,5;0,55;0,68;0,68;0,58;0,69;0,7;0,61;0,57;0,7;0,51;0,52;0,69;0,57;0,61;0,54;0,57;0,7;0,52;0,63;0,66;0,5;0,55;0,55;0,54;0,52;0,55;0,68;0,64;0,54;0,61;0,59;0,67;0,69;0,57;0,61;0,55;0,64;0,65;0,59;0,63;0,51;0,68;0,62;0,6;0,67;0,53;0,63;0,56;0,51;0,64;0,53;0,62;0,6;0,68;0,6;0,52;0,68;0,7;0,7;0,68;0,61;0,54;0,52;0,61;0,67;0,59;0,68;0,68;0,6;0,55;0,51;0,68;0,54;0,55;0,59;6,0;;;;
07/10/2024;0,55;0,54;0,67;0,69;0,63;0,54;0,69;0,66;0,55;0,59;0,62;0,53;0,69;0,6;0,56;0,64;0,64;0,61;0,67;0,68;0,63;0,66;0,6;0,69;0,53;0,55;0,51;0,52;0,59;0,61;0,5;0,52;0,58;0,56;0,53;0,63;0,61;0,7;0,51;0,56;0,58;0,61;0,56;0,64;0,51;0,52;0,54;0,58;0,51;0,69;0,61;0,69;0,52;0,64;0,51;0,64;0,64;0,56;0,57;0,68;0,6;0,7;0,56;0,52;0,67;0,66;0,64;0,59;0,56;0,51;0,57;0,52;0,63;0,65;0,63;0,51;0,65;0,59;0,68;0,64;0,6;0,53;0,58;0,59;0,51;0,5;0,55;0,61;0,58;0,67;0,53;0,6;0,55;0,68;0,62;5,7;;;;
08/10/2024;0,63;0,55;0,61;0,55;0,61;0,52;0,63;0,66;0,58;0,69;0,52;0,68;0,54;0,62;0,59;0,59;0,61;0,65;0,51;0,5;0,64;0,53;0,69;0,61;0,65;0,51;0,61;0,52;0,55;0,65;0,63;0,51;0,59;0,61;0,53;0,58;0,66;0,66;0,6;0,58;0,58;0,7;0,57;0,51;0,61;0,66;0,59;0,58;0,57;0,52;0,53;0,51;0,69;0,5;0,65;0,51;0,59;0,57;0,53;0,67;0,68;0,55;0,58;0,54;0,54;0,67;0,65;0,63;0,62;0,51;0,6;0,62;0,64;0,67;0,53;0,5;0,51;0,53;0,66;0,55;0,68;0,59;0,52;0,61;0,69;0,59;0,51;0,55;0,65;0,67;0,55;0,59;0,61;0,5;0,64;6,0;;;;
09/10/2024;0,51;0,6;0,56;0,52;0,51;0,53;0,61;0,58;0,66;0,52;0,67;0,62;0,7;0,61;0,58;0,55;0,54;0,68;0,54;0,66;0,6;0,51;0,58;0,56;0,61;0,59;0,52;0,58;0,56;0,62;0,57;0,6;0,5;0,6;0,62;0,7;0,6;0,69;0,59;0,55;0,68;0,58;0,56;0,6;0,64;0,56;0,68;0,57;0,59;0,6;0,53;0,61;0,54;0,59;0,54;0,56;0,62;0,64;0,62;0,57;0,61;0,62;0,61;0,59;0,7;0,6;0,6;0,6;0,58;0,51;0,63;0,51;0,61;0,58;0,51;0,55;0,67;0,5;0,54;0,59;0,57;0,61;0,6;0,56;0,59;0,59;0,59;0,62;0,61;0,61;0,6;0,67;0,54;0,65;0,51;5,7;;;;
10/10/2024;0,65;0,69;0,54;0,6;0,68;0,63;0,59;0,57;0,6;0,68;0,66;0,55;0,6;0,57;0,6;0,59;0,56;0,66;0,67;0,65;0,54;0,65;0,57;0,53;0,52;0,53;0,52;0,7;0,59;0,58;0,6;0,56;0,6;0,68;0,61;0,61;0,68;0,66;0,51;0,55;0,63;0,59;0,58;0,65;0,54;0,51;0,69;0,52;0,62;0,69;0,59;0,58;0,54;0,62;0,6;0,62;0,64;0,66;0,6;0,59;0,56;0,59;0,57;0,58;0,51;0,53;0,69;0,53;0,62;0,59;0,52;0,56;0,66;0,56;0,51;0,7;0,59;0,69;0,58;0,54;0,55;0,59;0,63;0,56;0,68;0,51;0,52;0,69;0,57;0,69;0,67;0,63;0,55;0,52;0,51;6,3;;;;
11/10/2024;0,61;0,6;0,69;0,56;0,68;0,59;0,59;0,5;0,59;0,53;0,52;0,66;0,7;0,7;0,7;0,59;0,53;0,67;0,63;0,5;0,55;0,57;0,54;0,53;0,69;0,65;0,64;0,53;0,55;0,65;0,54;0,51;0,61;0,68;0,59;0,52;0,66;0,61;0,58;0,54;0,58;0,69;0,61;0,63;0,58;0,53;0,69;0,67;0,54;0,66;0,57;0,57;0,58;0,65;0,53;0,66;0,63;0,54;0,59;0,63;0,54;0,53;0,64;0,67;0,55;0,61;0,57;0,68;0,56;0,52;0,58;0,62;0,68;0,62;0,64;0,62;0,56;0,56;0,51;0,66;0,59;0,54;0,62;0,53;0,65;0,7;0,51;0,68;0,58;0,69;0,52;0,63;0,68;0,51;0,52;7,5;;;;
12/10/2024;0,54;0,52;0,55;0,69;0,58;0,61;0,68;0,67;0,55;0,67;0,53;0,63;0,68;0,69;0,57;0,5;0,53;0,64;0,62;0,53;0,53;0,68;0,52;0,54;0,55;0,56;0,52;0,67;0,61;0,61;0,61;0,7;0,6;0,65;0,65;0,62;0,51;0,51;0,62;0,54;0,64;0,56;0,6;0,56;0,65;0,65;0,54;0,5;0,67;0,63;0,6;0,58;0,59;0,64;0,59;0,59;0,56;0,63;0,57;0,64;0,58;0,59;0,58;0,68;0,58;0,65;0,67;0,65;0,63;0,55;0,5;0,66;0,61;0,69;0,62;0,53;0,62;0,58;0,54;0,54;0,54;0,67;0,7;0,69;0,52;0,69;0,67;0,59;0,51;0,53;0,67;0,54;0,56;0,55;0,58;6,0;;;;
13/10/2024;0,7;0,58;0,53;0,56;0,5;0,5;0,57;0,53;0,53;0,59;0,5;0,69;0,51;0,69;0,51;0,52;0,55;0,62;0,56;0,7;0,63;0,57;0,65;0,58;0,64;0,51;0,69;0,55;0,56;0,6;0,6;0,52;0,67;0,68;0,62;0,53;0,69;0,62;0,58;0,58;0,68;0,54;0,65;0,55;0,58;0,55;0,6;0,69;0,52;0,53;0,57;0,58;0,69;0,5;0,62;0,51;0,51;0,53;0,57;0,64;0,65;0,68;0,58;0,7;0,56;0,53;0,54;0,52;0,61;0,52;0,66;0,58;0,68;0,56;0,68;0,65;0,52;0,61;0,63;0,55;0,58;0,61;0,69;0,58;0,62;0,66;0,69;0,67;0,6;0,55;0,56;0,53;0,62;0,61;0,6;6,3;;;;
14/10/2024;0,57;0,66;0,52;0,58;0,61;0,51;0,55;0,7;0,63;0,67;0,56;0,61;0,62;0,54;0,54;0,6;0,63;0,56;0,55;0,55;0,55;0,69;0,58;0,67;0,58;0,69;0,67;0,57;0,6;0,51;0,52;0,59;0,54;0,64;0,69;0,51;0,64;0,52;0,55;0,53;0,5;0,56;0,65;0,55;0,51;0,62;0,6;0,7;0,54;0,59;0,61;0,68;0,59;0,57;0,66;0,61;0,54;0,65;0,6;0,66;0,65;0,67;0,53;0,69;0,64;0,6;0,53;0,67;0,57;0,7;0,55;0,58;0,68;0,69;0,68;0,66;0,59;0,53;0,63;0,67;0,69;0,56;0,66;0,58;0,5;0,54;0,57;0,58;0,53;0,65;0,68;0,6;0,62;0,7;0,57;6,6;;;;
15/10/2024;0,67;0,67;0,66;0,66;0,54;0,54;0,5;0,62;0,62;0,64;0,69;0,57;0,6;0,51;0,68;0,55;0,57;0,68;0,61;0,56;0,57;0,62;0,55;0,69;0,55;0,56;0,64;0,5;0,55;0,61;0,59;0,51;0,53;0,58;0,56;0,59;0,65;0,56;0,61;0,59;0,59;0,69;0,6;0,7;0,54;0,63;0,59;0,62;0,69;0,55;0,67;0,59;0,54;0,7;0,5;0,65;0,52;0,58;0,5;0,65;0,5;0,63;0,7;0,67;0,66;0,66;0,62;0,51;0,53;0,64;0,57;0,68;0,62;0,54;0,59;0,56;0,63;0,58;0,56;0,68;0,56;0,7;0,63;0,57;0,61;0,59;0,61;0,57;0,57;0,52;0,62;0,62;0,55;0,61;0,52;5,4;;;;
16/10/2024;0,51;0,7;0,52;0,69;0,69;0,51;0,62;0,67;0,56;0,7;0,63;0,59;0,59;0,63;0,5;0,68;0,63;0,57;0,5;0,66;0,51;0,53;0,6;0,63;0,67;0,56;0,61;0,61;0,51;0,65;0,56;0,62;0,69;0,67;0,67;0,56;0,56;0,62;0,62;0,6;0,7;0,52;0,6;0,53;0,53;0,66;0,68;0,57;0,51;0,64;0,63;0,61;0,59;0,51;0,61;0,68;0,62;0,69;0,63;0,54;0,63;0,58;0,68;0,59;0,63;0,61;0,64;0,6;0,68;0,56;0,54;0,59;0,54;0,5;0,55;0,58;0,68;0,63;0,68;0,56;0,68;0,6;0,57;0,61;0,64;0,56;0,59;0,65;0,62;0,61;0,67;0,58;0,68;0,63;0,57;6,3;;;;
17/10/2024;0,6;0,61;0,51;0,61;0,55;0,62;0,53;0,6;0,65;0,64;0,58;0,58;0,55;0,62;0,57;0,61;0,54;0,51;0,6;0,53;0,67;0,51;0,59;0,66;0,64;0,54;0,63;0,51;0,66;0,55;0,53;0,62;0,65;0,58;0,51;0,56;0,65;0,67;0,6;0,64;0,6;0,52;0,62;0,53;0,51;0,64;0,55;0,61;0,55;0,68;0,59;0,63;0,64;0,55;0,68;0,54;0,5;0,66;0,51;0,52;0,65;0,63;0,63;0,52;0,61;0,54;0,56;0,67;0,63;0,69;0,54;0,62;0,52;0,51;0,52;0,65;0,53;0,53;0,66;0,63;0,61;0,65;0,63;0,65;0,63;0,58;0,64;0,6;0,58;0,54;0,6;0,58;0,59;0,59;0,68;6,6;;;;
18/10/2024;0,61;0,59;0,59;0,7;0,64;0,56;0,65;0,65;0,52;0,57;0,52;0,5;0,65;0,66;0,61;0,53;0,54;0,63;0,55;0,65;0,67;0,6;0,59;0,58;0,58;0,51;0,6;0,53;0,5;0,68;0,67;0,54;0,58;0,63;0,65;0,52;0,64;0,61;0,67;0,64;0,55;0,65;0,6;0,6;0,68;0,62;0,58;0,65;0,51;0,59;0,65;0,61;0,68;0,66;0,54;0,64;0,65;0,58;0,61;0,67;0,58;0,62;0,58;0,65;0,63;0,69;0,57;0,69;0,59;0,53;0,58;0,58;0,56;0,63;0,6;0,62;0,65;0,61;0,53;0,63;0,7;0,51;0,62;0,65;0,62;0,54;0,57;0,68;0,52;0,69;0,55;0,64;0,66;0,5;0,58;6,3;;;;
19/10/2024;0,54;0,51;0,55;0,63;0,51;0,65;0,69;0,54;0,59;0,52;0,51;0,6;0,61;0,55;0,59;0,52;0,53;0,55;0,54;0,52;0,67;0,69;0,68;0,66;0,7;0,55;0,58;0,56;0,53;0,61;0,56;0,58;0,7;0,54;0,58;0,53;0,58;0,52;0,66;0,61;0,67;0,64;0,66;0,56;0,68;0,51;0,52;0,68;0,68;0,51;0,52;0,62;0,5;0,54;0,56;0,69;0,53;0,57;0,6;0,68;0,52;0,55;0,68;0,65;0,68;0,53;0,54;0,55;0,64;0,6;0,69;0,58;0,54;0,65;0,57;0,55;0,58;0,54;0,5;0,6;0,69;0,53;0,65;0,6;0,64;0,55;0,65;0,57;0,59;0,58;0,63;0,65;0,54;0,64;0,53;6,6;;;;
20/10/2024;0,61;0,62;0,51;0,67;0,67;0,69;0,59;0,51;0,58;0,53;0,66;0,53;0,56;0,68;0,64;0,61;0,67;0,68;0,64;0,56;0,69;0,66;0,62;0,68;0,53;0,69;0,67;0,56;0,61;0,6;0,51;0,58;0,61;0,65;0,53;0,59;0,51;0,56;0,56;0,66;0,53;0,55;0,7;0,7;0,63;0,58;0,63;0,5;0,53;0,6;0,56;0,57;0,6;0,55;0,52;0,68;0,67;0,57;0,55;0,63;0,64;0,68;0,66;0,57;0,56;0,64;0,59;0,54;0,61;0,65;0,66;0,63;0,68;0,66;0,51;0,53;0,59;0,58;0,55;0,65;0,51;0,67;0,55;0,69;0,65;0,6;0,58;0,65;0,66;0,57;0,65;0,59;0,58;0,56;0,56;6,3;;;;
21/10/2024;0,69;0,51;0,51;0,61;0,65;0,68;0,57;0,67;0,56;0,66;0,56;0,67;0,62;0,58;0,68;0,61;0,57;0,62;0,56;0,7;0,65;0,62;0,64;0,64;0,57;0,68;0,54;0,63;0,58;0,51;0,64;0,68;0,55;0,5;0,6;0,68;0,57;0,68;0,54;0,54;0,69;0,52;0,59;0,69;0,59;0,55;0,58;0,62;0,52;0,56;0,53;0,66;0,69;0,65;0,68;0,63;0,58;0,61;0,55;0,56;0,56;0,68;0,63;0,64;0,58;0,62;0,53;0,63;0,54;0,59;0,58;0,68;0,66;0,56;0,65;0,52;0,6;0,68;0,63;0,68;0,6;0,54;0,56;0,57;0,7;0,57;0,66;0,6;0,52;0,58;0,56;0,52;0,65;0,62;0,65;6,0;;;;
22/10/2024;0,52;0,58;0,68;0,64;0,63;0,5;0,52;0,65;0,54;0,7;0,51;0,65;0,54;0,57;0,57;0,6;0,52;0,52;0,57;0,64;0,51;0,56;0,55;0,63;0,64;0,7;0,68;0,6;0,63;0,61;0,52;0,61;0,69;0,68;0,51;0,67;0,58;0,59;0,64;0,62;0,52;0,54;0,61;0,63;0,55;0,65;0,59;0,68;0,52;0,69;0,53;0,66;0,52;0,69;0,55;0,57;0,5;0,69;0,56;0,66;0,58;0,56;0,57;0,62;0,53;0,54;0,61;0,63;0,67;0,6;0,61;0,66;0,51;0,61;0,5;0,57;0,52;0,64;0,58;0,62;0,66;0,69;0,5;0,57;0,65;0,64;0,67;0,68;0,61;0,52;0,58;0,55;0,69;0,6;0,55;6,3;;;;
23/10/2024;0,58;0,53;0,64;0,65;0,55;0,61;0,6;0,64;0,59;0,6;0,62;0,62;0,54;0,65;0,52;0,56;0,7;0,58;0,58;0,62;0,68;0,54;0,66;0,69;0,51;0,61;0,6;0,69;0,5;0,55;0,56;0,68;0,63;0,68;0,65;0,51;0,55;0,6;0,68;0,54;0,51;0,69;0,55;0,7;0,54;0,57;0,66;0,58;0,58;0,7;0,58;0,52;0,52;0,51;0,51;0,61;0,61;0,52;0,66;0,57;0,63;0,51;0,56;0,56;0,55;0,56;0,57;0,68;0,69;0,63;0,63;0,65;0,64;0,59;0,51;0,51;0,61;0,63;0,6;0,6;0,69;0,61;0,61;0,51;0,69;0,56;0,68;0,65;0,58;0,55;0,69;0,54;0,54;0,63;0,51;6,0;;;;
24/10/2024;0,6;0,57;0,61;0,58;0,52;0,54;0,65;0,6;0,5;0,69;0,57;0,54;0,57;0,54;0,64;0,69;0,65;0,51;0,52;0,69;0,64;0,65;0,61;0,58;0,58;0,56;0,6;0,55;0,59;0,54;0,57;0,54;0,65;0,58;0,57;0,53;0,59;0,65;0,57;0,57;0,59;0,62;0,6;0,61;0,57;0,65;0,7;0,6;0,68;0,67;0,69;0,67;0,56;0,61;0,68;0,65;0,58;0,55;0,66;0,58;0,64;0,69;0,53;0,51;0,56;0,57;0,57;0,53;0,68;0,53;0,61;0,62;0,7;0,64;0,68;0,55;0,62;0,68;0,7;0,6;0,54;0,57;0,68;0,53;0,69;0,57;0,58;0,55;0,63;0,62;0,65;0,56;0,5;0,53;0,56;6,0;;;;
25/10/2024;0,7;0,58;0,66;0,65;0,52;0,68;0,7;0,57;0,59;0,61;0,7;0,54;0,7;0,54;0,54;0,64;0,7;0,51;0,57;0,53;0,6;0,68;0,58;0,65;0,69;0,52;0,65;0,53;0,63;0,64;0,58;0,52;0,7;0,51;0,6;0,59;0,56;0,54;0,62;0,51;0,51;0,63;0,56;0,53;0,6;0,52;0,64;0,55;0,67;0,56;0,58;0,67;0,59;0,61;0,63;0,65;0,63;0,67;0,66;0,68;0,59;0,58;0,64;0,53;0,59;0,62;0,56;0,56;0,61;0,58;0,53;0,5;0,64;0,64;0,66;0,69;0,66;0,57;0,54;0,67;0,59;0,57;0,57;0,57;0,64;0,54;0,59;0,65;0,65;0,52;0,56;0,56;0,61;0,57;0,57;6,9;;;;
26/10/2024;0,54;0,67;0,66;0,67;0,54;0,64;0,51;0,59;0,69;0,55;0,66;0,65;0,56;0,66;0,59;0,67;0,6;0,62;0,57;0,58;0,59;0,62;0,5;0,7;0,53;0,55;0,64;0,62;0,59;0,68;0,52;0,5;0,64;0,57;0,6;0,53;0,5;0,64;0,59;0,54;0,6;0,52;0,51;0,58;0,67;0,55;0,53;0,5;0,69;0,54;0,64;0,55;0,5;0,63;0,69;0,64;0,56;0,52;0,6;0,6;0,68;0,53;0,68;0,54;0,63;0,63;0,55;0,61;0,58;0,62;0,69;0,52;0,67;0,67;0,63;0,69;0,54;0,51;0,68;0,51;0,68;0,65;0,68;0,57;0,67;0,52;0,68;0,63;0,59;0,65;0,55;0,64;0,52;0,61;0,68;6,6;;;;
27/10/2024;0,69;0,68;0,59;0,53;0,54;0,62;0,51;0,54;0,6;0,5;0,68;0,56;0,52;0,67;0,58;0,53;0,67;0,51;0,52;0,61;0,63;0,67;0,5;0,6;0,68;0,51;0,54;0,64;0,68;0,59;0,54;0,59;0,69;0,66;0,68;0,67;0,62;0,6;0,56;0,68;0,65;0,64;0,66;0,53;0,56;0,68;0,58;0,67;0,52;0,68;0,53;0,54;0,66;0,7;0,51;0,61;0,59;0,57;0,61;0,56;0,6;0,58;0,59;0,67;0,64;0,58;0,53;0,56;0,63;0,53;0,67;0,66;0,65;0,5;0,52;0,58;0,53;0,52;0,52;0,62;0,52;0,5;0,6;0,61;0,65;0,65;0,56;0,55;0,6;0,63;0,67;0,62;0,64;0,6;0,6;6,6;;;;
28/10/2024;0,59;0,59;0,6;0,69;0,6;0,67;0,56;0,56;0,56;0,55;0,66;0,68;0,64;0,68;0,56;0,51;0,52;0,55;0,53;0,58;0,55;0,7;0,57;0,69;0,57;0,57;0,55;0,69;0,53;0,56;0,63;0,57;0,52;0,59;0,69;0,58;0,64;0,51;0,61;0,51;0,68;0,63;0,57;0,55;0,65;0,54;0,58;0,59;0,65;0,52;0,58;0,61;0,69;0,65;0,62;0,62;0,63;0,54;0,58;0,61;0,63;0,68;0,53;0,7;0,52;0,55;0,6;0,63;0,54;0,69;0,66;0,66;0,57;0,6;0,59;0,67;0,6;0,63;0,69;0,54;0,6;0,64;0,5;0,66;0,58;0,55;0,66;0,67;0,61;0,59;0,65;0,54;0,53;0,59;0,59;5,7;;;;
29/10/2024;0,59;0,51;0,62;0,63;0,51;0,61;0,69;0,69;0,63;0,51;0,59;0,68;0,68;0,6;0,66;0,52;0,66;0,69;0,67;0,6;0,55;0,64;0,65;0,57;0,55;0,66;0,63;0,59;0,63;0,67;0,66;0,64;0,61;0,51;0,65;0,56;0,6;0,64;0,56;0,53;0,62;0,53;0,65;0,55;0,54;0,54;0,63;0,59;0,65;0,56;0,54;0,62;0,63;0,56;0,6;0,6;0,56;0,66;0,68;0,69;0,52;0,64;0,62;0,53;0,58;0,68;0,63;0,67;0,54;0,64;0,58;0,53;0,54;0,7;0,58;0,69;0,54;0,52;0,65;0,54;0,68;0,63;0,57;0,7;0,66;0,55;0,68;0,56;0,52;0,59;0,55;0,66;0,61;0,68;0,68;6,3;;;;
30/10/2024;0,51;0,57;0,58;0,56;0,53;0,58;0,58;0,65;0,59;0,56;0,54;0,53;0,54;0,64;0,63;0,53;0,63;0,54;0,61;0,58;0,53;0,55;0,6;0,68;0,61;0,63;0,61;0,58;0,62;0,66;0,55;0,68;0,53;0,62;0,62;0,56;0,53;0,62;0,62;0,61;0,61;0,55;0,62;0,53;0,62;0,57;0,61;0,5;0,66;0,68;0,57;0,67;0,5;0,65;0,63;0,62;0,66;0,54;0,65;0,67;0,58;0,64;0,61;0,68;0,65;0,65;0,52;0,54;0,57;0,56;0,67;0,56;0,61;0,52;0,62;0,59;0,57;0,58;0,58;0,54;0,69;0,58;0,69;0,62;0,7;0,52;0,57;0,59;0,55;0,58;0,64;0,52;0,69;0,68;0,52;6,0;;;;
31/10/2024;0,56;0,55;0,5;0,57;0,58;0,52;0,68;0,56;0,59;0,51;0,53;0,54;0,68;0,6;0,64;0,54;0,68;0,68;0,68;0,64;0,57;0,62;0,64;0,52;0,54;0,54;0,65;0,68;0,54;0,53;0,63;0,67;0,69;0,68;0,55;0,64;0,66;0,59;0,58;0,56;0,6;0,61;0,55;0,58;0,59;0,7;0,67;0,54;0,61;0,54;0,61;0,58;0,65;0,59;0,53;0,67;0,66;0,59;0,65;0,65;0,64;0,51;0,64;0,54;0,63;0,56;0,6;0,52;0,59;0,69;0,68;0,58;0,53;0,54;0,6;0,59;0,59;0,55;0,63;0,53;0,6;0,67;0,6;0,62;0,58;0,67;0,6;0,54;0,62;0,69;0,59;0,55;0,54;0,67;0,61;6,9;6,9;6,3;6,0;6,6
01/11/2024;0,54;0,67;0,56;0,65;0,64;0,7;0,69;0,53;0,62;0,53;0,67;0,68;0,66;0,64;0,55;0,56;0,63;0,69;0,66;0,64;0,53;0,64;0,65;0,58;0,67;0,57;0,63;0,51;0,53;0,54;0,55;0,63;0,54;0,7;0,55;0,54;0,64;0,61;0,6;0,63;0,59;0,61;0,52;0,55;0,56;0,54;0,67;0,51;0,62;0,62;0,54;0,56;0,6;0,66;0,58;0,62;0,67;0,53;0,58;0,58;0,6;0,65;0,53;0,63;0,6;0,59;0,6;0,64;0,52;0,67;0,66;0,52;0,63;0,59;0,51;0,52;0,5;0,59;0,68;0,55;0,67;0,69;0,52;0,65;0,61;0,66;0,62;0,59;0,63;0,59;0,58;0,65;0,53;0,69;0,53;6,0;;;;
02/11/2024;0,59;0,65;0,6;0,65;0,53;0,61;0,66;0,5;0,64;0,64;0,52;0,7;0,66;0,52;0,61;0,68;0,56;0,67;0,6;0,53;0,68;0,58;0,65;0,69;0,62;0,56;0,69;0,67;0,6;0,64;0,61;0,6;0,51;0,59;0,68;0,6;0,67;0,57;0,6;0,53;0,53;0,55;0,66;0,56;0,64;0,69;0,66;0,5;0,52;0,58;0,66;0,69;0,68;0,53;0,59;0,57;0,62;0,55;0,66;0,57;0,57;0,64;0,55;0,6;0,6;0,63;0,53;0,68;0,56;0,61;0,63;0,7;0,51;0,7;0,53;0,57;0,67;0,59;0,5;0,65;0,67;0,51;0,52;0,61;0,63;0,57;0,57;0,57;0,55;0,64;0,57;0,68;0,52;0,66;0,67;5,4;;;;
03/11/2024;0,59;0,57;0,57;0,58;0,58;0,68;0,62;0,51;0,54;0,53;0,57;0,64;0,5;0,53;0,63;0,56;0,57;0,66;0,63;0,68;0,53;0,57;0,65;0,62;0,51;0,59;0,7;0,69;0,54;0,58;0,68;0,63;0,54;0,66;0,61;0,68;0,56;0,69;0,57;0,51;0,52;0,6;0,59;0,66;0,56;0,66;0,53;0,54;0,62;0,68;0,51;0,5;0,54;0,58;0,56;0,62;0,57;0,55;0,59;0,52;0,68;0,5;0,65;0,67;0,56;0,57;0,66;0,66;0,68;0,5;0,61;0,68;0,62;0,55;0,52;0,58;0,56;0,58;0,64;0,63;0,62;0,67;0,56;0,59;0,66;0,5;0,68;0,64;0,66;0,59;0,68;0,57;0,69;0,62;0,59;6,3;;;;
04/11/2024;0,55;0,54;0,65;0,69;0,61;0,51;0,69;0,53;0,53;0,52;0,55;0,65;0,64;0,54;0,57;0,7;0,69;0,66;0,67;0,61;0,53;0,6;0,66;0,67;0,67;0,54;0,57;0,66;0,53;0,52;0,57;0,61;0,63;0,69;0,52;0,63;0,63;0,68;0,51;0,57;0,63;0,7;0,52;0,51;0,65;0,67;0,5;0,6;0,61;0,63;0,6;0,57;0,6;0,58;0,7;0,52;0,56;0,59;0,57;0,61;0,5;0,58;0,65;0,63;0,67;0,54;0,6;0,62;0,63;0,69;0,62;0,65;0,61;0,53;0,64;0,6;0,61;0,52;0,58;0,69;0,54;0,7;0,68;0,51;0,57;0,68;0,62;0,67;0,6;0,66;0,61;0,67;0,7;0,56;0,7;6,6;;;;
05/11/2024;0,61;0,58;0,57;0,5;0,6;0,59;0,6;0,66;0,6;0,63;0,67;0,59;0,68;0,57;0,65;0,55;0,55;0,6;0,62;0,69;0,68;0,54;0,56;0,58;0,54;0,63;0,68;0,7;0,54;0,64;0,66;0,55;0,64;0,51;0,59;0,51;0,62;0,64;0,64;0,66;0,52;0,51;0,63;0,63;0,52;0,54;0,58;0,66;0,62;0,58;0,64;0,53;0,64;0,64;0,55;0,62;0,58;0,57;0,55;0,65;0,54;0,69;0,66;0,5;0,58;0,58;0,57;0,65;0,51;0,66;0,67;0,62;0,7;0,63;0,64;0,69;0,57;0,66;0,65;0,53;0,52;0,68;0,54;0,51;0,52;0,63;0,6;0,62;0,65;0,68;0,65;0,52;0,53;0,69;0,54;5,7;;;;
06/11/2024;0,61;0,64;0,58;0,63;0,54;0,57;0,61;0,56;0,58;0,64;0,66;0,69;0,68;0,54;0,68;0,6;0,62;0,68;0,52;0,51;0,69;0,66;0,55;0,67;0,66;0,65;0,56;0,59;0,66;0,68;0,54;0,64;0,68;0,51;0,62;0,59;0,52;0,66;0,53;0,59;0,57;0,62;0,67;0,67;0,54;0,57;0,62;0,66;0,59;0,5;0,68;0,55;0,59;0,69;0,61;0,64;0,67;0,58;0,56;0,68;0,67;0,59;0,53;0,68;0,7;0,6;0,63;0,65;0,5;0,56;0,57;0,58;0,61;0,68;0,52;0,55;0,68;0,69;0,63;0,6;0,66;0,57;0,59;0,68;0,63;0,56;0,62;0,64;0,63;0,58;0,58;0,53;0,67;0,55;0,6;6,0;;;;
07/11/2024;0,68;0,67;0,51;0,58;0,69;0,51;0,61;0,7;0,54;0,52;0,69;0,6;0,63;0,69;0,6;0,52;0,51;0,61;0,63;0,65;0,62;0,65;0,54;0,66;0,53;0,51;0,61;0,51;0,67;0,56;0,56;0,68;0,58;0,6;0,5;0,57;0,65;0,6;0,66;0,53;0,68;0,62;0,58;0,66;0,61;0,56;0,63;0,51;0,65;0,66;0,51;0,61;0,68;0,57;0,57;0,59;0,64;0,65;0,61;0,6;0,55;0,57;0,63;0,51;0,65;0,67;0,7;0,51;0,56;0,5;0,69;0,54;0,66;0,53;0,54;0,65;0,52;0,58;0,66;0,64;0,52;0,66;0,58;0,61;0,57;0,51;0,62;0,65;0,57;0,56;0,62;0,55;0,51;0,59;0,66;6,3;;;;
08/11/2024;0,69;0,53;0,56;0,54;0,64;0,53;0,68;0,56;0,55;0,7;0,51;0,68;0,67;0,55;0,6;0,66;0,55;0,57;0,69;0,58;0,67;0,54;0,51;0,65;0,61;0,56;0,65;0,62;0,55;0,67;0,5;0,59;0,64;0,64;0,6;0,7;0,61;0,66;0,5;0,51;0,64;0,62;0,62;0,63;0,7;0,68;0,66;0,68;0,54;0,6;0,57;0,69;0,62;0,53;0,5;0,57;0,57;0,65;0,51;0,67;0,58;0,52;0,62;0,68;0,68;0,69;0,57;0,65;0,66;0,55;0,64;0,66;0,52;0,52;0,61;0,66;0,5;0,69;0,52;0,64;0,58;0,59;0,58;0,6;0,64;0,61;0,51;0,5;0,6;0,6;0,56;0,7;0,64;0,63;0,63;6,0;;;;
09/11/2024;0,53;0,57;0,59;0,5;0,52;0,5;0,55;0,51;0,6;0,62;0,51;0,68;0,56;0,65;0,63;0,59;0,53;0,54;0,57;0,56;0,52;0,56;0,69;0,53;0,5;0,64;0,57;0,67;0,63;0,6;0,52;0,53;0,64;0,56;0,66;0,62;0,61;0,65;0,6;0,51;0,67;0,68;0,68;0,51;0,56;0,56;0,5;0,55;0,65;0,69;0,63;0,59;0,54;0,58;0,56;0,52;0,68;0,57;0,66;0,53;0,6;0,58;0,68;0,56;0,61;0,63;0,61;0,67;0,6;0,54;0,62;0,63;0,64;0,6;0,58;0,67;0,56;0,68;0,58;0,64;0,69;0,65;0,6;0,56;0,6;0,63;0,63;0,61;0,54;0,55;0,5;0,58;0,51;0,6;0,7;5,1;;;;
10/11/2024;0,66;0,65;0,56;0,65;0,69;0,56;0,57;0,62;0,61;0,64;0,65;0,53;0,56;0,65;0,66;0,53;0,51;0,66;0,54;0,58;0,51;0,67;0,66;0,51;0,55;0,69;0,65;0,55;0,68;0,68;0,59;0,66;0,58;0,63;0,7;0,69;0,56;0,69;0,69;0,56;0,62;0,63;0,58;0,58;0,54;0,64;0,64;0,61;0,57;0,63;0,59;0,58;0,65;0,69;0,59;0,58;0,63;0,59;0,66;0,69;0,62;0,51;0,57;0,68;0,67;0,68;0,6;0,52;0,67;0,6;0,59;0,56;0,66;0,58;0,7;0,58;0,68;0,55;0,59;0,6;0,52;0,52;0,69;0,59;0,53;0,58;0,53;0,53;0,57;0,67;0,65;0,58;0,59;0,58;0,5;5,4;;;;
11/11/2024;0,53;0,54;0,5;0,54;0,65;0,52;0,52;0,53;0,69;0,61;0,62;0,59;0,67;0,52;0,52;0,54;0,51;0,64;0,52;0,61;0,68;0,57;0,66;0,51;0,52;0,6;0,63;0,52;0,64;0,64;0,52;0,7;0,51;0,59;0,63;0,54;0,64;0,57;0,59;0,59;0,63;0,6;0,55;0,7;0,68;0,59;0,69;0,64;0,64;0,6;0,63;0,6;0,69;0,59;0,63;0,57;0,63;0,56;0,6;0,56;0,5;0,69;0,56;0,68;0,62;0,66;0,6;0,6;0,67;0,65;0,51;0,57;0,59;0,7;0,55;0,58;0,63;0,52;0,66;0,65;0,61;0,54;0,66;0,56;0,55;0,55;0,7;0,57;0,63;0,52;0,6;0,69;0,66;0,54;0,5;5,7;;;;
12/11/2024;0,64;0,69;0,6;0,66;0,54;0,56;0,58;0,55;0,54;0,64;0,59;0,62;0,51;0,6;0,69;0,55;0,66;0,68;0,66;0,56;0,52;0,63;0,6;0,69;0,55;0,67;0,51;0,67;0,6;0,54;0,55;0,52;0,62;0,62;0,63;0,58;0,56;0,61;0,58;0,62;0,64;0,63;0,61;0,56;0,64;0,56;0,66;0,51;0,66;0,6;0,57;0,59;0,51;0,7;0,55;0,65;0,56;0,55;0,67;0,61;0,55;0,7;0,67;0,59;0,58;0,54;0,54;0,57;0,55;0,54;0,62;0,69;0,63;0,6;0,7;0,65;0,68;0,53;0,62;0,61;0,54;0,59;0,64;0,53;0,67;0,56;0,65;0,63;0,65;0,6;0,69;0,59;0,64;0,59;0,61;6,0;;;;
13/11/2024;0,67;0,7;0,51;0,53;0,65;0,63;0,65;0,66;0,67;0,55;0,56;0,65;0,69;0,6;0,58;0,53;0,69;0,52;0,69;0,54;0,54;0,54;0,65;0,63;0,56;0,56;0,5;0,58;0,62;0,6;0,66;0,53;0,53;0,69;0,5;0,66;0,56;0,54;0,69;0,56;0,6;0,53;0,56;0,67;0,5;0,66;0,51;0,65;0,53;0,51;0,69;0,7;0,7;0,66;0,52;0,5;0,62;0,53;0,69;0,69;0,62;0,54;0,68;0,66;0,57;0,65;0,59;0,53;0,54;0,69;0,54;0,61;0,54;0,62;0,66;0,69;0,57;0,62;0,51;0,68;0,58;0,69;0,54;0,52;0,67;0,67;0,54;0,6;0,63;0,68;0,64;0,54;0,68;0,5;0,56;5,4;;;;
14/11/2024;0,67;0,63;0,56;0,56;0,58;0,59;0,59;0,51;0,52;0,63;0,69;0,63;0,63;0,67;0,5;0,66;0,54;0,69;0,6;0,54;0,57;0,67;0,68;0,5;0,63;0,69;0,62;0,64;0,64;0,62;0,7;0,66;0,51;0,6;0,55;0,61;0,56;0,55;0,7;0,66;0,65;0,58;0,59;0,69;0,68;0,52;0,52;0,59;0,5;0,56;0,63;0,6;0,51;0,58;0,65;0,68;0,62;0,57;0,64;0,59;0,67;0,62;0,63;0,55;0,56;0,68;0,54;0,58;0,66;0,54;0,56;0,59;0,69;0,52;0,58;0,65;0,68;0,53;0,54;0,54;0,54;0,7;0,6;0,66;0,6;0,65;0,6;0,66;0,65;0,65;0,6;0,6;0,65;0,58;0,55;4,8;;;;
15/11/2024;0,53;0,64;0,67;0,57;0,67;0,58;0,54;0,66;0,53;0,68;0,67;0,62;0,63;0,55;0,6;0,7;0,65;0,65;0,52;0,51;0,65;0,53;0,55;0,58;0,58;0,61;0,61;0,63;0,5;0,7;0,51;0,6;0,63;0,58;0,62;0,53;0,59;0,6;0,62;0,57;0,52;0,56;0,62;0,52;0,64;0,67;0,65;0,53;0,68;0,64;0,66;0,66;0,68;0,62;0,57;0,54;0,58;0,61;0,61;0,51;0,63;0,66;0,68;0,56;0,56;0,52;0,5;0,55;0,61;0,55;0,67;0,5;0,5;0,52;0,68;0,64;0,61;0,67;0,66;0,65;0,6;0,57;0,52;0,62;0,69;0,57;0,64;0,59;0,66;0,59;0,66;0,62;0,64;0,69;0,65;5,7;;;;
16/11/2024;0,63;0,56;0,63;0,69;0,58;0,56;0,59;0,65;0,62;0,66;0,56;0,63;0,55;0,58;0,51;0,57;0,55;0,64;0,6;0,56;0,51;0,6;0,68;0,6;0,54;0,69;0,63;0,67;0,59;0,64;0,58;0,63;0,52;0,61;0,68;0,62;0,53;0,68;0,54;0,66;0,65;0,52;0,51;0,67;0,55;0,6;0,5;0,65;0,57;0,61;0,55;0,67;0,62;0,57;0,6;0,6;0,53;0,6;0,66;0,69;0,64;0,62;0,55;0,58;0,58;0,7;0,62;0,69;0,58;0,55;0,61;0,63;0,65;0,64;0,67;0,58;0,6;0,54;0,53;0,58;0,68;0,62;0,66;0,54;0,54;0,53;0,65;0,58;0,68;0,56;0,69;0,65;0,5;0,65;0,55;6,0;;;;
17/11/2024;0,59;0,51;0,7;0,54;0,7;0,65;0,65;0,51;0,57;0,59;0,68;0,57;0,65;0,64;0,55;0,68;0,54;0,66;0,68;0,64;0,57;0,58;0,58;0,59;0,64;0,64;0,69;0,57;0,54;0,51;0,54;0,64;0,57;0,61;0,58;0,61;0,61;0,52;0,59;0,67;0,63;0,58;0,68;0,62;0,52;0,53;0,58;0,65;0,52;0,6;0,67;0,54;0,57;0,56;0,66;0,56;0,69;0,63;0,68;0,55;0,52;0,62;0,61;0,62;0,63;0,57;0,51;0,51;0,62;0,69;0,54;0,62;0,57;0,55;0,56;0,68;0,56;0,59;0,52;0,56;0,64;0,65;0,55;0,62;0,65;0,65;0,64;0,55;0,6;0,65;0,52;0,53;0,5;0,65;0,53;5,1;;;;
18/11/2024;0,52;0,65;0,63;0,63;0,56;0,55;0,64;0,66;0,52;0,59;0,53;0,52;0,67;0,53;0,68;0,66;0,58;0,53;0,57;0,57;0,68;0,6;0,59;0,63;0,54;0,61;0,55;0,63;0,57;0,54;0,54;0,53;0,56;0,63;0,6;0,67;0,69;0,66;0,54;0,55;0,7;0,58;0,59;0,66;0,5;0,59;0,51;0,65;0,56;0,66;0,68;0,67;0,64;0,6;0,54;0,63;0,61;0,68;0,52;0,53;0,7;0,54;0,57;0,68;0,56;0,51;0,64;0,62;0,64;0,5;0,67;0,67;0,64;0,53;0,63;0,63;0,6;0,52;0,66;0,52;0,68;0,56;0,52;0,69;0,67;0,53;0,51;0,58;0,54;0,62;0,52;0,56;0,55;0,69;0,55;5,4;;;;
19/11/2024;0,52;0,58;0,51;0,59;0,64;0,53;0,63;0,51;0,65;0,53;0,7;0,56;0,5;0,59;0,69;0,57;0,67;0,55;0,56;0,54;0,59;0,68;0,54;0,56;0,65;0,55;0,51;0,61;0,56;0,65;0,51;0,57;0,66;0,61;0,58;0,53;0,7;0,57;0,66;0,59;0,7;0,56;0,56;0,6;0,68;0,51;0,7;0,58;0,58;0,56;0,55;0,62;0,53;0,69;0,68;0,63;0,51;0,67;0,51;0,63;0,51;0,59;0,58;0,59;0,53;0,69;0,52;0,63;0,62;0,7;0,56;0,55;0,67;0,69;0,5;0,57;0,6;0,64;0,69;0,59;0,51;0,53;0,69;0,51;0,63;0,52;0,64;0,67;0,54;0,55;0,69;0,6;0,65;0,51;0,54;5,4;;;;
20/11/2024;0,68;0,61;0,56;0,57;0,68;0,65;0,6;0,64;0,61;0,68;0,63;0,53;0,56;0,66;0,65;0,5;0,61;0,55;0,6;0,6;0,52;0,68;0,61;0,54;0,6;0,69;0,62;0,65;0,56;0,58;0,7;0,61;0,54;0,59;0,58;0,54;0,64;0,52;0,57;0,63;0,57;0,55;0,61;0,68;0,57;0,65;0,54;0,65;0,61;0,68;0,6;0,58;0,66;0,6;0,56;0,7;0,54;0,61;0,53;0,69;0,69;0,57;0,65;0,65;0,66;0,5;0,56;0,54;0,63;0,68;0,53;0,59;0,52;0,56;0,55;0,51;0,67;0,66;0,56;0,66;0,68;0,68;0,61;0,5;0,7;0,62;0,61;0,57;0,5;0,65;0,58;0,63;0,51;0,57;0,7;4,8;;;;
21/11/2024;0,67;0,52;0,52;0,56;0,65;0,65;0,6;0,56;0,55;0,56;0,54;0,63;0,57;0,66;0,7;0,5;0,65;0,5;0,63;0,58;0,64;0,56;0,51;0,5;0,56;0,63;0,59;0,67;0,69;0,54;0,67;0,53;0,54;0,65;0,68;0,52;0,59;0,62;0,53;0,58;0,51;0,5;0,63;0,69;0,64;0,54;0,7;0,67;0,61;0,66;0,56;0,58;0,66;0,5;0,61;0,57;0,67;0,53;0,7;0,62;0,56;0,64;0,65;0,62;0,65;0,53;0,54;0,66;0,68;0,61;0,52;0,61;0,64;0,51;0,53;0,65;0,66;0,63;0,5;0,61;0,54;0,62;0,65;0,63;0,54;0,6;0,67;0,51;0,62;0,61;0,59;0,6;0,52;0,66;0,59;6,0;;;;
22/11/2024;0,6;0,61;0,61;0,6;0,68;0,54;0,54;0,69;0,68;0,56;0,52;0,57;0,51;0,69;0,63;0,67;0,59;0,61;0,59;0,53;0,59;0,53;0,62;0,54;0,52;0,62;0,68;0,64;0,58;0,54;0,59;0,58;0,55;0,7;0,62;0,5;0,64;0,56;0,58;0,53;0,51;0,67;0,68;0,58;0,56;0,57;0,51;0,53;0,7;0,66;0,65;0,67;0,62;0,52;0,64;0,7;0,59;0,58;0,69;0,53;0,59;0,56;0,57;0,7;0,7;0,53;0,62;0,54;0,59;0,61;0,56;0,6;0,64;0,52;0,62;0,6;0,68;0,6;0,51;0,57;0,53;0,59;0,63;0,67;0,56;0,57;0,67;0,69;0,6;0,52;0,66;0,62;0,66;0,67;0,65;5,7;;;;
23/11/2024;0,57;0,56;0,57;0,57;0,7;0,55;0,68;0,51;0,53;0,53;0,7;0,52;0,66;0,5;0,56;0,52;0,6;0,67;0,58;0,55;0,66;0,52;0,68;0,63;0,53;0,57;0,69;0,55;0,57;0,66;0,55;0,7;0,59;0,61;0,63;0,58;0,56;0,63;0,65;0,64;0,69;0,67;0,68;0,51;0,65;0,51;0,54;0,65;0,51;0,55;0,67;0,55;0,53;0,6;0,62;0,59;0,63;0,59;0,7;0,51;0,59;0,6;0,69;0,55;0,62;0,52;0,58;0,53;0,61;0,61;0,53;0,67;0,62;0,66;0,61;0,51;0,57;0,5;0,5;0,64;0,56;0,59;0,59;0,56;0,53;0,7;0,62;0,66;0,51;0,58;0,55;0,59;0,63;0,63;0,6;5,4;;;;
24/11/2024;0,65;0,54;0,51;0,66;0,61;0,52;0,68;0,53;0,57;0,58;0,54;0,55;0,57;0,66;0,61;0,58;0,67;0,64;0,62;0,54;0,56;0,55;0,55;0,67;0,58;0,56;0,53;0,62;0,62;0,67;0,63;0,6;0,5;0,55;0,64;0,69;0,61;0,52;0,68;0,69;0,66;0,58;0,69;0,52;0,65;0,61;0,55;0,56;0,65;0,68;0,58;0,52;0,63;0,54;0,67;0,65;0,67;0,63;0,64;0,66;0,61;0,61;0,51;0,54;0,62;0,53;0,55;0,54;0,62;0,52;0,57;0,57;0,58;0,54;0,69;0,51;0,66;0,67;0,56;0,6;0,64;0,59;0,58;0,51;0,66;0,53;0,64;0,62;0,57;0,54;0,55;0,64;0,67;0,64;0,51;5,4;;;;
25/11/2024;0,68;0,6;0,68;0,56;0,59;0,52;0,51;0,63;0,56;0,61;0,67;0,66;0,67;0,54;0,55;0,62;0,67;0,58;0,56;0,7;0,66;0,64;0,65;0,65;0,68;0,67;0,59;0,68;0,65;0,54;0,53;0,61;0,65;0,67;0,63;0,58;0,55;0,64;0,63;0,59;0,64;0,64;0,65;0,57;0,52;0,54;0,5;0,66;0,7;0,58;0,62;0,57;0,52;0,67;0,68;0,64;0,55;0,55;0,56;0,61;0,66;0,68;0,51;0,51;0,61;0,68;0,61;0,52;0,64;0,57;0,58;0,57;0,52;0,53;0,5;0,67;0,57;0,68;0,7;0,5;0,56;0,55;0,5;0,66;0,66;0,51;0,69;0,62;0,61;0,54;0,63;0,52;0,6;0,58;0,53;5,4;;;;
26/11/2024;0,54;0,58;0,56;0,62;0,6;0,59;0,56;0,54;0,63;0,58;0,54;0,7;0,51;0,65;0,67;0,62;0,62;0,6;0,6;0,53;0,52;0,53;0,65;0,69;0,67;0,54;0,56;0,52;0,66;0,66;0,55;0,7;0,55;0,58;0,68;0,55;0,64;0,66;0,63;0,58;0,53;0,65;0,61;0,66;0,69;0,52;0,65;0,56;0,56;0,63;0,6;0,6;0,6;0,51;0,66;0,56;0,67;0,52;0,52;0,56;0,5;0,61;0,68;0,67;0,57;0,54;0,63;0,52;0,57;0,5;0,53;0,56;0,52;0,53;0,5;0,62;0,6;0,64;0,65;0,67;0,59;0,57;0,57;0,65;0,66;0,54;0,6;0,67;0,69;0,61;0,61;0,54;0,6;0,67;0,53;5,4;;;;
27/11/2024;0,55;0,69;0,56;0,69;0,66;0,68;0,52;0,64;0,57;0,65;0,69;0,57;0,61;0,62;0,56;0,51;0,68;0,56;0,67;0,65;0,51;0,61;0,66;0,64;0,6;0,59;0,69;0,66;0,51;0,63;0,55;0,52;0,62;0,55;0,67;0,52;0,66;0,56;0,56;0,68;0,55;0,54;0,65;0,55;0,52;0,56;0,67;0,66;0,51;0,52;0,6;0,56;0,51;0,62;0,52;0,62;0,52;0,57;0,59;0,51;0,5;0,56;0,53;0,66;0,67;0,64;0,52;0,68;0,67;0,59;0,6;0,69;0,69;0,53;0,58;0,69;0,57;0,56;0,56;0,62;0,53;0,62;0,69;0,55;0,68;0,63;0,69;0,6;0,51;0,55;0,6;0,67;0,62;0,63;0,6;5,7;;;;
28/11/2024;0,69;0,68;0,7;0,61;0,5;0,66;0,66;0,68;0,69;0,64;0,58;0,69;0,58;0,63;0,63;0,56;0,51;0,58;0,64;0,52;0,62;0,61;0,62;0,57;0,55;0,58;0,69;0,52;0,69;0,57;0,68;0,68;0,64;0,67;0,57;0,63;0,59;0,53;0,67;0,67;0,66;0,56;0,65;0,65;0,51;0,54;0,57;0,53;0,62;0,53;0,65;0,66;0,51;0,69;0,59;0,65;0,54;0,59;0,65;0,61;0,66;0,59;0,58;0,69;0,57;0,58;0,53;0,59;0,51;0,61;0,67;0,68;0,55;0,56;0,68;0,6;0,65;0,69;0,6;0,55;0,57;0,7;0,54;0,57;0,5;0,56;0,58;0,56;0,55;0,53;0,62;0,61;0,69;0,53;0,51;5,7;;;;
29/11/2024;0,7;0,59;0,65;0,51;0,64;0,55;0,66;0,69;0,5;0,63;0,62;0,65;0,68;0,7;0,59;0,58;0,52;0,52;0,58;0,66;0,62;0,67;0,58;0,65;0,65;0,64;0,68;0,68;0,55;0,53;0,64;0,55;0,61;0,61;0,58;0,59;0,62;0,51;0,56;0,68;0,62;0,6;0,51;0,51;0,66;0,6;0,62;0,52;0,53;0,58;0,61;0,57;0,6;0,66;0,52;0,5;0,6;0,68;0,67;0,59;0,56;0,51;0,52;0,61;0,64;0,64;0,55;0,63;0,57;0,59;0,66;0,63;0,63;0,64;0,58;0,7;0,64;0,56;0,53;0,62;0,53;0,54;0,52;0,64;0,62;0,52;0,7;0,5;0,55;0,62;0,51;0,53;0,7;0,53;0,57;5,7;;;;
30/11/2024;0,64;0,66;0,62;0,52;0,55;0,52;0,69;0,65;0,54;0,61;0,68;0,6;0,7;0,58;0,53;0,53;0,55;0,57;0,65;0,69;0,6;0,63;0,65;0,65;0,69;0,61;0,67;0,62;0,58;0,54;0,62;0,56;0,61;0,67;0,62;0,51;0,6;0,67;0,63;0,57;0,68;0,52;0,51;0,7;0,52;0,57;0,62;0,57;0,66;0,55;0,64;0,56;0,67;0,56;0,6;0,7;0,63;0,55;0,66;0,52;0,66;0,56;0,68;0,57;0,67;0,6;0,63;0,5;0,55;0,66;0,55;0,68;0,5;0,68;0,52;0,59;0,61;0,53;0,63;0,57;0,69;0,62;0,69;0,65;0,55;0,68;0,63;0,6;0,58;0,67;0,7;0,69;0,65;0,7;0,62;6,9;;;;
01/12/2024;0,58;0,54;0,66;0,63;0,57;0,5;0,59;0,61;0,53;0,7;0,69;0,67;0,55;0,61;0,69;0,64;0,68;0,53;0,61;0,65;0,55;0,67;0,58;0,51;0,58;0,67;0,56;0,59;0,57;0,59;0,66;0,65;0,57;0,69;0,59;0,52;0,61;0,6;0,58;0,57;0,61;0,54;0,6;0,69;0,57;0,56;0,53;0,6;0,54;0,66;0,51;0,56;0,63;0,5;0,5;0,63;0,66;0,6;0,69;0,67;0,61;0,64;0,59;0,51;0,64;0,66;0,6;0,56;0,54;0,6;0,58;0,66;0,56;0,51;0,69;0,54;0,61;0,66;0,59;0,61;0,55;0,6;0,62;0,53;0,53;0,5;0,54;0,56;0,5;0,55;0,69;0,63;0,5;0,52;0,53;6,9;;;;
02/12/2024;0,65;0,52;0,56;0,62;0,51;0,51;0,57;0,56;0,55;0,55;0,69;0,66;0,59;0,64;0,66;0,68;0,65;0,58;0,56;0,69;0,68;0,58;0,55;0,5;0,68;0,59;0,69;0,63;0,7;0,59;0,56;0,5;0,57;0,6;0,57;0,7;0,68;0,61;0,66;0,57;0,52;0,65;0,66;0,54;0,64;0,52;0,63;0,57;0,52;0,69;0,6;0,57;0,67;0,64;0,57;0,6;0,66;0,61;0,58;0,65;0,61;0,61;0,65;0,61;0,69;0,59;0,63;0,66;0,68;0,51;0,65;0,61;0,62;0,52;0,62;0,62;0,58;0,51;0,58;0,53;0,62;0,55;0,54;0,62;0,67;0,67;0,64;0,66;0,62;0,51;0,57;0,58;0,64;0,57;0,64;6,0;;;;
03/12/2024;0,68;0,59;0,53;0,51;0,51;0,62;0,65;0,57;0,56;0,59;0,58;0,67;0,56;0,52;0,61;0,63;0,68;0,66;0,66;0,52;0,63;0,66;0,57;0,6;0,52;0,51;0,67;0,54;0,68;0,58;0,56;0,63;0,55;0,67;0,62;0,53;0,65;0,61;0,6;0,59;0,68;0,53;0,64;0,51;0,52;0,65;0,65;0,66;0,57;0,62;0,55;0,62;0,7;0,59;0,57;0,57;0,58;0,64;0,53;0,58;0,69;0,68;0,59;0,62;0,67;0,61;0,67;0,7;0,7;0,62;0,56;0,53;0,61;0,53;0,64;0,67;0,5;0,65;0,62;0,56;0,59;0,69;0,7;0,59;0,69;0,61;0,52;0,59;0,69;0,53;0,69;0,54;0,67;0,66;0,51;6,3;;;;
04/12/2024;0,55;0,65;0,52;0,63;0,55;0,64;0,51;0,6;0,63;0,58;0,61;0,57;0,64;0,6;0,62;0,68;0,51;0,65;0,6;0,64;0,66;0,54;0,59;0,55;0,67;0,54;0,6;0,58;0,66;0,54;0,67;0,56;0,59;0,55;0,64;0,56;0,68;0,63;0,53;0,64;0,53;0,55;0,63;0,66;0,6;0,55;0,68;0,56;0,51;0,51;0,66;0,62;0,53;0,66;0,67;0,67;0,69;0,56;0,54;0,65;0,52;0,64;0,56;0,52;0,59;0,62;0,58;0,59;0,59;0,65;0,58;0,63;0,58;0,52;0,66;0,62;0,54;0,55;0,67;0,57;0,54;0,7;0,6;0,54;0,66;0,52;0,51;0,69;0,61;0,69;0,51;0,58;0,66;0,63;0,68;6,3;;;;
05/12/2024;0,6;0,54;0,59;0,68;0,53;0,59;0,62;0,65;0,66;0,62;0,66;0,6;0,63;0,56;0,55;0,65;0,52;0,66;0,56;0,63;0,67;0,66;0,61;0,6;0,68;0,52;0,67;0,68;0,59;0,54;0,67;0,51;0,68;0,53;0,65;0,65;0,65;0,65;0,6;0,69;0,66;0,55;0,63;0,52;0,67;0,59;0,61;0,68;0,55;0,69;0,66;0,55;0,66;0,5;0,68;0,63;0,66;0,63;0,51;0,65;0,61;0,6;0,59;0,5;0,67;0,69;0,66;0,61;0,68;0,66;0,58;0,59;0,56;0,64;0,66;0,6;0,62;0,64;0,66;0,6;0,59;0,66;0,66;0,66;0,53;0,5;0,55;0,68;0,67;0,53;0,65;0,63;0,68;0,54;0,65;6,9;;;;
06/12/2024;0,67;0,62;0,52;0,57;0,54;0,63;0,65;0,68;0,57;0,61;0,53;0,57;0,51;0,61;0,56;0,61;0,68;0,66;0,6;0,62;0,65;0,53;0,57;0,5;0,59;0,52;0,59;0,65;0,63;0,54;0,61;0,54;0,54;0,68;0,63;0,56;0,58;0,63;0,5;0,55;0,53;0,53;0,53;0,54;0,64;0,57;0,7;0,62;0,65;0,53;0,57;0,64;0,63;0,65;0,7;0,58;0,61;0,56;0,59;0,61;0,66;0,63;0,62;0,68;0,67;0,53;0,65;0,5;0,57;0,55;0,67;0,52;0,57;0,64;0,64;0,51;0,63;0,56;0,54;0,66;0,57;0,67;0,69;0,53;0,56;0,53;0,62;0,66;0,64;0,59;0,53;0,64;0,56;0,58;0,52;6,6;;;;
07/12/2024;0,61;0,59;0,6;0,66;0,69;0,52;0,69;0,69;0,64;0,6;0,53;0,52;0,65;0,64;0,58;0,63;0,56;0,68;0,69;0,69;0,58;0,66;0,6;0,67;0,61;0,62;0,67;0,57;0,51;0,68;0,51;0,68;0,62;0,69;0,55;0,66;0,56;0,55;0,54;0,57;0,69;0,63;0,53;0,62;0,64;0,63;0,64;0,62;0,67;0,66;0,56;0,6;0,52;0,66;0,53;0,57;0,62;0,64;0,54;0,64;0,64;0,62;0,6;0,56;0,62;0,61;0,58;0,65;0,67;0,61;0,53;0,58;0,53;0,51;0,58;0,63;0,54;0,64;0,62;0,59;0,54;0,53;0,63;0,52;0,63;0,53;0,66;0,66;0,58;0,56;0,57;0,7;0,61;0,64;0,52;6,3;;;;
08/12/2024;0,53;0,53;0,62;0,67;0,59;0,65;0,7;0,62;0,61;0,57;0,65;0,65;0,67;0,61;0,51;0,58;0,59;0,56;0,67;0,69;0,66;0,57;0,55;0,52;0,69;0,69;0,63;0,51;0,54;0,54;0,57;0,67;0,51;0,51;0,6;0,65;0,63;0,61;0,7;0,69;0,69;0,69;0,67;0,67;0,56;0,62;0,66;0,69;0,6;0,69;0,59;0,52;0,59;0,57;0,53;0,69;0,66;0,58;0,69;0,53;0,64;0,65;0,6;0,54;0,67;0,68;0,66;0,54;0,6;0,58;0,51;0,54;0,65;0,56;0,62;0,57;0,66;0,56;0,64;0,64;0,56;0,54;0,63;0,7;0,55;0,5;0,64;0,64;0,56;0,5;0,51;0,66;0,62;0,69;0,67;6,0;;;;
09/12/2024;0,53;0,53;0,54;0,56;0,6;0,7;0,58;0,59;0,62;0,51;0,64;0,58;0,61;0,67;0,54;0,51;0,54;0,68;0,7;0,66;0,62;0,68;0,54;0,64;0,68;0,53;0,54;0,64;0,67;0,67;0,69;0,64;0,64;0,59;0,61;0,56;0,57;0,54;0,55;0,55;0,56;0,54;0,5;0,6;0,64;0,51;0,62;0,52;0,59;0,62;0,56;0,58;0,59;0,61;0,66;0,62;0,67;0,58;0,63;0,66;0,62;0,67;0,69;0,56;0,68;0,7;0,53;0,62;0,64;0,61;0,57;0,59;0,68;0,62;0,62;0,57;0,51;0,55;0,62;0,65;0,63;0,63;0,67;0,53;0,55;0,55;0,61;0,64;0,63;0,56;0,58;0,64;0,59;0,67;0,61;7,5;;;;
10/12/2024;0,56;0,53;0,65;0,51;0,57;0,55;0,57;0,61;0,61;0,54;0,54;0,65;0,58;0,68;0,68;0,61;0,51;0,55;0,58;0,54;0,62;0,67;0,53;0,54;0,57;0,55;0,62;0,55;0,63;0,56;0,53;0,65;0,64;0,56;0,57;0,53;0,53;0,66;0,58;0,6;0,53;0,6;0,65;0,57;0,67;0,53;0,57;0,65;0,68;0,64;0,64;0,57;0,65;0,69;0,62;0,69;0,61;0,54;0,62;0,63;0,61;0,51;0,67;0,57;0,52;0,6;0,69;0,57;0,61;0,65;0,68;0,67;0,66;0,58;0,51;0,61;0,59;0,54;0,54;0,64;0,51;0,55;0,63;0,55;0,55;0,59;0,57;0,64;0,7;0,66;0,61;0,7;0,57;0,62;0,56;6,9;;;;
11/12/2024;0,5;0,6;0,69;0,53;0,56;0,54;0,54;0,52;0,68;0,67;0,69;0,61;0,56;0,66;0,66;0,53;0,64;0,65;0,55;0,7;0,69;0,53;0,59;0,69;0,6;0,57;0,6;0,52;0,55;0,56;0,58;0,67;0,63;0,51;0,54;0,67;0,6;0,66;0,57;0,6;0,57;0,63;0,6;0,57;0,67;0,6;0,65;0,54;0,56;0,6;0,52;0,53;0,58;0,54;0,63;0,51;0,5;0,6;0,66;0,6;0,5;0,51;0,65;0,51;0,68;0,6;0,55;0,59;0,64;0,58;0,69;0,66;0,53;0,52;0,61;0,56;0,63;0,54;0,54;0,55;0,6;0,52;0,55;0,68;0,66;0,66;0,56;0,53;0,53;0,52;0,65;0,56;0,67;0,69;0,56;7,2;;;;
12/12/2024;0,67;0,58;0,65;0,68;0,56;0,57;0,65;0,65;0,52;0,53;0,67;0,6;0,67;0,64;0,6;0,6;0,62;0,53;0,65;0,6;0,68;0,68;0,7;0,66;0,55;0,57;0,51;0,69;0,69;0,54;0,7;0,58;0,64;0,57;0,51;0,6;0,62;0,65;0,65;0,65;0,61;0,61;0,62;0,66;0,52;0,55;0,67;0,69;0,62;0,62;0,56;0,58;0,54;0,55;0,56;0,63;0,66;0,55;0,56;0,66;0,61;0,56;0,59;0,61;0,52;0,65;0,53;0,61;0,7;0,57;0,54;0,61;0,55;0,61;0,65;0,64;0,57;0,61;0,6;0,66;0,57;0,52;0,68;0,6;0,64;0,62;0,57;0,53;0,55;0,61;0,53;0,68;0,56;0,55;0,56;6,6;;;;
13/12/2024;0,62;0,68;0,58;0,66;0,68;0,56;0,65;0,57;0,51;0,52;0,59;0,56;0,54;0,67;0,53;0,67;0,56;0,62;0,63;0,67;0,65;0,58;0,61;0,7;0,65;0,53;0,64;0,52;0,53;0,59;0,65;0,68;0,64;0,63;0,5;0,63;0,56;0,55;0,63;0,55;0,69;0,57;0,64;0,61;0,52;0,51;0,65;0,61;0,66;0,53;0,6;0,68;0,59;0,51;0,68;0,62;0,54;0,63;0,58;0,54;0,54;0,65;0,66;0,55;0,61;0,64;0,66;0,64;0,66;0,51;0,58;0,55;0,61;0,69;0,64;0,53;0,52;0,66;0,6;0,61;0,55;0,56;0,54;0,57;0,55;0,58;0,59;0,65;0,54;0,52;0,58;0,57;0,7;0,54;0,6;6,3;;;;
14/12/2024;0,52;0,54;0,5;0,68;0,57;0,54;0,66;0,64;0,69;0,58;0,62;0,52;0,69;0,66;0,62;0,63;0,53;0,54;0,65;0,66;0,62;0,57;0,63;0,51;0,51;0,66;0,61;0,58;0,61;0,59;0,54;0,69;0,64;0,64;0,69;0,63;0,55;0,62;0,52;0,65;0,51;0,69;0,61;0,63;0,69;0,62;0,61;0,59;0,62;0,54;0,59;0,51;0,66;0,51;0,57;0,63;0,66;0,53;0,68;0,65;0,61;0,69;0,54;0,53;0,67;0,69;0,66;0,54;0,61;0,58;0,68;0,51;0,55;0,62;0,56;0,62;0,57;0,67;0,55;0,58;0,57;0,6;0,6;0,56;0,59;0,69;0,56;0,56;0,63;0,64;0,66;0,55;0,59;0,51;0,51;6,0;;;;
15/12/2024;0,63;0,59;0,56;0,53;0,68;0,51;0,6;0,59;0,57;0,7;0,6;0,55;0,67;0,6;0,61;0,62;0,67;0,63;0,67;0,68;0,57;0,69;0,65;0,62;0,67;0,59;0,61;0,63;0,61;0,67;0,64;0,63;0,54;0,51;0,55;0,65;0,52;0,53;0,51;0,55;0,58;0,66;0,61;0,52;0,66;0,64;0,56;0,65;0,67;0,63;0,55;0,61;0,58;0,52;0,61;0,52;0,64;0,51;0,5;0,51;0,57;0,67;0,52;0,65;0,52;0,57;0,59;0,69;0,56;0,64;0,62;0,51;0,62;0,58;0,61;0,68;0,7;0,51;0,52;0,53;0,53;0,57;0,61;0,67;0,68;0,68;0,62;0,61;0,68;0,53;0,69;0,61;0,6;0,65;0,67;7,2;;;;
16/12/2024;0,61;0,6;0,55;0,57;0,62;0,67;0,61;0,54;0,51;0,58;0,52;0,53;0,56;0,59;0,63;0,69;0,56;0,69;0,59;0,66;0,67;0,57;0,66;0,62;0,58;0,57;0,52;0,55;0,68;0,66;0,54;0,51;0,67;0,53;0,66;0,69;0,65;0,58;0,52;0,5;0,63;0,6;0,58;0,51;0,66;0,54;0,59;0,62;0,68;0,51;0,54;0,51;0,61;0,68;0,61;0,6;0,52;0,53;0,6;0,67;0,66;0,52;0,69;0,55;0,69;0,53;0,69;0,56;0,61;0,51;0,66;0,63;0,56;0,58;0,53;0,62;0,59;0,52;0,52;0,53;0,63;0,61;0,62;0,65;0,63;0,69;0,57;0,69;0,5;0,69;0,54;0,65;0,68;0,53;0,68;6,9;;;;
17/12/2024;0,62;0,67;0,55;0,51;0,67;0,58;0,6;0,6;0,54;0,64;0,62;0,63;0,57;0,6;0,58;0,51;0,68;0,69;0,52;0,6;0,61;0,51;0,64;0,59;0,6;0,65;0,5;0,65;0,6;0,65;0,68;0,66;0,68;0,52;0,53;0,69;0,66;0,64;0,65;0,51;0,56;0,61;0,65;0,57;0,6;0,54;0,64;0,55;0,55;0,68;0,55;0,52;0,69;0,53;0,61;0,62;0,62;0,58;0,5;0,51;0,55;0,55;0,68;0,63;0,57;0,61;0,61;0,5;0,58;0,58;0,59;0,7;0,63;0,62;0,57;0,56;0,62;0,7;0,65;0,64;0,51;0,61;0,64;0,61;0,69;0,51;0,6;0,66;0,53;0,65;0,64;0,51;0,6;0,67;0,58;6,9;;;;
18/12/2024;0,5;0,7;0,7;0,6;0,61;0,59;0,68;0,52;0,6;0,6;0,6;0,59;0,62;0,7;0,51;0,7;0,67;0,56;0,6;0,55;0,54;0,55;0,63;0,51;0,62;0,51;0,52;0,63;0,67;0,57;0,53;0,52;0,55;0,59;0,6;0,57;0,51;0,7;0,52;0,63;0,64;0,58;0,53;0,57;0,63;0,53;0,61;0,67;0,62;0,62;0,62;0,53;0,59;0,63;0,56;0,59;0,57;0,6;0,61;0,57;0,58;0,58;0,53;0,6;0,54;0,62;0,55;0,56;0,55;0,59;0,53;0,54;0,68;0,59;0,5;0,6;0,68;0,63;0,66;0,63;0,66;0,67;0,63;0,51;0,54;0,65;0,54;0,57;0,6;0,63;0,67;0,67;0,67;0,61;0,55;6,6;;;;
19/12/2024;0,57;0,55;0,5;0,63;0,52;0,55;0,51;0,59;0,58;0,66;0,6;0,55;0,7;0,56;0,62;0,67;0,61;0,52;0,53;0,52;0,65;0,68;0,57;0,51;0,62;0,67;0,52;0,62;0,63;0,6;0,64;0,63;0,69;0,66;0,62;0,66;0,67;0,62;0,62;0,67;0,69;0,62;0,64;0,52;0,61;0,69;0,54;0,56;0,61;0,54;0,55;0,62;0,51;0,56;0,51;0,51;0,63;0,54;0,52;0,5;0,65;0,57;0,54;0,51;0,55;0,5;0,55;0,65;0,54;0,68;0,56;0,7;0,6;0,59;0,53;0,55;0,56;0,57;0,68;0,53;0,69;0,58;0,55;0,58;0,6;0,68;0,64;0,61;0,59;0,66;0,68;0,55;0,64;0,66;0,62;5,7;;;;
20/12/2024;0,68;0,54;0,54;0,64;0,67;0,55;0,52;0,59;0,66;0,54;0,59;0,56;0,51;0,57;0,66;0,57;0,52;0,62;0,63;0,61;0,64;0,5;0,63;0,64;0,52;0,64;0,65;0,5;0,59;0,55;0,51;0,67;0,67;0,53;0,64;0,6;0,63;0,56;0,54;0,56;0,63;0,59;0,62;0,52;0,6;0,7;0,68;0,6;0,66;0,52;0,5;0,58;0,65;0,66;0,54;0,58;0,62;0,54;0,68;0,51;0,59;0,53;0,51;0,58;0,63;0,51;0,57;0,63;0,69;0,58;0,53;0,51;0,64;0,68;0,68;0,52;0,69;0,66;0,54;0,6;0,56;0,54;0,64;0,59;0,59;0,54;0,64;0,68;0,62;0,59;0,67;0,68;0,62;0,56;0,51;6,6;;;;
21/12/2024;0,54;0,55;0,63;0,65;0,51;0,55;0,63;0,59;0,69;0,67;0,56;0,55;0,54;0,63;0,62;0,68;0,56;0,57;0,52;0,54;0,5;0,57;0,51;0,5;0,63;0,57;0,59;0,51;0,59;0,58;0,54;0,54;0,67;0,52;0,7;0,55;0,63;0,6;0,63;0,5;0,57;0,5;0,54;0,6;0,69;0,6;0,6;0,65;0,69;0,64;0,59;0,68;0,59;0,65;0,66;0,63;0,59;0,62;0,55;0,52;0,54;0,66;0,6;0,53;0,52;0,61;0,5;0,68;0,69;0,62;0,51;0,68;0,67;0,56;0,64;0,52;0,69;0,53;0,69;0,56;0,65;0,67;0,52;0,67;0,66;0,66;0,63;0,61;0,64;0,64;0,55;0,56;0,59;0,56;0,59;7,2;;;;
22/12/2024;0,57;0,64;0,65;0,56;0,66;0,64;0,64;0,53;0,7;0,53;0,6;0,61;0,54;0,55;0,53;0,52;0,5;0,68;0,57;0,61;0,69;0,65;0,57;0,52;0,69;0,66;0,57;0,68;0,59;0,52;0,66;0,55;0,65;0,51;0,51;0,69;0,62;0,51;0,61;0,69;0,58;0,67;0,52;0,53;0,51;0,67;0,65;0,51;0,69;0,66;0,57;0,51;0,59;0,68;0,55;0,64;0,56;0,52;0,65;0,65;0,51;0,58;0,66;0,56;0,64;0,61;0,56;0,7;0,63;0,59;0,67;0,51;0,68;0,5;0,51;0,61;0,56;0,6;0,6;0,61;0,5;0,59;0,63;0,54;0,55;0,55;0,66;0,6;0,58;0,7;0,66;0,66;0,66;0,53;0,7;6,3;;;;
23/12/2024;0,69;0,54;0,5;0,56;0,63;0,54;0,5;0,64;0,66;0,69;0,5;0,54;0,69;0,64;0,59;0,63;0,54;0,55;0,54;0,65;0,62;0,58;0,65;0,7;0,54;0,66;0,64;0,52;0,54;0,63;0,53;0,6;0,68;0,62;0,54;0,66;0,53;0,64;0,57;0,57;0,64;0,63;0,56;0,69;0,58;0,6;0,67;0,59;0,58;0,51;0,63;0,58;0,58;0,62;0,53;0,56;0,62;0,52;0,58;0,51;0,65;0,6;0,65;0,62;0,65;0,69;0,61;0,68;0,56;0,59;0,56;0,61;0,66;0,67;0,61;0,59;0,64;0,54;0,67;0,56;0,65;0,66;0,57;0,64;0,57;0,53;0,63;0,64;0,69;0,56;0,59;0,67;0,52;0,51;0,62;6,6;;;;
24/12/2024;0,69;0,62;0,6;0,53;0,61;0,61;0,68;0,62;0,56;0,65;0,67;0,53;0,68;0,54;0,54;0,59;0,57;0,66;0,68;0,54;0,57;0,67;0,55;0,59;0,55;0,51;0,57;0,57;0,62;0,54;0,68;0,52;0,7;0,61;0,63;0,63;0,62;0,61;0,69;0,54;0,55;0,57;0,69;0,63;0,69;0,61;0,55;0,62;0,55;0,58;0,53;0,66;0,57;0,64;0,68;0,62;0,68;0,54;0,62;0,61;0,61;0,61;0,61;0,64;0,6;0,68;0,5;0,68;0,62;0,6;0,56;0,68;0,53;0,66;0,64;0,62;0,53;0,7;0,55;0,53;0,62;0,52;0,52;0,66;0,69;0,59;0,61;0,55;0,64;0,63;0,5;0,61;0,7;0,59;0,65;6,3;;;;
25/12/2024;0,52;0,57;0,7;0,51;0,52;0,64;0,67;0,69;0,61;0,62;0,61;0,62;0,61;0,7;0,68;0,51;0,69;0,59;0,66;0,53;0,51;0,52;0,67;0,58;0,65;0,68;0,56;0,64;0,58;0,52;0,66;0,6;0,58;0,51;0,58;0,6;0,51;0,59;0,65;0,53;0,53;0,68;0,57;0,58;0,56;0,57;0,62;0,57;0,7;0,67;0,62;0,63;0,64;0,59;0,61;0,65;0,66;0,67;0,58;0,61;0,65;0,63;0,51;0,64;0,64;0,64;0,65;0,65;0,6;0,67;0,59;0,56;0,5;0,65;0,58;0,68;0,55;0,64;0,51;0,59;0,67;0,6;0,68;0,61;0,66;0,5;0,52;0,55;0,54;0,64;0,64;0,55;0,56;0,66;0,56;6,9;;;;
26/12/2024;0,53;0,61;0,63;0,68;0,69;0,52;0,68;0,61;0,64;0,66;0,51;0,6;0,5;0,62;0,5;0,69;0,52;0,62;0,59;0,69;0,55;0,5;0,65;0,62;0,63;0,56;0,67;0,62;0,68;0,64;0,58;0,57;0,64;0,68;0,63;0,57;0,66;0,57;0,6;0,63;0,66;0,57;0,66;0,67;0,65;0,61;0,54;0,59;0,62;0,6;0,65;0,52;0,67;0,55;0,56;0,65;0,55;0,67;0,62;0,68;0,51;0,62;0,68;0,51;0,63;0,62;0,65;0,53;0,66;0,56;0,52;0,53;0,66;0,53;0,65;0,51;0,69;0,66;0,51;0,5;0,62;0,61;0,66;0,57;0,51;0,55;0,64;0,7;0,59;0,69;0,52;0,65;0,52;0,6;0,57;6,9;;;;
27/12/2024;0,63;0,68;0,69;0,51;0,66;0,53;0,56;0,62;0,59;0,52;0,57;0,69;0,6;0,62;0,56;0,56;0,52;0,66;0,58;0,65;0,56;0,7;0,5;0,6;0,67;0,61;0,67;0,54;0,56;0,58;0,51;0,53;0,55;0,53;0,69;0,58;0,58;0,68;0,53;0,57;0,52;0,5;0,63;0,61;0,6;0,66;0,59;0,69;0,57;0,63;0,69;0,62;0,64;0,64;0,64;0,65;0,65;0,65;0,67;0,66;0,52;0,62;0,56;0,55;0,53;0,58;0,69;0,66;0,57;0,65;0,65;0,61;0,62;0,65;0,59;0,52;0,53;0,59;0,52;0,66;0,69;0,57;0,67;0,59;0,66;0,55;0,66;0,65;0,69;0,64;0,69;0,69;0,59;0,67;0,59;6,6;;;;
28/12/2024;0,6;0,65;0,54;0,66;0,5;0,57;0,58;0,63;0,57;0,64;0,6;0,56;0,6;0,52;0,62;0,53;0,54;0,58;0,61;0,51;0,62;0,66;0,56;0,67;0,63;0,64;0,64;0,61;0,62;0,67;0,67;0,57;0,51;0,6;0,68;0,53;0,55;0,56;0,58;0,65;0,64;0,66;0,7;0,52;0,56;0,63;0,57;0,69;0,68;0,63;0,59;0,68;0,7;0,64;0,64;0,64;0,64;0,59;0,5;0,63;0,66;0,52;0,59;0,69;0,55;0,57;0,58;0,52;0,66;0,6;0,65;0,52;0,65;0,68;0,62;0,55;0,64;0,59;0,66;0,69;0,67;0,59;0,64;0,59;0,65;0,64;0,57;0,61;0,57;0,67;0,59;0,63;0,59;0,59;0,51;6,899;;;;
29/12/2024;0,56;0,66;0,57;0,63;0,68;0,64;0,66;0,53;0,57;0,69;0,59;0,64;0,53;0,52;0,66;0,69;0,52;0,52;0,63;0,7;0,64;0,66;0,52;0,56;0,58;0,52;0,58;0,56;0,69;0,58;0,63;0,6;0,55;0,66;0,59;0,57;0,51;0,56;0,56;0,61;0,51;0,56;0,53;0,62;0,52;0,63;0,51;0,55;0,67;0,62;0,58;0,6;0,53;0,56;0,64;0,5;0,54;0,65;0,63;0,61;0,59;0,69;0,56;0,61;0,6;0,64;0,64;0,69;0,66;0,56;0,56;0,67;0,69;0,51;0,69;0,62;0,64;0,65;0,54;0,68;0,66;0,54;0,54;0,55;0,69;0,53;0,6;0,65;0,62;0,56;0,59;0,57;0,58;0,52;0,65;6,301;;;;
30/12/2024;0,53;0,59;0,53;0,65;0,6;0,68;0,65;0,6;0,61;0,63;0,57;0,62;0,55;0,58;0,64;0,58;0,69;0,55;0,65;0,5;0,56;0,51;0,59;0,58;0,53;0,57;0,56;0,69;0,54;0,54;0,53;0,69;0,63;0,52;0,69;0,58;0,54;0,61;0,67;0,64;0,64;0,66;0,61;0,51;0,67;0,6;0,64;0,63;0,68;0,68;0,65;0,61;0,57;0,69;0,55;0,65;0,64;0,65;0,68;0,51;0,63;0,59;0,51;0,51;0,68;0,66;0,51;0,52;0,57;0,55;0,6;0,56;0,59;0,63;0,63;0,61;0,69;0,55;0,65;0,6;0,63;0,7;0,67;0,7;0,59;0,56;0,53;0,54;0,51;0,5;0,54;0,67;0,69;0,69;0,57;6,9;;;;
31/12/2024;0,6;0,62;0,62;0,67;0,61;0,67;0,68;0,68;0,64;0,68;0,65;0,55;0,56;0,53;0,68;0,5;0,57;0,65;0,63;0,6;0,53;0,52;0,59;0,51;0,69;0,65;0,61;0,65;0,7;0,53;0,56;0,51;0,58;0,6;0,52;0,68;0,57;0,69;0,65;0,56;0,54;0,68;0,53;0,53;0,58;0,67;0,69;0,68;0,7;0,65;0,67;0,5;0,5;0,61;0,53;0,65;0,58;0,57;0,68;0,59;0,53;0,59;0,67;0,61;0,51;0,59;0,6;0,69;0,55;0,63;0,61;0,64;0,65;0,61;0,69;0,66;0,67;0,62;0,69;0,64;0,55;0,6;0,69;0,52;0,51;0,62;0,51;0,68;0,69;0,59;0,54;0,62;0,6;0,59;0,7;6,9;;;;
