Giorno;00:00-00:15;00:15-00:30;00:30-00:45;00:45-01:00;01:00-01:15;01:15-01:30;01:30-01:45;01:45-02:00;02:00-02:15;02:15-02:30;02:30-02:45;02:45-03:00;03:00-03:15;03:15-03:30;03:30-03:45;03:45-04:00;04:00-04:15;04:15-04:30;04:30-04:45;04:45-05:00;05:00-05:15;05:15-05:30;05:30-05:45;05:45-06:00;06:00-06:15;06:15-06:30;06:30-06:45;06:45-07:00;07:00-07:15;07:15-07:30;07:30-07:45;07:45-08:00;08:00-08:15;08:15-08:30;08:30-08:45;08:45-09:00;09:00-09:15;09:15-09:30;09:30-09:45;09:45-10:00;10:00-10:15;10:15-10:30;10:30-10:45;10:45-11:00;11:00-11:15;11:15-11:30;11:30-11:45;11:45-12:00;12:00-12:15;12:15-12:30;12:30-12:45;12:45-13:00;13:00-13:15;13:15-13:30;13:30-13:45;13:45-14:00;14:00-14:15;14:15-14:30;14:30-14:45;14:45-15:00;15:00-15:15;15:15-15:30;15:30-15:45;15:45-16:00;16:00-16:15;16:15-16:30;16:30-16:45;16:45-17:00;17:00-17:15;17:15-17:30;17:30-17:45;17:45-18:00;18:00-18:15;18:15-18:30;18:30-18:45;18:45-19:00;19:00-19:15;19:15-19:30;19:30-19:45;19:45-20:00;20:00-20:15;20:15-20:30;20:30-20:45;20:45-21:00;21:00-21:15;21:15-21:30;21:30-21:45;21:45-22:00;22:00-22:15;22:15-22:30;22:30-22:45;22:45-23:00;23:00-23:15;23:15-23:30;23:30-23:45;23:45-00:00;ex1;ex2;ex3;ex4
01/01/2024;1,56;1,44;1,38;1,32;1,44;1,38;1,38;1,32;1,38;1,44;1,26;1,2;1,14;1,26;1,14;1,14;1,2;1,14;1,26;1,32;1,44;1,5;1,68;1,86;1,74;2,76;2,7;2,58;3,18;3,0;3,24;2,82;3,24;3,42;2,88;3,12;2,88;2,82;2,52;3,36;3,24;2,82;3,0;3,06;2,94;2,82;2,34;2,88;2,88;2,76;2,94;2,76;2,46;2,94;2,64;2,22;2,16;2,16;2,34;2,34;2,52;2,76;2,76;2,88;2,46;2,64;2,64;2,94;2,82;2,4;2,28;2,52;2,58;2,28;2,28;2,28;2,22;2,16;1,86;1,74;1,8;1,56;1,44;1,44;1,44;1,44;1,32;1,32;1,26;1,38;1,26;1,26;1,44;1,5;1,38;6,9;;;;
02/01/2024;1,38;1,5;1,32;1,38;1,44;1,38;1,44;1,44;1,26;1,38;1,26;1,2;1,26;1,2;1,38;1,2;1,2;1,14;1,26;1,38;1,56;1,62;1,68;1,98;2,16;2,52;3,0;2,88;3,42;3,24;3,18;3,06;3,36;2,76;2,94;3,06;3,24;2,58;2,76;2,88;3,3;3,12;3,0;3,18;2,94;2,88;2,58;2,04;2,64;3,3;3,18;3,24;3,06;2,82;2,88;2,64;2,76;2,88;2,76;2,76;2,52;2,64;2,52;2,52;2,4;2,76;2,58;3,0;2,82;2,58;2,76;2,76;2,52;2,34;2,4;2,28;2,22;1,8;1,8;1,62;1,8;1,62;1,5;1,44;1,5;1,38;1,32;1,38;1,38;1,32;1,38;1,32;1,62;1,56;1,56;7,5;;;;
03/01/2024;1,56;1,56;1,5;1,44;1,62;1,5;1,44;1,56;1,56;1,5;1,38;1,32;1,38;1,38;1,32;1,32;1,44;1,38;1,32;1,32;1,5;1,68;1,8;1,8;2,34;2,52;3,12;2,76;2,76;3,0;3,54;3,12;3,24;3,18;3,0;2,82;2,58;2,52;2,82;3,18;3,0;3,06;2,88;3,12;3,0;2,76;2,7;2,94;2,88;2,82;2,46;2,46;2,22;2,28;2,4;2,4;2,22;2,28;2,4;2,4;2,4;2,34;2,4;2,46;2,58;2,76;2,64;2,76;2,58;2,4;2,76;2,7;2,46;2,4;2,22;2,22;2,34;1,8;1,8;1,8;1,8;1,56;1,5;1,56;1,5;1,44;1,38;1,44;1,26;1,32;1,32;1,44;1,56;1,56;1,44;7,5;;;;
04/01/2024;1,5;1,44;1,38;1,56;1,38;1,44;1,44;1,5;1,38;1,44;1,2;1,26;1,38;1,26;1,26;1,2;1,32;1,26;1,26;1,32;1,56;1,56;1,68;1,68;1,8;2,34;2,76;3,0;3,42;3,54;3,54;3,24;3,42;3,18;3,06;3,6;3,18;3,54;2,88;3,48;3,42;3,6;3,24;3,18;3,9;3,6;3,36;3,54;3,54;3,6;3,42;2,82;3,6;3,36;2,64;2,88;2,76;2,76;2,76;2,7;2,82;2,94;2,94;2,76;2,88;3,18;2,88;2,94;2,88;2,7;2,58;2,76;2,64;2,52;2,52;2,28;2,28;1,92;1,68;1,74;1,74;1,62;1,5;1,56;1,44;1,44;1,44;1,44;1,26;1,26;1,26;1,38;1,44;1,38;1,38;7,2;;;;
05/01/2024;1,32;1,44;1,32;1,5;1,44;1,38;1,5;1,44;1,38;1,32;1,32;1,26;1,2;1,14;1,32;1,2;1,14;1,2;1,32;1,32;1,62;1,62;1,74;1,8;1,68;2,64;2,76;3,18;3,18;3,24;3,06;2,88;2,94;3,84;3,48;3,0;3,6;3,24;3,06;3,12;3,6;3,18;3,36;3,24;3,6;3,78;3,48;3,24;3,18;3,12;3,3;3,12;3,3;3,0;2,64;2,64;2,46;2,58;2,64;2,88;3,0;3,24;3,0;3,0;3,06;3,06;2,76;2,94;2,88;2,4;2,28;2,46;2,52;2,58;2,34;2,22;2,22;1,86;1,92;1,8;1,62;1,68;1,44;1,5;1,44;1,5;1,32;1,32;1,26;1,38;1,32;1,2;1,44;1,56;1,38;6,9;;;;
06/01/2024;1,32;1,44;1,44;1,38;1,44;1,56;1,44;1,44;1,38;1,5;1,2;1,26;1,32;1,2;1,26;1,2;1,14;1,32;1,26;1,26;1,56;1,74;1,68;1,74;1,62;2,46;2,58;2,94;3,0;3,0;2,58;2,82;2,82;2,82;3,54;3,24;3,18;3,48;3,06;3,0;3,18;3,24;3,18;2,94;2,82;3,18;3,12;3,06;3,0;3,3;3,18;2,94;2,88;2,58;2,16;2,16;2,22;2,28;2,28;2,52;2,52;2,4;2,34;2,46;2,58;2,64;2,58;2,88;2,88;2,64;2,4;2,76;2,76;2,4;2,52;2,34;2,34;1,62;1,74;1,8;1,68;1,56;1,44;1,56;1,44;1,32;1,32;1,32;1,32;1,2;1,26;1,26;1,44;1,38;1,32;7,2;;;;
07/01/2024;1,38;1,44;1,38;1,32;1,44;1,38;1,38;1,44;1,38;1,32;1,2;1,2;1,2;1,14;1,2;1,2;1,26;1,14;1,26;1,26;1,56;1,62;1,62;2,04;2,34;2,46;2,64;2,88;2,82;2,76;2,52;2,82;2,94;3,36;3,3;2,94;3,18;2,94;3,0;3,0;3,0;3,0;3,48;2,94;3,18;3,0;2,7;3,12;3,3;3,24;3,12;2,94;3,18;2,88;2,94;2,82;2,52;2,64;2,52;2,7;2,88;2,76;2,76;2,82;2,82;2,94;2,82;3,12;2,82;2,46;2,94;2,76;2,64;2,52;2,4;2,52;2,22;1,92;1,74;1,62;1,74;1,5;1,44;1,5;1,38;1,38;1,32;1,38;1,26;1,26;1,32;1,38;1,5;1,44;1,38;7,2;;;;
08/01/2024;1,44;1,38;1,38;1,5;1,38;1,38;1,38;1,56;1,44;1,38;1,26;1,32;1,26;1,2;1,2;1,38;1,38;1,38;1,44;1,44;1,68;1,62;1,74;1,92;1,86;2,58;3,06;3,36;3,66;3,6;3,48;3,36;3,42;3,06;3,42;3,54;3,0;3,18;3,42;3,18;2,82;3,18;3,06;3,48;2,76;3,48;3,3;3,06;3,0;3,18;3,24;3,12;3,0;2,4;2,4;2,4;2,22;2,22;2,46;2,58;2,58;2,64;2,64;2,82;2,64;2,82;2,76;2,94;2,46;2,22;2,34;2,64;2,4;2,16;2,34;2,58;2,22;1,86;1,86;1,8;1,62;1,56;1,62;1,44;1,38;1,32;1,32;1,32;1,32;1,26;1,38;1,38;1,38;1,32;1,44;6,9;;;;
09/01/2024;1,32;1,38;1,44;1,26;1,38;1,38;1,38;1,26;1,32;1,38;1,32;1,32;1,32;1,38;1,38;1,26;1,32;1,38;1,32;1,32;1,44;1,68;1,86;1,92;2,22;2,4;2,76;2,88;3,24;3,06;3,18;2,46;2,94;3,18;2,7;2,58;2,7;2,88;2,7;2,46;2,64;2,94;2,94;2,88;2,82;2,76;2,7;2,52;2,76;2,82;3,06;2,94;2,22;2,16;2,28;2,22;2,1;2,1;2,22;2,22;2,22;2,34;2,58;2,52;2,4;2,64;2,46;2,76;2,64;2,34;2,64;2,7;2,46;2,4;2,34;2,28;2,22;2,04;1,86;1,74;1,68;1,56;1,62;1,5;1,5;1,5;1,5;1,32;1,32;1,32;1,32;1,38;1,44;1,44;1,38;6,9;;;;
10/01/2024;1,44;1,44;1,38;1,44;1,44;1,38;1,44;1,44;1,32;1,44;1,38;1,32;1,38;1,38;1,38;1,38;1,38;1,44;1,44;1,44;1,44;1,56;1,62;1,98;2,04;2,16;3,0;2,7;2,88;2,7;2,94;3,12;3,18;2,82;2,76;2,94;2,88;3,3;3,06;3,12;3,06;2,94;2,88;2,58;2,7;3,12;3,0;2,58;2,82;2,94;2,76;2,7;2,4;2,28;1,92;2,1;1,98;2,1;2,04;2,04;2,16;2,22;2,4;2,28;2,34;2,7;2,52;2,76;2,4;2,28;2,64;2,76;2,52;2,52;2,4;2,28;2,1;1,74;1,8;1,8;1,68;1,56;1,56;1,5;1,5;1,44;1,56;1,44;1,38;1,44;1,44;1,38;1,5;1,5;1,5;6,9;;;;
11/01/2024;1,38;1,5;1,5;1,38;1,44;1,5;1,5;1,44;1,38;1,5;1,38;1,38;1,44;1,38;1,44;1,32;1,38;1,5;1,62;1,56;1,56;1,62;1,86;2,34;2,58;2,82;3,18;3,24;2,88;2,76;3,3;3,54;3,54;3,3;3,24;3,0;3,06;2,88;2,82;3,0;2,88;2,88;2,76;3,06;3,0;3,06;3,06;3,42;3,0;3,36;3,48;2,94;3,18;3,24;3,18;2,7;2,76;2,82;3,24;3,18;3,06;3,18;3,3;3,3;2,94;3,0;2,88;2,76;3,12;3,06;2,64;2,76;2,46;2,34;2,22;2,16;2,28;1,92;1,86;1,86;1,68;1,62;1,5;1,56;1,5;1,32;1,44;1,38;1,32;1,32;1,32;1,44;1,38;1,44;1,44;7,2;;;;
12/01/2024;1,44;1,32;1,44;1,44;1,44;1,44;1,44;1,44;1,32;1,32;1,38;1,38;1,44;1,38;1,32;1,38;1,44;1,44;1,32;1,5;1,62;1,62;1,74;1,92;2,22;2,46;2,76;3,06;3,54;3,66;3,42;3,3;3,3;3,6;3,3;3,48;3,6;3,18;3,12;3,84;3,48;3,54;3,42;3,72;3,48;3,48;3,0;3,36;3,24;3,48;3,12;2,94;3,06;2,88;2,58;2,82;2,82;2,64;2,34;2,28;2,46;2,52;2,82;2,76;2,7;2,76;2,76;3,12;2,82;2,46;2,58;2,4;2,16;2,34;2,34;2,16;2,04;2,16;2,22;1,74;1,68;1,56;1,44;1,5;1,38;1,32;1,38;1,38;1,26;1,26;1,2;1,38;1,32;1,32;1,26;6,3;;;;
13/01/2024;1,26;1,26;1,32;1,38;1,32;1,26;1,26;1,32;1,32;1,2;1,32;1,26;1,38;1,32;1,26;1,2;1,38;1,26;1,26;1,32;1,38;1,5;1,62;1,86;1,8;2,58;2,88;3,12;3,42;3,42;3,72;3,24;3,06;3,36;3,24;3,3;2,88;3,06;3,24;3,36;3,18;3,6;3,18;3,24;3,0;3,24;3,0;2,88;3,12;3,0;2,52;2,58;2,58;2,22;2,34;2,1;2,16;2,1;2,28;2,28;2,34;2,46;2,76;2,64;2,76;3,12;2,82;3,06;2,46;2,28;2,58;2,52;2,4;2,46;2,22;2,16;2,16;2,1;2,22;1,8;1,68;1,62;1,5;1,44;1,38;1,44;1,26;1,26;1,2;1,26;1,26;1,2;1,38;1,44;1,32;7,2;;;;
14/01/2024;1,32;1,44;1,38;1,32;1,38;1,44;1,32;1,38;1,32;1,38;1,14;1,14;1,2;1,32;1,32;1,44;1,32;1,32;1,38;1,38;1,38;1,5;1,62;1,92;2,16;1,86;2,7;2,82;3,3;3,24;3,48;3,06;3,12;2,88;3,0;2,94;2,94;3,0;3,18;3,24;3,06;3,18;3,24;2,82;3,48;3,36;3,24;2,94;3,06;3,18;2,64;3,18;2,82;2,04;2,1;1,98;2,04;2,04;2,22;2,22;2,28;2,34;2,58;2,58;2,46;2,82;2,82;2,94;2,64;2,46;2,46;2,76;2,7;2,52;2,58;2,34;2,16;1,74;1,62;1,74;1,62;1,5;1,44;1,44;1,38;1,32;1,44;1,32;1,2;1,2;1,26;1,26;1,38;1,38;1,44;6,6;;;;
15/01/2024;1,38;1,32;1,32;1,38;1,38;1,32;1,56;1,32;1,32;1,32;1,2;1,2;1,2;1,14;1,2;1,26;1,14;1,14;1,14;1,26;1,44;1,56;1,62;1,8;1,62;2,4;2,64;2,88;3,12;3,24;3,12;2,94;2,76;3,12;2,82;2,94;3,0;2,88;2,82;3,3;3,0;2,7;2,82;3,18;3,3;3,6;2,88;2,94;2,58;2,76;2,94;3,12;2,76;2,58;2,34;2,22;2,28;2,46;2,4;2,58;2,46;2,46;2,7;2,46;2,64;2,94;2,76;3,0;2,88;2,52;2,52;2,64;2,76;2,46;2,34;2,16;2,34;2,22;1,8;1,8;1,8;1,62;1,56;1,56;1,56;1,44;1,38;1,38;1,38;1,38;1,32;1,38;1,5;1,5;1,44;7,2;;;;
16/01/2024;1,56;1,5;1,44;1,44;1,44;1,5;1,5;1,5;1,44;1,5;1,32;1,38;1,44;1,38;1,5;1,44;1,38;1,56;1,44;1,56;1,74;1,8;1,8;2,16;2,16;2,64;2,7;3,0;3,12;3,06;2,76;2,7;2,82;3,12;3,12;3,12;2,46;2,82;2,46;3,3;3,0;2,64;2,82;2,82;3,0;2,88;2,34;2,58;2,7;3,0;3,18;2,7;2,22;2,46;2,16;2,1;2,28;2,16;2,28;2,16;2,28;2,28;2,4;2,4;2,4;2,4;2,76;2,7;2,82;2,4;2,34;2,46;2,4;2,34;2,4;2,46;2,28;2,04;1,8;1,68;1,74;1,62;1,68;1,56;1,56;1,5;1,44;1,38;1,32;1,32;1,38;1,32;1,44;1,5;1,44;7,2;;;;
17/01/2024;1,38;1,38;1,5;1,44;1,44;1,38;1,56;1,44;1,44;1,32;1,56;1,44;1,32;1,44;1,38;1,38;1,44;1,32;1,44;1,44;1,44;1,62;1,74;1,8;2,1;2,7;2,7;2,94;3,0;3,12;3,42;3,18;3,36;3,06;3,0;2,88;2,58;2,7;3,06;3,0;2,88;3,0;2,94;2,52;2,46;2,82;2,58;2,88;2,88;3,06;3,0;2,52;2,4;2,46;2,4;1,92;2,22;2,34;2,16;2,28;2,28;3,0;2,58;2,58;2,52;2,82;2,58;2,82;2,46;2,28;2,76;2,46;2,46;2,58;2,46;2,4;2,4;2,1;1,92;1,68;1,62;1,68;1,62;1,44;1,44;1,38;1,32;1,32;1,26;1,38;1,32;1,2;1,44;1,56;1,38;6,9;;;;
18/01/2024;1,44;1,44;1,44;1,38;1,38;1,5;1,38;1,38;1,38;1,44;1,32;1,38;1,38;1,44;1,32;1,32;1,44;1,44;1,38;1,32;1,44;1,62;1,74;1,86;2,1;2,58;3,06;3,3;3,12;3,24;3,12;2,76;2,76;3,0;3,12;3,24;2,76;2,58;2,64;3,3;3,18;2,82;2,88;3,24;3,18;3,06;2,76;3,18;3,06;2,7;3,18;2,76;2,7;2,7;2,34;2,28;2,4;2,46;2,46;2,52;2,58;2,64;2,7;2,82;2,88;3,36;2,7;3,18;2,76;2,82;2,88;2,52;2,64;2,22;2,4;2,28;2,28;1,98;1,86;1,74;1,5;1,5;1,56;1,44;1,38;1,44;1,38;1,26;1,26;1,26;1,38;1,26;1,32;1,32;1,44;6,6;;;;
19/01/2024;1,26;1,26;1,32;1,44;1,32;1,32;1,38;1,38;1,26;1,26;1,32;1,32;1,32;1,26;1,32;1,26;1,32;1,32;1,44;1,44;1,38;1,68;1,74;1,86;2,22;2,82;2,76;3,3;3,42;3,36;3,66;3,42;2,94;2,88;3,06;3,42;3,12;2,7;3,3;3,78;3,24;3,36;3,54;3,6;3,36;3,48;3,12;3,36;3,12;3,3;3,12;3,42;3,0;2,64;2,34;2,46;2,58;2,4;2,64;2,58;2,64;2,7;2,82;2,76;3,0;3,12;2,88;3,18;2,88;2,76;2,94;2,46;2,64;2,58;2,34;2,22;2,16;1,92;1,8;1,74;1,8;1,5;1,5;1,44;1,44;1,38;1,26;1,26;1,2;1,26;1,2;1,26;1,38;1,5;1,38;6,9;;;;
20/01/2024;1,38;1,38;1,44;1,38;1,38;1,32;1,44;1,32;1,32;1,26;1,32;1,14;1,2;1,2;1,14;1,26;1,14;1,08;1,14;1,32;1,32;1,62;1,86;1,86;2,04;2,22;2,46;2,52;3,18;3,06;3,18;3,36;3,6;3,36;3,0;3,36;2,82;2,82;3,48;3,72;3,48;3,48;3,24;3,24;3,36;3,54;3,06;3,54;2,94;3,18;3,12;2,52;2,4;2,16;2,46;2,52;2,46;2,52;2,82;2,7;2,58;2,76;3,12;2,88;2,88;2,88;3,0;3,36;3,24;2,52;2,7;2,94;2,58;2,52;2,64;2,46;1,92;1,74;1,74;1,74;1,56;1,56;1,38;1,32;1,44;1,26;1,26;1,26;1,26;1,14;1,2;1,2;1,44;1,38;1,32;6,3;;;;
21/01/2024;1,38;1,32;1,26;1,32;1,38;1,32;1,32;1,32;1,26;1,26;1,2;1,08;1,2;1,2;1,08;1,08;1,14;1,14;1,26;1,2;1,38;1,56;1,56;1,68;1,8;2,16;2,88;2,76;3,36;3,3;3,48;2,94;2,94;3,3;3,42;3,24;3,0;3,0;3,48;3,66;3,36;2,94;3,18;3,36;3,6;3,18;3,0;3,36;3,42;3,3;3,06;2,64;2,88;2,64;2,28;2,64;2,76;2,82;2,88;2,82;3,12;3,0;3,06;2,94;2,94;2,94;2,64;2,94;3,0;2,46;2,58;2,4;2,4;2,28;2,22;2,28;2,28;1,86;1,86;1,74;1,56;1,38;1,56;1,38;1,32;1,32;1,2;1,32;1,14;1,14;1,08;1,26;1,32;1,32;1,32;6,3;;;;
22/01/2024;1,26;1,32;1,26;1,26;1,38;1,32;1,32;1,26;1,32;1,2;1,2;1,14;1,2;1,08;1,14;1,08;1,08;1,2;1,08;1,32;1,5;1,74;1,62;1,98;2,28;2,4;2,82;2,82;3,0;3,06;3,6;3,36;3,06;2,94;3,24;3,06;2,94;3,06;3,24;3,12;3,12;3,48;3,12;3,48;3,12;3,06;2,82;3,12;3,24;3,12;3,06;2,88;2,76;2,94;2,64;2,46;2,46;2,46;2,58;2,58;2,7;2,7;2,76;2,82;3,18;3,06;2,82;2,88;2,58;2,4;2,76;2,58;2,58;2,64;2,7;2,58;2,28;1,92;1,68;1,68;1,56;1,56;1,44;1,38;1,44;1,38;1,26;1,32;1,2;1,26;1,26;1,2;1,32;1,38;1,44;6,6;;;;
23/01/2024;1,38;1,38;1,38;1,32;1,38;1,38;1,44;1,38;1,32;1,26;1,26;1,2;1,14;1,14;1,2;1,26;1,14;1,2;1,2;1,38;1,56;1,68;1,86;2,16;2,22;2,52;2,58;3,0;3,24;3,12;2,88;3,3;3,24;3,18;2,82;2,94;2,64;2,64;3,3;3,06;3,0;3,0;2,88;3,18;2,82;3,06;2,28;2,64;2,64;3,12;3,0;2,94;2,28;2,22;2,16;2,16;2,1;2,4;2,22;2,28;2,28;2,28;2,34;2,52;2,52;2,46;2,28;2,28;2,22;2,22;2,58;2,52;2,4;2,64;2,34;1,98;1,92;1,86;1,74;1,74;1,62;1,62;1,5;1,5;1,44;1,56;1,38;1,32;1,32;1,38;1,26;1,26;1,44;1,5;1,44;6,6;;;;
24/01/2024;1,44;1,44;1,38;1,38;1,44;1,44;1,44;1,32;1,38;1,44;1,14;1,2;1,2;1,2;1,26;1,26;1,14;1,14;1,32;1,32;1,56;1,56;1,74;1,92;2,16;2,58;2,82;2,64;3,0;3,3;3,24;3,06;2,82;3,24;3,12;3,0;2,64;2,76;3,3;3,42;2,88;2,76;2,46;3,48;3,0;2,52;2,34;2,58;2,58;2,76;2,58;2,52;2,58;2,16;2,16;2,1;2,22;2,22;2,04;2,28;2,22;2,28;2,52;2,46;2,34;2,7;2,7;2,7;2,58;2,34;2,64;2,58;2,58;2,46;2,28;2,4;2,1;1,74;1,68;1,74;1,68;1,5;1,32;1,32;1,32;1,32;1,26;1,26;1,26;1,08;1,14;1,2;1,38;1,32;1,38;6,6;;;;
25/01/2024;1,38;1,38;1,2;1,32;1,44;1,26;1,38;1,26;1,32;1,26;1,08;1,2;1,2;1,08;1,08;1,14;1,14;1,2;1,26;1,26;1,38;1,68;1,68;2,1;2,4;2,82;3,0;2,94;3,36;3,54;3,3;3,0;3,3;3,18;3,42;3,3;2,82;2,7;2,82;3,12;3,24;3,3;3,0;3,06;2,7;3,12;3,18;3,18;2,7;3,0;2,7;2,76;2,88;2,28;2,46;3,06;2,82;2,94;3,18;2,94;2,82;2,58;2,64;2,7;3,0;3,24;2,88;3,12;2,94;2,46;2,4;2,58;2,64;2,52;2,46;2,22;2,46;2,28;1,98;1,8;1,8;1,5;1,5;1,56;1,5;1,38;1,38;1,32;1,38;1,2;1,26;1,26;1,56;1,38;1,38;7,2;;;;
26/01/2024;1,44;1,38;1,38;1,32;1,44;1,44;1,32;1,32;1,32;1,32;1,2;1,14;1,26;1,14;1,14;1,2;1,14;1,26;1,32;1,2;1,44;1,68;1,62;1,98;2,16;2,88;2,76;3,3;3,3;3,6;3,12;3,0;2,94;3,18;3,24;3,12;3,18;2,94;3,12;3,36;3,24;3,3;2,88;2,94;3,66;3,06;2,64;3,18;2,82;2,7;2,7;2,64;3,06;2,58;2,76;2,76;2,28;2,46;2,16;2,16;2,22;2,28;2,28;2,28;2,22;2,52;2,4;2,7;2,58;2,4;2,46;2,52;2,34;2,34;2,34;2,1;2,16;1,92;1,98;1,74;1,56;1,5;1,44;1,38;1,32;1,38;1,44;1,38;1,38;1,32;1,32;1,32;1,32;1,32;1,44;6,9;;;;
27/01/2024;1,32;1,32;1,38;1,32;1,32;1,32;1,44;1,38;1,32;1,26;1,14;1,2;1,14;1,14;1,14;1,26;1,14;1,14;1,2;1,38;1,62;1,68;1,56;2,16;2,1;2,46;2,52;2,82;3,12;3,3;3,24;3,06;3,48;2,82;3,18;2,76;2,82;3,42;3,18;3,42;3,18;3,12;3,24;3,84;3,3;2,58;2,76;2,82;3,18;3,24;3,0;3,18;3,06;2,88;2,94;2,76;2,4;2,64;3,18;3,0;2,88;2,76;2,76;2,76;2,82;3,12;3,06;2,7;2,94;2,28;2,58;2,46;2,34;2,22;2,46;2,1;2,04;1,92;1,74;1,74;1,62;1,5;1,5;1,5;1,44;1,56;1,38;1,38;1,14;1,2;1,2;1,2;1,32;1,32;1,32;6,3;;;;
28/01/2024;1,32;1,26;1,38;1,32;1,26;1,32;1,38;1,32;1,2;1,26;1,2;1,08;1,02;1,08;1,2;1,08;1,08;1,02;1,14;1,2;1,56;1,44;1,56;1,86;2,16;2,22;2,76;2,76;3,12;3,24;3,24;2,64;2,64;3,0;3,36;3,24;3,12;2,94;3,72;3,42;3,36;3,3;3,12;4,08;3,0;2,7;2,76;3,0;3,24;3,12;2,88;2,88;2,52;2,76;2,28;2,22;2,28;2,4;2,46;2,4;2,34;2,4;2,34;2,7;2,7;2,46;2,58;2,76;3,0;2,76;2,52;2,64;2,46;2,4;2,28;2,28;2,22;1,92;1,68;1,74;1,74;1,44;1,44;1,38;1,5;1,38;1,2;1,26;1,2;1,2;1,08;1,32;1,32;1,32;1,38;6,9;;;;
29/01/2024;1,32;1,32;1,26;1,44;1,26;1,32;1,32;1,32;1,32;1,26;1,08;1,2;1,14;1,08;1,14;1,14;1,14;1,14;1,14;1,2;1,5;1,44;1,62;1,62;1,92;2,28;2,64;2,76;3,66;3,3;3,3;3,06;3,12;3,3;2,88;3,18;3,0;3,0;2,82;3,42;3,3;3,06;3,54;3,24;3,54;2,76;2,7;2,64;2,76;2,58;2,52;2,94;2,76;2,46;2,46;2,46;2,64;2,52;2,1;2,22;2,16;2,28;2,28;2,4;2,34;2,7;2,46;2,76;2,64;2,64;2,34;2,34;2,34;2,4;2,34;2,28;2,16;2,22;2,1;1,68;1,56;1,62;1,5;1,5;1,44;1,5;1,26;1,32;1,14;1,26;1,26;1,14;1,38;1,44;1,32;6,6;;;;
30/01/2024;1,26;1,38;1,32;1,38;1,32;1,44;1,32;1,32;1,38;1,38;1,14;1,14;1,2;1,26;1,14;1,14;1,14;1,2;1,2;1,26;1,32;1,5;1,56;1,68;1,86;2,28;2,88;2,7;3,12;3,12;3,3;2,7;2,76;2,7;2,64;2,82;2,4;2,88;2,88;2,94;2,76;2,82;3,06;2,94;3,06;2,88;2,58;2,1;2,46;2,82;2,94;2,64;2,64;2,4;2,28;1,98;2,16;2,22;2,16;2,1;2,1;2,22;2,22;2,22;2,52;2,52;2,46;2,64;2,4;2,28;2,7;2,52;2,64;2,58;2,52;2,4;2,22;1,86;1,8;1,74;1,62;1,44;1,44;1,32;1,26;1,5;1,44;1,26;1,2;1,14;1,2;1,14;1,32;1,26;1,38;6,3;;;;
31/01/2024;1,26;1,26;1,32;1,38;1,38;1,32;1,32;1,26;1,2;1,32;1,14;1,08;1,08;1,08;1,2;1,08;1,08;1,14;1,26;1,32;1,5;1,56;1,62;1,98;2,34;2,4;2,52;3,0;3,0;3,0;2,64;2,94;3,24;2,58;2,7;2,88;2,52;2,34;2,28;3,0;2,94;2,4;2,76;3,06;2,76;2,34;2,7;2,88;2,88;2,64;2,58;2,64;2,4;2,16;2,1;2,1;1,98;2,16;1,98;1,98;2,04;2,1;2,04;2,1;2,46;2,7;2,4;2,76;2,46;2,58;2,4;2,34;2,22;2,34;2,22;2,04;2,16;2,16;1,68;1,74;1,62;1,68;1,5;1,44;1,38;1,5;1,26;1,32;1,2;1,26;1,26;1,26;1,44;1,38;1,38;6,9;;;;
01/02/2024;1,44;1,38;1,38;1,38;1,44;1,32;1,32;1,32;1,44;1,32;1,38;1,32;1,38;1,32;1,14;1,14;1,2;1,2;1,14;1,26;1,2;1,08;1,2;1,26;1,56;1,56;1,74;1,8;2,04;2,52;2,94;3,18;3,18;3,0;3,06;2,88;3,06;3,0;3,06;2,88;2,76;2,7;3,06;3,42;3,3;2,88;3,18;3,48;3,66;3,06;3,36;3,72;3,54;3,48;3,0;3,06;2,94;3,06;3,18;2,52;2,64;2,76;2,64;2,7;2,88;2,76;2,7;2,76;3,06;3,18;3,0;2,7;2,82;2,7;2,34;2,64;2,52;2,4;2,52;2,28;2,04;2,28;1,92;1,8;1,68;1,62;1,5;1,62;1,5;1,38;1,44;1,26;1,2;1,26;1,26;6,3;;;;
02/02/2024;1,38;1,32;1,38;1,38;1,38;1,32;1,44;1,32;1,38;1,38;1,5;1,32;1,38;1,32;1,32;1,14;1,14;1,14;1,26;1,14;1,14;1,2;1,26;1,26;1,5;1,62;1,68;1,86;2,04;2,64;2,76;2,88;3,0;3,18;3,06;3,12;3,12;2,82;2,82;3,36;3,0;2,82;3,6;3,54;2,94;3,42;3,06;3,36;3,42;3,18;3,3;3,72;2,94;2,7;3,0;3,12;3,12;3,0;2,64;2,88;2,82;2,82;2,52;2,46;2,34;2,4;2,4;2,58;2,52;2,94;2,88;3,06;2,46;2,4;2,52;2,76;2,64;2,34;2,46;2,28;2,16;2,1;1,92;1,74;1,56;1,62;1,5;1,62;1,5;1,5;1,32;1,44;1,14;1,14;1,2;6,3;;;;
03/02/2024;1,32;1,38;1,32;1,38;1,32;1,26;1,38;1,32;1,32;1,38;1,44;1,32;1,38;1,26;1,2;1,2;1,14;1,2;1,26;1,08;1,14;1,14;1,2;1,2;1,44;1,44;1,62;1,8;1,56;2,04;2,7;2,88;3,3;3,12;3,3;3,18;2,88;3,12;3,24;2,88;3,12;2,94;3,3;3,36;3,12;3,6;3,3;3,24;3,54;3,42;3,3;3,42;3,18;3,3;3,36;3,0;2,58;3,0;2,52;2,52;2,58;2,82;2,7;2,64;2,7;3,06;2,7;2,82;2,88;3,0;2,82;3,36;3,06;2,58;2,4;2,64;2,76;2,4;2,34;2,16;2,28;2,22;1,68;1,68;1,68;1,44;1,38;1,38;1,44;1,32;1,32;1,2;1,32;1,2;1,2;5,7;;;;
04/02/2024;1,44;1,26;1,32;1,26;1,38;1,26;1,26;1,32;1,32;1,32;1,26;1,32;1,32;1,32;1,08;1,14;1,2;1,08;1,2;1,08;1,26;1,14;1,14;1,26;1,62;1,74;1,68;1,74;1,8;2,58;2,7;3,0;3,12;3,24;3,0;2,7;3,24;3,0;2,76;3,0;3,0;3,06;2,88;3,24;3,36;2,82;2,94;3,18;3,72;3,24;3,06;2,94;3,6;3,0;2,58;2,7;3,18;2,58;2,46;2,46;2,34;2,46;2,4;2,4;2,52;2,52;2,46;2,7;2,76;3,0;2,76;2,82;2,76;2,34;2,34;2,52;2,46;2,28;2,4;2,28;2,22;1,98;1,56;1,8;1,56;1,5;1,5;1,5;1,5;1,38;1,38;1,32;1,14;1,26;1,26;6,3;;;;
05/02/2024;1,44;1,32;1,38;1,32;1,32;1,38;1,38;1,32;1,38;1,44;1,32;1,44;1,32;1,44;1,2;1,32;1,2;1,32;1,14;1,14;1,14;1,26;1,26;1,32;1,62;1,68;1,68;2,04;2,04;2,52;2,58;2,7;2,88;3,12;3,36;3,3;3,12;3,0;3,06;2,94;3,18;2,58;2,7;3,36;3,36;3,24;2,82;2,58;3,42;3,18;2,7;2,94;3,24;3,12;2,88;3,42;3,06;3,0;2,76;2,94;2,58;2,34;2,16;2,46;2,64;2,4;2,52;2,52;2,64;2,88;2,7;2,58;2,7;2,28;2,22;2,46;2,4;2,34;2,34;2,34;2,16;2,04;1,8;1,92;1,68;1,68;1,56;1,5;1,56;1,44;1,26;1,44;1,2;1,2;1,2;6,6;;;;
06/02/2024;1,32;1,32;1,32;1,44;1,44;1,44;1,56;1,32;1,32;1,26;1,44;1,32;1,26;1,2;1,2;1,14;1,14;1,08;1,2;1,14;1,14;1,26;1,2;1,2;1,5;1,56;1,62;1,98;2,1;2,64;2,82;2,82;3,06;3,24;3,24;2,88;3,0;3,0;3,06;3,18;2,94;3,18;2,94;3,3;3,3;3,54;2,76;2,88;3,36;3,06;2,76;2,82;3,12;3,12;3,06;2,94;2,88;2,34;2,22;2,46;2,4;2,22;2,22;2,28;2,28;2,4;2,28;2,46;2,52;2,52;2,46;2,64;2,58;2,64;2,4;2,52;2,4;2,34;2,28;2,16;2,1;2,04;2,22;1,86;1,68;1,44;1,62;1,44;1,38;1,32;1,44;1,32;1,26;1,26;1,26;6,0;;;;
07/02/2024;1,38;1,38;1,44;1,38;1,32;1,32;1,44;1,38;1,26;1,38;1,5;1,38;1,38;1,32;1,2;1,2;1,26;1,2;1,2;1,14;1,14;1,26;1,2;1,32;1,5;1,62;1,56;1,74;2,04;2,46;2,64;2,94;3,48;3,3;2,88;3,36;3,42;2,82;3,18;3,0;2,7;2,82;2,7;3,0;2,94;2,94;3,06;3,0;2,94;3,0;2,34;2,88;2,7;3,12;2,88;2,88;2,82;2,64;2,46;2,28;2,22;2,34;2,28;2,28;2,52;2,46;2,58;2,7;2,58;2,88;2,52;2,58;2,46;2,4;2,64;2,58;2,52;2,4;2,22;2,4;2,4;1,92;1,92;1,98;1,98;1,68;1,62;1,62;1,62;1,38;1,38;1,44;1,32;1,38;1,38;7,5;;;;
08/02/2024;1,56;1,62;1,56;1,5;1,38;1,44;1,5;1,5;1,38;1,44;1,38;1,5;1,38;1,38;1,32;1,32;1,2;1,2;1,26;1,26;1,2;1,38;1,2;1,32;1,5;1,44;1,8;1,86;1,74;2,64;3,06;3,3;3,48;3,12;2,76;3,12;3,18;2,88;3,18;3,06;2,76;2,64;2,94;3,3;2,94;3,12;2,88;3,3;3,18;2,64;2,58;3,06;2,88;2,76;2,7;2,94;2,88;2,46;2,22;2,16;2,22;2,22;2,22;2,22;2,28;2,22;2,4;2,34;2,52;3,0;2,64;2,76;2,88;2,28;2,4;2,52;2,46;2,46;2,52;2,28;2,28;2,22;2,1;1,68;1,68;1,68;1,62;1,56;1,5;1,56;1,44;1,44;1,44;1,44;1,26;6,3;;;;
09/02/2024;1,38;1,44;1,38;1,38;1,38;1,44;1,38;1,38;1,38;1,44;1,38;1,38;1,38;1,38;1,26;1,26;1,26;1,14;1,2;1,2;1,2;1,14;1,26;1,2;1,62;1,44;1,56;1,62;2,22;2,76;2,88;3,0;3,18;3,24;3,36;3,18;2,88;2,82;3,3;2,88;3,24;3,0;3,18;3,18;3,48;3,42;2,82;2,88;3,0;3,12;3,12;3,12;3,36;3,0;3,0;2,94;3,24;2,7;2,46;2,82;2,7;2,76;2,76;2,82;2,58;2,34;2,58;2,46;2,88;2,88;2,76;2,88;3,0;2,64;2,64;2,64;2,34;2,34;2,28;2,34;2,1;1,92;2,22;1,98;1,56;1,38;1,44;1,38;1,32;1,32;1,32;1,32;1,2;1,2;1,26;6,0;;;;
10/02/2024;1,26;1,38;1,32;1,26;1,32;1,44;1,32;1,38;1,26;1,38;1,32;1,38;1,32;1,32;1,2;1,14;1,2;1,2;1,14;1,14;1,14;1,2;1,14;1,14;1,44;1,62;1,5;1,56;1,8;2,52;2,76;3,06;3,36;3,48;3,36;2,94;3,12;3,06;3,42;3,36;2,94;2,94;3,18;3,78;3,66;3,54;3,12;3,6;3,36;3,48;3,24;3,18;2,82;3,0;3,24;3,0;3,24;2,52;2,04;2,34;2,22;2,28;2,4;2,28;2,28;2,52;2,58;2,46;2,7;2,7;2,76;2,76;2,46;2,34;2,58;2,52;2,28;2,22;2,4;2,22;2,16;2,1;1,98;1,8;1,74;1,56;1,56;1,56;1,56;1,44;1,44;1,44;1,32;1,32;1,44;6,6;;;;
11/02/2024;1,56;1,44;1,56;1,44;1,44;1,44;1,62;1,5;1,44;1,44;1,56;1,5;1,5;1,44;1,38;1,32;1,32;1,26;1,32;1,26;1,38;1,32;1,44;1,5;1,56;1,5;1,74;1,98;1,74;2,1;3,0;2,82;3,3;3,12;3,48;2,76;3,0;3,18;3,06;2,76;2,76;3,0;3,18;2,88;3,18;3,06;3,18;3,42;2,94;2,76;2,76;3,0;3,06;2,64;2,82;2,88;2,64;2,16;2,1;2,16;2,22;2,34;2,1;2,16;2,22;2,34;2,28;2,4;2,4;2,76;2,64;2,88;2,58;2,34;2,52;2,46;2,4;2,34;2,22;2,16;1,98;1,92;1,74;1,68;1,56;1,44;1,5;1,38;1,32;1,44;1,2;1,2;1,26;1,26;1,38;6,3;;;;
12/02/2024;1,5;1,5;1,32;1,38;1,32;1,2;1,26;1,26;1,2;1,2;1,38;1,26;1,2;1,2;1,14;1,08;1,08;1,02;1,14;1,02;1,14;1,2;1,26;1,32;1,38;1,38;1,56;1,8;1,92;2,52;2,7;3,12;3,12;3,24;3,06;3,0;3,06;2,7;3,12;2,7;2,64;2,46;2,7;3,18;3,18;2,7;3,12;3,24;3,12;2,4;2,46;2,46;3,12;3,48;3,06;3,12;2,64;3,24;3,18;3,36;2,52;2,52;2,64;2,7;2,7;2,7;2,82;2,64;2,82;2,76;2,7;3,12;2,7;2,34;2,52;2,46;2,22;2,28;2,28;2,1;2,28;1,8;1,74;1,56;1,62;1,44;1,44;1,56;1,5;1,32;1,26;1,26;1,14;1,26;1,2;6,0;;;;
13/02/2024;1,38;1,56;1,32;1,38;1,26;1,44;1,32;1,38;1,38;1,38;1,32;1,38;1,32;1,32;1,38;1,26;1,32;1,32;1,26;1,44;1,26;1,38;1,2;1,32;1,5;1,5;1,5;1,98;1,98;2,16;2,4;2,82;3,0;3,0;3,12;3,36;2,76;3,24;2,94;2,64;3,06;2,94;2,88;3,06;3,24;3,3;3,0;2,7;2,52;2,76;2,64;2,28;2,46;2,94;3,24;2,82;2,28;2,58;2,7;2,7;2,34;2,1;2,04;2,28;2,34;2,34;2,28;2,28;2,7;2,34;2,4;2,7;2,64;2,28;2,4;2,4;2,28;2,34;2,28;2,16;2,1;2,1;2,04;1,74;1,74;1,62;1,56;1,5;1,5;1,5;1,44;1,44;1,38;1,38;1,32;6,9;;;;
14/02/2024;1,5;1,5;1,5;1,38;1,44;1,5;1,56;1,44;1,5;1,32;1,44;1,38;1,26;1,26;1,5;1,44;1,38;1,32;1,32;1,32;1,32;1,5;1,56;1,44;1,44;1,44;1,62;1,68;1,92;2,16;2,94;2,82;2,94;2,82;2,76;2,58;2,94;3,06;2,88;2,52;2,46;2,64;2,88;2,76;2,88;2,7;2,64;3,06;3,18;2,94;2,4;2,22;3,12;2,88;2,7;2,88;3,12;2,76;2,4;2,52;2,28;2,04;2,16;2,1;2,22;2,1;2,34;2,4;2,7;2,28;2,22;2,4;2,34;2,4;2,46;2,46;2,46;2,28;2,28;2,28;2,16;1,74;1,68;1,62;1,56;1,44;1,44;1,56;1,56;1,5;1,38;1,44;1,32;1,38;1,38;6,9;;;;
15/02/2024;1,5;1,62;1,5;1,32;1,38;1,44;1,32;1,38;1,44;1,38;1,38;1,38;1,32;1,44;1,38;1,32;1,38;1,38;1,32;1,26;1,38;1,38;1,38;1,38;1,44;1,5;1,68;1,8;1,98;2,46;2,76;2,88;3,18;2,94;3,12;3,12;2,88;3,18;3,18;2,76;3,18;2,76;2,76;2,94;3,24;3,0;3,12;2,88;3,12;3,0;2,88;2,52;3,06;3,18;3,18;3,18;3,12;2,64;2,4;2,46;2,34;2,34;2,76;2,7;2,52;2,64;2,88;2,7;2,58;2,64;2,76;2,88;2,76;2,16;2,52;2,52;2,4;2,46;2,28;2,28;2,22;1,98;1,68;1,68;1,62;1,5;1,38;1,44;1,38;1,38;1,32;1,32;1,32;1,2;1,2;6,0;;;;
16/02/2024;1,44;1,38;1,26;1,32;1,38;1,32;1,32;1,32;1,38;1,32;1,32;1,38;1,38;1,32;1,14;1,14;1,2;1,14;1,08;1,14;1,2;1,14;1,26;1,32;1,44;1,68;1,44;1,68;1,74;2,52;2,58;2,58;2,82;3,06;3,42;3,3;2,94;3,12;3,06;3,06;2,88;3,0;2,88;3,0;3,48;3,24;3,3;2,94;3,24;3,36;3,3;3,06;3,06;3,24;3,36;3,06;3,18;2,88;2,94;2,82;2,88;3,12;2,64;2,58;2,52;2,58;2,58;2,58;2,64;2,94;2,76;3,06;2,94;2,58;2,88;2,7;2,52;2,7;2,34;2,22;1,86;1,8;1,8;1,68;1,5;1,5;1,44;1,44;1,44;1,56;1,32;1,32;1,26;1,32;1,32;6,3;;;;
17/02/2024;1,44;1,44;1,44;1,44;1,38;1,5;1,32;1,38;1,38;1,44;1,44;1,32;1,38;1,38;1,26;1,2;1,2;1,26;1,2;1,2;1,26;1,32;1,26;1,26;1,56;1,74;1,68;1,92;1,8;2,64;2,88;3,36;3,3;3,3;3,36;3,66;4,02;3,48;3,84;3,42;3,36;3,36;3,78;3,6;3,48;3,42;3,12;3,54;3,36;3,12;2,88;3,36;3,24;3,0;2,88;2,58;2,52;2,22;2,28;2,22;2,28;2,28;2,34;2,34;2,34;2,4;2,4;2,52;2,64;2,58;2,82;3,0;3,06;2,52;2,64;2,4;2,46;2,4;2,28;2,22;1,98;1,92;1,92;1,74;1,62;1,56;1,56;1,5;1,5;1,5;1,26;1,32;1,14;1,2;1,2;6,6;;;;
18/02/2024;1,44;1,38;1,44;1,44;1,5;1,38;1,44;1,5;1,26;1,26;1,32;1,38;1,26;1,32;1,14;1,2;1,14;1,08;1,14;1,14;1,14;1,14;1,2;1,32;1,56;1,5;1,62;1,74;1,8;2,82;2,88;2,94;3,24;3,18;3,42;3,42;3,18;2,88;2,82;3,06;2,76;2,7;3,06;3,18;3,06;3,06;3,18;3,06;3,78;3,48;3,12;3,24;3,24;3,24;3,06;3,18;2,46;2,22;2,76;2,4;2,28;2,52;2,52;2,7;2,46;2,58;2,58;2,52;2,64;3,0;2,88;3,06;2,58;2,52;2,82;2,82;2,7;2,58;2,64;2,64;2,28;2,34;1,86;1,74;1,68;1,56;1,5;1,5;1,38;1,44;1,26;1,26;1,26;1,32;1,26;6,3;;;;
19/02/2024;1,5;1,44;1,32;1,32;1,44;1,32;1,38;1,32;1,5;1,32;1,32;1,44;1,32;1,32;1,26;1,38;1,2;1,2;1,2;1,26;1,14;1,2;1,26;1,44;1,62;1,68;1,98;2,04;1,92;2,46;3,0;3,24;3,42;3,48;3,48;3,66;3,48;3,12;3,06;2,94;3,0;2,94;3,0;3,06;3,18;3,3;3,72;3,42;3,24;2,88;3,42;3,54;3,42;3,0;3,18;2,94;3,0;2,76;2,46;2,52;2,34;2,52;2,4;2,4;2,64;2,52;2,58;2,46;2,52;2,94;2,7;3,0;2,88;2,52;2,16;2,46;2,64;2,4;2,28;2,34;2,4;1,92;1,8;1,8;1,8;1,56;1,44;1,44;1,5;1,44;1,38;1,32;1,38;1,32;1,32;6,6;;;;
20/02/2024;1,56;1,44;1,44;1,44;1,44;1,38;1,38;1,5;1,38;1,38;1,32;1,56;1,44;1,44;1,26;1,38;1,14;1,2;1,2;1,2;1,26;1,32;1,2;1,32;1,5;1,56;1,62;2,1;2,1;2,94;2,58;2,88;2,64;3,0;3,12;3,06;2,58;3,12;2,7;2,7;2,64;2,58;2,64;3,18;3,0;3,18;2,7;3,0;2,82;3,06;2,82;2,28;3,0;2,94;2,64;2,88;2,82;2,58;2,22;2,28;2,28;2,34;2,22;2,22;2,1;2,28;2,28;2,34;2,4;2,88;2,76;2,82;2,58;2,34;2,34;2,34;2,4;2,34;2,22;2,34;2,16;1,62;1,68;1,62;1,62;1,44;1,44;1,5;1,44;1,38;1,32;1,44;1,26;1,26;1,26;6,6;;;;
21/02/2024;1,44;1,32;1,38;1,5;1,38;1,38;1,38;1,44;1,26;1,38;1,5;1,32;1,32;1,38;1,26;1,2;1,14;1,32;1,26;1,2;1,32;1,32;1,2;1,32;1,5;1,62;1,62;1,92;1,8;2,88;2,7;2,76;2,52;3,24;3,24;2,64;2,82;2,76;3,36;3,18;3,0;2,46;2,76;2,94;2,94;2,76;3,12;3,06;3,36;2,82;2,7;3,06;3,18;3,24;2,76;3,24;3,12;2,82;2,34;2,22;2,22;2,28;2,16;2,1;2,16;2,22;2,46;2,34;2,16;2,34;2,46;2,64;2,28;2,28;2,82;2,64;2,4;2,46;2,52;2,28;2,04;1,74;1,74;1,62;1,56;1,5;1,56;1,38;1,38;1,44;1,44;1,32;1,2;1,32;1,32;6,0;;;;
22/02/2024;1,38;1,38;1,38;1,38;1,32;1,5;1,38;1,38;1,38;1,5;1,38;1,38;1,26;1,38;1,26;1,2;1,14;1,26;1,2;1,14;1,2;1,32;1,32;1,26;1,62;1,68;1,62;1,92;1,74;1,98;2,94;3,24;3,3;3,18;3,18;3,12;2,64;3,12;2,7;2,52;2,7;3,0;3,36;3,0;3,06;3,18;3,0;3,18;3,36;2,88;2,76;3,12;3,12;2,82;2,64;2,4;2,46;2,46;2,1;2,28;2,22;2,28;2,28;2,34;2,34;2,4;2,52;2,64;2,52;2,82;2,58;2,88;2,82;2,34;2,28;2,76;2,52;2,28;2,28;2,4;2,22;2,04;2,1;1,68;1,56;1,44;1,56;1,56;1,5;1,5;1,38;1,32;1,26;1,32;1,26;6,6;;;;
23/02/2024;1,44;1,44;1,38;1,38;1,44;1,56;1,38;1,44;1,44;1,44;1,38;1,44;1,44;1,32;1,26;1,2;1,32;1,2;1,2;1,26;1,32;1,32;1,32;1,32;1,62;1,74;1,56;1,8;1,68;2,4;2,58;3,12;3,24;3,12;2,7;3,06;2,76;2,7;3,06;3,0;2,52;2,52;2,76;3,24;2,94;3,06;2,52;3,0;3,0;3,24;3,24;2,76;3,12;3,36;3,12;2,28;2,52;2,46;2,46;2,64;2,28;2,16;2,22;2,22;2,34;2,22;2,4;2,28;2,4;2,64;2,7;2,94;3,12;2,52;2,28;2,52;2,76;2,52;2,46;2,46;2,4;2,16;1,86;1,98;1,56;1,5;1,38;1,56;1,38;1,26;1,26;1,32;1,14;1,2;1,2;6,3;;;;
24/02/2024;1,32;1,32;1,38;1,32;1,2;1,32;1,32;1,26;1,26;1,32;1,38;1,32;1,26;1,32;1,2;1,08;1,08;1,2;1,08;1,08;1,2;1,26;1,14;1,2;1,38;1,56;1,62;1,68;1,92;2,64;2,46;2,94;3,12;3,06;2,76;2,46;3,0;3,0;2,76;2,76;2,88;2,52;2,4;3,12;3,06;3,06;2,88;3,12;3,06;3,36;2,88;3,12;3,06;3,06;2,88;2,64;2,7;2,88;2,52;2,16;2,22;2,34;2,16;2,04;2,28;2,22;2,34;2,28;2,4;2,58;2,64;2,7;2,64;2,28;2,52;2,58;2,46;2,4;2,52;2,28;2,16;2,22;1,98;1,8;1,68;1,5;1,5;1,32;1,32;1,44;1,2;1,26;1,14;1,2;1,14;6,0;;;;
25/02/2024;1,26;1,32;1,26;1,26;1,44;1,32;1,32;1,2;1,38;1,26;1,26;1,26;1,32;1,2;1,08;1,14;1,2;1,14;1,14;1,26;1,08;1,2;1,14;1,26;1,62;1,62;1,68;1,86;1,74;2,52;2,58;3,24;3,12;3,0;3,0;2,58;2,58;3,06;2,88;2,64;2,64;2,76;3,3;3,0;3,24;3,3;2,82;3,48;3,24;3,0;3,06;3,42;3,12;3,06;2,7;2,52;2,7;2,34;2,34;2,34;2,1;2,34;2,22;2,28;2,28;2,34;2,28;2,22;2,4;2,4;2,46;2,76;2,64;2,22;2,52;2,76;2,52;2,52;2,46;2,34;2,34;2,04;1,74;1,8;1,74;1,56;1,38;1,44;1,44;1,56;1,38;1,32;1,32;1,2;1,26;6,6;;;;
26/02/2024;1,44;1,32;1,26;1,38;1,44;1,44;1,38;1,44;1,38;1,44;1,44;1,44;1,32;1,32;1,32;1,2;1,26;1,2;1,26;1,2;1,2;1,2;1,32;1,44;1,5;1,62;1,74;1,62;1,92;2,52;2,58;2,7;3,06;3,06;3,0;2,58;2,82;2,46;2,52;2,34;2,7;2,52;2,58;3,12;2,88;2,88;2,94;3,12;2,82;2,88;2,82;3,3;3,06;2,46;3,06;2,82;2,64;2,88;2,16;2,16;2,28;2,16;2,22;2,34;2,28;2,34;2,52;2,4;2,4;2,4;2,64;2,82;2,82;2,7;2,28;2,58;2,52;2,46;2,46;2,28;2,04;1,86;1,74;1,74;1,68;1,38;1,38;1,44;1,38;1,32;1,38;1,26;1,26;1,14;1,32;6,0;;;;
27/02/2024;1,32;1,32;1,32;1,32;1,26;1,32;1,32;1,32;1,32;1,44;1,38;1,32;1,38;1,26;1,08;1,14;1,2;1,14;1,14;1,08;1,32;1,08;1,2;1,2;1,68;1,56;1,68;1,8;2,22;2,52;2,46;2,64;2,88;2,76;3,24;2,82;2,58;2,4;2,76;2,46;2,88;2,52;2,4;2,58;2,94;3,0;2,88;2,94;2,58;2,88;2,88;2,4;2,46;2,52;3,24;3,18;2,82;2,82;2,4;2,1;1,98;2,04;2,16;2,04;2,1;2,1;2,22;2,1;2,16;2,52;2,28;2,7;2,82;2,58;2,34;2,58;2,52;2,4;2,34;2,46;2,58;1,86;1,74;1,92;1,74;1,5;1,5;1,56;1,32;1,32;1,38;1,38;1,2;1,2;1,32;6,0;;;;
28/02/2024;1,32;1,32;1,32;1,32;1,32;1,32;1,38;1,38;1,26;1,44;1,32;1,26;1,26;1,38;1,14;1,14;1,2;1,2;1,14;1,14;1,2;1,14;1,14;1,26;1,68;1,5;1,44;1,8;1,98;2,22;2,76;2,7;2,64;2,64;2,58;2,82;3,06;2,76;2,82;2,58;2,46;2,4;2,58;2,76;2,76;3,0;2,94;2,64;2,94;2,94;2,46;2,16;2,22;3,0;2,7;2,76;3,0;2,4;2,7;2,28;1,98;1,92;1,86;2,1;2,1;2,22;2,16;2,1;2,16;2,28;2,16;2,58;2,1;2,16;2,46;2,4;2,28;2,28;2,46;2,4;2,52;2,22;1,8;1,56;1,5;1,5;1,44;1,44;1,38;1,5;1,32;1,32;1,26;1,2;1,14;6,0;;;;
01/03/2024;1,44;1,32;1,32;1,32;1,38;1,38;1,32;1,38;1,32;1,32;1,38;1,38;1,38;1,26;1,26;1,2;1,14;1,14;1,2;1,2;1,14;1,26;1,32;1,38;1,56;1,62;1,86;1,8;1,8;2,82;2,88;2,88;2,64;2,7;3,06;3,0;3,0;2,88;2,52;2,94;2,64;2,82;2,88;3,0;2,94;2,94;2,52;3,12;2,94;3,06;2,88;2,82;3,0;3,06;2,52;2,46;2,22;2,22;3,06;2,76;2,34;2,1;2,1;2,22;2,16;2,16;2,16;2,34;2,22;2,46;2,46;2,76;2,4;2,34;2,22;2,58;2,4;2,52;2,22;2,28;2,16;1,86;1,62;1,74;1,62;1,44;1,38;1,38;1,44;1,26;1,26;1,2;1,2;1,14;1,14;5,7;;;;
02/03/2024;1,32;1,26;1,2;1,32;1,26;1,32;1,32;1,32;1,26;1,2;1,26;1,38;1,2;1,2;1,08;1,2;1,08;1,08;1,14;1,26;1,2;1,32;1,32;1,44;1,68;1,56;1,8;1,8;2,04;2,76;2,94;2,82;3,12;3,18;3,12;2,7;2,88;2,7;2,52;2,94;2,4;2,88;2,7;3,18;3,36;3,24;2,94;2,88;3,24;3,0;3,0;3,18;3,06;2,82;3,06;2,82;2,7;2,88;2,7;2,34;2,1;2,1;2,1;2,16;2,1;2,16;2,4;2,4;2,46;2,58;2,64;2,64;2,58;2,28;2,64;2,52;2,58;2,76;2,34;2,34;2,16;2,04;1,62;1,8;1,68;1,62;1,38;1,32;1,32;1,38;1,26;1,26;1,2;1,26;1,14;6,0;;;;
03/03/2024;1,38;1,26;1,32;1,26;1,38;1,32;1,26;1,32;1,32;1,26;1,26;1,26;1,26;1,2;1,08;1,14;1,2;1,08;1,14;1,08;1,14;1,26;1,38;1,26;1,56;1,56;1,74;1,74;2,04;2,7;2,58;3,36;3,48;3,24;3,06;2,94;2,88;2,7;3,0;2,94;2,76;3,12;2,94;3,18;3,06;2,82;2,82;3,24;3,42;2,58;2,7;2,64;2,76;3,36;3,0;2,82;3,12;2,4;2,82;2,64;2,64;2,82;2,7;2,4;2,28;2,28;2,34;2,34;2,28;2,82;2,4;2,76;2,58;2,28;2,52;2,52;2,52;2,4;2,22;2,28;2,22;1,92;1,86;1,74;1,68;1,56;1,62;1,56;1,5;1,44;1,32;1,44;1,26;1,26;1,26;6,9;;;;
04/03/2024;1,32;1,44;1,38;1,5;1,38;1,5;1,5;1,56;1,38;1,38;1,5;1,44;1,38;1,5;1,44;1,32;1,38;1,26;1,26;1,2;1,2;1,44;1,26;1,38;1,38;1,68;1,68;1,8;1,8;2,76;2,76;2,7;2,52;2,76;2,58;2,76;2,7;2,88;2,7;2,58;2,46;2,7;2,7;2,82;2,88;3,12;2,94;3,12;3,06;3,0;3,06;3,24;2,76;2,52;2,52;2,76;3,06;2,82;2,28;2,34;2,22;2,16;2,16;2,28;2,16;2,34;2,22;2,22;2,34;2,52;2,52;2,76;2,88;2,28;2,4;2,64;2,64;2,34;2,4;2,28;2,34;2,1;1,74;1,8;1,62;1,38;1,44;1,38;1,38;1,26;1,2;1,26;1,26;1,2;1,2;6,3;;;;
05/03/2024;1,32;1,32;1,26;1,26;1,44;1,32;1,32;1,26;1,38;1,26;1,32;1,26;1,32;1,32;1,14;1,14;1,26;1,08;1,14;1,08;1,2;1,14;1,08;1,14;1,44;1,5;1,62;1,68;1,8;2,88;2,4;2,64;2,94;3,06;3,0;2,52;2,4;2,88;2,58;2,58;2,58;2,34;2,7;3,0;2,94;3,0;2,58;3,0;3,6;2,82;2,4;2,46;3,0;2,76;2,82;2,64;2,7;2,88;2,34;2,22;2,28;2,28;2,22;2,22;2,34;2,4;2,52;2,28;2,52;2,52;2,64;2,76;2,7;2,22;2,46;2,46;2,52;2,4;2,4;2,22;2,28;2,16;1,92;1,74;1,5;1,5;1,44;1,44;1,38;1,38;1,32;1,32;1,2;1,32;1,26;6,0;;;;
06/03/2024;1,38;1,38;1,32;1,26;1,26;1,38;1,32;1,32;1,32;1,38;1,32;1,38;1,32;1,32;1,14;1,14;1,08;1,14;1,2;1,14;1,14;1,14;1,26;1,2;1,38;1,56;1,44;2,1;2,1;2,28;3,0;2,88;3,12;3,0;2,76;2,46;2,64;2,94;2,7;2,46;2,76;2,7;2,7;2,88;3,24;3,3;3,48;3,06;3,0;2,28;2,28;2,52;2,52;3,06;3,3;3,0;2,7;2,64;2,94;3,0;2,76;2,4;2,64;2,46;2,22;2,16;2,4;2,4;2,4;2,64;2,52;2,46;2,34;2,28;2,64;2,76;2,76;2,46;2,46;2,4;2,22;2,04;1,62;1,74;1,56;1,5;1,44;1,44;1,32;1,5;1,38;1,32;1,32;1,38;1,26;6,0;;;;
07/03/2024;1,44;1,44;1,32;1,32;1,32;1,38;1,44;1,38;1,32;1,38;1,44;1,38;1,38;1,32;1,26;1,2;1,2;1,2;1,2;1,32;1,2;1,32;1,26;1,44;1,62;1,56;1,74;1,8;2,1;2,64;2,82;2,76;2,94;3,06;3,12;3,24;2,7;2,64;2,64;2,88;3,12;2,94;2,58;3,12;3,24;3,12;3,06;2,58;2,82;2,94;2,82;3,06;3,06;3,12;2,88;3,06;2,76;2,28;2,1;2,04;1,92;2,1;2,1;1,98;2,04;1,98;2,22;2,16;2,34;2,58;2,52;2,4;2,16;2,22;2,64;2,58;2,52;2,4;2,34;2,4;1,92;1,74;1,8;1,62;1,56;1,5;1,32;1,38;1,38;1,26;1,26;1,2;1,2;1,14;1,14;6,0;;;;
08/03/2024;1,38;1,26;1,26;1,32;1,32;1,32;1,26;1,32;1,32;1,26;1,32;1,26;1,26;1,32;1,08;1,14;1,2;1,14;1,08;1,14;1,14;1,14;1,26;1,26;1,32;1,5;1,56;1,62;1,68;2,64;3,06;3,12;2,88;2,64;2,82;2,88;2,4;2,64;2,88;3,0;3,0;2,64;2,7;2,64;2,88;3,3;3,18;3,06;3,36;3,0;2,94;3,06;3,0;3,42;3,06;2,46;2,7;2,28;2,28;2,22;2,34;2,22;2,34;2,28;2,46;2,34;2,4;2,46;2,52;2,94;2,7;2,58;2,52;2,28;2,58;2,64;2,64;2,76;2,58;2,58;2,04;1,92;1,74;1,8;1,5;1,5;1,5;1,44;1,5;1,44;1,44;1,32;1,38;1,32;1,38;6,6;;;;
09/03/2024;1,44;1,44;1,5;1,38;1,44;1,44;1,38;1,44;1,44;1,38;1,5;1,5;1,44;1,38;1,26;1,32;1,32;1,2;1,26;1,2;1,38;1,26;1,26;1,32;1,56;1,56;1,62;1,62;1,92;2,16;2,64;2,76;2,88;2,94;3,06;2,7;2,64;2,82;2,82;2,52;2,76;2,58;3,0;3,12;3,48;2,7;3,3;2,94;2,94;3,18;3,3;3,18;2,76;2,82;2,7;2,88;2,82;2,64;2,52;2,7;2,58;2,64;2,64;2,64;2,52;2,34;2,46;2,76;2,64;2,76;2,76;2,88;2,58;2,34;2,82;2,76;2,7;2,52;2,46;2,28;2,04;1,74;1,68;1,98;1,74;1,68;1,62;1,56;1,56;1,44;1,26;1,32;1,26;1,38;1,2;6,0;;;;
10/03/2024;1,38;1,62;1,38;1,32;1,32;1,44;1,44;1,38;1,26;1,32;1,44;1,38;1,32;1,32;1,2;1,2;1,14;1,14;1,2;1,38;1,32;1,2;1,14;1,32;1,44;1,44;1,62;1,62;2,16;2,52;2,52;2,94;3,24;3,12;2,76;2,58;2,58;3,0;2,94;2,7;3,12;2,94;3,42;3,18;2,94;2,88;2,76;3,54;3,12;2,52;2,7;2,7;3,12;3,18;2,88;2,58;3,06;2,82;2,28;2,22;2,1;2,04;2,22;2,22;2,34;2,22;2,64;2,46;2,52;2,82;2,46;2,88;2,52;2,34;2,52;2,52;2,52;2,4;2,4;2,28;2,52;1,8;1,74;1,8;1,74;1,44;1,44;1,44;1,44;1,5;1,32;1,26;1,26;1,32;1,26;6,6;;;;
11/03/2024;1,32;1,38;1,5;1,32;1,44;1,38;1,44;1,38;1,38;1,44;1,38;1,5;1,38;1,38;1,26;1,32;1,2;1,2;1,26;1,26;1,32;1,2;1,38;1,26;1,68;1,62;1,62;1,8;1,8;2,34;2,76;3,0;3,18;3,3;2,88;3,06;3,24;3,18;2,94;2,88;3,36;3,0;3,3;3,42;3,3;3,54;3,06;3,48;3,78;3,72;2,94;2,94;3,06;3,12;2,88;2,7;3,0;2,46;2,7;2,4;2,28;2,4;2,4;2,34;2,46;2,52;2,52;2,64;2,58;2,64;2,46;2,88;2,7;2,46;2,52;2,64;2,58;2,7;2,46;2,28;2,22;2,04;1,74;1,92;1,5;1,5;1,56;1,5;1,32;1,32;1,38;1,26;1,26;1,26;1,26;6,6;;;;
12/03/2024;1,38;1,32;1,32;1,38;1,32;1,32;1,32;1,38;1,44;1,38;1,38;1,32;1,44;1,32;1,2;1,2;1,2;1,14;1,2;1,26;1,2;1,2;1,32;1,2;1,44;1,56;1,44;1,56;1,86;2,52;2,52;2,88;2,82;2,94;2,82;2,94;2,82;2,88;3,24;3,12;2,82;2,7;2,94;3,18;3,12;3,42;2,88;3,3;3,18;3,12;3,06;3,18;2,88;3,06;3,18;2,88;2,58;2,16;2,34;2,16;2,22;2,22;2,34;2,28;2,28;2,28;2,52;2,34;2,46;2,64;2,64;2,88;2,52;2,28;2,52;2,64;2,4;2,52;2,46;2,4;2,1;1,74;1,74;1,86;1,56;1,38;1,44;1,56;1,44;1,32;1,26;1,32;1,2;1,26;1,2;6,9;;;;
13/03/2024;1,38;1,38;1,26;1,44;1,32;1,32;1,26;1,32;1,38;1,32;1,32;1,32;1,44;1,26;1,14;1,2;1,2;1,2;1,2;1,14;1,2;1,32;1,14;1,38;1,38;1,5;1,5;1,74;1,86;2,4;2,52;2,52;2,58;2,58;2,64;3,06;3,3;3,48;2,82;2,82;2,76;2,58;2,4;2,52;2,64;2,64;2,82;2,58;2,76;2,7;1,92;2,64;2,88;2,82;3,0;3,12;2,58;2,1;2,16;2,16;1,98;2,1;2,04;2,1;1,98;2,1;2,04;2,22;2,16;2,4;2,16;2,28;2,1;2,16;2,46;2,46;2,46;2,34;2,28;2,4;2,16;1,92;1,8;1,62;1,5;1,5;1,5;1,38;1,38;1,44;1,32;1,26;1,2;1,26;1,14;6,0;;;;
14/03/2024;1,38;1,5;1,32;1,32;1,38;1,38;1,38;1,32;1,32;1,38;1,32;1,32;1,38;1,32;1,26;1,14;1,2;1,14;1,26;1,14;1,2;1,2;1,2;1,38;1,44;1,56;1,5;1,68;1,74;2,64;2,58;2,7;2,7;2,52;2,76;2,94;3,06;3,0;2,7;3,0;2,88;2,52;2,34;2,4;2,82;3,0;2,82;2,7;2,7;2,64;2,22;2,64;2,88;3,0;2,76;2,52;2,34;2,34;2,16;1,98;2,1;2,04;1,92;2,04;2,16;2,16;2,1;2,04;2,1;2,34;2,28;2,16;2,22;2,16;2,4;2,4;2,4;2,46;2,46;2,4;1,8;1,86;1,62;1,68;1,68;1,56;1,44;1,44;1,38;1,44;1,44;1,38;1,26;1,2;1,32;6,0;;;;
15/03/2024;1,38;1,38;1,38;1,44;1,32;1,44;1,32;1,44;1,32;1,38;1,38;1,32;1,5;1,38;1,26;1,2;1,32;1,26;1,14;1,2;1,14;1,38;1,26;1,44;1,56;1,92;1,86;1,62;1,98;3,0;3,18;3,06;2,82;2,76;2,88;2,64;2,76;3,06;2,64;2,88;2,7;2,64;3,0;3,06;3,42;3,0;2,52;2,64;2,7;2,94;2,88;3,3;2,88;3,06;2,76;2,4;2,1;2,04;2,16;2,58;2,16;2,04;2,22;2,34;2,28;2,22;2,1;2,34;2,22;2,46;2,34;2,58;2,58;2,28;2,34;2,52;2,58;2,4;2,22;2,4;2,22;2,16;2,1;1,98;1,92;1,68;1,62;1,74;1,68;1,44;1,5;1,5;1,44;1,38;1,32;6,9;;;;
16/03/2024;1,44;1,44;1,38;1,56;1,5;1,38;1,38;1,38;1,38;1,92;2,28;1,56;1,32;1,5;1,32;1,26;1,32;1,26;1,32;1,26;1,38;1,38;1,5;1,32;1,5;1,5;1,56;1,62;1,74;2,58;2,52;2,88;2,94;3,36;3,06;3,0;2,88;3,0;2,58;2,88;2,46;2,4;2,52;3,12;2,88;3,0;2,88;3,18;3,06;3,18;3,6;2,94;2,7;2,7;3,18;3,36;2,7;2,64;2,64;2,46;1,98;2,28;2,16;2,28;2,16;2,34;2,28;2,34;1,98;2,04;2,46;2,64;2,4;2,28;2,64;2,52;2,46;2,46;2,34;2,46;2,22;1,98;1,8;1,86;1,8;1,5;1,44;1,62;1,38;1,38;1,38;1,38;1,2;1,26;1,32;6,0;;;;
17/03/2024;1,44;1,32;1,38;1,32;1,5;1,44;1,32;1,32;1,44;1,32;1,38;1,38;1,38;1,44;1,26;1,32;1,2;1,32;1,14;1,2;1,2;1,26;1,2;1,2;1,5;1,62;1,8;1,74;1,68;2,52;2,82;2,64;3,0;3,0;3,3;2,82;2,88;2,82;2,94;3,12;2,64;2,4;2,76;3,18;2,94;3,06;3,18;3,0;3,36;3,12;2,64;2,88;3,18;3,3;3,0;2,76;2,64;2,28;2,16;2,16;2,22;2,22;2,28;2,4;2,46;2,34;2,16;2,4;2,22;2,58;2,34;2,76;2,28;2,28;2,46;2,52;2,22;2,28;2,22;2,16;2,04;1,68;1,92;1,62;1,56;1,44;1,38;1,44;1,44;1,32;1,32;1,26;1,2;1,14;1,14;5,7;;;;
18/03/2024;1,44;1,32;1,26;1,26;1,38;1,26;1,32;1,32;1,32;1,26;1,32;1,32;1,44;1,26;1,2;1,26;1,26;1,14;1,14;1,2;1,2;1,2;1,08;1,2;1,56;1,5;1,44;1,56;1,62;2,4;2,52;2,76;2,94;3,06;2,88;2,88;2,64;3,0;2,7;2,7;2,58;2,76;2,46;2,7;3,0;2,7;3,12;3,18;3,18;3,3;3,0;2,82;2,88;3,12;3,3;2,82;3,06;2,76;2,64;2,46;2,28;2,28;2,4;2,52;2,22;2,22;2,34;2,46;2,28;2,4;2,34;2,52;2,34;2,28;2,34;2,46;2,46;2,34;2,4;2,22;2,16;1,86;1,74;1,86;1,68;1,56;1,44;1,5;1,5;1,44;1,32;1,26;1,32;1,2;1,2;6,0;;;;
19/03/2024;1,5;1,32;1,32;1,32;1,44;1,32;1,32;1,32;1,44;1,32;1,38;1,38;1,32;1,44;1,2;1,2;1,26;1,26;1,14;1,2;1,2;1,2;1,26;1,2;1,44;1,5;1,5;1,62;1,74;2,34;2,82;2,76;3,0;3,0;3,12;3,0;2,88;3,36;3,0;2,88;2,52;2,64;2,52;2,88;2,64;2,82;3,06;3,06;2,94;3,0;3,12;2,7;3,18;3,0;3,06;3,0;2,94;2,88;2,88;2,4;2,34;2,58;2,58;2,28;2,52;2,4;2,28;2,22;2,34;2,46;2,4;2,46;2,34;2,16;2,4;2,28;2,22;2,22;2,4;2,04;1,98;1,86;1,8;1,86;1,56;1,5;1,44;1,5;1,44;1,38;1,26;1,38;1,14;1,14;1,2;6,0;;;;
20/03/2024;1,44;1,32;1,32;1,44;1,38;1,32;1,32;1,32;1,38;1,38;1,38;1,32;1,32;1,38;1,26;1,2;1,26;1,26;1,32;1,14;1,2;1,14;1,26;1,44;1,5;1,68;1,5;1,62;2,1;2,64;2,46;2,64;2,52;2,64;3,0;3,12;2,7;3,0;2,82;2,76;2,64;2,7;2,7;3,12;3,06;2,88;2,7;2,94;2,58;2,94;2,58;2,28;2,88;2,82;3,06;2,88;2,58;2,28;2,1;2,16;1,92;2,04;2,1;2,16;2,1;2,28;1,92;1,98;2,22;2,28;2,04;2,22;2,22;2,16;2,4;2,28;2,16;2,16;2,28;2,1;2,04;2,1;1,74;1,5;1,44;1,44;1,44;1,26;1,26;1,32;1,32;1,14;1,14;1,02;1,14;5,7;;;;
21/03/2024;1,32;1,26;1,26;1,26;1,26;1,2;1,26;1,32;1,26;1,26;1,26;1,2;1,26;1,26;1,14;1,14;1,2;1,14;1,08;1,08;1,08;1,2;1,14;1,2;1,38;1,5;1,5;1,5;1,62;2,28;2,4;2,4;2,58;2,64;2,34;2,4;2,52;2,64;2,52;2,52;2,7;2,52;2,34;2,04;2,64;2,64;2,16;2,52;2,7;2,46;2,28;2,16;2,76;3,06;3,06;2,52;2,4;2,28;2,52;2,82;2,76;2,7;2,58;2,34;2,16;2,16;2,16;2,16;2,16;2,22;2,16;2,22;2,28;2,04;2,28;2,34;2,34;2,22;2,16;2,16;1,74;1,98;1,92;1,68;1,5;1,44;1,5;1,56;1,5;1,44;1,44;1,44;1,32;1,26;1,38;6,9;;;;
22/03/2024;1,5;1,44;1,44;1,5;1,5;1,44;1,44;1,5;1,38;1,38;1,38;1,44;1,44;1,56;1,2;1,2;1,26;1,2;1,2;1,14;1,2;1,14;1,14;1,32;1,62;1,38;1,68;1,74;1,98;2,22;2,52;3,06;3,12;3,36;3,18;3,06;2,88;3,0;2,64;2,64;3,0;2,76;2,58;2,58;2,94;3,36;2,76;2,64;3,06;2,88;2,76;2,52;2,88;3,12;2,76;2,28;2,52;2,52;2,94;2,64;2,4;2,1;2,22;2,34;2,22;2,28;2,22;2,16;2,16;2,28;2,28;2,4;2,4;2,22;2,4;2,34;2,22;2,22;2,16;2,28;2,16;1,74;1,74;1,98;1,62;1,38;1,44;1,56;1,38;1,38;1,26;1,32;1,2;1,2;1,2;5,7;;;;
23/03/2024;1,38;1,32;1,32;1,32;1,44;1,32;1,32;1,32;1,38;1,32;1,32;1,32;1,32;1,38;1,2;1,2;1,2;1,2;1,2;1,2;1,14;1,2;1,26;1,2;1,56;1,44;1,56;1,8;1,8;2,16;2,7;2,52;2,58;2,64;3,18;3,18;2,88;2,82;2,52;2,76;2,52;2,7;2,64;3,0;3,06;3,18;2,88;3,0;3,12;3,66;3,0;2,94;3,0;3,24;2,88;2,76;2,94;2,22;2,52;2,52;2,52;2,34;2,22;2,4;2,28;2,16;2,28;2,4;2,34;2,4;2,28;2,58;2,7;2,34;2,4;2,4;2,58;2,34;2,4;2,16;2,28;1,8;1,8;1,86;1,74;1,5;1,38;1,44;1,44;1,38;1,38;1,32;1,38;1,26;1,26;6,3;;;;
24/03/2024;1,32;1,44;1,32;1,32;1,38;1,38;1,32;1,32;1,32;1,44;1,32;1,32;1,26;1,38;1,2;1,26;1,26;1,32;1,2;1,14;1,14;1,26;1,2;1,2;1,62;1,5;1,62;1,8;1,68;2,28;2,64;2,76;2,52;3,06;3,36;3,12;3,18;2,82;2,88;2,7;2,64;2,52;2,52;3,0;2,82;3,0;2,76;2,88;2,76;3,06;3,36;2,76;3,06;3,0;3,06;3,06;2,58;2,7;2,88;2,64;2,7;2,4;2,28;2,34;2,22;2,4;2,04;2,16;2,16;2,4;2,16;2,4;2,4;2,28;2,4;2,4;2,22;2,22;2,16;2,28;2,04;1,98;1,98;1,62;1,68;1,38;1,44;1,44;1,44;1,38;1,26;1,26;1,32;1,2;1,26;6,0;;;;
25/03/2024;1,44;1,32;1,32;1,32;1,38;1,32;1,38;1,38;1,38;1,38;1,32;1,38;1,32;1,38;1,2;1,26;1,32;1,26;1,14;1,2;1,26;1,26;1,2;1,2;1,5;1,5;1,44;1,56;1,68;2,22;2,52;2,64;2,76;2,94;3,18;2,82;2,4;2,76;2,46;2,52;2,82;2,64;2,4;2,22;2,7;2,7;2,76;2,22;2,52;2,82;2,82;2,76;3,06;3,12;2,7;2,88;2,46;2,4;2,52;2,64;2,58;2,4;2,04;2,34;2,22;2,22;2,1;2,16;2,16;2,22;2,4;2,22;2,28;2,28;2,58;2,46;2,4;2,52;2,28;2,22;1,98;1,98;1,86;1,68;1,56;1,5;1,32;1,44;1,38;1,38;1,26;1,26;1,14;1,26;1,14;6,0;;;;
26/03/2024;1,32;1,38;1,26;1,2;1,26;1,32;1,26;1,26;1,26;1,32;1,2;1,26;1,2;1,32;1,14;1,08;1,14;1,26;1,08;1,02;1,08;1,14;1,2;1,14;1,44;1,38;1,38;1,5;1,8;2,4;2,58;2,58;2,4;2,76;2,64;2,88;2,34;2,46;2,82;2,4;2,34;2,34;2,4;2,7;2,64;2,88;2,64;2,76;3,06;2,58;2,04;2,22;2,4;2,76;2,82;2,82;2,46;2,16;2,16;2,16;2,16;2,1;2,04;1,98;2,04;2,22;2,16;2,04;2,04;2,28;2,22;2,16;2,22;2,28;2,22;2,1;2,22;2,34;2,22;1,98;2,1;1,86;1,98;1,68;1,5;1,5;1,38;1,38;1,5;1,32;1,32;1,26;1,26;1,14;1,14;5,7;;;;
27/03/2024;1,38;1,26;1,26;1,26;1,32;1,2;1,26;1,32;1,26;1,26;1,2;1,38;1,26;1,26;1,2;1,26;1,2;1,14;1,2;1,08;1,08;1,08;1,32;1,08;1,44;1,56;1,5;1,56;1,68;2,34;2,52;2,52;2,52;2,52;2,7;2,64;2,58;2,76;2,88;2,64;2,46;2,82;2,64;2,76;2,58;2,88;2,76;2,46;2,76;2,64;2,52;3,3;2,82;2,76;2,64;2,94;3,0;2,52;2,58;2,52;2,28;1,98;1,92;2,1;2,22;2,1;1,92;2,1;2,22;2,16;2,04;2,1;2,1;2,04;2,16;2,22;2,34;2,22;2,04;2,1;1,8;1,74;1,68;1,86;1,5;1,38;1,5;1,38;1,32;1,32;1,32;1,2;1,2;1,2;1,26;6,0;;;;
28/03/2024;1,32;1,32;1,38;1,32;1,26;1,32;1,32;1,26;1,32;1,38;1,26;1,14;1,2;1,32;1,26;1,32;1,26;1,38;1,26;1,32;1,38;1,62;1,62;1,74;2,28;2,58;2,58;2,7;2,88;2,82;3,12;2,82;2,88;2,52;2,46;2,58;2,28;2,16;2,58;2,7;2,52;2,82;2,76;2,58;2,76;2,88;2,16;2,16;2,58;3,06;3,06;2,52;2,16;2,16;2,22;2,16;2,34;2,1;1,92;1,98;1,98;2,04;2,04;1,86;1,98;1,86;1,92;2,28;2,22;2,04;2,1;2,1;2,04;2,04;2,04;2,1;1,98;1,8;1,68;1,56;1,44;1,44;1,44;1,44;1,32;1,32;1,38;1,26;1,2;1,2;1,2;1,14;0,0;0,0;0,0;;;;;
29/03/2024;1,32;1,44;1,32;1,38;1,32;1,44;1,32;1,32;1,32;1,38;1,32;1,32;1,32;1,26;1,2;1,26;1,32;1,26;1,08;1,2;1,26;1,14;1,2;1,32;1,44;1,62;1,62;1,92;1,8;2,28;2,58;3,12;3,06;2,88;2,34;2,52;2,7;3,24;3,0;3,12;2,4;2,82;2,22;2,4;2,28;2,82;2,82;2,76;3,0;2,64;2,7;2,7;2,94;2,94;2,34;2,82;2,76;2,22;2,22;2,34;2,22;2,22;2,82;2,46;2,22;2,22;2,04;2,04;2,22;2,04;2,1;2,34;2,28;2,1;2,22;2,34;2,22;2,16;2,16;2,1;2,1;1,86;1,8;1,68;1,5;1,44;1,44;1,38;1,44;1,32;1,26;1,26;1,26;1,14;1,08;6,0;;;;
30/03/2024;1,32;1,32;1,26;1,38;1,26;1,32;1,32;1,32;1,32;1,26;1,38;1,32;1,2;1,32;1,26;1,14;1,2;1,14;1,26;1,14;1,26;1,2;1,26;1,14;1,44;1,56;1,68;1,68;1,86;2,28;2,76;2,7;2,64;2,64;2,64;2,52;2,52;2,88;2,52;2,4;2,76;2,46;2,22;2,52;2,7;2,7;2,88;2,76;3,0;2,58;2,7;2,88;2,76;3,0;3,0;2,82;2,94;2,52;2,64;2,46;2,1;2,16;2,04;2,04;2,16;2,1;2,1;2,16;1,98;2,22;2,28;2,4;2,16;2,04;2,04;2,04;2,04;2,04;1,92;1,86;2,22;1,74;1,62;1,86;1,5;1,44;1,44;1,44;1,44;1,38;1,44;1,32;1,26;1,26;1,32;6,0;;;;
31/03/2024;1,32;1,38;1,32;1,26;1,32;1,38;1,38;1,32;1,44;1,26;1,32;1,44;1,44;1,32;1,2;1,32;1,32;1,14;1,2;1,26;1,14;1,26;1,2;1,26;1,44;1,44;1,5;1,68;1,62;2,16;2,7;2,82;2,34;2,52;3,06;2,88;2,82;2,4;2,76;2,7;2,58;2,46;2,22;2,46;3,0;2,64;2,82;2,82;2,58;2,94;2,94;2,34;2,76;2,82;2,76;2,52;2,28;2,34;2,7;2,76;2,4;2,16;2,16;2,4;2,22;2,16;2,22;2,04;1,98;2,34;2,04;2,34;2,34;1,92;2,04;2,22;2,16;2,16;1,92;2,1;1,92;1,86;1,56;1,74;1,56;1,56;1,44;1,38;1,44;1,32;1,26;1,26;1,26;1,14;1,2;6,6;;;;
01/04/2024;1,26;1,32;1,26;1,44;1,32;1,32;1,38;1,32;1,32;1,26;1,38;1,32;1,26;1,26;1,26;1,2;1,14;1,32;1,14;1,2;1,26;1,44;1,2;1,26;1,62;1,56;1,5;1,68;1,8;2,34;2,58;2,58;2,58;2,82;2,88;3,0;2,7;2,34;2,52;3,06;2,82;2,1;2,4;2,64;2,58;2,64;2,82;2,46;3,06;2,76;2,58;2,82;2,7;2,88;2,88;3,0;2,64;2,22;2,28;1,98;2,1;2,28;2,22;2,16;2,16;1,98;2,1;2,22;2,1;2,22;2,22;2,4;2,4;2,16;2,04;2,16;1,92;2,04;2,04;1,98;1,8;1,68;1,74;1,56;1,44;1,56;1,38;1,38;1,44;1,38;1,26;1,32;1,32;1,2;1,2;6,6;;;;
02/04/2024;1,44;1,26;1,38;1,38;1,32;1,38;1,44;1,32;1,38;1,32;1,44;1,38;1,32;1,32;1,26;1,2;1,26;1,26;1,14;1,2;1,14;1,32;1,14;1,38;1,74;1,62;1,62;1,92;1,8;2,46;2,7;2,94;2,76;3,0;3,18;3,12;2,76;2,76;3,0;2,52;2,7;2,28;2,52;2,52;2,82;3,06;2,58;3,06;2,46;2,64;2,4;2,52;3,0;2,94;2,4;2,34;2,64;2,58;2,7;2,82;2,82;2,34;2,16;2,1;2,22;2,04;2,1;2,16;2,04;2,28;2,46;2,1;2,58;2,34;2,04;2,16;2,4;2,22;2,22;2,22;2,16;1,98;1,8;1,74;1,62;1,44;1,5;1,32;1,38;1,32;1,32;1,26;1,2;1,26;1,26;6,0;;;;
03/04/2024;1,44;1,26;1,32;1,32;1,32;1,32;1,32;1,38;1,26;1,32;1,32;1,32;1,38;1,26;1,32;1,26;1,26;1,26;1,26;1,14;1,14;1,32;1,2;1,32;1,5;1,56;1,62;1,92;2,1;2,46;2,4;2,4;2,58;2,52;2,82;2,52;2,52;2,64;2,58;2,4;2,22;2,34;2,94;2,58;2,7;2,52;2,22;2,76;2,52;2,52;2,4;2,7;2,88;3,18;2,52;2,46;2,82;2,64;2,4;2,58;2,46;2,52;2,34;2,16;2,16;2,1;2,22;2,28;2,1;2,34;2,34;2,22;2,16;2,16;2,1;2,28;2,22;2,1;2,1;2,16;2,04;2,22;1,68;1,68;1,62;1,56;1,5;1,5;1,56;1,44;1,38;1,26;1,32;1,2;1,14;6,3;;;;
04/04/2024;1,32;1,32;1,32;1,38;1,32;1,26;1,38;1,38;1,32;1,32;1,44;1,32;1,38;1,26;1,32;1,14;1,2;1,2;1,32;1,14;1,14;1,26;1,2;1,26;1,5;1,68;1,8;1,68;1,86;2,58;2,46;2,46;2,58;2,88;3,18;3,0;2,28;2,88;2,64;2,94;2,88;2,76;2,4;2,34;2,58;2,94;2,22;2,64;2,64;2,76;2,58;2,34;3,18;3,0;2,58;2,34;2,52;2,52;2,76;2,52;2,28;2,28;1,98;1,98;2,04;1,92;2,16;1,92;1,86;1,98;2,16;2,52;2,46;2,16;2,1;2,28;2,28;2,28;2,16;2,34;2,16;1,98;1,8;1,62;1,44;1,56;1,38;1,38;1,44;1,38;1,26;1,26;1,32;1,14;1,14;5,7;;;;
05/04/2024;1,38;1,32;1,32;1,32;1,38;1,32;1,32;1,5;1,32;1,32;1,44;1,32;1,32;1,32;1,32;1,2;1,2;1,26;1,26;1,2;1,2;1,26;1,2;1,32;1,44;1,56;1,56;1,62;1,8;2,64;2,64;3,06;3,06;2,88;3,06;2,58;2,64;2,4;2,4;2,52;2,16;2,7;2,22;2,34;2,1;2,64;2,76;2,64;2,88;2,46;2,7;2,88;2,46;2,64;2,88;2,88;2,46;1,92;2,04;2,52;2,46;2,22;2,1;2,22;2,04;2,16;2,16;1,92;2,1;2,1;2,04;2,58;2,22;2,16;2,04;2,4;2,22;2,16;2,04;2,16;2,34;2,1;1,98;1,74;1,62;1,38;1,44;1,44;1,38;1,32;1,32;1,32;1,2;1,2;1,14;6,3;;;;
06/04/2024;1,32;1,32;1,38;1,38;1,38;1,32;1,44;1,32;1,38;1,38;1,5;1,32;1,38;1,32;1,26;1,2;1,2;1,32;1,14;1,2;1,14;1,32;1,2;1,26;1,44;1,56;1,56;1,68;1,62;2,64;2,76;2,76;2,4;2,64;2,64;2,52;2,94;2,82;2,7;2,46;3,0;2,34;2,46;2,4;2,46;2,76;3,0;3,36;3,18;3,0;3,12;3,18;3,3;3,48;2,7;2,76;2,7;2,28;2,64;2,76;2,4;2,22;2,28;2,16;2,16;2,4;2,34;2,1;2,22;2,28;2,52;2,88;2,76;2,28;2,64;2,58;2,46;2,34;2,46;2,1;2,1;1,86;1,86;1,86;1,62;1,38;1,44;1,32;1,26;1,26;1,26;1,2;1,08;1,14;1,2;5,7;;;;
07/04/2024;1,32;1,26;1,38;1,26;1,26;1,26;1,38;1,2;1,26;1,2;1,32;1,2;1,2;1,2;1,2;1,14;1,08;1,08;1,2;1,08;1,2;1,08;1,32;1,2;1,38;1,38;1,56;1,56;1,62;2,1;2,52;2,7;2,4;2,82;3,0;2,64;2,52;3,06;2,76;2,94;2,52;3,18;2,52;2,34;2,58;2,94;3,0;2,82;2,76;2,94;2,46;2,94;3,06;3,54;3,24;3,12;3,18;2,94;2,94;2,58;2,76;2,46;2,22;2,04;2,16;2,16;2,22;2,34;2,16;2,4;2,16;2,52;2,64;2,34;2,04;2,22;2,28;2,4;2,16;2,22;2,22;2,16;2,04;1,62;1,56;1,5;1,44;1,44;1,44;1,26;1,14;1,2;1,14;1,14;1,08;5,4;;;;
08/04/2024;1,26;1,26;1,26;1,2;1,26;1,2;1,26;1,26;1,32;1,26;1,26;1,26;1,2;1,32;1,08;1,26;1,14;1,26;1,08;1,14;1,2;1,26;1,2;1,2;1,44;1,44;1,74;1,86;1,74;2,58;2,76;2,58;2,94;3,12;2,76;3,48;3,66;3,12;3,06;3,12;2,76;2,64;2,52;2,76;3,0;3,0;3,3;3,06;2,94;3,0;3,06;2,88;2,88;3,0;3,36;3,18;3,06;2,76;2,7;2,58;1,98;2,04;2,04;2,28;2,1;2,28;1,92;1,92;1,92;2,1;1,98;2,28;2,4;1,92;2,22;2,04;2,04;2,1;1,86;2,04;2,04;1,74;2,16;1,68;1,56;1,44;1,38;1,32;1,38;1,38;1,26;1,2;1,14;1,26;1,14;5,7;;;;
09/04/2024;1,32;1,44;1,32;1,32;1,26;1,38;1,32;1,32;1,38;1,38;1,32;1,32;1,38;1,32;1,2;1,2;1,26;1,2;1,14;1,2;1,26;1,26;1,14;1,2;1,5;1,5;1,5;1,74;1,92;2,34;2,46;2,88;3,24;3,12;3,06;2,94;2,94;2,82;2,7;2,76;2,58;2,7;2,7;2,64;3,06;3,3;2,82;3,3;2,88;2,88;2,94;2,58;3,24;3,36;2,58;2,88;3,18;2,7;2,58;2,76;2,34;2,16;2,16;2,4;2,28;2,28;2,22;2,4;2,4;2,52;2,34;2,64;2,64;2,22;2,4;2,34;2,22;2,28;2,28;2,28;2,22;2,1;1,74;1,86;1,68;1,44;1,56;1,5;1,38;1,38;1,38;1,26;1,14;1,2;1,2;5,7;;;;
10/04/2024;1,32;1,32;1,38;1,32;1,32;1,32;1,38;1,32;1,26;1,32;1,38;1,38;1,26;1,32;1,26;1,26;1,26;1,2;1,26;1,14;1,2;1,26;1,26;1,2;1,44;1,56;1,74;1,74;1,98;2,88;2,58;2,7;2,76;2,82;2,58;2,4;2,7;2,52;2,46;2,46;2,28;3,06;2,82;3,0;2,52;2,4;2,52;3,0;3,12;2,58;2,7;2,7;2,58;3,18;3,12;2,82;2,88;2,16;1,98;2,22;2,28;2,16;1,92;2,1;2,22;2,1;2,04;2,28;2,16;2,46;2,4;2,46;2,52;2,22;2,34;2,52;2,28;2,4;2,22;2,28;2,16;1,92;1,8;1,98;1,68;1,56;1,56;1,62;1,44;1,44;1,44;1,44;1,32;1,32;1,38;6,9;;;;
11/04/2024;1,44;1,5;1,5;1,56;1,44;1,44;1,56;1,44;1,44;1,38;1,5;1,44;1,44;1,44;1,44;1,32;1,32;1,32;1,32;1,32;1,32;1,26;1,44;1,32;1,62;1,56;1,74;1,8;1,98;2,46;2,94;2,88;2,76;2,58;2,58;3,12;3,48;3,36;3,0;3,0;2,7;2,58;2,52;3,12;2,76;3,0;2,94;2,7;2,76;2,58;2,34;2,82;2,88;3,24;3,06;2,64;2,76;2,94;2,82;2,7;2,58;2,22;2,58;2,64;2,16;2,34;2,22;2,22;2,22;2,4;2,04;2,22;2,04;2,1;2,16;2,4;2,28;2,4;2,22;2,46;2,16;1,86;1,74;1,92;1,74;1,74;1,56;1,56;1,5;1,56;1,38;1,44;1,32;1,38;1,32;6,6;;;;
12/04/2024;1,5;1,56;1,44;1,5;1,44;1,44;1,38;1,44;1,56;1,44;1,44;1,5;1,5;1,5;1,38;1,5;1,38;1,32;1,32;1,38;1,32;1,26;1,44;1,68;1,62;1,62;1,8;1,92;1,98;2,58;3,12;3,24;3,18;2,82;3,06;3,18;3,06;2,94;2,82;2,76;3,12;2,88;2,64;2,94;3,12;3,3;3,06;3,12;2,88;3,24;3,12;3,0;3,3;3,3;3,36;3,12;2,82;2,82;2,52;2,34;2,34;2,28;2,34;2,34;2,52;2,4;2,34;2,22;2,22;2,58;2,22;2,52;2,7;2,46;2,22;2,58;2,46;2,28;2,34;2,22;2,16;2,04;1,68;1,56;1,74;1,56;1,44;1,38;1,44;1,44;1,2;1,2;1,08;1,2;1,14;5,7;;;;
13/04/2024;1,2;1,38;1,38;1,26;1,26;1,32;1,26;1,26;1,2;1,44;1,26;1,32;1,26;1,38;1,2;1,2;1,2;1,2;1,14;1,08;1,14;1,26;1,32;1,2;1,5;1,5;1,56;1,62;1,92;2,52;2,88;3,06;3,12;3,18;2,82;2,88;2,94;2,76;2,58;2,76;2,58;2,4;2,46;2,82;2,82;3,54;2,88;2,88;2,82;3,12;2,88;2,94;3,06;3,12;2,94;3,0;2,7;2,34;2,52;2,22;2,16;2,34;2,22;2,34;2,34;2,34;2,16;2,04;2,16;2,4;2,34;2,52;2,52;2,4;2,34;2,52;2,22;2,22;2,22;2,16;2,04;2,16;1,86;1,62;1,62;1,56;1,5;1,44;1,5;1,5;1,32;1,32;1,32;1,26;1,2;6,3;;;;
14/04/2024;1,44;1,32;1,38;1,32;1,44;1,32;1,38;1,32;1,5;1,38;1,38;1,32;1,44;1,32;1,26;1,38;1,26;1,2;1,14;1,26;1,2;1,26;1,32;1,26;1,56;1,5;1,56;1,74;1,8;2,64;2,64;3,24;3,0;3,12;2,94;2,88;2,64;2,94;2,52;2,76;2,94;2,76;2,64;2,4;2,46;2,52;3,12;2,94;2,58;3,24;3,06;2,94;3,24;3,48;3,06;2,88;2,94;2,82;2,94;2,76;2,16;2,16;2,1;2,34;2,34;2,22;2,4;2,28;2,4;2,16;2,16;2,46;2,7;2,34;2,34;2,46;2,22;2,28;2,16;2,28;2,16;1,86;1,74;1,86;1,56;1,5;1,44;1,5;1,5;1,38;1,32;1,38;1,2;1,2;1,2;6,6;;;;
15/04/2024;1,62;1,5;1,38;1,38;1,56;1,38;1,5;1,44;1,56;1,38;1,32;1,38;1,32;1,32;1,2;1,26;1,32;1,26;1,26;1,2;1,32;1,2;1,32;1,44;1,8;1,5;1,56;1,74;2,1;2,58;2,76;2,82;2,94;2,64;2,58;2,82;3,0;2,58;2,88;2,88;2,52;2,94;2,46;2,4;2,34;2,88;2,94;3,0;3,48;2,76;3,12;3,24;3,24;3,18;3,0;3,06;2,88;2,64;2,64;2,52;2,34;2,34;2,34;2,34;2,28;2,28;2,16;2,16;2,28;2,52;2,4;2,58;2,4;2,28;2,34;2,34;2,58;2,16;2,16;2,28;2,22;2,16;1,74;1,92;1,8;1,44;1,44;1,44;1,44;1,44;1,26;1,38;1,2;1,2;1,2;6,6;;;;
16/04/2024;1,32;1,32;1,38;1,44;1,44;1,38;1,38;1,38;1,44;1,32;1,38;1,5;1,38;1,32;1,26;1,38;1,2;1,26;1,14;1,32;1,2;1,2;1,2;1,38;1,56;1,44;1,68;1,74;1,92;2,28;2,88;3,24;3,12;2,58;2,64;2,76;3,12;2,7;2,94;3,0;3,18;2,64;2,46;2,52;2,88;2,88;2,7;2,7;3,0;3,06;3,12;3,06;3,24;3,24;3,0;2,76;2,64;2,82;2,46;2,16;2,22;2,22;2,28;2,16;2,22;2,28;2,22;2,16;2,22;2,58;2,52;2,52;2,58;2,22;2,22;2,34;2,28;2,28;2,28;2,34;2,22;2,04;1,68;1,92;1,56;1,62;1,44;1,44;1,44;1,5;1,26;1,26;1,26;1,26;1,2;6,3;;;;
17/04/2024;1,38;1,44;1,38;1,38;1,32;1,44;1,44;1,32;1,44;1,38;1,38;1,32;1,38;1,32;1,26;1,2;1,38;1,26;1,14;1,2;1,26;1,14;1,32;1,26;1,5;1,56;1,56;1,62;2,04;2,46;2,82;3,24;3,12;2,94;2,76;2,76;3,06;2,64;2,64;2,76;2,88;2,58;2,28;2,4;2,64;2,94;2,64;3,0;2,52;2,7;2,4;2,34;2,64;2,82;2,52;3,12;2,88;2,4;2,28;2,16;1,98;1,92;1,86;1,98;1,98;1,98;1,86;2,28;1,86;1,92;2,16;2,4;2,22;2,16;2,22;2,46;2,16;2,1;2,04;2,28;2,22;1,86;1,8;1,92;1,56;1,5;1,44;1,5;1,44;1,44;1,32;1,44;1,26;1,26;1,2;6,6;;;;
18/04/2024;1,32;1,32;1,32;1,32;1,38;1,32;1,26;1,44;1,32;1,32;1,32;1,32;1,32;1,26;1,26;1,32;1,2;1,14;1,26;1,14;1,14;1,14;1,32;1,26;1,44;1,5;1,68;1,74;2,1;2,58;2,64;2,88;3,24;3,0;2,7;2,7;2,64;2,52;2,58;2,7;2,52;2,46;3,12;2,34;2,22;2,22;2,94;3,06;2,58;2,46;2,58;2,52;2,76;3,18;3,3;3,3;2,88;2,94;2,88;2,58;2,52;2,22;2,16;2,16;2,16;2,22;2,22;2,1;2,22;2,46;2,34;2,7;2,4;2,16;2,52;2,4;2,34;2,34;2,34;2,16;2,16;1,98;1,68;1,68;1,5;1,5;1,44;1,38;1,26;1,44;1,2;1,26;1,14;1,14;1,08;5,7;;;;
19/04/2024;1,26;1,26;1,32;1,26;1,32;1,26;1,26;1,26;1,32;1,26;1,26;1,26;1,26;1,2;1,2;1,26;1,14;1,14;1,08;1,26;1,08;1,2;1,32;1,32;1,38;1,5;1,62;1,8;1,92;2,76;2,82;3,24;3,18;3,0;2,88;2,82;2,64;2,64;2,46;2,4;2,64;2,76;2,34;2,52;2,88;2,82;2,94;2,28;2,7;2,76;3,24;3,0;2,94;3,12;2,34;2,28;2,1;2,46;2,16;2,58;2,64;2,64;2,28;2,04;2,22;2,28;2,1;2,4;2,28;2,4;2,28;2,64;2,16;2,28;2,1;2,34;2,28;2,22;2,16;2,16;2,1;1,92;1,8;1,8;1,62;1,5;1,5;1,44;1,38;1,32;1,38;1,26;1,2;1,2;1,26;6,0;;;;
20/04/2024;1,38;1,44;1,38;1,32;1,38;1,38;1,38;1,32;1,44;1,44;1,38;1,38;1,5;1,38;1,2;1,26;1,38;1,2;1,2;1,2;1,26;1,26;1,2;1,26;1,44;1,5;1,44;1,68;1,92;2,4;2,52;2,94;2,88;2,94;2,82;2,76;2,76;2,34;2,34;2,64;2,94;2,58;2,22;2,22;2,7;2,88;2,88;2,64;2,76;2,94;3,0;2,88;3,3;3,24;2,94;3,06;2,94;2,82;2,28;2,16;2,4;2,22;2,22;2,34;2,34;2,1;2,1;2,22;1,98;2,04;2,28;2,52;2,64;2,46;2,28;2,4;2,46;2,58;2,1;1,98;2,04;1,92;1,74;1,62;1,62;1,38;1,38;1,5;1,38;1,44;1,26;1,26;1,26;1,2;1,2;6,0;;;;
21/04/2024;1,44;1,26;1,32;1,32;1,38;1,32;1,38;1,32;1,44;1,38;1,32;1,38;1,32;1,26;1,2;1,26;1,2;1,14;1,14;1,2;1,14;1,14;1,2;1,38;1,5;1,5;1,56;1,62;1,62;2,64;2,76;3,18;3,12;2,94;3,3;2,58;2,52;2,7;3,0;2,58;2,64;2,64;2,4;2,88;2,76;2,76;3,0;3,06;2,7;3,24;2,94;2,76;2,64;3,12;2,82;2,7;2,7;2,7;2,4;2,28;2,28;2,16;2,04;2,28;2,28;2,16;2,16;1,98;2,34;2,1;2,22;2,58;2,4;2,16;2,34;2,46;2,22;2,22;2,34;2,1;2,1;2,28;2,04;1,8;1,56;1,44;1,62;1,44;1,32;1,38;1,32;1,26;1,2;1,2;1,14;6,0;;;;
22/04/2024;1,32;1,32;1,38;1,32;1,32;1,38;1,32;1,32;1,38;1,44;1,38;1,32;1,26;1,38;1,14;1,2;1,32;1,14;1,2;1,14;1,26;1,2;1,26;1,38;1,68;1,56;1,56;1,68;2,04;2,82;2,76;2,88;2,7;2,58;2,58;2,58;2,82;2,82;2,7;2,52;2,76;2,28;2,64;2,4;2,94;2,58;2,88;2,76;2,94;3,06;2,88;3,18;3,18;3,24;3,0;3,06;3,18;2,76;2,58;2,64;2,7;2,4;2,16;2,22;2,04;2,04;2,04;2,16;1,98;1,92;2,16;2,52;2,34;2,1;2,16;2,28;2,28;2,28;2,1;2,22;2,16;1,92;1,56;1,68;1,56;1,38;1,38;1,44;1,44;1,44;1,5;1,44;1,2;1,2;1,14;6,6;;;;
23/04/2024;1,32;1,32;1,38;1,26;1,32;1,2;1,38;1,26;1,26;1,38;1,26;1,32;1,2;1,38;1,14;1,2;1,26;1,2;1,08;1,2;1,2;1,2;1,08;1,2;1,56;1,56;1,68;1,8;1,86;2,64;2,7;2,88;3,0;3,12;3,24;2,64;2,7;2,52;2,46;2,76;3,12;2,64;2,16;2,1;2,64;3,0;2,7;2,46;2,58;2,88;2,64;3,06;3,18;3,24;3,0;2,82;2,7;2,28;2,28;2,4;2,16;2,1;2,22;2,28;2,04;2,28;2,04;2,1;1,98;2,16;1,98;2,34;2,28;2,34;2,1;2,28;2,28;2,04;2,16;2,16;2,1;2,22;2,16;1,68;1,62;1,56;1,56;1,5;1,38;1,5;1,32;1,32;1,2;1,32;1,26;6,3;;;;
24/04/2024;1,5;1,38;1,38;1,44;1,5;1,44;1,44;1,44;1,44;1,44;1,38;1,5;1,32;1,38;1,32;1,32;1,32;1,26;1,38;1,26;1,26;1,44;1,26;1,32;1,62;1,86;1,98;2,04;2,1;2,28;2,46;2,7;2,52;2,52;2,76;2,82;2,94;2,64;2,52;3,06;2,94;2,4;2,28;2,58;2,7;2,64;2,7;2,52;2,64;3,0;2,1;2,64;3,0;3,18;2,94;2,76;2,46;2,7;2,16;1,86;1,74;1,8;1,92;1,8;1,92;1,86;1,74;1,8;1,8;2,16;1,98;2,4;2,34;1,92;2,16;2,04;2,04;2,16;2,16;2,28;2,28;1,74;1,86;1,56;1,5;1,5;1,38;1,32;1,26;1,32;1,32;1,14;1,14;1,14;1,14;5,4;;;;
25/04/2024;1,38;1,26;1,32;1,26;1,38;1,32;1,26;1,38;1,32;1,26;1,32;1,38;1,2;1,32;1,2;1,14;1,14;1,14;1,08;1,14;1,08;1,32;1,14;1,2;1,44;1,5;1,56;1,68;2,1;2,88;2,76;3,06;3,0;3,0;2,88;2,76;2,46;2,64;2,7;2,4;2,46;2,34;2,22;2,16;2,58;2,76;2,4;2,28;2,76;2,76;2,16;2,64;2,46;2,58;2,7;2,22;2,4;2,16;2,34;2,22;2,28;2,28;1,86;1,92;2,04;1,92;1,92;1,86;1,92;2,04;2,16;2,28;2,4;1,92;2,34;2,28;2,28;2,16;2,1;2,34;2,04;1,74;1,8;1,68;1,44;1,44;1,5;1,5;1,44;1,44;1,32;1,26;1,26;1,2;1,2;6,3;;;;
26/04/2024;1,38;1,32;1,38;1,38;1,32;1,32;1,38;1,32;1,32;1,26;1,44;1,32;1,26;1,44;1,2;1,26;1,2;1,32;1,14;1,14;1,26;1,14;1,2;1,26;1,62;1,38;1,5;1,68;2,1;2,58;2,64;3,24;3,0;3,12;2,88;2,52;2,58;2,7;2,58;2,76;2,82;2,7;2,4;2,7;2,94;2,7;2,4;3,06;2,7;2,94;2,58;2,52;3,24;3,42;2,46;2,7;2,82;2,52;2,22;2,22;2,22;2,34;2,28;2,28;2,28;2,28;2,16;1,98;2,22;2,46;2,22;2,52;2,7;2,22;2,34;2,46;2,4;2,28;2,16;2,28;2,16;2,1;1,74;1,68;1,56;1,44;1,5;1,56;1,38;1,44;1,38;1,44;1,2;1,26;1,2;6,6;;;;
27/04/2024;1,5;1,38;1,5;1,38;1,38;1,38;1,5;1,38;1,44;1,32;1,5;1,38;1,32;1,44;1,26;1,32;1,32;1,32;1,26;1,2;1,32;1,26;1,26;1,26;1,62;1,5;1,56;1,8;1,8;2,7;3,06;3,3;3,24;2,94;2,76;2,88;2,94;2,64;2,28;2,64;2,64;2,76;2,28;2,4;3,06;3,06;2,76;3,06;2,7;3,0;3,0;3,0;3,0;3,12;2,88;2,52;2,22;2,1;2,4;2,52;2,1;2,1;2,04;2,22;2,04;2,16;2,16;2,1;2,22;2,22;2,16;2,4;2,22;2,28;2,22;2,28;2,16;2,16;2,04;1,98;2,22;1,86;1,68;1,86;1,5;1,44;1,38;1,44;1,32;1,32;1,26;1,26;1,2;1,14;1,08;6,0;;;;
28/04/2024;1,26;1,26;1,26;1,32;1,2;1,26;1,32;1,26;1,26;1,26;1,44;1,26;1,26;1,38;1,2;1,14;1,2;1,2;1,08;1,14;1,2;1,08;1,08;1,2;1,44;1,38;1,5;1,74;2,04;2,22;2,94;3,36;3,12;2,64;2,58;2,82;2,28;2,4;2,52;2,64;3,18;2,28;2,46;2,28;2,76;2,82;2,7;2,52;2,76;2,94;2,94;2,64;2,94;3,42;2,94;2,34;2,76;2,64;2,34;1,98;2,04;1,98;1,98;2,1;2,16;1,98;1,92;2,16;2,22;2,52;2,34;2,82;2,64;2,16;2,16;2,58;2,4;2,22;2,4;2,28;2,34;2,04;1,92;1,68;1,68;1,38;1,5;1,32;1,38;1,38;1,26;1,26;1,2;1,26;1,14;6,0;;;;
29/04/2024;1,38;1,32;1,38;1,32;1,38;1,32;1,26;1,32;1,44;1,32;1,26;1,38;1,32;1,2;1,2;1,32;1,2;1,2;1,2;1,2;1,2;1,2;1,26;1,2;1,5;1,56;1,56;1,5;1,86;3,0;2,76;3,3;3,06;2,64;2,76;2,88;2,88;2,88;2,52;2,88;2,58;2,52;2,7;2,58;3,3;2,88;2,76;2,64;3,12;3,0;2,88;3,12;3,18;2,94;3,3;2,82;3,3;2,58;2,34;2,34;2,22;2,34;2,34;2,58;2,52;2,64;2,52;2,34;2,64;2,64;2,4;2,58;2,58;2,28;2,64;2,58;2,52;2,4;2,28;2,34;2,16;2,34;1,74;1,8;1,74;1,56;1,62;1,5;1,56;1,44;1,38;1,32;1,38;1,26;1,26;6,3;;;;
30/04/2024;1,5;1,38;1,38;1,38;1,5;1,38;1,44;1,5;1,44;1,44;1,38;1,56;1,38;1,32;1,32;1,38;1,26;1,32;1,26;1,32;1,26;1,38;1,32;1,32;1,5;1,44;1,68;1,68;1,86;2,34;2,76;3,0;3,0;3,06;2,7;2,76;2,88;2,7;2,64;2,94;2,76;2,76;2,4;2,52;2,52;3,12;3,48;2,76;3,24;3,12;2,58;2,64;3,18;3,24;2,88;2,7;2,82;2,28;2,58;2,22;2,7;2,34;2,28;2,16;2,4;2,4;2,22;2,46;2,28;2,46;2,34;2,22;2,34;2,28;2,34;2,28;2,16;2,1;1,98;1,98;1,98;2,22;1,98;1,74;1,68;1,5;1,5;1,56;1,5;1,38;1,5;1,38;1,26;1,2;1,32;6,0;;;;
01/05/2024;1,38;1,38;1,32;1,32;1,38;1,32;1,32;1,26;1,38;1,32;1,32;1,44;1,32;1,26;1,26;1,26;1,26;1,2;1,2;1,2;1,14;1,26;1,38;1,5;1,44;1,74;1,74;1,92;2,34;3,36;3,06;3,12;2,64;2,4;2,28;2,46;2,88;2,46;2,52;2,22;2,4;2,76;2,16;2,4;2,22;2,82;2,7;2,64;2,22;2,52;2,64;2,46;2,64;2,7;3,06;2,88;2,88;2,76;2,28;1,98;2,04;1,98;2,1;2,1;2,16;2,22;1,98;2,16;2,4;2,4;2,22;2,22;2,28;2,16;2,46;2,28;2,34;2,16;2,16;2,22;2,04;1,98;1,74;1,62;1,5;1,44;1,5;1,44;1,38;1,38;1,44;1,38;1,26;1,38;1,26;6,3;;;;
02/05/2024;1,38;1,56;1,44;1,32;1,44;1,38;1,44;1,38;1,44;1,44;1,44;1,5;1,5;1,38;1,38;1,44;1,32;1,32;1,32;1,44;1,26;1,32;1,26;1,44;1,56;1,56;1,86;2,28;2,46;2,58;2,64;2,7;2,58;2,46;2,64;2,7;2,52;2,7;2,76;2,4;2,4;2,94;2,58;2,64;2,4;2,52;2,88;2,7;2,7;2,52;2,34;2,88;3,24;2,94;2,64;2,76;2,88;2,52;2,64;1,86;1,86;1,98;2,16;1,98;2,1;2,16;1,86;1,92;1,98;1,98;2,04;2,28;2,52;2,46;2,1;2,46;2,46;2,16;2,22;2,22;2,16;2,22;1,86;1,56;1,44;1,38;1,5;1,32;1,38;1,38;1,32;1,26;1,14;1,32;1,14;5,7;;;;
03/05/2024;1,38;1,38;1,32;1,32;1,32;1,38;1,32;1,26;1,32;1,38;1,38;1,32;1,26;1,38;1,2;1,2;1,2;1,32;1,14;1,2;1,38;1,14;1,26;1,2;1,44;1,5;1,62;1,68;2,04;2,88;3,24;3,18;3,0;2,82;2,64;2,58;2,94;2,52;2,76;3,0;2,64;2,64;2,46;2,88;2,88;2,94;2,52;2,88;2,88;2,64;2,52;2,4;3,12;3,54;3,12;2,1;2,34;2,94;2,64;2,28;2,22;2,22;2,04;2,16;2,1;2,22;2,28;2,04;2,16;2,22;2,28;2,52;2,64;2,1;2,34;2,28;2,28;2,22;2,1;2,1;2,46;2,1;1,98;1,8;1,56;1,5;1,38;1,5;1,38;1,32;1,32;1,26;1,2;1,2;1,26;6,0;;;;
04/05/2024;1,32;1,38;1,44;1,26;1,38;1,38;1,56;2,04;1,8;2,1;1,8;2,04;1,8;2,04;1,68;1,92;1,86;1,92;1,8;1,74;1,86;1,74;1,86;1,68;2,34;1,92;2,22;2,16;2,46;2,7;3,66;3,12;3,6;3,24;3,12;3,3;3,24;3,24;3,78;3,24;3,42;2,88;3,0;3,3;3,72;3,36;3,42;3,18;3,36;3,36;3,66;3,18;3,78;3,6;3,54;3,24;3,06;3,18;3,24;3,42;2,82;2,7;2,64;2,64;2,82;3,0;2,76;2,82;2,82;3,06;2,82;3,3;3,12;2,88;2,88;2,94;2,76;2,88;2,88;2,82;2,58;2,94;2,22;2,52;2,16;2,22;1,98;2,28;1,92;2,22;1,92;1,98;1,8;1,92;1,74;9,6;;;;
05/05/2024;1,86;2,1;1,86;1,98;1,8;2,1;1,8;2,04;1,86;2,1;1,86;2,04;1,92;2,04;1,74;1,92;1,92;1,92;1,68;1,98;1,8;1,86;1,68;2,04;2,1;2,22;2,04;2,4;2,4;3,42;3,18;3,42;3,06;3,6;3,66;3,66;3,48;3,6;3,12;3,12;3,36;3,54;3,12;3,18;3,24;3,6;3,3;3,24;3,54;3,66;3,18;3,24;3,72;3,96;2,94;3,42;3,42;3,54;2,76;3,18;2,82;3,0;2,76;3,0;2,58;2,94;2,88;2,94;2,7;3,12;2,7;3,06;2,64;2,82;2,58;3,0;2,7;2,7;2,76;2,82;2,58;2,88;2,4;2,28;1,98;2,22;1,98;2,22;1,98;2,16;1,92;1,98;1,8;1,98;1,74;9,6;;;;
06/05/2024;1,98;1,98;1,92;2,04;2,04;2,04;1,92;2,04;1,98;2,04;1,86;2,1;1,98;2,04;1,74;1,98;1,92;1,92;1,8;1,98;1,86;2,04;1,8;2,1;2,16;2,28;2,1;2,34;2,34;3,18;3,3;3,9;3,48;3,54;3,3;3,54;3,24;3,06;2,94;3,72;3,3;3,06;2,64;3,48;3,18;3,12;3,12;3,48;3,36;3,06;3,12;3,24;3,72;4,02;3,72;3,54;3,18;3,3;3,18;2,94;2,76;3,0;2,76;2,88;2,82;3,06;2,82;2,82;2,76;3,3;2,88;3,18;3,36;3,12;2,76;3,18;3,0;2,94;2,94;2,82;2,88;2,64;2,64;2,4;2,22;2,04;2,1;1,98;1,98;1,92;1,98;1,86;1,8;1,8;1,92;8,4;;;;
07/05/2024;1,98;1,92;1,98;1,86;1,98;1,98;1,92;1,86;2,04;1,8;1,92;1,8;1,98;1,86;1,8;1,8;1,8;1,86;1,74;1,86;1,8;1,92;1,8;2,22;1,98;2,04;2,1;2,34;2,28;3,36;3,6;3,84;3,42;3,12;3,06;3,24;3,42;3,12;2,94;2,82;2,88;3,18;2,82;3,0;2,76;3,3;3,3;3,36;3,54;3,18;3,72;3,66;3,48;3,42;3,72;3,36;2,76;2,7;2,94;2,82;2,94;2,64;2,82;2,7;3,0;2,94;2,82;2,76;2,88;3,0;2,88;2,94;3,12;2,94;2,76;3,0;2,82;3,0;2,76;2,88;2,82;2,76;2,52;2,7;2,34;2,16;1,98;2,16;1,98;2,04;1,92;1,98;1,68;1,86;1,74;9,0;;;;
08/05/2024;1,8;1,92;1,98;1,92;1,8;2,04;1,86;1,92;1,8;1,98;1,86;1,86;1,98;1,92;1,86;1,8;1,92;1,74;1,8;1,74;1,92;1,8;1,86;1,98;2,22;1,98;2,22;2,7;3,0;3,0;3,36;3,48;3,36;3,6;3,48;3,48;2,94;3,54;3,24;3,18;2,82;3,36;3,24;3,0;2,58;3,0;3,36;3,72;3,06;3,48;3,06;3,18;3,66;3,78;3,78;3,42;3,6;3,06;2,7;2,88;2,76;2,64;2,52;2,76;2,7;2,58;2,82;2,7;2,76;2,76;2,76;2,76;2,76;2,64;2,94;2,7;2,76;2,64;2,94;3,0;2,7;2,46;2,46;2,46;2,28;2,16;2,22;1,98;2,04;2,1;1,98;2,04;1,86;1,98;1,8;9,9;;;;
09/05/2024;2,04;2,04;1,92;2,16;1,92;2,04;1,98;2,16;1,98;2,04;2,04;2,1;1,98;2,1;1,92;1,98;1,86;1,98;1,92;1,8;1,92;1,86;2,1;1,92;2,22;1,98;2,16;2,22;2,4;3,18;3,06;3,3;3,24;3,36;3,66;3,78;3,36;2,94;3,3;3,24;3,24;3,06;2,88;2,46;3,06;3,84;3,0;2,76;2,82;3,36;3,0;3,18;3,72;3,72;3,3;3,72;3,72;3,42;2,88;2,7;2,46;2,7;2,4;2,88;2,64;2,7;2,52;2,76;2,46;2,52;2,64;2,94;2,64;2,7;3,06;2,58;2,76;2,52;2,52;2,64;2,64;2,52;2,64;2,34;2,28;1,98;2,16;1,98;2,1;1,98;1,98;1,86;1,98;1,86;1,86;9,6;;;;
10/05/2024;1,92;2,04;2,04;2,04;1,86;2,1;1,92;1,98;1,98;2,04;1,86;1,98;1,98;1,98;1,8;1,98;1,74;1,92;1,74;1,92;1,8;1,86;1,92;1,86;2,04;1,92;2,22;2,1;2,22;3,18;3,3;3,84;3,9;3,72;3,78;3,36;3,48;3,54;3,42;3,3;3,78;3,12;3,24;3,0;3,24;3,6;3,72;3,66;2,76;3,36;3,06;3,18;3,96;4,08;3,24;3,48;3,3;3,48;2,76;2,82;2,64;2,82;3,0;3,18;2,94;3,18;2,82;2,7;2,7;3,06;2,76;3,18;3,3;2,7;2,82;3,24;2,94;2,94;2,88;2,94;2,88;2,28;2,52;2,22;2,34;2,04;2,16;1,98;2,1;1,98;1,92;1,86;1,86;1,86;1,74;9,3;;;;
11/05/2024;1,92;1,98;1,86;2,1;1,86;1,98;1,86;2,04;1,92;1,98;1,98;1,98;1,86;2,04;1,86;1,92;1,74;1,98;1,74;1,8;1,8;1,8;1,86;1,86;2,22;2,1;2,22;2,22;2,28;3,24;3,36;3,72;3,96;3,78;3,3;3,54;3,54;3,36;3,54;3,78;3,72;3,3;3,24;3,18;3,48;3,78;3,48;3,6;3,0;3,9;3,66;3,54;3,36;3,66;4,14;3,48;3,54;3,6;3,54;3,48;2,88;3,18;3,0;3,0;3,06;3,12;3,0;2,94;3,12;3,12;3,0;3,06;3,24;2,7;2,94;3,0;3,18;2,88;2,94;2,94;2,64;2,46;2,52;2,28;2,28;2,04;2,22;1,98;2,04;2,04;1,92;1,92;1,74;1,92;1,8;9,3;;;;
12/05/2024;2,04;1,98;1,86;2,04;1,98;1,98;1,92;2,04;1,86;2,04;1,92;2,1;1,92;1,98;1,92;1,92;1,86;1,8;1,92;1,74;1,86;1,8;1,92;1,86;2,16;1,86;2,22;2,1;2,28;3,06;3,3;3,6;3,84;3,78;3,3;3,18;3,54;3,48;3,12;3,36;3,24;3,24;3,18;2,82;3,3;3,6;3,48;3,24;3,3;3,24;3,48;3,48;3,18;3,54;3,6;3,84;3,36;3,36;3,12;2,76;2,76;2,7;2,76;2,7;2,76;2,64;2,94;2,64;2,7;2,64;2,82;3,06;2,82;2,46;2,76;2,7;3,0;2,7;2,64;2,52;2,88;2,46;2,34;2,4;2,1;2,1;1,98;2,22;1,98;2,04;1,92;1,98;1,74;1,86;1,8;9,6;;;;
13/05/2024;1,92;2,04;1,92;2,04;1,92;2,1;1,8;1,98;1,92;1,92;1,98;1,86;2,04;1,86;1,92;1,8;1,98;1,74;1,86;1,8;2,04;1,8;1,86;1,98;2,1;1,98;2,22;2,22;2,28;2,88;3,6;3,72;3,54;3,24;3,18;3,24;3,48;3,18;2,88;3,3;2,76;3,36;2,94;3,42;3,18;3,72;3,3;3,42;3,3;3,72;3,42;3,3;3,42;3,42;3,48;3,3;3,18;2,7;3,06;3,0;2,82;2,76;2,7;2,52;2,64;2,64;2,94;2,7;2,76;3,0;3,0;3,06;2,82;2,7;2,88;2,94;2,52;2,76;2,76;2,88;2,52;2,4;2,22;2,4;2,22;2,22;2,04;2,16;2,04;2,22;1,98;2,1;1,98;2,04;1,98;10,2;;;;
14/05/2024;2,04;2,04;1,98;1,98;2,16;1,92;2,04;1,98;2,04;1,98;2,04;1,98;2,04;1,92;2,22;1,98;2,04;1,98;2,16;1,98;2,1;2,04;2,04;2,04;2,16;2,34;2,1;2,52;2,28;3,0;3,6;4,02;3,9;3,48;3,24;3,36;3,48;3,3;3,06;3,42;3,18;3,06;3,0;3,18;3,36;3,6;3,3;2,82;3,12;3,54;3,72;4,02;4,02;3,9;3,6;3,6;3,3;3,06;2,82;2,94;2,94;2,88;2,82;2,7;2,82;2,88;2,82;2,88;2,7;3,24;2,88;3,48;3,3;2,94;2,82;3,3;3,06;3,12;2,88;3,0;2,76;2,34;2,28;2,4;2,16;2,1;1,98;2,04;2,04;1,92;1,98;1,98;1,98;1,92;1,98;9,9;;;;
15/05/2024;2,04;1,92;2,04;2,04;2,04;1,86;2,1;1,92;1,98;1,92;2,04;1,92;1,92;2,04;2,04;2,1;1,98;2,1;2,1;2,1;1,98;2,16;2,04;2,22;2,1;2,22;2,1;2,46;2,58;3,36;3,24;3,18;3,36;3,24;3,42;3,12;3,12;3,12;3,0;3,48;2,94;2,88;3,18;3,48;3,66;3,54;2,88;3,06;3,36;3,48;3,0;2,46;3,36;3,36;2,88;3,48;3,66;3,3;2,52;2,64;2,46;2,52;2,46;2,76;2,64;2,82;2,7;3,0;2,76;2,94;2,7;3,24;2,64;2,76;3,0;3,06;3,06;2,76;3,06;2,88;2,7;2,28;2,46;2,22;2,16;2,04;2,16;1,92;2,1;1,98;2,04;1,92;2,04;2,04;2,04;10,2;;;;
16/05/2024;1,98;2,16;1,92;2,1;2,04;2,1;1,92;2,04;2,04;2,04;1,92;2,04;1,98;2,04;1,92;2,16;1,92;2,04;1,92;2,1;2,04;1,92;2,1;2,04;2,04;1,98;2,52;2,58;2,64;3,18;3,66;3,42;3,6;3,42;3,06;2,88;3,06;3,24;3,24;2,64;3,18;3,3;2,82;2,88;3,42;3,84;3,12;3,06;3,0;3,48;3,18;3,12;3,6;3,72;3,78;3,78;3,42;2,94;2,64;2,7;2,46;2,58;2,64;2,76;2,76;2,64;2,88;2,82;3,24;2,88;2,88;2,88;2,88;3,0;3,0;3,06;3,18;2,88;2,88;2,76;2,88;2,58;2,22;2,16;2,28;2,28;1,98;2,22;1,92;2,04;1,98;2,16;1,86;2,04;1,92;10,2;;;;
17/05/2024;1,86;1,98;1,98;1,98;1,92;2,04;1,92;1,92;2,04;2,04;1,98;1,86;2,04;1,98;2,04;1,86;2,04;1,86;1,98;1,86;2,04;1,92;1,98;1,86;2,22;2,04;2,1;2,34;2,28;3,18;2,94;3,36;3,12;3,36;3,48;3,24;3,12;3,06;3,3;3,06;3,24;3,06;3,06;3,12;3,48;3,9;3,48;3,06;3,66;3,54;3,84;3,66;3,72;3,72;3,42;3,6;3,48;3,18;3,36;2,88;2,88;2,82;2,7;2,76;2,76;2,76;2,94;2,76;2,94;3,12;2,82;3,12;2,82;2,82;2,82;2,82;2,52;2,58;2,64;2,76;2,34;2,46;2,28;2,46;2,22;2,28;2,16;2,16;2,04;2,1;2,16;1,92;2,22;1,92;2,1;9,6;;;;
18/05/2024;2,1;1,92;2,04;2,04;2,16;1,92;2,04;1,98;2,1;1,92;2,04;2,04;2,04;1,98;1,98;2,1;1,92;2,04;1,92;2,1;1,92;2,04;2,16;2,04;2,1;2,1;2,16;2,16;2,16;3,24;3,24;3,42;3,18;3,18;3,54;2,94;3,36;3,18;3,3;3,18;3,72;2,88;3,12;2,76;3,48;3,9;3,36;3,36;3,3;3,36;3,54;3,6;3,6;3,96;3,9;3,48;3,24;3,36;3,12;3,12;2,82;2,82;2,64;2,94;2,52;2,64;2,58;2,64;2,7;2,76;2,76;3,24;2,94;2,7;2,7;2,76;2,76;2,64;2,52;2,46;2,7;2,52;2,16;2,1;1,98;1,86;1,86;1,74;1,8;1,62;1,68;1,62;1,74;1,56;1,56;8,4;;;;
19/05/2024;1,56;1,68;1,56;1,68;1,62;1,68;1,56;1,74;1,56;1,74;1,56;1,74;1,5;1,68;1,56;1,8;1,56;1,62;1,68;1,56;1,68;1,62;1,86;1,74;1,8;1,86;2,04;2,1;2,16;3,12;3,42;3,72;3,54;3,3;3,06;2,82;3,06;2,88;3,06;3,54;2,7;3,18;3,06;3,24;3,12;3,36;3,06;2,94;3,18;3,54;3,18;3,66;3,36;3,96;3,54;2,76;2,82;2,7;2,64;3,06;2,7;2,4;2,7;2,64;2,64;2,64;2,82;2,52;3,12;2,88;2,82;2,94;3,12;2,7;2,76;2,7;2,58;2,52;2,52;2,58;2,22;2,52;1,98;2,1;2,16;1,92;1,8;1,98;1,74;1,8;1,68;1,92;1,74;1,86;1,68;9,6;;;;
20/05/2024;1,68;1,68;1,8;1,74;1,74;1,62;1,8;1,68;1,74;1,68;1,86;1,62;1,8;1,62;1,86;1,68;1,74;1,62;1,92;1,62;1,74;1,74;1,74;1,74;1,62;1,8;1,86;1,98;1,92;3,06;3,18;3,6;3,48;3,12;2,82;3,0;3,0;3,18;3,18;2,82;2,76;2,88;3,18;3,36;3,36;3,3;3,0;3,48;3,6;3,12;3,0;2,76;3,66;3,78;3,36;3,0;3,24;2,76;2,58;2,94;2,82;2,46;2,46;2,64;2,46;2,52;2,64;2,88;2,4;2,76;2,7;3,06;3,12;2,88;2,46;2,82;2,58;2,64;2,64;2,7;2,64;2,4;2,16;2,16;2,04;1,74;1,98;1,8;1,8;1,74;1,92;1,68;1,8;1,68;1,8;8,7;;;;
21/05/2024;1,74;1,8;1,74;1,74;1,68;1,92;1,62;1,8;1,68;1,92;1,74;1,74;1,68;1,92;1,68;1,8;1,74;1,8;1,62;1,8;1,8;1,74;1,8;1,68;1,92;1,62;1,92;1,98;2,52;2,94;3,06;3,0;3,24;3,06;3,0;2,88;3,3;2,76;3,18;3,24;3,18;2,94;2,7;3,42;3,6;3,3;2,94;3,6;3,36;3,48;3,24;3,3;3,0;3,42;2,88;2,82;2,4;2,58;2,4;2,82;2,82;2,76;2,76;2,94;2,7;2,64;2,52;2,58;2,88;2,82;2,7;2,7;2,76;2,4;2,64;2,58;2,46;2,4;2,46;2,58;2,34;2,1;1,92;2,1;1,92;1,86;1,8;1,86;1,8;1,8;1,62;1,8;1,74;1,8;1,68;9,0;;;;
22/05/2024;1,74;1,74;1,68;1,74;1,86;1,68;1,8;1,68;1,86;1,68;1,86;1,68;1,86;1,68;1,8;1,68;1,92;1,62;1,8;1,62;1,86;1,68;1,8;1,74;1,8;1,86;1,86;2,04;2,16;3,0;3,0;3,18;2,88;2,94;3,0;2,76;3,24;3,24;3,36;3,42;3,3;2,94;2,7;2,94;3,54;3,3;3,24;3,3;3,0;2,7;2,52;2,28;2,64;2,82;3,0;3,0;3,42;3,0;3,06;2,94;2,7;2,1;2,22;2,34;2,28;2,28;2,28;2,4;2,34;2,28;2,58;2,82;2,64;2,52;2,64;2,52;2,34;2,52;2,4;2,58;2,58;2,1;2,04;1,92;1,98;1,86;1,92;1,86;1,86;1,92;1,92;1,74;1,86;1,86;1,86;9,0;;;;
23/05/2024;1,86;1,74;1,8;1,74;1,86;1,68;1,8;1,74;1,8;1,8;1,74;1,8;1,8;1,8;1,68;1,8;1,8;1,86;1,62;1,86;1,74;1,86;1,74;1,8;1,8;1,74;1,8;1,92;2,16;2,46;3,18;3,0;3,18;2,82;3,06;2,88;3,48;3,48;3,18;2,82;3,18;2,88;2,94;2,76;3,36;3,24;2,76;3,24;2,7;2,58;2,82;3,36;2,7;2,88;3,36;3,24;3,24;3,12;2,64;2,64;2,4;2,52;2,4;2,4;2,28;2,64;2,34;2,34;2,52;2,58;2,4;2,52;2,52;2,28;2,88;2,58;2,46;2,22;2,64;2,52;2,04;1,92;2,22;1,98;1,86;1,8;1,74;1,8;1,68;1,86;1,62;1,74;1,62;1,8;1,68;8,4;;;;
24/05/2024;1,74;1,74;1,68;1,68;1,74;1,8;1,62;1,8;1,62;1,68;1,68;1,74;1,74;1,62;1,74;1,74;1,74;1,56;1,74;1,68;1,68;1,68;1,8;1,68;1,8;1,62;1,86;2,04;2,16;3,24;3,0;3,36;3,24;3,06;3,3;3,72;3,48;3,12;3,54;3,18;3,24;3,3;2,94;3,36;3,24;3,72;3,84;3,78;3,72;3,3;3,6;3,66;3,54;3,72;3,96;3,24;3,3;2,7;2,64;2,7;2,76;2,82;2,76;2,88;2,82;2,7;3,0;2,76;2,94;2,88;3,0;3,18;3,0;3,18;2,76;2,88;2,46;2,7;2,58;2,64;2,7;2,34;2,4;2,16;1,92;1,98;1,86;1,86;1,68;1,74;1,8;1,62;1,74;1,62;1,8;7,8;;;;
25/05/2024;1,74;1,56;1,74;1,62;1,68;1,56;1,8;1,68;1,68;1,68;1,8;1,62;1,74;1,68;1,8;1,62;1,62;1,68;1,68;1,74;1,62;1,8;1,74;1,98;1,68;1,74;1,74;2,04;2,16;2,88;2,94;3,24;2,88;3,42;3,24;3,24;2,34;2,52;2,1;2,16;2,52;2,64;2,22;2,22;2,52;2,82;2,4;2,52;2,7;2,76;2,64;2,88;2,88;3,12;2,82;2,7;2,64;2,46;2,22;2,28;2,58;2,58;2,4;2,1;2,1;1,92;1,98;2,1;2,04;2,22;2,22;2,28;2,16;1,92;1,68;2,1;1,98;1,92;1,8;1,68;1,92;1,74;1,5;1,44;1,44;1,2;1,26;1,26;1,26;1,14;1,2;1,14;1,26;1,14;1,14;5,4;;;;
26/05/2024;1,2;1,14;1,08;1,14;1,14;1,14;1,08;1,14;1,2;1,14;1,08;1,2;1,2;1,2;1,14;1,14;1,26;1,2;1,14;1,08;1,14;1,2;1,14;1,2;1,08;1,2;1,14;1,38;1,68;2,28;2,34;2,4;2,46;2,16;2,16;2,34;2,94;2,64;2,58;2,34;2,88;2,52;2,1;2,4;2,64;3,24;2,46;2,7;2,76;2,64;2,34;2,22;2,52;2,94;2,76;2,64;2,58;2,16;2,4;2,34;1,92;1,8;1,8;1,86;1,86;1,92;2,04;2,04;2,16;2,28;2,16;2,34;2,16;1,92;2,04;2,04;1,86;1,98;1,74;1,74;1,8;1,62;1,62;1,32;1,2;1,26;1,08;1,02;1,14;1,08;1,08;1,02;1,08;1,02;1,08;5,1;;;;
27/05/2024;1,14;0,96;1,08;1,02;1,02;1,02;1,02;1,08;1,02;1,02;1,02;1,14;1,02;1,02;0,96;1,14;1,02;1,08;0,96;1,14;1,08;1,02;1,02;1,08;1,02;1,14;1,14;1,26;1,5;2,34;2,22;2,34;2,16;1,98;1,98;2,16;2,46;2,76;2,7;2,28;2,64;2,16;2,22;2,22;2,7;2,88;2,46;2,52;2,82;2,7;2,4;2,22;2,34;2,64;2,82;2,46;1,98;2,04;2,4;2,22;2,1;1,98;1,98;1,92;2,04;1,98;1,98;1,86;1,98;2,1;1,98;2,16;2,22;1,98;2,1;2,04;1,98;2,04;2,1;1,92;2,1;1,92;1,8;1,56;1,26;1,32;1,14;1,2;1,26;1,14;1,08;1,08;1,14;1,08;1,02;5,7;;;;
28/05/2024;1,08;1,08;1,08;1,14;1,02;1,02;1,14;1,08;1,08;1,02;1,14;1,14;1,08;1,08;1,14;1,14;1,08;1,02;1,02;1,2;1,14;1,2;1,32;1,14;1,2;1,26;1,38;1,32;1,56;2,04;2,64;2,82;2,82;2,7;2,46;2,22;2,34;2,64;1,98;1,98;2,46;2,16;2,52;2,58;2,88;2,4;2,4;2,28;2,94;2,58;2,34;2,22;2,7;2,46;2,7;2,52;1,74;1,74;1,8;1,74;2,22;2,04;1,92;1,8;1,98;1,98;1,92;1,98;2,1;2,28;2,1;2,34;2,22;1,8;1,86;2,28;2,1;1,92;2,1;1,86;1,92;1,86;1,56;1,38;1,26;1,26;1,14;1,14;1,14;1,08;0,96;1,08;1,14;1,02;1,02;5,399;;;;
29/05/2024;1,08;0,96;1,08;1,08;1,08;1,02;1,14;1,08;1,02;1,08;1,08;1,08;1,02;1,14;1,02;0,96;1,08;1,08;1,02;1,02;1,02;1,08;1,2;1,02;1,08;1,08;1,14;1,26;1,8;1,8;2,46;2,28;2,22;2,1;2,1;2,4;2,82;2,76;2,52;2,4;1,98;1,98;2,4;2,58;2,76;2,46;2,16;2,46;2,64;2,52;2,04;1,8;1,74;2,28;2,4;2,4;2,46;2,16;1,98;2,1;1,92;1,74;1,8;1,68;1,62;1,8;1,68;1,74;1,92;2,04;1,86;2,1;2,04;1,74;1,98;2,1;1,92;1,86;1,98;1,8;1,74;1,74;1,32;1,44;1,2;1,32;1,14;1,14;1,2;1,08;1,08;1,08;1,2;1,08;1,08;6,0;;;;
30/05/2024;1,08;1,08;1,2;1,14;1,08;1,14;1,2;1,08;1,14;1,08;1,14;1,08;1,02;1,14;1,08;1,08;1,08;1,14;1,02;1,08;1,02;1,2;1,14;1,02;1,08;1,14;1,08;1,32;1,56;2,16;2,46;2,34;2,16;2,58;2,64;2,7;2,28;1,86;1,8;2,22;2,1;2,46;2,22;2,1;2,34;2,94;2,46;2,16;2,1;2,34;2,88;2,1;2,04;2,4;2,7;2,88;2,46;2,22;2,1;1,74;1,62;1,62;1,62;1,74;1,74;1,62;1,92;1,74;1,86;2,22;1,92;2,28;1,98;1,8;2,1;2,04;2,16;1,98;1,86;1,74;1,86;1,68;1,32;1,5;1,32;1,08;1,08;1,2;1,02;1,02;1,02;1,08;0,96;1,02;1,08;5,1;;;;
31/05/2024;0,96;1,08;1,02;1,02;0,96;1,08;1,02;1,02;1,08;0,96;1,02;0,96;1,08;0,96;0,96;1,02;1,02;1,02;0,96;1,08;0,96;1,08;1,2;1,08;1,14;1,14;1,2;1,32;1,26;2,46;2,34;2,82;2,7;2,7;2,64;2,34;2,4;2,7;2,64;2,16;2,52;2,28;2,28;2,28;2,88;3,18;2,64;2,58;2,82;2,82;2,82;2,34;2,88;3,0;2,82;2,46;2,4;1,98;1,86;2,04;1,92;1,98;1,92;1,8;1,86;1,92;2,04;1,86;2,1;1,98;2,1;2,16;2,16;1,98;1,92;1,98;1,86;2,1;1,92;1,86;1,8;1,68;1,62;1,2;1,26;1,26;1,14;1,14;1,2;1,08;1,14;1,08;1,14;1,02;1,02;5,7;;;;
01/06/2024;7,4;7,4;7,7;7,4;7,4;7,7;7,7;7,4;7,1;7,7;7,4;7,4;7,1;7,7;7,1;7,1;7,4;7,7;7,1;7,4;7,7;7,4;8,0;8,0;8,6;7,7;8,3;9,2;9,2;13,7;14,3;15,2;13,7;14,3;14,0;14,9;13,4;14,3;14,6;14,3;15,5;13,4;12,2;12,2;12,8;17,0;12,8;11,9;16,4;16,1;14,9;13,7;15,8;15,8;17,3;17,6;14,6;15,2;13,4;11,9;11,0;11,0;11,6;12,2;12,2;11,3;11,9;12,2;11,3;12,8;12,8;14,0;13,4;12,2;11,3;12,5;12,5;11,9;10,4;11,9;11,9;9,5;8,3;8,6;8,0;7,4;7,7;8,0;7,4;7,1;7,7;7,1;7,1;7,1;7,7;5,101;;;;
02/06/2024;7,1;7,7;7,4;7,1;7,1;7,7;7,1;7,4;7,4;6,8;7,1;7,1;7,4;7,1;7,1;7,4;6,8;7,4;7,1;7,4;7,1;7,4;8,0;7,4;7,4;7,7;8,0;8,3;9,2;11,6;12,5;13,1;13,7;12,8;15,5;16,1;15,8;15,8;14,0;11,6;14,0;13,4;12,2;11,9;14,3;16,1;15,8;11,9;11,9;13,4;15,5;13,7;12,8;14,9;16,7;15,2;15,2;12,5;11,9;11,6;11,0;12,5;13,1;12,8;11,9;11,3;11,9;11,6;11,9;13,7;11,9;13,4;11,6;10,7;11,9;11,3;11,9;11,0;11,0;11,3;10,1;8,9;8,6;8,9;8,6;8,6;8,6;8,0;7,7;8,3;7,7;7,1;7,7;7,7;7,4;5,4;;;;
03/06/2024;7,7;7,4;7,4;7,4;7,7;7,1;7,4;7,7;7,4;7,1;8,0;7,1;7,7;7,1;8,0;7,4;7,1;8,0;7,1;7,4;7,4;7,7;7,7;7,4;8,0;8,0;10,4;9,8;9,8;12,8;13,1;15,8;15,2;15,5;14,0;12,8;14,0;15,2;13,7;15,8;12,5;12,8;14,9;15,8;15,5;14,6;12,8;12,8;12,8;15,8;15,2;15,5;17,0;15,5;15,8;12,5;12,5;13,7;11,0;11,3;13,1;12,2;11,3;11,6;11,6;11,0;11,6;11,6;11,6;12,2;12,2;13,7;14,0;11,6;11,3;13,1;11,3;11,0;12,2;11,3;11,0;11,6;8,6;10,1;9,2;7,7;7,7;8,0;7,4;7,4;7,4;7,4;7,1;7,1;7,4;5,1;;;;
04/06/2024;7,1;7,4;7,4;7,1;7,7;6,8;7,4;7,1;7,4;7,1;6,8;7,4;7,1;7,1;7,1;7,1;6,8;7,4;7,1;7,1;6,8;7,4;7,1;7,1;8,0;7,4;8,0;8,6;8,0;12,8;14,6;15,8;14,6;13,7;13,7;12,2;12,2;15,2;11,6;14,9;12,5;11,6;12,5;15,5;14,6;15,8;12,5;15,8;14,9;14,0;13,4;14,0;14,6;17,6;15,8;14,6;13,7;11,9;14,0;12,5;11,3;11,9;11,0;11,3;11,6;11,9;11,3;13,1;12,5;13,1;13,1;14,0;13,7;11,9;12,2;12,5;12,2;11,3;11,6;10,7;10,7;11,3;10,1;8,6;8,9;8,3;7,7;8,0;7,7;7,1;7,4;7,7;7,4;7,1;7,7;5,1;;;;
05/06/2024;6,8;7,4;6,8;6,8;7,1;7,1;7,1;7,4;6,8;6,8;7,4;7,1;7,1;7,1;7,1;7,4;7,1;7,4;7,1;7,7;7,7;7,4;6,8;7,4;7,4;7,4;8,0;8,3;8,9;13,7;13,1;15,5;14,6;14,6;12,8;12,8;13,1;14,0;13,4;13,7;11,9;15,8;14,0;12,8;12,2;14,9;15,2;14,3;13,7;11,9;11,0;14,9;16,7;14,9;18,5;17,3;15,5;16,4;13,4;11,6;12,5;11,3;10,4;11,0;9,8;10,1;10,7;12,2;11,0;12,8;11,9;13,1;12,2;11,9;12,5;12,8;12,8;11,3;11,9;11,3;11,0;8,9;8,3;7,7;9,2;7,7;7,7;8,0;7,7;7,4;8,0;7,7;7,4;8,0;7,7;5,7;;;;
06/06/2024;7,7;7,7;7,4;7,7;7,4;7,7;7,4;7,4;7,4;7,4;7,4;7,4;7,1;7,7;7,4;7,4;7,4;7,7;7,4;7,7;7,4;7,7;7,7;7,7;7,7;9,5;10,1;11,0;9,2;14,0;12,8;13,7;13,7;14,9;14,0;13,4;15,2;13,4;12,5;12,2;11,6;15,2;12,5;11,9;14,0;15,8;14,0;13,1;12,5;13,7;13,7;12,8;14,9;13,7;15,8;12,8;13,4;11,9;11,6;11,3;10,4;10,7;11,3;10,4;11,0;10,7;11,9;11,0;11,3;12,8;12,5;12,2;12,5;10,7;12,2;11,9;11,3;11,3;11,3;11,6;9,8;9,5;8,9;8,6;8,6;8,6;8,6;8,0;8,6;8,0;8,0;8,6;8,0;8,0;8,3;5,7;;;;
07/06/2024;8,0;8,3;7,7;7,7;8,3;7,7;7,7;8,0;7,7;7,7;8,3;7,7;8,0;8,0;8,0;7,7;8,3;7,7;8,0;8,3;7,7;7,7;8,6;8,0;7,7;8,0;9,5;11,0;11,0;11,6;15,8;16,4;15,2;15,2;15,2;14,3;14,3;15,8;13,7;15,5;14,6;14,9;14,6;16,7;15,8;15,2;17,6;15,8;15,8;16,4;12,8;14,9;16,4;17,3;17,6;15,8;15,5;14,0;12,8;13,7;12,2;12,5;11,6;11,9;12,2;11,6;12,2;12,8;11,9;14,6;13,7;14,6;13,1;12,8;11,6;12,5;12,5;11,9;11,9;11,3;11,0;9,8;8,6;9,5;8,9;8,3;7,7;7,7;8,0;7,4;7,1;8,0;7,4;7,7;7,7;5,1;;;;
08/06/2024;7,4;7,7;7,4;6,8;8,0;7,4;7,4;7,7;7,4;7,4;8,0;7,4;7,7;8,0;7,7;7,7;7,7;7,4;7,7;7,7;7,7;7,4;8,0;7,4;7,4;8,0;8,0;8,6;9,2;13,4;14,3;16,1;16,1;15,2;13,1;13,7;17,6;15,5;12,2;16,4;17,0;15,2;14,6;14,6;14,3;17,6;16,1;14,6;17,3;16,4;17,0;15,5;17,0;16,4;16,4;15,2;15,2;12,5;14,9;15,2;16,1;16,7;14,0;13,7;13,1;12,8;14,3;12,8;12,8;13,4;12,8;14,0;13,7;12,2;12,8;12,5;11,6;12,5;11,9;11,3;11,6;10,4;10,1;9,2;8,3;8,0;8,0;8,3;7,7;7,4;8,0;7,7;7,4;8,0;7,4;5,4;;;;
09/06/2024;7,7;7,4;7,1;7,7;7,1;7,1;7,4;7,4;6,8;7,4;7,4;7,1;7,1;7,4;7,1;7,1;7,4;6,8;7,1;7,1;7,4;6,8;7,1;7,4;7,1;7,1;7,7;8,6;9,5;13,4;13,7;14,6;14,9;16,1;15,5;13,4;12,8;15,8;15,8;15,5;13,1;14,9;15,2;14,9;16,4;16,1;15,5;15,2;16,7;13,7;14,9;15,8;17,6;17,0;18,2;17,9;14,3;15,8;14,6;14,6;13,4;12,2;12,2;12,2;12,8;12,8;12,8;13,1;13,1;12,2;12,8;15,8;14,6;13,4;13,7;13,4;12,8;12,5;12,5;12,2;12,2;11,0;9,8;10,4;9,2;8,6;8,3;8,3;8,0;8,3;8,0;7,7;8,3;7,7;7,7;6,3;;;;
10/06/2024;7,7;7,4;8,0;7,4;7,4;8,0;7,4;7,4;7,7;8,0;7,4;7,4;8,0;7,1;7,4;8,0;7,7;7,4;7,4;7,7;7,7;7,1;7,7;6,8;7,1;7,4;7,7;8,3;8,6;9,5;15,2;15,5;16,1;15,5;12,8;13,1;13,7;14,0;12,5;12,8;12,2;15,2;14,3;12,5;13,4;14,9;16,4;17,6;14,3;14,6;16,4;16,1;17,3;17,3;14,0;15,8;14,6;15,2;16,1;15,5;14,6;14,9;12,5;12,8;13,1;13,1;13,4;14,0;14,6;15,2;13,4;15,2;14,3;12,8;14,9;13,4;14,0;13,4;13,1;12,8;13,4;11,3;11,6;10,4;9,5;8,9;8,9;8,6;8,3;9,2;8,3;8,3;8,3;8,0;8,0;6,3;;;;
11/06/2024;8,0;8,0;8,6;7,7;7,7;8,3;7,7;8,0;8,0;7,7;8,0;8,3;7,4;8,0;8,3;8,0;7,7;8,0;8,6;7,4;7,7;8,3;7,4;7,4;7,4;7,4;8,0;8,6;8,3;11,3;14,0;17,0;15,8;15,2;14,0;14,0;14,9;12,8;13,7;13,7;13,7;13,4;12,2;14,6;14,9;17,0;16,1;15,8;16,4;16,4;16,1;17,0;17,6;16,1;12,8;11,6;12,2;12,5;11,3;12,2;11,6;11,0;13,7;14,9;14,3;14,0;16,1;16,4;15,8;15,5;15,8;17,9;18,2;15,8;15,2;15,2;14,9;14,0;13,4;12,2;11,6;11,3;11,0;9,2;9,2;8,3;8,3;8,3;7,7;8,0;8,0;7,7;7,7;8,0;7,4;5,4;;;;
12/06/2024;7,7;7,4;7,4;8,0;7,1;7,4;8,0;7,4;7,4;7,7;7,1;7,4;7,4;7,4;7,4;7,7;7,1;7,7;7,7;7,7;7,7;7,7;7,7;8,0;7,7;7,1;8,0;9,2;10,4;13,7;14,9;13,1;12,5;13,7;12,8;13,4;14,0;13,7;12,8;16,1;15,5;16,4;15,2;14,3;14,3;15,8;17,3;16,7;13,7;14,6;13,1;12,2;12,8;14,0;17,3;17,3;17,0;15,8;16,1;13,4;13,4;13,1;12,8;13,4;14,9;14,3;15,2;14,6;14,9;17,6;14,9;16,1;14,9;14,6;16,1;14,9;14,0;14,9;13,1;12,2;11,9;11,9;10,1;10,7;9,5;9,5;9,5;9,2;9,5;8,6;8,9;9,5;8,3;8,3;8,6;6,301;;;;
13/06/2024;8,3;8,6;8,0;8,0;8,3;8,0;8,3;8,0;7,7;8,0;8,0;7,7;8,0;8,3;7,7;8,0;8,0;7,4;8,0;8,0;7,7;8,6;8,9;7,7;8,0;8,3;8,6;8,0;9,2;12,5;14,0;14,3;13,4;12,5;14,3;14,0;13,7;14,6;14,3;12,8;12,8;14,6;17,3;16,7;13,7;15,5;15,2;19,1;20,0;15,5;15,8;18,2;18,8;18,2;18,8;18,8;20,0;17,3;16,1;15,5;14,3;14,3;14,3;14,0;14,6;13,4;15,5;16,1;16,4;17,3;16,7;16,7;17,9;16,1;16,4;16,1;15,8;15,8;14,9;15,8;15,2;14,6;13,1;12,2;12,2;12,8;13,4;15,2;14,3;14,9;14,9;14,3;14,9;14,3;14,0;12,6;;;;
14/06/2024;12,5;11,6;12,5;11,6;11,6;11,3;11,6;12,2;11,9;11,6;12,2;11,6;11,6;12,2;11,3;11,3;11,9;11,3;11,6;11,6;11,0;11,6;11,9;10,1;11,6;12,2;11,3;12,2;11,9;13,1;16,1;18,2;17,3;16,7;15,2;15,5;17,3;15,8;16,1;14,9;15,8;16,4;16,4;17,3;20,3;23,3;21,8;20,6;22,1;21,5;20,0;20,3;21,2;20,0;20,9;18,2;18,5;18,2;16,4;17,9;17,9;17,3;17,9;21,2;19,1;18,8;20,3;21,8;22,4;22,4;21,2;23,0;22,1;20,6;20,9;21,5;20,6;19,4;17,6;16,7;18,2;17,3;16,4;14,6;16,1;14,0;14,6;14,0;13,4;14,0;13,1;13,7;11,0;11,6;11,0;9,6;;;;
15/06/2024;11,3;11,3;11,6;11,3;11,9;11,0;11,3;11,3;11,3;11,3;11,0;11,0;11,3;10,7;11,0;10,4;10,7;11,0;10,4;10,7;10,7;10,1;11,0;10,4;9,8;10,4;10,7;10,7;11,3;15,5;15,2;18,8;18,2;18,5;17,0;17,9;17,0;15,5;16,1;19,4;15,2;15,8;18,8;20,6;20,0;20,3;18,2;18,5;20,6;20,6;20,6;21,5;19,4;20,3;19,1;19,7;20,6;16,1;15,8;16,4;17,0;18,2;19,1;18,8;18,8;18,5;19,7;18,8;19,1;20,9;18,8;20,6;18,5;17,9;18,2;19,4;19,4;18,2;15,2;15,8;14,6;13,4;12,2;12,5;12,2;13,4;12,2;12,5;12,5;12,2;12,5;11,9;11,9;10,7;11,3;8,7;;;;
16/06/2024;10,7;10,4;10,1;10,7;9,5;10,4;9,8;10,1;10,1;9,8;11,3;10,7;11,6;10,7;11,6;11,0;11,0;11,6;10,7;11,3;10,7;11,0;9,8;9,8;10,4;10,4;11,0;11,3;12,5;16,4;15,8;17,9;17,3;17,0;15,5;15,5;16,4;15,2;16,4;17,9;17,3;17,3;17,6;17,9;19,1;19,4;20,0;19,7;20,0;20,9;19,7;20,9;19,1;18,8;20,3;19,1;17,9;15,5;15,8;17,0;17,6;16,7;17,9;19,7;19,4;17,9;19,1;21,2;19,4;18,8;19,4;20,6;19,4;18,2;18,2;18,2;17,6;16,1;15,5;15,2;15,2;14,0;14,6;14,0;12,2;12,5;11,9;12,2;11,9;11,6;11,6;11,9;11,0;11,6;11,0;9,6;;;;
17/06/2024;10,4;11,6;11,0;11,0;11,3;10,7;11,3;10,4;11,0;10,7;10,7;9,8;10,1;8,9;9,2;8,9;8,9;9,8;12,5;11,9;12,2;11,9;11,9;11,9;10,4;10,1;8,6;9,8;9,8;10,7;14,3;17,6;17,0;17,3;16,7;17,6;17,6;14,3;14,3;14,0;14,9;20,9;21,2;21,5;18,8;18,2;19,4;19,4;23,0;18,5;17,3;18,2;18,5;21,5;21,8;18,2;18,5;20,6;21,2;18,8;20,0;20,3;20,3;20,3;20,3;19,7;20,0;21,2;19,7;19,7;20,6;21,5;21,2;20,0;20,9;21,5;19,4;17,9;17,6;17,3;17,3;15,8;16,4;13,4;14,0;11,9;11,3;11,0;10,1;10,4;10,1;10,4;10,4;9,8;10,4;7,5;;;;
18/06/2024;10,1;9,8;9,8;9,8;9,5;9,8;9,5;9,8;9,5;9,5;9,5;9,8;9,2;9,8;9,2;9,5;9,5;9,5;9,2;9,8;9,2;9,8;9,5;9,5;9,2;8,6;9,5;9,8;10,7;11,6;16,7;19,1;18,8;16,4;17,0;15,8;17,6;16,7;17,6;18,8;17,3;18,8;18,8;20,6;20,6;21,2;23,0;21,2;23,3;22,7;20,3;22,1;21,2;20,0;19,1;19,1;17,3;16,1;17,6;19,4;17,6;17,9;17,9;21,5;21,5;20,3;20,3;20,0;20,6;22,7;19,4;21,2;22,1;18,2;18,2;17,9;19,1;17,0;17,3;16,1;16,1;14,9;15,2;13,1;11,9;12,2;11,6;11,9;11,0;11,3;10,7;10,7;11,0;10,4;10,4;8,4;;;;
19/06/2024;10,7;10,1;11,0;10,4;10,4;10,1;10,1;10,4;10,1;10,4;10,1;10,1;10,4;10,1;10,1;10,1;10,4;10,1;9,5;10,4;9,8;10,1;10,7;9,5;9,5;8,6;9,8;12,5;13,1;15,2;13,4;15,5;14,9;15,5;16,7;15,8;17,3;15,5;16,4;17,3;16,1;15,2;18,8;20,9;19,4;19,7;20,9;21,5;19,1;17,0;17,3;19,7;21,8;21,2;20,9;19,4;17,9;17,3;17,3;17,9;16,4;16,4;17,0;18,2;18,2;20,0;17,6;18,5;18,2;19,1;19,1;21,5;19,7;17,6;17,6;19,7;18,2;16,7;15,2;14,6;15,2;14,0;11,9;12,2;11,6;11,0;11,0;10,7;10,4;10,1;10,4;10,4;9,8;10,4;10,1;8,1;;;;
20/06/2024;9,8;10,4;9,8;9,8;10,4;9,8;9,8;9,8;9,8;9,8;9,8;9,8;10,4;9,8;10,1;9,8;10,1;9,8;9,5;10,1;9,5;9,8;9,2;8,6;8,3;8,0;9,5;9,5;11,9;15,5;14,6;17,3;15,5;16,4;14,3;13,4;14,6;13,4;13,4;15,2;16,1;14,6;14,3;14,9;18,8;18,8;16,4;17,0;17,3;17,6;15,5;17,0;20,0;17,6;19,7;20,3;18,5;17,0;16,7;17,9;16,7;16,1;16,7;18,5;17,9;18,8;18,8;19,4;17,6;18,8;17,6;18,5;17,9;17,0;17,3;17,6;16,7;15,8;16,7;14,9;13,7;12,8;11,6;10,7;10,7;10,7;10,1;10,7;9,8;10,1;9,8;9,5;9,8;9,8;9,8;7,2;;;;
21/06/2024;9,2;9,8;9,5;10,1;9,2;9,5;9,5;9,5;9,8;9,2;9,2;9,5;9,2;9,8;9,2;9,2;9,5;9,2;8,9;9,8;9,2;9,2;9,2;8,9;8,9;8,9;8,6;9,8;10,1;14,0;15,2;15,2;17,3;17,3;15,8;16,1;16,1;17,0;16,4;14,6;13,4;16,4;18,2;18,2;19,1;18,2;19,1;20,0;22,7;23,0;22,1;20,6;20,6;20,6;20,6;20,0;19,7;17,3;17,6;19,4;19,1;20,0;21,5;21,8;22,1;22,4;21,2;22,4;21,5;22,7;21,5;22,7;21,8;19,7;20,0;20,3;19,4;19,7;18,8;17,6;17,3;16,1;15,8;15,8;15,2;13,4;11,6;11,6;11,9;10,7;11,6;11,0;11,0;11,0;10,4;9,3;;;;
22/06/2024;10,7;10,4;11,0;10,4;10,7;10,4;10,7;10,4;10,4;10,4;10,1;10,4;10,1;10,4;10,4;10,1;10,4;10,1;10,4;9,5;9,2;8,6;8,3;8,0;8,3;7,4;8,3;8,6;9,2;10,1;13,1;16,1;16,4;16,7;14,9;13,7;16,4;15,2;14,9;16,7;15,2;16,7;18,8;18,2;20,9;16,7;15,5;17,6;16,4;15,2;17,0;21,2;19,7;21,5;22,4;21,5;19,7;17,6;19,4;19,7;17,9;17,6;18,2;20,0;20,9;19,7;19,1;19,7;21,2;21,2;20,6;20,6;20,6;18,8;19,4;19,4;18,2;17,0;17,6;17,6;15,8;15,2;14,6;14,6;14,0;13,1;12,5;12,5;11,9;11,6;12,2;11,3;11,6;11,6;11,3;9,6;;;;
23/06/2024;11,0;10,4;10,4;9,5;9,8;10,1;9,8;9,8;9,8;9,8;9,5;8,9;9,2;9,8;8,6;9,2;9,2;8,9;9,2;9,5;8,9;8,9;9,2;8,9;8,6;8,9;8,3;9,2;10,1;14,3;15,5;16,7;15,8;15,8;14,6;14,6;16,1;14,6;17,3;15,5;17,0;16,1;16,1;18,8;18,5;22,1;18,2;21,5;24,5;21,2;19,1;18,5;19,7;19,4;22,1;22,4;20,6;19,1;19,1;17,9;16,7;17,3;18,5;20,3;20,9;19,7;19,7;21,2;20,9;21,5;20,9;21,2;19,1;17,9;18,5;17,6;17,9;17,3;16,7;16,7;16,4;14,0;13,7;14,9;13,4;11,9;12,5;12,5;11,9;11,9;12,2;11,6;11,0;9,5;9,2;7,8;;;;
24/06/2024;9,2;9,2;9,8;8,6;9,2;9,2;8,9;8,9;9,2;8,9;8,9;8,9;8,6;8,6;8,9;8,6;8,9;8,6;8,6;8,9;8,3;8,0;8,9;8,6;8,0;8,3;8,6;8,9;9,5;13,7;16,4;17,3;16,4;15,8;13,4;13,1;14,0;13,7;13,4;14,3;15,8;15,8;14,3;16,7;20,9;20,9;20,6;18,5;18,8;18,2;18,5;20,3;17,6;16,1;18,2;17,9;17,6;19,1;20,6;17,0;17,0;16,4;15,5;16,4;16,4;15,8;18,5;17,6;17,3;17,6;17,3;19,1;19,1;17,9;17,0;17,3;15,8;16,1;15,5;15,2;14,0;14,0;14,0;12,5;11,9;11,0;10,7;11,0;11,0;10,4;11,0;10,4;10,1;11,0;10,4;7,8;;;;
25/06/2024;9,8;9,2;9,5;9,5;9,2;9,2;9,8;9,2;9,2;9,5;8,9;9,2;9,2;9,2;8,9;9,5;8,9;8,9;9,5;8,9;8,9;8,6;8,0;7,4;7,7;7,7;8,0;8,3;9,5;13,4;16,4;15,5;15,2;13,1;12,5;12,2;13,4;13,4;12,8;13,4;11,6;13,4;14,0;13,1;15,5;17,0;15,5;17,9;20,0;17,6;17,9;17,3;17,6;17,3;16,7;14,3;13,7;15,2;15,8;16,4;13,7;14,3;14,0;14,9;15,5;15,8;15,2;16,4;18,5;16,4;16,1;17,3;16,4;15,8;16,7;17,9;16,7;15,8;15,2;14,0;15,2;13,4;14,0;11,3;10,1;9,2;9,2;10,4;9,8;9,8;10,4;10,1;10,4;9,8;9,5;8,4;;;;
26/06/2024;9,8;9,8;10,1;8,9;9,5;8,9;8,9;9,2;8,6;9,2;8,9;8,9;9,2;8,6;8,9;8,9;8,6;9,2;8,6;8,6;8,9;8,3;8,6;8,6;8,9;8,9;8,6;9,5;12,2;13,4;14,6;17,6;16,4;16,4;15,2;14,0;14,0;15,2;13,4;15,2;15,2;14,6;14,9;15,5;17,3;20,0;20,3;20,9;19,4;18,5;16,7;18,5;21,2;20,0;23,0;22,4;21,5;20,0;19,1;19,7;18,8;20,3;17,9;17,9;17,6;18,2;18,2;18,2;18,2;19,7;19,4;19,1;19,4;18,8;18,8;19,1;18,5;17,3;17,9;17,6;16,7;16,4;14,9;15,5;14,3;11,9;11,9;11,9;11,6;10,7;9,8;9,2;10,1;9,5;9,2;7,8;;;;
27/06/2024;9,2;9,2;8,9;7,7;8,3;7,7;8,0;8,0;7,4;8,0;8,0;8,0;7,7;8,3;7,7;7,7;8,0;7,4;7,4;7,7;7,4;7,4;7,4;7,7;7,1;8,0;7,7;8,0;10,1;13,7;13,1;13,1;13,4;12,8;15,8;15,2;15,8;16,4;18,2;16,1;16,4;16,7;20,6;18,5;19,4;20,6;22,1;22,7;19,7;19,1;19,1;21,8;20,3;20,0;20,9;25,1;21,8;20,6;20,6;22,1;22,4;18,5;20,9;18,8;19,1;19,4;19,1;18,8;19,1;20,9;20,3;21,5;22,1;20,0;19,7;21,2;20,6;20,0;18,5;18,2;17,3;17,0;15,5;14,6;14,3;13,4;13,1;13,7;13,1;13,7;13,4;13,7;13,1;12,5;11,6;9,3;;;;
28/06/2024;11,9;9,8;10,1;9,8;9,8;10,4;9,8;9,5;10,4;9,5;9,8;9,5;9,5;10,1;9,5;9,2;10,1;9,5;9,2;9,8;9,5;9,5;9,8;9,2;10,1;9,8;9,5;11,0;12,2;14,3;16,1;17,3;19,1;19,7;17,9;17,6;19,4;16,1;17,0;18,2;20,3;18,8;19,4;18,5;21,8;23,3;22,4;23,0;23,6;22,7;23,9;22,4;20,0;21,8;20,6;18,5;20,0;22,1;20,6;20,0;20,6;21,2;20,3;22,1;22,7;21,8;21,2;20,3;21,8;21,8;21,8;24,8;21,8;21,2;21,2;21,8;21,5;20,0;18,8;19,1;18,5;18,5;17,0;16,1;15,5;14,0;14,6;14,3;14,6;14,3;14,0;14,3;14,0;14,3;12,8;11,7;;;;
29/06/2024;13,4;12,5;12,2;11,9;12,5;12,2;12,2;12,2;12,2;12,2;12,2;11,9;12,5;12,2;11,9;12,2;11,6;12,2;11,3;12,5;12,2;12,2;12,2;12,2;12,8;11,6;12,8;12,8;14,0;15,2;16,7;18,8;17,9;16,4;15,2;17,3;15,8;16,4;14,9;17,3;16,7;19,4;19,7;20,6;19,1;20,3;23,6;21,5;20,3;20,9;21,2;20,9;18,8;23,9;23,6;19,7;22,4;20,6;19,4;19,7;19,4;18,8;19,4;20,6;22,1;20,0;21,8;22,1;21,8;22,7;23,3;23,9;21,2;20,9;20,9;20,9;20,3;18,2;18,2;18,2;17,6;16,1;14,6;14,6;13,7;13,4;12,8;12,5;12,5;12,2;12,2;11,6;12,2;12,2;11,6;9,9;;;;
30/06/2024;11,6;11,9;11,6;12,2;11,9;11,9;11,9;11,6;11,9;11,3;11,9;11,6;11,6;11,3;11,6;11,0;11,6;11,6;11,3;11,9;11,6;12,2;11,6;11,6;9,5;9,2;8,6;10,4;11,3;14,6;15,2;17,9;17,0;20,6;17,3;18,8;19,1;15,5;16,7;17,0;15,8;17,9;18,8;18,5;17,0;17,3;18,5;20,9;20,0;18,5;20,3;19,1;17,0;19,4;19,1;20,9;18,8;18,2;17,6;16,4;17,3;16,7;16,7;17,9;17,6;17,6;17,6;18,2;17,9;19,1;18,5;18,8;17,3;17,0;17,3;19,1;18,5;17,9;16,4;17,3;16,7;16,1;15,8;15,8;13,4;11,6;12,5;11,3;11,3;11,0;11,6;9,8;8,9;8,9;8,9;6,9;;;;
01/07/2024;8,9;8,9;9,2;8,6;9,2;8,6;9,2;8,6;8,6;8,6;9,2;8,6;9,2;8,9;8,9;8,6;8,9;8,9;8,6;8,9;8,9;8,9;8,3;8,9;8,3;9,2;8,9;9,5;9,8;14,6;14,0;17,3;16,1;15,2;13,4;14,0;12,5;14,9;13,1;15,5;14,0;15,8;17,0;20,0;20,9;18,5;21,5;21,5;22,4;22,4;21,8;18,2;20,6;22,7;22,1;20,6;21,2;20,6;21,2;20,9;19,1;20,9;21,5;21,5;21,8;22,1;21,5;21,5;21,5;22,1;23,0;23,6;20,3;20,3;21,5;21,2;22,7;19,7;19,7;17,3;17,9;17,3;15,5;15,8;14,0;13,1;13,7;13,1;13,4;12,8;13,1;13,1;12,8;12,8;12,5;11,1;;;;
02/07/2024;12,5;13,1;12,5;12,2;12,2;12,2;12,2;11,6;12,2;11,6;11,9;11,6;11,9;11,6;11,6;11,0;11,6;11,0;11,6;11,0;11,6;10,7;10,7;9,2;8,3;8,3;8,6;8,9;9,5;13,4;16,1;16,1;16,4;14,3;13,1;13,4;13,7;13,7;14,3;13,7;15,8;12,8;15,2;16,4;19,4;17,9;17,3;17,3;20,3;18,8;16,7;19,7;21,5;20,9;21,8;20,9;19,4;19,4;18,2;18,2;18,8;18,5;19,1;20,9;21,8;21,2;21,2;21,2;19,4;20,6;19,4;20,6;20,3;19,1;19,7;19,7;19,4;17,6;17,3;17,0;16,1;16,4;15,2;15,2;14,0;13,4;14,0;13,4;13,1;13,1;12,2;12,8;11,0;10,7;10,7;8,4;;;;
03/07/2024;10,4;10,7;10,7;10,1;10,7;10,4;10,7;10,4;10,7;10,1;11,0;10,1;10,7;10,4;11,0;10,1;10,4;10,4;10,4;9,8;10,1;10,1;10,1;8,6;9,2;8,3;9,8;11,6;12,2;14,3;14,6;13,7;14,3;16,7;19,4;18,5;18,5;16,4;17,0;15,8;16,4;17,6;17,9;19,4;18,2;21,5;20,9;19,7;19,4;18,2;19,4;20,6;18,8;20,9;21,2;21,2;20,3;19,7;18,5;18,5;19,1;18,2;20,0;20,3;19,7;19,1;17,9;20,0;19,4;19,4;19,7;19,7;19,4;18,2;20,0;20,0;20,0;19,1;17,6;16,4;17,3;16,4;16,4;13,1;13,7;13,1;13,1;13,4;12,8;13,1;12,2;12,8;11,9;12,8;11,9;10,5;;;;
04/07/2024;11,6;12,2;12,2;11,9;11,9;12,5;11,9;12,2;12,2;11,9;12,2;11,9;11,9;12,2;11,9;11,9;11,9;11,9;11,6;11,9;11,3;12,2;10,4;10,7;9,8;8,6;8,3;8,9;9,5;12,5;13,7;15,2;16,1;16,1;15,5;13,7;14,0;14,6;14,9;16,1;14,6;14,9;14,6;17,0;17,6;17,3;14,3;16,1;13,4;14,3;12,8;15,2;15,2;12,5;16,4;16,1;15,2;14,0;12,8;11,6;13,4;14,6;14,6;14,6;14,3;14,6;14,3;15,2;14,6;16,1;15,2;16,7;14,6;14,3;14,9;15,5;14,6;14,3;14,0;14,6;13,1;13,7;11,6;12,8;11,0;11,6;10,7;11,3;11,0;11,0;10,7;10,4;11,0;10,1;11,0;8,1;;;;
05/07/2024;9,5;9,8;9,2;9,8;9,2;9,8;9,2;9,5;9,5;9,2;9,8;9,2;9,2;8,3;8,3;8,9;8,3;8,6;8,3;8,3;7,7;7,7;7,7;7,4;7,1;8,0;7,7;8,6;10,7;11,6;14,0;15,8;14,6;13,4;13,7;13,1;14,0;13,7;14,6;14,3;14,9;12,5;14,0;14,0;15,8;15,2;14,3;12,8;14,6;14,3;14,6;14,6;14,0;14,9;14,3;12,5;14,0;14,6;13,1;12,8;12,8;13,4;12,8;15,2;16,4;16,4;16,4;16,4;17,9;19,1;17,0;19,4;18,8;17,6;18,2;17,6;17,0;16,4;14,6;15,5;14,6;14,3;13,1;13,1;11,0;11,3;10,4;10,7;10,4;10,1;10,4;10,1;9,8;10,4;9,8;8,1;;;;
06/07/2024;10,1;9,8;10,4;10,1;9,8;10,1;9,8;8,9;9,2;8,9;8,9;9,2;8,9;8,0;7,4;7,4;7,1;7,7;7,1;7,1;7,7;7,4;7,7;7,7;7,4;7,7;8,3;8,9;10,4;11,9;14,3;13,4;13,1;12,2;12,8;13,7;15,8;15,5;15,8;14,0;17,9;15,5;15,8;17,9;17,6;19,4;17,9;16,7;16,4;16,4;17,6;18,5;15,8;18,5;21,2;17,6;18,5;18,8;20,3;20,0;18,8;20,6;20,3;19,7;20,0;20,3;20,9;18,8;19,4;21,2;20,6;21,2;21,2;19,4;20,3;20,6;19,7;18,2;17,9;16,7;16,4;17,0;16,1;15,2;13,4;13,1;12,5;11,6;12,2;11,6;11,9;11,9;11,3;12,2;11,3;9,9;;;;
07/07/2024;11,6;11,0;11,9;11,3;11,6;11,6;11,3;11,3;11,0;11,6;10,7;11,3;9,8;10,1;10,1;9,8;10,1;9,5;10,1;10,1;9,2;8,6;8,6;7,7;7,7;8,6;7,7;9,8;11,9;14,3;14,6;16,7;16,7;16,1;15,2;15,5;14,9;15,2;18,2;18,2;16,4;18,5;18,5;20,0;21,2;19,4;21,2;20,3;19,4;21,2;20,0;17,6;20,6;22,7;22,4;24,2;24,2;21,8;21,8;20,0;20,0;19,4;19,4;20,3;20,3;20,6;19,7;20,0;19,7;20,9;18,8;20,3;20,6;17,3;18,8;17,6;19,1;17,0;17,6;17,3;17,0;15,2;14,9;14,3;13,1;12,2;12,2;11,9;12,2;11,6;11,9;11,6;11,6;11,9;11,6;9,9;;;;
08/07/2024;11,0;11,6;11,3;11,3;11,6;11,3;11,3;11,0;11,0;11,3;9,8;10,4;9,8;10,1;10,1;9,5;10,4;10,1;9,2;9,2;8,9;9,8;8,6;8,3;8,0;7,7;8,6;8,6;8,9;12,5;14,3;17,0;16,1;15,5;13,4;14,3;15,2;15,5;15,2;16,1;14,6;16,1;15,5;17,9;20,3;20,0;17,0;18,8;20,0;20,6;21,2;18,8;21,2;21,2;23,9;24,5;23,0;20,6;23,3;21,2;20,0;20,9;20,9;21,2;20,3;19,7;20,0;19,7;19,4;20,6;20,6;19,4;21,8;18,8;17,3;17,3;17,6;16,1;16,1;16,4;14,9;15,2;12,8;11,6;8,9;9,2;8,3;8,6;8,3;8,6;7,7;8,3;8,0;8,6;8,0;6,3;;;;
09/07/2024;7,7;8,6;8,0;8,0;8,0;8,0;8,3;7,7;8,0;8,0;8,6;7,7;8,3;8,0;8,3;7,7;8,0;8,0;8,0;8,0;8,0;8,3;8,0;8,0;8,0;8,9;8,6;8,9;9,8;13,7;15,5;17,0;14,9;13,4;15,2;14,0;15,8;14,6;14,0;17,6;14,0;12,8;13,4;17,6;18,5;16,4;14,9;15,8;17,3;17,6;18,2;17,3;18,2;18,2;16,1;19,4;17,3;14,6;14,9;15,2;15,8;15,2;14,6;16,4;15,8;16,1;17,0;15,2;17,6;17,9;17,6;19,1;19,4;17,0;16,7;16,1;16,4;15,8;16,1;15,8;15,8;15,5;13,7;12,2;12,5;11,0;11,9;11,0;10,4;10,1;10,4;10,7;10,1;10,1;8,3;6,6;;;;
10/07/2024;8,6;8,6;8,6;8,6;8,6;8,6;8,6;8,0;7,1;7,7;7,1;7,7;6,8;7,4;7,4;7,1;7,7;6,8;7,7;7,1;7,4;7,4;6,8;8,0;7,4;7,7;7,1;9,8;11,9;12,8;12,8;13,1;13,1;12,5;13,4;15,8;13,7;13,1;11,9;12,8;12,5;14,0;13,4;13,4;14,0;16,4;14,9;14,9;14,6;16,4;12,2;12,2;15,2;16,1;20,6;21,5;20,9;18,5;17,0;15,8;15,5;14,9;15,8;14,3;14,9;14,6;15,5;16,7;17,3;17,3;17,6;19,7;19,7;17,0;17,3;16,7;16,1;15,5;15,8;15,5;14,6;14,9;12,5;12,2;11,3;12,2;11,6;11,6;11,6;11,3;11,3;10,4;10,1;10,1;10,1;7,2;;;;
11/07/2024;9,5;9,8;10,1;9,8;10,1;9,8;10,4;9,8;10,1;9,8;9,8;10,1;9,5;10,1;9,8;10,4;9,8;9,8;10,1;9,8;9,5;8,6;9,2;9,2;8,9;9,5;11,0;12,2;13,1;15,2;14,6;15,2;14,0;15,5;16,7;17,3;16,7;16,7;19,1;16,1;17,3;16,7;17,0;20,6;22,4;20,0;18,8;20,3;20,6;17,3;14,9;16,7;20,0;20,3;20,6;23,6;20,0;21,2;19,4;17,9;17,6;17,0;17,6;16,7;17,0;17,0;18,5;17,3;19,1;19,7;19,1;19,1;18,8;17,9;18,5;18,8;18,5;17,9;16,1;16,7;16,1;14,9;12,5;13,4;12,2;12,2;12,2;11,6;11,3;11,6;11,0;11,3;11,3;11,6;11,0;9,3;;;;
12/07/2024;10,7;11,0;10,4;10,7;10,1;10,4;10,4;9,8;10,7;9,8;10,4;9,8;10,4;10,4;9,8;10,1;10,1;10,1;10,4;10,1;10,4;10,7;9,8;8,9;9,8;9,2;9,8;10,1;12,5;13,7;13,7;13,4;15,2;15,8;15,8;14,3;12,8;14,0;15,5;14,9;14,0;13,7;14,6;17,6;17,9;17,3;17,9;20,3;20,9;18,2;16,7;18,5;18,5;22,4;23,9;20,6;23,3;20,6;22,4;20,3;19,7;19,1;18,2;19,1;18,2;18,2;18,2;18,5;19,7;20,6;20,6;21,2;19,4;19,1;19,4;18,8;18,8;17,9;16,4;15,8;15,5;15,5;14,6;14,6;13,7;13,4;13,7;13,4;12,8;13,4;12,5;12,8;12,8;12,5;11,6;9,6;;;;
13/07/2024;12,8;11,6;12,2;11,9;11,9;11,3;11,9;11,6;11,6;11,6;11,6;11,3;11,3;11,9;10,7;11,6;11,3;12,2;11,3;11,6;11,6;11,3;10,1;7,7;7,4;8,0;8,0;9,8;10,7;13,7;13,1;13,7;14,3;16,1;15,5;16,1;14,0;15,5;17,0;18,2;18,5;18,5;18,8;18,5;19,7;20,6;19,1;19,7;20,3;18,8;18,8;19,1;20,0;20,3;18,5;19,7;17,9;19,4;18,2;16,1;16,1;17,3;16,4;17,3;17,0;16,4;16,4;16,4;17,3;17,9;17,3;19,1;18,2;17,0;16,4;17,6;15,5;15,5;14,9;15,5;15,2;14,3;12,2;11,3;11,9;11,0;11,0;10,4;10,7;10,1;8,3;8,9;8,3;8,9;8,3;6,3;;;;
14/07/2024;8,3;8,0;8,0;8,0;8,0;8,0;8,6;7,7;8,3;8,0;7,7;8,3;7,7;8,0;8,3;8,0;8,0;8,3;7,7;8,3;7,7;8,3;8,3;7,4;7,7;8,9;7,7;9,2;11,9;13,4;15,2;17,0;15,8;14,9;12,2;13,4;13,7;14,9;13,1;15,8;15,5;15,2;15,5;14,9;15,8;16,1;13,7;14,0;14,6;12,2;11,9;13,7;17,9;17,9;19,4;17,3;17,6;14,9;15,2;17,3;13,4;14,0;13,7;13,7;14,0;15,2;14,0;13,4;16,1;17,3;15,8;17,3;16,4;15,5;14,6;15,8;14,6;14,9;14,9;13,4;15,2;13,7;13,7;11,9;12,2;11,0;10,7;10,7;10,1;10,1;10,1;10,4;9,8;10,1;10,1;7,8;;;;
15/07/2024;10,1;10,1;10,1;9,8;10,1;10,1;10,1;9,8;9,5;9,5;9,5;9,5;9,2;9,2;9,2;9,5;8,9;9,2;9,5;8,9;9,5;8,9;9,8;9,2;8,9;8,3;8,6;9,8;11,9;14,9;14,3;13,7;13,4;16,7;17,3;13,7;14,9;15,2;13,7;15,5;14,3;15,2;13,1;16,1;15,5;14,3;14,9;17,6;15,2;14,0;11,6;14,0;15,2;17,9;16,4;16,7;16,1;15,5;15,8;14,3;11,3;12,2;11,9;12,2;12,2;11,9;12,2;12,5;14,6;13,4;15,8;14,3;16,4;14,0;14,0;13,4;13,7;12,8;12,5;12,5;12,8;11,6;9,8;10,7;10,1;8,6;8,6;8,9;8,3;8,3;8,3;8,0;8,6;7,7;7,7;6,301;;;;
16/07/2024;7,7;7,7;8,0;8,0;7,7;8,0;7,7;8,0;8,0;7,4;8,0;7,7;7,7;8,0;7,4;8,0;8,0;7,4;8,0;7,7;7,7;7,7;7,7;7,7;8,3;6,8;7,7;9,2;11,3;13,1;14,3;16,4;14,6;14,9;13,4;13,7;15,2;14,0;13,4;14,0;13,1;13,7;13,1;14,6;18,2;16,1;15,2;14,0;15,5;15,5;14,6;14,6;14,6;18,2;17,3;16,1;17,0;17,9;19,1;17,0;15,5;14,3;14,6;16,1;14,9;14,9;14,9;15,5;16,1;17,0;15,2;16,4;16,4;15,2;15,2;15,8;16,4;14,6;14,0;12,8;13,7;13,4;12,8;12,2;10,7;10,4;11,0;9,8;9,8;10,1;10,1;10,1;9,8;10,1;10,7;7,8;;;;
17/07/2024;10,1;10,7;10,1;10,4;10,4;10,1;10,4;9,8;9,8;10,7;9,8;9,8;10,4;9,5;9,8;10,1;9,5;10,1;9,8;9,8;10,1;9,8;9,8;8,9;7,7;8,0;8,6;11,0;11,6;13,4;14,3;15,2;13,7;14,9;14,3;14,3;14,3;14,3;12,8;16,1;12,5;11,9;16,1;15,8;16,4;16,7;15,2;17,3;15,2;14,0;14,0;16,4;16,4;18,8;18,2;15,2;16,7;16,7;12,8;15,2;15,2;13,4;15,2;15,2;14,3;16,1;14,6;15,8;16,4;17,0;16,1;19,1;17,6;15,8;15,8;17,6;16,7;16,7;14,9;15,5;14,6;14,9;14,9;13,7;11,6;12,2;11,0;11,0;10,7;11,0;10,4;10,4;10,4;10,7;10,1;8,4;;;;
18/07/2024;10,7;10,1;10,7;10,4;10,7;10,4;10,4;10,1;10,4;9,5;10,7;9,8;10,1;9,8;9,8;10,1;9,2;9,8;9,5;8,6;8,3;8,0;8,6;8,0;8,9;8,0;8,0;10,4;11,3;11,9;14,6;15,5;16,7;15,5;14,6;14,3;13,7;13,4;15,5;13,7;15,8;14,6;14,3;13,4;18,2;20,0;17,6;17,6;19,7;19,1;16,4;18,8;17,3;20,0;18,8;17,9;17,0;17,0;17,0;16,7;16,7;16,7;17,6;18,8;17,9;18,2;18,2;18,2;20,0;19,4;18,8;21,2;19,4;18,8;17,6;19,1;17,0;16,4;15,5;15,2;15,2;15,2;12,8;12,5;12,5;12,2;12,2;11,6;11,6;11,6;11,0;11,6;11,6;11,0;10,7;8,7;;;;
19/07/2024;10,4;10,7;10,1;10,4;9,8;9,8;8,6;9,2;8,6;8,9;8,6;8,9;9,2;8,6;8,0;7,7;7,7;7,4;7,7;7,7;7,4;7,4;8,0;8,0;8,3;7,4;8,3;9,8;11,9;13,1;14,0;13,4;14,0;14,0;15,5;15,8;17,6;16,4;14,6;14,3;16,4;15,8;18,5;17,6;17,9;21,2;21,2;21,5;20,3;20,6;20,6;20,6;21,5;22,7;20,9;19,7;18,2;18,5;18,5;17,6;16,7;16,4;17,6;17,9;17,9;17,0;17,3;18,8;18,8;18,8;17,9;18,8;16,4;16,1;17,3;17,9;17,6;18,2;17,9;16,7;17,0;15,8;15,2;14,6;13,4;13,4;13,1;13,7;12,5;12,5;12,5;12,2;12,5;12,2;12,2;9,6;;;;
20/07/2024;11,9;12,2;11,6;12,5;11,6;12,2;11,6;12,2;11,3;11,9;11,6;11,9;11,3;11,9;10,1;10,7;8,6;8,9;8,3;8,6;8,6;8,6;8,3;8,9;8,0;8,9;8,9;10,7;12,5;12,8;13,1;15,5;15,8;16,4;16,7;16,4;14,9;16,1;16,4;19,4;17,9;18,5;20,0;22,7;22,4;20,9;18,2;20,0;20,3;18,5;17,6;17,3;20,3;19,4;20,0;20,0;21,8;21,5;22,4;21,8;20,9;20,9;18,8;20,9;20,0;20,3;20,9;20,9;21,8;22,7;22,7;22,4;22,7;21,2;19,7;19,7;20,0;19,7;18,2;17,0;17,3;16,4;16,7;15,5;14,3;14,0;13,7;14,6;14,0;13,4;14,0;13,7;12,8;13,4;12,8;11,1;;;;
21/07/2024;12,2;12,8;12,8;11,9;12,5;12,2;12,2;12,5;11,9;12,8;11,9;12,5;12,2;12,8;11,9;11,9;12,5;11,9;12,2;11,6;11,3;8,6;8,3;8,0;8,3;8,3;8,9;9,2;11,9;13,4;14,0;16,4;14,9;17,9;15,8;16,4;16,7;15,5;17,6;17,6;19,4;20,0;19,7;21,5;24,5;25,1;23,3;23,9;22,1;22,7;23,0;23,6;23,9;24,5;22,7;22,1;21,2;23,3;22,7;20,3;18,2;19,7;19,7;19,4;20,6;20,6;20,6;20,0;20,0;20,3;19,7;22,1;20,9;19,1;20,0;20,6;20,0;20,0;18,8;18,2;17,6;15,8;16,1;15,8;14,3;14,0;13,4;14,0;13,7;12,5;12,8;12,8;12,8;12,8;12,2;11,1;;;;
22/07/2024;12,8;12,5;12,8;12,5;12,8;12,8;12,5;13,1;12,5;12,5;12,5;12,5;12,5;12,2;12,8;12,5;13,1;12,2;12,8;12,2;12,8;10,4;11,0;10,7;11,3;11,0;11,0;13,1;12,8;14,3;15,5;17,0;17,0;16,4;15,8;16,4;17,6;17,6;16,4;17,6;16,1;15,8;17,0;18,2;19,7;20,3;17,9;20,3;20,6;17,6;16,7;15,5;18,2;20,6;19,4;18,2;20,0;19,7;17,3;17,3;17,6;17,3;18,2;19,7;20,0;19,1;19,1;20,6;20,3;20,6;19,7;23,6;22,7;20,3;20,3;21,8;21,5;22,1;19,4;17,9;16,7;15,2;14,6;14,3;13,4;11,9;13,1;12,5;12,2;11,3;11,9;11,6;11,6;11,6;11,0;9,6;;;;
23/07/2024;11,6;11,3;11,3;11,0;11,0;11,3;11,0;11,0;11,0;10,7;11,0;10,1;11,0;10,1;11,0;9,2;9,2;9,2;8,9;8,6;8,9;8,3;8,3;8,0;8,3;8,3;8,6;8,9;11,9;15,2;13,7;15,5;17,0;16,4;17,9;16,1;16,4;18,2;16,1;17,6;19,1;18,8;20,0;22,4;23,0;24,8;23,9;22,7;22,1;22,7;21,8;23,9;23,3;22,7;23,9;23,9;23,0;23,0;20,3;21,2;21,2;21,2;19,7;19,1;19,4;19,7;19,7;20,6;20,0;20,0;19,7;20,3;20,6;20,3;19,1;19,4;19,4;19,4;17,6;17,0;17,3;16,7;16,4;14,6;13,4;12,8;12,2;12,5;12,2;11,3;12,2;12,5;12,2;12,5;11,9;9,9;;;;
24/07/2024;11,9;11,3;12,2;11,6;11,6;11,9;11,6;11,9;12,2;11,6;11,6;12,2;11,9;11,9;11,6;12,2;11,3;11,3;11,9;10,7;10,1;9,5;9,5;9,5;9,2;10,1;9,5;12,2;14,0;14,6;17,3;17,0;18,2;18,5;17,3;16,7;17,6;16,4;17,0;17,9;18,8;17,6;18,5;19,4;21,2;20,9;22,1;21,5;20,3;19,1;18,2;17,9;20,9;20,3;17,0;19,4;19,1;18,8;18,8;17,9;17,6;17,6;17,9;20,0;20,3;20,3;18,5;19,1;21,5;20,3;19,4;22,1;20,6;19,4;21,8;21,5;20,0;20,0;17,3;17,6;16,7;14,6;14,6;14,9;14,0;14,0;14,3;13,7;13,4;13,4;13,4;13,4;13,1;12,8;13,1;11,4;;;;
25/07/2024;12,2;13,4;12,8;12,5;12,8;12,5;12,2;12,8;12,2;12,2;12,8;11,9;12,8;12,5;12,2;13,1;12,2;12,8;12,5;12,2;12,8;11,9;12,8;12,5;12,8;12,5;12,2;15,8;17,6;17,0;18,2;18,5;20,0;21,2;22,4;21,8;20,6;21,8;21,2;19,4;17,9;20,9;19,7;20,0;22,4;23,3;24,2;25,1;23,9;23,0;22,1;21,2;23,0;23,3;24,5;23,6;21,2;20,9;19,1;17,3;17,3;17,6;17,9;20,0;19,7;19,4;21,2;20,0;19,7;20,6;21,8;20,0;20,6;20,0;19,4;20,9;21,5;20,0;18,8;18,5;17,3;15,5;15,5;14,9;14,9;14,0;13,7;14,3;13,4;13,7;13,1;12,8;13,1;13,1;13,4;10,2;;;;
26/07/2024;13,4;12,8;12,2;12,8;13,4;12,2;12,5;13,1;11,6;12,2;12,2;12,2;11,9;12,5;11,9;12,2;11,9;12,8;11,9;12,5;11,3;9,8;10,1;10,4;9,8;9,2;9,2;10,1;12,8;14,9;14,6;15,2;14,9;14,9;16,7;17,3;17,3;17,0;15,8;16,7;15,2;16,7;16,1;17,9;18,2;18,5;16,4;16,4;16,4;17,6;18,8;14,6;14,9;15,5;15,2;17,3;16,4;13,7;14,0;14,3;13,4;12,8;12,8;12,8;13,7;14,0;13,1;14,3;14,3;17,0;18,8;19,7;18,2;18,8;17,6;18,8;17,6;17,0;15,8;15,2;14,6;14,6;14,0;13,7;12,2;11,3;9,2;9,2;8,6;8,6;8,3;8,3;8,0;8,3;8,0;6,6;;;;
27/07/2024;8,0;8,3;8,0;8,0;8,3;7,7;8,3;7,7;7,7;7,7;7,4;8,0;7,4;8,0;7,4;8,0;7,4;7,4;8,3;7,4;8,0;7,4;7,7;8,0;8,3;8,9;8,0;9,8;11,6;14,0;16,1;16,1;15,8;14,3;15,5;14,6;14,0;15,2;16,1;17,6;14,9;16,1;15,5;16,4;19,4;21,5;17,6;15,2;14,6;17,3;13,4;15,8;15,8;18,2;18,8;19,4;17,6;16,4;17,3;16,7;14,9;14,9;14,6;15,2;14,9;14,9;15,8;15,8;17,6;17,6;16,7;17,6;16,4;15,8;15,5;16,7;16,1;14,6;14,9;14,3;13,1;14,3;13,4;13,1;13,4;12,5;12,8;14,0;12,8;13,4;12,8;13,1;12,8;12,2;12,2;10,2;;;;
28/07/2024;11,9;12,2;11,9;12,2;11,6;11,9;11,9;12,2;11,9;11,6;12,5;11,3;11,9;11,6;12,2;11,3;11,6;10,1;10,1;10,1;10,4;9,8;10,1;10,7;9,5;9,2;9,2;10,4;12,5;13,1;15,2;14,6;14,6;14,0;14,6;14,6;15,2;17,3;16,7;18,8;15,8;14,6;15,8;18,8;20,0;19,4;15,8;17,6;17,0;18,2;16,4;18,2;16,1;15,8;17,9;14,9;14,9;19,4;18,2;17,6;14,3;14,3;14,3;14,6;15,8;14,9;14,9;16,7;16,7;17,0;14,3;16,1;14,9;14,3;15,8;14,6;14,0;13,1;13,1;12,5;11,9;10,4;10,4;10,4;9,8;9,2;9,2;8,6;8,9;8,3;8,6;8,3;8,6;8,3;8,6;6,0;;;;
29/07/2024;8,6;8,3;8,3;8,3;8,0;8,0;8,0;8,3;8,0;8,3;7,7;8,3;8,0;7,7;8,6;7,7;8,3;7,7;8,3;8,0;8,0;8,3;8,6;8,3;8,3;8,6;8,3;8,9;9,8;13,4;13,7;14,9;15,8;14,0;13,7;14,9;15,2;16,7;15,8;15,5;16,4;18,5;18,8;19,4;23,9;20,9;20,9;20,0;18,2;15,2;14,9;17,3;17,0;18,5;18,5;18,2;18,5;17,0;16,4;18,5;19,7;16,1;15,8;17,6;17,0;17,3;17,0;17,9;18,2;19,7;19,4;20,3;19,1;18,8;18,8;19,4;18,8;18,2;15,5;16,4;15,2;14,9;14,3;13,4;12,2;11,9;11,3;11,6;11,3;11,3;10,4;10,7;10,7;10,4;11,0;8,7;;;;
30/07/2024;10,1;10,7;10,7;10,4;11,0;10,4;10,4;10,4;10,1;10,4;10,7;9,8;10,1;9,8;9,5;10,1;9,2;10,1;9,8;9,2;10,1;10,1;9,5;9,8;8,9;9,8;10,1;10,4;11,0;14,6;16,4;18,5;15,2;14,9;15,2;15,5;15,2;18,2;16,4;17,0;13,4;15,2;15,5;17,3;18,8;21,2;19,7;19,7;18,5;17,0;17,0;15,5;16,1;15,8;18,2;16,7;17,0;17,3;16,1;16,1;16,1;16,4;19,7;18,2;17,6;17,9;18,2;18,5;18,5;19,4;18,2;19,1;20,3;19,4;17,9;19,4;19,1;17,0;14,9;14,0;14,6;13,4;11,9;12,8;11,3;10,7;11,0;10,7;10,7;10,4;10,4;9,8;10,4;10,4;9,8;8,1;;;;
31/07/2024;10,1;9,8;9,2;9,8;9,2;9,5;9,8;9,5;9,2;9,8;9,5;9,2;9,5;9,8;9,2;9,5;9,5;9,2;9,2;9,8;9,2;8,6;8,6;8,0;8,0;10,1;10,7;11,9;11,9;11,9;13,1;16,4;16,4;13,4;13,4;14,3;18,2;16,7;15,2;14,0;14,3;15,5;16,4;17,6;20,6;22,1;21,8;22,1;22,7;18,2;19,4;23,0;22,7;20,6;20,6;20,3;20,3;20,9;18,8;20,3;20,0;17,3;17,0;19,7;18,5;18,5;18,8;20,3;19,4;20,0;19,7;20,6;20,3;18,5;17,3;18,2;17,3;16,1;16,1;14,9;14,9;13,7;12,5;12,5;11,3;10,7;11,0;10,4;10,7;10,4;9,8;10,1;10,1;9,5;10,1;7,5;;;;
01/08/2024;10,1;9,8;9,5;9,5;9,5;9,8;9,2;9,8;10,1;9,2;9,8;9,5;10,1;9,8;10,1;9,5;9,2;9,2;9,2;9,2;9,2;8,9;8,9;7,4;8,0;8,3;8,3;10,7;10,7;11,9;12,2;14,9;16,1;13,1;13,4;13,4;15,2;14,0;13,1;15,2;14,9;14,6;14,0;14,0;15,8;15,5;13,1;13,7;16,4;13,1;12,8;13,4;13,4;15,8;15,5;17,9;16,7;16,7;15,8;17,0;16,4;14,6;14,0;14,6;14,3;16,1;16,1;14,9;16,1;16,7;15,8;16,4;14,9;14,9;16,1;15,5;15,5;14,6;14,9;14,3;13,1;11,9;12,2;12,2;11,9;11,3;10,7;10,4;10,7;9,8;10,4;10,1;10,1;10,4;9,8;8,7;;;;
02/08/2024;9,5;10,4;10,1;10,1;10,1;9,8;10,1;9,5;10,1;10,1;9,8;9,8;9,5;9,8;9,8;10,4;9,8;9,5;10,1;9,5;10,1;9,5;9,2;7,7;8,3;8,0;8,0;9,2;9,2;11,9;12,8;13,7;13,7;13,4;13,4;14,0;13,7;14,0;14,0;15,2;14,9;13,4;15,8;16,7;18,2;18,2;15,2;14,3;13,4;13,1;14,6;16,7;19,1;17,0;14,9;14,3;17,9;16,4;17,9;16,4;13,4;13,7;14,9;16,1;14,9;14,6;15,2;15,5;14,9;16,1;15,5;17,3;15,8;15,8;16,1;15,8;16,4;15,8;14,6;14,6;14,3;12,5;11,9;11,3;10,1;10,4;9,8;10,1;9,8;9,2;9,8;9,5;9,2;9,5;8,6;7,2;;;;
03/08/2024;8,3;8,9;8,6;8,9;8,9;8,3;8,9;8,0;8,9;8,6;8,3;8,6;8,0;8,6;8,0;8,6;8,0;8,6;8,0;8,3;8,3;8,0;8,3;8,6;8,0;7,4;8,3;8,6;9,8;13,4;14,9;14,6;14,3;14,0;13,7;13,4;14,3;16,7;14,3;14,9;14,3;13,1;15,8;15,8;16,7;14,9;17,6;15,5;14,6;13,1;14,9;14,9;16,4;17,3;16,1;15,5;14,0;14,0;12,5;13,7;11,0;11,6;11,9;11,9;14,3;14,0;13,4;15,2;14,0;13,7;14,3;16,1;14,9;12,8;12,8;14,9;12,5;12,8;11,9;12,5;11,9;12,5;10,4;8,9;8,9;8,9;8,6;8,0;8,3;7,7;8,0;7,1;7,7;7,4;7,4;6,0;;;;
04/08/2024;7,7;7,7;7,4;7,7;7,7;7,4;8,0;7,4;7,4;7,7;7,4;7,7;7,1;7,1;7,7;7,4;7,4;7,4;7,1;7,7;7,1;8,0;8,0;7,7;8,3;8,3;8,3;8,9;9,5;14,9;14,3;16,1;16,7;13,7;13,7;13,4;15,5;13,7;16,1;14,9;14,9;15,8;19,1;19,7;18,5;17,3;15,8;14,9;17,6;13,7;16,1;16,1;17,9;16,4;20,0;16,4;16,1;16,4;13,1;14,0;12,8;12,8;13,1;13,1;14,0;14,0;14,0;14,6;14,6;16,1;15,8;15,2;15,5;13,4;13,4;14,6;14,0;13,4;14,0;12,5;12,2;11,0;10,1;11,0;9,2;8,9;8,0;8,3;7,7;7,7;7,7;7,4;8,0;8,0;8,3;6,6;;;;
05/08/2024;8,0;8,3;8,3;8,0;8,0;8,0;7,4;8,3;7,7;7,7;7,7;7,4;7,4;8,0;7,4;7,4;7,4;7,4;7,1;7,7;7,7;7,1;8,0;8,0;8,0;8,0;7,7;8,6;9,5;11,3;14,9;16,4;15,8;12,5;13,7;12,8;13,4;15,2;12,5;13,1;14,0;14,6;15,5;15,2;17,6;17,3;13,4;14,0;14,3;15,8;16,7;13,1;13,4;17,3;17,9;15,2;13,1;13,7;13,1;15,2;15,2;12,8;12,5;12,5;12,2;11,9;13,1;12,5;14,0;15,8;16,4;16,4;16,4;15,2;14,6;14,3;13,4;14,0;13,4;14,3;13,4;12,5;11,3;10,7;11,3;9,8;9,5;9,8;8,9;9,5;8,9;8,6;9,5;8,6;8,9;6,899;;;;
06/08/2024;8,9;8,9;8,6;8,9;8,9;8,6;8,6;8,6;8,6;8,9;8,3;8,9;8,3;8,3;8,6;8,3;8,0;8,9;8,3;8,6;8,3;8,9;8,6;8,3;8,6;8,9;9,5;9,8;10,4;11,6;13,1;13,4;12,5;13,7;15,2;16,1;17,0;15,2;14,9;15,8;14,6;15,8;14,0;12,8;15,2;15,2;13,7;17,0;14,6;14,6;14,3;17,3;15,5;17,3;17,3;17,0;15,2;16,1;14,3;14,9;14,0;14,6;13,7;15,5;16,7;16,4;16,4;15,2;14,9;17,0;16,1;16,4;16,7;15,8;16,1;15,5;15,8;14,9;14,6;14,0;14,3;15,2;12,5;12,2;12,2;11,0;11,6;11,0;11,6;11,0;11,6;10,7;11,0;11,3;10,7;9,3;;;;
07/08/2024;11,0;10,7;11,0;10,7;11,0;10,4;9,8;9,5;8,9;8,9;9,8;9,5;10,4;9,8;10,4;9,2;8,6;9,2;9,2;10,1;9,5;10,1;10,4;8,9;9,5;10,1;9,2;12,2;12,8;15,5;15,8;16,4;17,3;14,9;14,3;14,9;14,9;14,3;13,4;12,8;14,3;13,1;14,3;15,8;16,7;15,5;17,6;15,2;15,2;15,2;17,0;15,8;16,4;16,7;17,6;16,1;16,1;16,1;14,6;14,6;14,6;14,0;14,0;14,0;14,3;14,9;14,3;14,0;14,9;14,0;15,8;14,0;14,9;13,1;13,4;14,0;13,7;13,1;13,1;12,5;12,8;11,9;11,3;10,4;9,8;9,8;9,2;9,8;9,2;9,2;9,2;8,6;9,8;9,8;10,1;7,8;;;;
08/08/2024;9,8;9,5;9,5;9,8;9,2;9,5;9,5;9,2;9,5;9,2;9,5;9,2;8,9;9,2;9,2;9,5;9,5;8,9;9,8;8,9;9,5;9,2;8,9;9,2;9,2;9,2;8,6;9,2;10,1;13,7;14,0;15,2;16,1;15,8;14,6;16,7;15,8;17,3;15,5;14,6;14,0;16,1;16,4;15,8;16,1;16,7;15,2;15,5;16,1;15,2;14,9;17,9;16,7;17,3;15,8;16,7;16,4;17,0;16,1;14,9;14,9;17,0;15,8;16,7;15,5;16,4;16,1;17,3;17,3;18,5;19,1;17,6;19,4;18,5;17,6;18,8;17,6;17,9;16,1;14,9;14,9;13,1;12,8;12,8;12,2;10,4;9,8;9,5;9,5;10,1;8,9;9,8;9,2;9,5;8,9;7,8;;;;
09/08/2024;9,2;8,9;9,5;8,9;9,5;8,9;9,2;8,9;8,9;9,2;8,9;9,2;8,9;9,2;8,9;8,9;9,5;8,9;9,5;8,6;8,9;8,9;8,6;8,6;8,9;8,6;7,7;9,2;9,2;14,0;14,6;15,8;17,3;15,5;14,6;14,9;16,1;14,6;15,8;15,2;16,1;15,8;17,9;19,4;18,5;17,9;17,6;17,6;17,9;17,6;17,6;19,7;17,0;17,0;17,6;19,4;18,8;19,1;17,3;17,3;17,0;16,7;15,2;17,9;17,3;15,8;16,1;16,7;17,3;17,9;16,7;16,4;16,1;15,8;16,7;17,0;16,7;15,2;14,3;14,6;13,7;12,8;11,9;11,3;11,0;11,0;11,3;10,7;11,0;10,4;10,1;10,1;10,1;9,5;10,4;7,8;;;;
10/08/2024;9,8;10,4;9,8;9,8;9,8;9,8;9,8;9,8;9,2;9,8;9,5;10,1;9,8;9,5;9,8;9,2;9,8;9,5;9,5;9,5;9,2;9,8;9,5;9,8;9,2;8,3;8,9;9,2;11,0;14,9;13,7;15,2;15,5;17,0;15,5;17,9;14,9;15,2;14,9;16,1;14,6;14,9;16,1;18,8;19,4;17,9;17,6;21,8;18,5;18,2;17,6;17,6;19,7;18,8;20,3;18,2;18,2;18,8;18,8;19,7;20,6;18,5;18,2;19,4;19,1;18,5;20,3;21,2;20,0;21,8;19,4;18,8;18,5;18,5;19,4;19,7;19,1;17,9;17,0;15,5;15,2;13,4;13,4;12,2;12,5;11,0;11,3;11,0;11,3;10,7;10,4;10,4;10,4;10,4;10,4;8,4;;;;
11/08/2024;10,1;10,1;9,8;9,8;9,5;9,5;9,8;9,5;9,8;9,5;9,8;9,5;9,5;9,8;9,5;9,5;9,5;9,5;9,2;9,5;9,8;9,5;9,5;8,6;8,9;10,1;8,9;9,8;11,0;14,0;14,3;14,3;15,2;14,3;16,1;14,3;17,0;14,6;15,2;15,5;14,0;14,6;16,7;17,9;20,3;16,4;17,3;19,4;20,0;18,8;18,5;18,8;18,8;17,9;20,3;20,3;20,0;18,8;19,7;19,4;18,2;18,5;19,7;19,1;18,8;18,8;19,1;20,3;20,3;20,3;20,0;19,4;21,2;20,6;18,2;20,0;18,2;19,7;17,6;17,9;18,2;15,2;15,8;13,7;14,0;12,8;12,5;13,1;12,8;12,5;12,5;12,5;12,5;12,5;12,2;10,2;;;;
12/08/2024;12,8;12,2;12,2;12,2;12,2;11,6;11,9;11,3;11,3;11,3;11,0;11,3;11,0;11,3;11,0;11,0;11,0;11,0;11,3;10,7;11,0;10,4;10,4;10,7;10,1;11,0;11,0;12,2;11,0;15,5;16,7;17,6;17,9;18,5;18,8;21,2;21,2;19,4;19,4;21,8;20,0;20,6;23,3;23,6;21,8;20,0;21,5;25,4;20,6;21,5;20,0;20,9;20,6;21,2;21,2;20,0;18,8;20,6;21,5;21,2;22,1;22,4;20,3;20,6;20,3;21,8;21,5;21,5;21,5;21,2;21,2;20,3;20,9;19,1;19,1;20,3;20,6;18,8;17,6;17,0;16,1;17,9;15,8;14,0;13,4;13,4;13,4;13,7;13,1;13,1;12,8;13,1;13,1;12,8;12,8;10,5;;;;
13/08/2024;12,8;12,2;12,5;11,9;11,0;11,0;11,3;11,0;11,0;11,6;11,0;11,3;11,0;11,6;11,0;11,6;11,0;11,3;11,0;11,0;11,0;11,3;10,4;11,3;11,0;11,0;10,7;11,6;12,8;16,7;15,5;17,0;17,9;17,9;19,4;19,4;20,6;20,6;20,6;23,6;19,7;20,3;20,3;23,0;25,1;24,2;24,2;23,0;25,1;22,4;22,7;20,9;22,4;20,6;23,0;21,2;21,5;20,6;20,9;23,3;23,0;23,3;21,2;22,4;20,6;19,7;19,7;18,8;18,8;20,3;19,7;19,1;20,6;19,7;19,7;20,6;19,7;18,8;18,2;18,5;17,3;17,6;16,1;16,1;16,1;14,0;14,3;14,0;13,7;14,0;13,4;13,4;13,1;12,2;12,2;10,2;;;;
14/08/2024;11,6;11,9;11,9;11,6;11,6;11,9;11,3;11,3;11,3;11,3;11,3;11,3;11,6;11,3;11,0;11,3;11,0;11,3;11,3;11,0;10,7;10,4;10,1;10,7;10,1;10,4;10,7;11,3;11,9;13,4;14,6;16,7;15,8;16,7;18,2;17,9;18,2;17,0;17,6;16,7;19,7;18,8;18,8;21,2;20,9;22,1;21,2;20,9;20,9;21,8;20,3;19,1;20,6;20,0;21,8;20,0;20,0;23,0;20,9;21,2;21,2;21,2;21,2;21,2;20,3;21,8;21,5;20,3;22,1;21,5;21,8;23,0;22,4;20,3;20,9;21,5;21,2;20,3;19,7;18,8;17,6;17,3;17,0;15,2;15,5;14,0;14,3;13,7;14,0;13,7;13,7;13,7;13,4;14,0;12,8;12,0;;;;
15/08/2024;13,7;13,1;13,4;12,2;12,8;12,5;12,8;13,4;13,1;13,1;13,1;13,4;12,5;13,1;12,8;12,8;12,2;12,8;12,5;12,8;12,8;12,2;12,2;12,2;13,1;11,6;11,9;10,4;12,5;13,1;16,1;16,1;17,9;17,9;18,2;15,8;17,0;16,7;19,4;19,4;17,0;19,1;20,0;22,7;23,3;22,7;20,6;22,1;21,5;21,2;21,8;21,2;20,6;20,6;20,9;21,2;22,4;20,9;21,8;21,2;20,6;20,6;21,2;20,6;20,9;20,6;21,5;22,1;20,9;22,1;20,6;20,3;21,8;21,5;21,8;23,9;21,5;20,9;20,3;20,3;20,0;20,0;19,7;17,3;15,8;14,9;15,2;14,3;14,3;14,6;14,0;14,3;13,7;14,3;13,1;11,7;;;;
16/08/2024;13,7;13,4;13,4;13,7;13,7;13,1;14,0;13,4;14,0;13,4;13,7;13,4;13,4;13,4;13,4;13,1;14,0;13,4;14,0;12,8;13,7;13,4;11,9;9,8;10,1;9,5;9,8;10,1;10,4;15,8;15,5;16,4;17,3;17,3;15,5;16,7;17,3;18,8;21,8;21,5;23,0;21,8;23,3;23,3;23,6;24,2;24,5;24,2;23,3;22,7;21,8;23,6;21,2;23,0;24,5;23,3;23,3;23,6;25,1;23,3;23,3;23,0;22,7;21,5;21,8;22,7;21,2;22,1;22,1;24,5;24,2;22,7;22,1;22,4;21,8;20,9;21,2;20,3;20,0;19,7;18,2;18,8;17,6;17,3;14,9;14,6;13,7;14,0;13,4;13,1;13,4;12,2;12,8;12,2;12,2;10,2;;;;
17/08/2024;12,5;12,2;12,2;11,9;12,2;11,6;11,6;11,0;10,7;10,1;10,4;9,8;10,4;10,1;9,8;9,5;9,8;9,5;10,1;9,8;9,5;10,1;9,2;9,5;8,3;9,2;9,8;9,8;12,8;14,0;15,2;15,2;16,1;14,6;14,6;15,5;17,0;15,8;15,8;15,5;15,8;16,1;16,1;17,6;20,0;22,1;19,1;18,8;18,5;17,0;16,7;19,1;17,6;18,2;19,4;17,6;18,5;18,8;18,5;17,6;17,0;18,2;17,9;18,2;19,1;18,5;18,5;18,8;19,7;18,5;19,7;19,7;19,7;18,5;18,8;18,5;18,2;17,9;15,8;15,2;15,2;15,8;14,3;13,7;13,1;11,9;12,2;11,6;11,9;11,0;11,6;11,6;11,3;11,6;11,0;9,6;;;;
18/08/2024;11,3;11,0;11,3;11,0;11,3;10,7;11,3;10,7;10,7;11,0;10,7;11,0;10,7;10,4;11,0;10,4;10,7;10,1;10,7;11,0;10,1;10,7;10,1;10,7;10,4;9,5;9,8;10,1;11,0;15,2;14,3;15,2;15,5;17,0;17,6;17,0;19,4;17,9;17,9;16,4;16,7;16,4;17,6;17,6;19,7;21,2;21,2;22,4;17,9;16,7;16,7;17,6;18,5;16,7;17,3;18,8;19,7;19,1;18,2;17,0;17,0;17,6;14,9;17,9;17,3;16,4;17,9;17,3;17,3;18,5;17,6;17,9;20,3;17,0;18,8;18,8;17,6;15,8;17,9;15,5;15,5;15,2;13,7;13,7;11,9;12,8;12,5;12,2;12,2;12,2;12,2;11,6;12,2;11,9;11,6;9,9;;;;
19/08/2024;11,9;12,2;11,6;11,6;11,6;10,1;10,4;9,8;9,2;9,2;8,9;8,9;8,9;8,6;9,2;8,6;8,9;9,2;8,9;8,9;9,2;8,9;9,2;8,3;9,5;9,5;9,2;9,2;10,4;13,4;14,6;14,9;14,6;15,2;16,1;15,2;16,4;14,6;15,5;15,8;16,1;14,6;17,6;18,2;21,2;19,4;19,4;17,0;18,5;17,0;17,3;17,3;18,8;16,4;17,3;17,0;16,7;17,6;18,2;18,2;16,1;15,2;17,3;17,3;17,9;17,0;15,8;18,5;18,8;18,8;18,8;18,2;19,4;17,6;16,4;17,3;17,0;16,1;15,2;14,6;15,2;13,7;14,3;13,1;12,5;11,0;11,6;11,0;11,6;11,0;11,3;11,0;11,0;11,3;10,7;8,701;;;;
20/08/2024;10,7;10,7;10,4;10,7;10,1;10,4;10,1;10,1;9,8;10,1;10,1;9,8;10,4;9,8;9,8;10,1;10,4;10,7;11,0;10,1;10,7;10,4;10,7;10,7;11,0;11,3;11,9;12,5;15,5;14,6;14,9;14,9;15,8;17,0;17,0;15,5;15,5;15,5;16,4;15,5;14,9;17,3;17,3;17,9;17,3;17,3;16,4;19,1;16,7;17,3;18,2;20,0;17,3;18,8;20,0;17,3;20,6;20,0;17,9;19,1;18,8;18,5;19,4;19,4;19,1;19,1;18,8;20,0;19,4;20,9;19,1;20,9;20,6;19,4;19,1;17,9;17,3;17,6;16,1;15,5;16,1;16,1;15,8;14,6;13,4;12,5;12,8;11,9;12,8;12,2;11,9;11,9;12,2;12,2;11,6;9,6;;;;
21/08/2024;11,6;11,6;11,6;11,3;11,9;11,0;11,0;11,6;10,7;11,3;11,0;11,0;11,6;11,0;11,0;11,3;10,7;11,3;10,7;11,0;11,3;10,7;11,0;10,7;9,2;9,8;9,5;9,2;10,4;14,3;15,5;14,9;15,2;14,3;13,4;13,4;13,7;13,7;13,7;14,9;14,6;13,4;13,4;17,6;18,5;18,5;14,0;15,2;15,5;16,7;16,1;17,0;16,7;17,6;17,9;17,9;16,4;17,6;17,6;18,5;18,5;16,1;17,3;16,4;17,0;16,7;18,5;17,0;19,1;18,8;19,1;18,8;19,4;20,3;19,1;20,9;19,1;18,2;17,6;16,7;16,7;14,6;15,2;13,1;13,4;12,5;12,8;12,2;12,8;11,9;11,9;11,9;11,6;11,9;11,6;9,9;;;;
22/08/2024;11,3;11,9;11,3;11,6;9,8;9,5;9,5;9,5;9,5;9,2;9,5;9,2;9,5;9,2;9,8;9,2;9,5;9,5;9,8;9,2;9,5;9,8;9,5;9,8;9,8;10,1;9,2;10,1;9,2;11,0;12,5;15,8;16,1;15,8;16,1;14,6;15,8;18,5;16,4;13,4;15,8;14,0;15,5;13,7;17,6;15,8;16,4;15,8;15,2;15,8;16,1;20,3;17,3;18,2;16,7;16,4;18,8;18,5;18,8;17,9;20,0;18,2;20,0;20,6;20,6;20,6;19,4;20,0;19,7;21,8;20,9;21,5;20,0;19,4;20,9;22,1;20,0;19,4;18,2;17,3;16,4;14,9;15,5;14,9;13,7;13,4;12,8;13,1;12,2;12,5;12,2;11,6;11,3;11,9;11,0;9,3;;;;
23/08/2024;11,0;11,3;11,0;11,3;11,0;11,3;10,7;11,3;10,7;11,0;10,7;11,3;11,0;11,3;11,0;11,3;11,3;11,0;11,3;10,7;11,3;10,7;9,8;8,3;8,3;8,0;8,9;8,9;9,5;13,7;14,9;14,6;14,3;13,4;14,6;14,0;15,2;13,7;15,2;14,9;16,4;14,9;16,7;16,4;17,6;19,1;22,1;20,0;19,4;19,4;17,6;18,2;17,9;19,1;19,4;19,4;20,0;20,0;21,5;20,3;19,4;20,0;20,0;19,4;19,4;19,4;19,4;19,7;20,0;20,9;21,8;21,5;19,7;19,1;17,9;19,1;18,5;18,8;17,6;17,0;16,7;17,0;16,1;15,5;13,4;13,1;12,5;12,2;12,2;11,9;12,2;11,6;11,9;11,3;11,3;9,3;;;;
24/08/2024;11,0;11,0;11,0;11,0;10,4;10,7;11,0;10,7;10,7;10,4;10,1;10,7;9,8;9,5;8,6;9,2;9,2;8,6;9,5;8,9;9,5;8,9;9,5;9,8;9,2;9,5;9,5;9,5;11,3;12,8;13,7;14,0;13,4;14,0;13,7;15,5;13,7;14,3;14,6;14,6;14,3;15,5;17,0;16,1;16,7;14,9;18,2;20,9;20,6;17,0;17,0;16,7;15,5;16,4;17,0;16,1;17,0;16,7;16,4;16,1;15,8;16,1;17,0;16,4;17,6;17,3;17,3;17,3;18,5;20,6;18,2;18,2;18,2;16,1;15,8;16,1;15,8;15,8;14,6;15,5;14,3;12,8;12,5;13,7;11,6;10,7;11,3;11,6;12,2;11,6;11,6;11,9;11,6;11,9;11,9;9,3;;;;
25/08/2024;11,6;11,3;11,6;10,7;10,4;11,0;10,1;10,1;9,8;9,5;9,8;9,2;9,2;9,5;9,2;9,5;9,2;9,2;9,5;9,2;9,8;9,2;9,2;9,8;9,8;10,4;10,7;10,7;11,0;13,1;16,1;17,0;16,1;15,5;15,8;17,0;15,5;14,6;15,5;14,3;14,9;15,2;15,2;14,6;14,9;14,9;15,2;16,1;16,7;16,7;15,2;14,9;14,3;15,8;17,3;18,8;17,6;16,4;16,4;16,4;16,1;15,5;15,8;15,8;15,8;16,7;17,9;15,5;17,3;17,0;17,6;16,7;17,3;16,4;16,7;16,4;16,7;15,8;14,6;13,1;13,7;12,2;12,5;11,9;11,0;10,7;10,1;10,1;9,8;9,5;9,8;8,9;9,8;9,2;9,2;7,5;;;;
26/08/2024;9,2;9,8;9,2;8,9;9,5;9,2;9,2;8,9;8,9;9,2;8,9;8,9;9,8;8,9;8,9;9,2;8,9;9,2;8,9;8,9;9,5;8,6;9,2;9,5;9,2;9,2;9,5;9,5;13,7;14,6;14,6;15,2;15,2;15,5;15,2;14,3;15,2;15,5;15,2;17,9;16,4;16,4;15,5;17,0;15,8;17,6;16,1;17,0;15,5;16,1;16,4;14,9;16,1;17,0;16,4;17,0;16,1;15,2;15,8;15,5;16,1;16,1;16,4;16,4;16,4;16,4;16,4;16,4;15,8;17,3;16,4;17,3;18,5;15,8;15,8;15,5;16,1;16,1;14,9;14,0;14,6;14,6;13,4;12,2;10,7;11,0;9,8;10,4;10,1;9,5;9,8;9,5;10,1;9,2;9,5;7,8;;;;
27/08/2024;9,2;8,6;8,0;8,3;8,3;8,0;8,9;7,7;8,3;8,6;8,0;9,2;8,0;8,3;8,6;8,3;8,0;8,6;7,7;8,3;8,6;8,3;8,3;8,0;8,6;9,8;8,6;9,2;11,6;13,4;14,6;15,2;15,5;15,5;14,3;15,8;15,5;14,3;14,3;13,4;13,4;13,1;13,7;15,2;15,8;14,6;14,6;15,5;16,1;15,2;13,7;13,1;14,6;14,0;13,7;12,5;14,3;14,9;13,7;13,7;12,2;13,1;12,8;12,2;12,5;12,2;13,4;12,5;11,9;13,4;11,6;13,4;13,1;12,5;11,9;12,8;12,5;11,9;13,1;11,3;11,3;12,5;13,1;11,3;8,9;8,3;8,3;8,3;8,0;8,0;7,7;8,6;8,0;8,0;8,3;5,7;;;;
28/08/2024;8,3;8,0;8,0;8,3;8,0;8,6;7,7;8,3;8,6;7,7;8,0;8,0;7,7;8,3;7,7;8,0;8,0;8,0;8,0;8,0;7,7;8,3;7,7;8,3;8,3;8,0;9,2;10,7;12,8;12,8;13,1;13,1;12,8;14,6;14,3;14,3;14,0;15,8;12,2;12,2;14,0;11,9;13,7;13,7;13,1;15,2;14,6;14,6;14,9;12,5;12,8;12,8;13,7;14,6;14,6;15,2;14,3;14,0;12,2;12,2;11,6;11,3;11,9;12,2;12,5;11,3;11,0;11,6;11,6;13,4;12,8;13,1;13,7;13,4;11,6;13,4;11,9;11,6;12,2;11,6;11,3;11,0;11,3;10,7;8,6;8,6;7,7;7,4;7,7;7,4;7,1;7,4;7,1;7,4;6,8;5,4;;;;
29/08/2024;7,1;7,1;6,8;7,4;6,8;6,8;6,8;7,1;7,1;6,8;7,1;7,1;6,8;6,8;6,8;7,1;6,8;7,1;6,8;7,1;7,4;7,4;7,4;7,1;7,4;7,4;8,3;8,3;8,3;12,2;13,7;14,6;15,2;14,3;14,9;14,3;14,9;14,6;12,8;14,6;14,9;12,5;12,8;14,9;13,4;14,3;12,8;12,5;13,7;14,0;12,5;11,9;13,1;12,8;13,7;14,3;13,7;13,4;13,4;12,8;11,0;11,0;10,4;11,6;11,3;11,3;11,6;11,6;12,8;12,5;12,5;12,2;12,8;11,6;11,3;13,1;12,2;12,2;11,6;10,7;12,5;12,5;12,2;11,3;9,8;8,9;8,6;8,3;8,6;7,7;7,7;8,6;7,7;8,0;7,7;5,4;;;;
30/08/2024;8,0;7,4;7,7;7,7;7,7;7,4;8,0;7,7;7,4;8,0;7,7;7,7;8,0;7,4;8,0;7,4;7,7;7,7;7,4;7,7;7,7;7,4;7,7;8,6;8,3;8,6;8,6;9,5;10,1;13,4;13,7;14,0;15,2;14,9;14,0;14,3;15,5;15,8;14,0;13,7;12,5;12,2;13,4;13,1;13,7;14,6;13,7;12,8;14,9;14,6;14,0;14,0;14,6;11,9;16,1;13,4;13,4;12,2;11,6;14,6;12,8;13,4;12,8;14,0;15,2;14,3;14,0;14,3;14,0;16,1;14,9;16,4;16,4;15,5;13,7;14,0;14,6;13,1;11,9;11,9;11,3;12,2;11,9;11,0;8,9;8,3;8,0;8,3;7,4;8,0;8,0;7,4;8,0;7,1;7,4;5,7;;;;
31/08/2024;7,4;6,8;7,4;7,4;7,4;7,1;7,1;7,4;6,8;7,1;7,4;7,4;7,1;7,1;7,1;7,7;7,1;6,8;7,7;7,1;7,4;7,7;7,4;7,4;7,7;7,7;7,7;9,2;9,2;12,2;14,6;14,6;14,0;13,7;14,3;14,6;16,4;14,0;14,6;13,1;12,5;11,6;12,2;12,2;15,5;15,8;13,1;12,8;15,2;13,7;14,3;13,1;14,3;13,1;14,6;12,2;12,2;12,5;14,3;13,1;13,4;11,6;12,5;12,8;12,8;13,7;12,2;13,7;14,0;13,7;15,2;13,4;15,5;13,7;13,1;14,3;12,8;12,2;11,9;11,9;12,2;11,6;11,0;9,8;9,2;8,6;8,9;8,6;8,3;8,3;8,0;7,7;8,6;7,4;8,3;5,7;;;;
01/09/2024;1,14;1,2;1,14;1,2;1,08;1,08;1,14;1,08;1,08;1,14;1,08;1,2;1,08;1,08;1,14;1,08;1,08;1,14;1,08;1,14;1,14;1,08;1,08;1,2;1,08;1,32;1,32;1,38;1,74;2,28;2,28;2,4;2,22;2,46;2,58;2,34;2,52;2,4;2,16;2,34;2,22;2,58;2,64;2,64;2,04;2,4;2,34;3,06;2,58;2,04;2,28;2,46;2,1;2,28;2,28;2,4;2,16;2,16;1,92;2,04;2,22;2,22;2,4;2,52;2,34;2,34;2,16;2,34;2,46;2,64;2,52;2,82;3,0;2,34;2,4;2,4;2,4;2,16;1,86;2,1;1,92;2,04;1,86;1,56;1,5;1,32;1,44;1,32;1,32;1,26;1,26;1,32;1,2;1,2;1,32;6,0;;;;
02/09/2024;1,26;1,2;1,2;1,32;1,2;1,2;1,32;1,26;1,26;1,2;1,2;1,32;1,2;1,2;1,2;1,14;1,32;1,08;1,26;1,32;1,2;1,26;1,2;1,26;1,44;1,32;1,38;1,68;1,62;2,1;2,76;2,46;2,58;2,64;2,64;2,58;2,34;2,88;2,64;2,58;2,46;2,34;2,52;2,4;2,58;2,58;2,46;2,64;2,76;2,4;2,28;2,28;2,28;2,22;2,52;2,46;2,4;2,52;2,52;2,04;2,52;2,34;2,34;2,16;2,34;2,28;2,34;2,1;2,34;2,82;2,82;2,28;2,64;2,4;2,22;2,1;2,16;2,16;2,1;2,04;2,1;1,92;2,04;2,1;2,1;1,68;1,68;1,44;1,56;1,5;1,38;1,5;1,5;1,38;1,38;7,2;;;;
03/09/2024;1,44;1,26;1,32;1,38;1,26;1,44;1,32;1,38;1,38;1,44;1,38;1,44;1,38;1,26;1,38;1,26;1,56;1,38;1,38;1,32;1,32;1,32;1,38;1,38;1,32;1,32;1,32;1,5;1,74;2,16;2,58;2,34;2,52;2,52;2,58;2,64;2,46;2,46;2,34;2,4;2,1;2,22;2,46;2,46;2,58;2,28;2,58;2,52;2,76;2,28;2,52;2,46;2,46;2,4;2,46;2,34;1,86;2,1;2,1;2,7;2,34;2,46;2,4;2,16;2,34;2,46;2,4;2,7;2,52;2,52;2,46;2,46;2,4;2,1;2,04;2,28;2,16;2,16;2,16;1,98;2,04;2,04;1,92;1,62;1,5;1,44;1,26;1,32;1,2;1,14;1,14;1,08;1,14;1,2;1,14;5,7;;;;
04/09/2024;1,02;1,08;1,14;1,02;1,02;1,2;1,02;1,08;1,08;1,02;1,14;1,02;1,02;1,14;1,02;1,02;1,08;0,96;1,08;1,02;1,08;1,14;1,14;1,08;1,14;1,08;1,26;1,74;2,1;2,34;2,22;2,28;2,52;2,46;2,34;2,22;2,4;2,34;2,7;2,52;2,4;2,16;2,22;2,28;2,28;2,88;2,58;2,34;2,52;2,04;1,86;1,92;2,28;2,7;2,4;2,28;2,1;2,64;2,28;2,46;2,4;1,98;2,28;2,28;2,34;2,16;2,46;2,28;2,58;2,52;2,34;2,52;2,34;2,28;2,04;1,92;2,28;2,46;2,34;2,34;2,16;2,16;2,16;1,86;1,68;1,32;1,32;1,32;1,26;1,32;1,2;1,14;1,32;1,2;1,14;6,3;;;;
05/09/2024;1,14;1,2;1,14;1,08;1,2;1,14;1,14;1,2;1,08;1,2;1,14;1,08;1,26;1,08;1,14;1,26;1,14;1,14;1,14;1,14;1,14;1,14;1,14;1,2;1,14;1,5;1,62;1,74;2,1;2,34;2,22;2,52;2,28;2,4;2,4;2,46;2,46;3,06;2,46;2,52;2,28;2,1;2,52;2,52;2,4;2,82;2,34;2,88;2,46;2,46;2,1;2,58;2,52;2,64;2,88;2,7;2,52;2,7;2,58;2,1;1,98;1,92;2,22;2,1;2,46;2,28;2,1;2,1;2,22;2,46;2,46;2,4;2,4;2,64;2,34;2,16;2,04;1,98;2,04;2,04;1,86;1,98;2,04;1,86;1,74;1,44;1,26;1,14;1,2;1,08;1,2;1,2;1,08;1,14;1,08;6,3;;;;
06/09/2024;1,08;1,08;1,2;1,14;1,14;1,02;1,02;1,2;1,08;1,02;1,14;1,08;1,14;1,02;1,08;1,08;1,08;1,14;1,08;1,08;1,14;1,02;1,2;1,14;1,14;1,14;1,26;1,5;1,68;2,22;2,52;2,46;2,58;2,52;2,52;2,46;2,76;2,64;2,52;2,76;2,34;2,04;2,46;2,28;2,46;2,28;2,04;1,98;2,28;2,46;2,1;2,52;2,28;2,1;2,46;2,94;2,58;2,58;2,46;2,64;2,52;2,28;2,16;2,22;2,22;2,58;2,58;2,76;2,82;3,12;2,94;2,7;3,3;2,7;2,58;2,58;2,76;2,46;2,34;2,46;2,4;2,7;2,28;2,4;2,04;1,86;1,74;1,68;1,92;1,68;1,74;1,62;1,62;1,74;1,62;8,1;;;;
07/09/2024;1,62;1,56;1,62;1,56;1,5;1,68;1,5;1,62;1,56;1,5;1,44;1,38;1,38;1,5;1,32;1,44;1,38;1,32;1,5;1,32;1,32;1,38;1,32;1,5;1,44;1,5;1,5;1,74;1,98;2,04;2,4;2,52;2,7;2,82;2,88;2,7;2,94;2,88;2,7;2,4;2,52;2,52;2,46;2,52;2,4;2,34;2,88;2,58;2,52;2,7;2,58;2,64;2,34;2,34;2,88;2,16;2,04;2,16;2,28;2,28;2,16;2,28;2,22;2,22;2,28;2,4;2,22;2,46;2,64;2,64;2,52;2,64;2,46;2,58;2,52;2,58;2,52;2,46;2,52;2,52;2,4;2,34;2,58;2,46;1,92;1,8;1,62;1,74;1,56;1,62;1,56;1,62;1,56;1,56;1,56;8,1;;;;
08/09/2024;1,5;1,62;1,44;1,44;1,32;1,56;1,32;1,38;1,32;1,38;1,26;1,38;1,32;1,38;1,26;1,38;1,26;1,38;1,2;1,38;1,32;1,38;1,26;1,44;1,38;1,5;1,44;1,62;1,68;2,22;2,58;2,88;2,94;2,7;2,58;2,34;2,76;3,18;2,52;2,58;2,46;2,64;2,7;2,34;2,4;2,52;2,4;2,4;2,28;2,34;2,46;2,4;2,4;2,4;2,52;2,28;2,46;2,64;2,46;2,22;2,04;2,1;2,22;2,22;2,52;2,1;2,16;2,46;2,52;2,76;2,58;2,58;2,58;2,52;2,58;2,52;2,58;2,46;2,58;2,46;2,52;2,4;2,04;2,1;1,86;1,68;1,68;1,74;1,68;1,56;1,68;1,56;1,56;1,56;1,44;7,2;;;;
09/09/2024;1,38;1,32;1,38;1,38;1,26;1,44;1,32;1,32;1,38;1,32;1,44;1,32;1,32;1,44;1,32;1,26;1,44;1,26;1,26;1,38;1,32;1,32;1,44;1,26;1,38;1,56;1,56;1,68;1,8;2,22;2,88;2,7;2,94;2,94;2,94;2,82;2,88;3,24;2,52;2,7;2,94;2,94;2,22;2,34;2,4;2,7;2,22;2,58;2,52;2,4;2,52;2,34;2,34;2,4;2,52;2,46;2,28;2,76;2,94;2,46;2,22;2,04;1,92;1,98;1,98;2,04;2,04;2,16;2,16;2,4;2,16;2,34;2,58;2,04;2,16;2,22;2,04;2,16;1,92;2,34;1,92;1,98;1,92;1,74;1,62;1,44;1,44;1,5;1,2;1,26;1,26;1,14;1,26;1,68;1,56;6,3;;;;
10/09/2024;1,14;1,14;1,14;1,14;1,14;1,14;1,14;1,14;1,08;1,14;1,14;1,14;1,08;1,2;1,02;1,14;1,14;1,14;1,2;1,08;1,2;1,2;1,2;1,2;1,44;1,26;1,32;1,5;1,56;1,92;3,0;2,7;2,7;2,52;2,52;2,52;2,52;2,4;2,52;2,34;3,12;2,64;2,4;2,34;2,46;2,76;2,7;2,34;2,22;2,4;2,34;2,28;2,22;2,04;2,52;2,1;2,16;2,04;2,52;2,04;2,22;2,4;2,16;2,4;2,04;2,16;1,86;2,1;2,58;2,4;2,34;2,04;2,28;2,22;2,04;2,04;2,22;2,22;2,04;1,98;2,04;1,8;1,98;1,92;1,56;1,44;1,38;1,32;1,38;1,2;1,32;1,2;1,2;1,26;1,14;6,0;;;;
11/09/2024;1,2;1,14;1,26;1,14;1,08;1,2;1,08;1,08;1,2;1,08;1,14;1,2;1,08;1,14;1,14;1,08;1,2;1,08;1,08;1,08;0,96;1,02;1,14;1,08;1,08;1,2;1,14;1,56;1,56;1,62;1,8;1,98;2,28;2,58;2,52;2,46;2,64;2,16;2,64;2,52;2,46;2,22;2,76;2,28;2,34;2,46;2,4;2,28;3,0;2,4;2,1;1,8;2,16;2,22;2,58;2,58;2,64;2,46;2,34;2,52;2,1;2,04;2,28;1,98;1,98;2,22;1,98;2,16;2,22;2,46;2,4;2,34;2,52;2,28;2,16;2,16;2,28;2,34;2,22;2,16;2,16;2,16;1,92;1,62;1,44;1,32;1,38;1,14;1,26;1,14;1,2;1,2;1,14;1,2;1,14;5,7;;;;
12/09/2024;1,26;1,08;1,14;1,2;1,08;1,2;1,08;1,14;1,26;1,2;1,2;1,32;1,2;1,26;1,2;1,2;1,32;1,26;1,2;1,26;1,14;1,2;1,32;1,2;1,26;1,26;1,38;1,56;1,74;1,92;2,64;2,46;2,46;2,46;2,52;2,64;2,7;2,82;3,0;2,34;2,64;2,4;2,34;2,4;2,64;2,52;2,88;2,22;2,52;2,52;1,98;2,1;2,04;2,16;2,04;1,92;1,92;2,04;2,1;2,22;2,22;1,98;2,16;2,28;2,16;2,04;2,34;2,22;2,4;3,12;2,94;2,88;2,64;2,88;2,64;2,7;2,52;2,34;2,52;2,34;2,34;2,4;2,34;1,74;1,86;1,68;1,68;1,62;1,5;1,5;1,56;1,44;1,56;1,5;1,44;7,5;;;;
13/09/2024;1,5;1,5;1,38;1,32;1,32;1,32;1,26;1,38;1,26;1,38;1,32;1,26;1,38;1,32;1,38;1,32;1,38;1,38;1,26;1,38;1,32;1,26;1,38;1,26;1,5;1,38;1,44;1,56;2,34;2,28;2,7;2,64;2,82;2,76;2,82;2,88;3,0;2,76;2,88;2,76;3,06;2,88;2,76;2,76;2,28;2,46;2,7;2,7;3,12;2,52;2,64;2,64;2,76;2,82;2,94;2,7;2,46;2,58;2,7;2,58;2,46;2,52;2,58;2,58;3,0;2,88;3,12;2,7;3,3;3,24;3,0;3,36;2,94;2,76;3,0;2,7;2,7;2,7;2,52;2,64;2,64;2,4;2,28;2,16;2,04;1,92;1,68;1,8;1,74;1,74;1,74;1,56;1,74;1,68;1,56;9,0;;;;
14/09/2024;1,62;1,74;1,68;1,62;1,74;1,56;1,74;1,68;1,62;1,68;1,56;1,68;1,62;1,62;1,62;1,62;1,68;1,68;1,56;1,68;1,56;1,62;1,62;1,56;1,68;1,68;1,74;2,46;2,4;2,82;2,64;2,58;2,64;2,7;2,76;2,7;2,64;2,64;2,88;2,64;3,0;2,64;2,7;2,52;2,94;3,0;3,06;3,06;3,42;3,0;2,76;2,76;2,58;2,28;2,64;2,28;2,4;2,34;2,46;2,76;2,52;2,34;2,28;2,34;2,46;2,46;2,28;2,22;2,22;2,58;2,4;2,34;2,64;2,64;2,16;2,16;2,28;2,4;2,28;2,4;2,22;2,22;2,16;2,46;2,28;1,68;1,62;1,56;1,56;1,5;1,56;1,44;1,5;1,56;1,5;7,8;;;;
15/09/2024;1,5;1,5;1,44;1,44;1,44;1,5;1,32;1,44;1,44;1,38;1,5;1,38;1,44;1,44;1,5;1,38;1,56;1,38;1,56;1,44;1,44;1,44;1,44;1,56;1,32;1,8;1,86;1,98;1,5;2,34;3,12;2,76;2,88;3,12;2,82;2,82;2,64;3,0;3,0;3,06;2,94;2,76;2,58;2,58;2,64;2,64;2,58;2,58;2,76;2,22;2,64;2,64;2,58;2,4;2,4;2,28;2,58;2,76;2,7;2,52;2,22;2,34;2,28;2,4;2,64;2,4;2,22;2,28;2,46;2,64;2,4;2,58;2,64;2,16;2,22;2,28;2,34;2,34;2,1;2,1;2,28;2,16;2,1;2,16;1,5;1,38;1,38;1,26;1,38;1,2;1,32;1,26;1,26;1,26;1,26;6,6;;;;
16/09/2024;1,26;1,2;1,26;1,2;1,2;1,2;1,2;1,14;1,14;1,2;1,2;1,2;1,14;1,14;1,26;1,2;1,26;1,2;1,2;1,2;1,2;1,2;1,2;1,2;1,38;1,26;1,26;1,56;2,04;2,64;2,88;2,7;2,64;2,76;2,88;2,82;3,24;2,64;2,94;2,94;3,06;2,58;2,52;2,58;2,64;2,88;3,12;2,7;2,76;2,58;2,64;2,34;2,34;2,4;2,52;2,52;2,28;2,64;2,52;2,88;2,4;2,34;2,16;2,1;2,16;2,16;2,4;2,34;2,22;2,4;2,52;2,58;2,46;2,22;2,28;2,28;2,34;2,22;2,16;1,98;2,28;1,92;1,8;1,8;1,38;1,26;1,26;1,2;1,26;1,2;1,32;1,14;1,14;1,26;1,2;6,0;;;;
17/09/2024;1,14;1,2;1,2;1,08;1,2;1,08;1,14;1,14;1,08;1,2;1,14;1,08;1,2;1,2;1,2;1,14;1,14;1,26;1,14;1,14;1,26;1,14;1,2;1,2;1,2;1,2;1,2;1,38;1,8;2,22;2,34;2,58;2,82;2,58;2,46;2,34;2,52;2,52;2,7;2,7;2,58;2,88;2,64;2,4;2,4;2,46;2,94;2,76;2,58;2,4;2,46;2,34;2,28;2,34;2,4;2,46;2,16;2,46;2,04;2,64;2,1;2,28;2,04;2,28;2,28;2,52;2,4;2,1;2,34;2,64;2,64;2,34;2,7;2,04;2,34;2,34;2,34;2,1;2,1;1,98;2,16;1,92;1,74;1,5;1,56;1,32;1,26;1,26;1,2;1,2;1,08;1,2;1,14;1,14;1,14;5,7;;;;
18/09/2024;1,2;1,14;1,2;1,08;1,2;1,02;1,14;1,14;1,08;1,14;1,08;1,14;1,08;1,08;1,14;1,14;1,14;1,02;1,08;1,2;1,14;1,2;1,08;1,2;1,14;1,2;1,38;1,56;1,86;2,04;2,46;2,4;2,34;2,28;2,4;2,46;2,58;2,52;2,46;2,52;2,88;2,52;2,04;2,52;2,46;2,28;2,22;2,28;2,64;2,46;2,4;2,04;1,92;2,46;2,82;2,4;2,46;2,22;2,1;2,1;2,16;2,16;1,92;2,16;2,04;2,22;2,28;2,1;1,86;2,22;2,04;2,16;2,04;2,1;1,98;2,34;2,16;2,1;2,04;1,92;1,98;1,92;2,1;1,56;1,5;1,2;1,14;1,2;1,14;1,14;1,08;1,14;0,96;1,02;1,14;5,1;;;;
19/09/2024;1,08;1,02;1,14;1,08;1,02;1,14;1,02;1,2;1,02;1,08;1,02;1,02;1,08;1,02;1,14;1,02;1,14;0,96;1,08;1,08;0,96;1,14;1,14;1,14;1,14;1,2;1,38;1,26;1,98;2,16;2,28;2,82;2,52;2,52;3,0;2,88;2,76;2,58;2,58;2,52;2,52;2,4;3,0;2,58;2,52;2,22;2,4;2,76;2,4;2,1;2,1;2,28;2,34;2,64;3,12;2,82;2,58;2,46;2,52;2,22;2,04;2,22;2,16;2,04;1,86;1,68;1,98;1,86;1,86;2,28;2,28;2,4;2,04;2,04;2,04;2,16;1,92;2,1;2,04;1,92;1,86;1,86;2,16;1,74;1,38;1,44;1,26;1,2;1,2;1,14;1,14;1,14;1,02;1,08;1,14;5,4;;;;
20/09/2024;1,02;1,2;1,08;1,02;1,2;1,08;1,08;1,08;1,08;1,08;1,08;1,08;1,02;1,08;1,08;1,08;1,08;1,02;1,14;1,02;1,02;1,08;1,2;1,08;1,14;1,26;1,26;1,62;1,8;2,76;2,34;2,34;2,34;2,28;2,76;2,52;2,88;2,04;2,76;2,58;2,34;1,86;2,22;2,4;2,46;2,94;2,1;2,28;2,34;2,28;2,46;2,34;2,04;2,1;2,16;1,92;1,92;1,8;2,28;2,64;2,58;2,22;1,98;2,04;1,98;1,92;2,04;1,92;2,34;2,16;2,28;1,92;2,22;1,92;1,92;2,04;1,86;2,22;2,04;1,92;2,04;1,62;1,68;1,62;1,5;1,2;1,26;1,32;1,2;1,08;1,2;1,14;1,08;1,08;1,2;5,7;;;;
21/09/2024;1,08;1,08;1,08;1,08;1,08;1,14;1,08;1,08;1,14;1,14;1,08;1,08;1,14;1,02;1,02;1,08;1,14;1,02;1,08;1,08;1,08;1,08;1,08;1,2;1,2;1,32;1,38;1,44;1,68;2,04;2,7;2,34;2,52;2,46;2,76;2,4;3,0;2,94;2,76;2,76;2,58;2,58;2,64;2,46;2,28;2,52;2,64;2,28;2,4;2,04;2,04;2,46;2,34;2,16;2,22;2,22;2,04;1,86;1,98;2,04;2,28;2,64;2,34;2,58;2,28;2,28;2,22;2,1;2,04;2,4;2,28;2,16;2,28;2,16;1,8;1,92;2,22;2,04;2,04;2,16;2,1;1,74;1,62;1,68;1,32;1,2;1,2;1,2;1,2;1,14;1,26;1,08;1,14;1,2;1,08;5,1;;;;
22/09/2024;1,2;1,14;1,08;1,08;1,26;1,08;1,08;1,08;1,2;1,08;1,14;1,2;1,08;1,08;1,08;1,14;1,14;1,08;1,14;1,14;1,14;1,08;1,2;1,08;1,14;1,44;1,86;1,86;2,34;2,34;2,4;2,4;2,82;3,06;2,94;2,82;3,0;2,94;2,52;2,64;2,46;2,16;2,28;2,52;2,82;2,88;2,22;2,46;2,52;2,58;2,16;2,16;2,04;3,12;3,12;3,0;2,76;2,28;2,22;2,16;1,8;1,86;1,68;1,74;1,74;1,74;1,8;1,68;2,22;2,46;2,58;1,98;2,4;2,22;2,1;2,64;2,04;2,1;2,4;2,1;1,92;1,68;1,98;1,92;1,74;1,26;1,2;1,14;1,2;1,2;1,08;1,08;1,2;1,08;1,08;5,7;;;;
23/09/2024;1,08;1,02;1,02;1,08;1,02;1,08;1,14;1,02;1,02;1,08;1,02;1,08;1,02;1,14;1,02;1,08;1,14;1,08;1,08;1,08;1,08;1,02;1,02;1,14;1,2;1,14;1,2;1,44;1,74;2,1;2,64;3,0;2,82;2,52;2,34;2,52;2,4;2,58;2,28;2,64;2,52;2,64;2,46;2,58;3,0;3,12;2,52;2,46;2,52;2,46;2,4;2,76;2,46;2,76;2,04;1,62;1,92;2,16;1,98;2,04;2,1;1,86;1,92;2,16;2,1;1,86;2,04;2,04;2,28;2,16;1,98;2,04;1,86;1,86;1,86;1,92;2,04;2,16;2,04;1,8;1,98;1,8;1,86;1,62;1,38;1,26;1,2;1,32;1,14;1,2;1,14;1,08;1,14;1,14;1,14;5,399;;;;
24/09/2024;1,08;1,2;1,08;1,08;1,08;1,14;1,08;1,14;1,14;1,02;1,08;1,08;1,2;1,02;1,14;1,14;1,08;1,14;1,02;1,2;1,08;1,14;1,14;1,14;1,32;1,14;1,38;1,32;1,86;2,4;2,7;2,4;2,28;2,64;2,46;2,1;2,16;2,22;2,7;2,16;2,28;2,64;2,16;1,98;2,58;2,7;3,12;2,28;2,22;2,04;1,92;1,8;1,8;1,8;2,16;2,16;1,98;1,74;2,1;2,16;2,46;2,52;2,28;2,1;2,28;2,28;2,1;1,98;1,98;2,28;2,04;2,04;2,28;2,04;1,8;1,92;1,92;2,28;2,16;2,04;1,8;1,74;2,04;2,04;1,38;1,32;1,2;1,08;1,2;1,14;1,14;1,14;1,14;1,08;1,14;6,0;;;;
25/09/2024;1,14;1,08;1,14;1,08;1,02;1,14;1,08;1,02;1,08;1,14;1,08;1,02;1,2;1,08;1,08;1,08;1,08;1,08;1,08;1,14;1,14;1,08;1,14;1,08;1,14;1,32;1,2;1,44;1,98;2,22;2,16;2,46;2,88;2,82;2,58;2,64;3,0;2,58;2,16;2,46;2,34;2,58;2,28;2,1;2,7;3,3;2,76;2,88;2,1;2,04;2,34;1,98;2,4;2,28;2,34;3,0;2,64;2,4;2,58;2,46;2,64;2,16;1,8;1,92;2,1;2,46;1,98;2,04;2,22;2,22;2,04;2,34;2,16;1,92;1,92;2,1;2,1;1,92;2,1;1,92;1,98;1,92;1,38;1,38;1,62;1,2;1,14;1,32;1,08;1,08;1,02;1,14;1,08;1,08;1,14;5,4;;;;
26/09/2024;1,14;1,14;1,02;1,08;1,14;1,08;1,08;1,14;1,14;1,02;1,08;1,14;1,02;1,08;1,08;1,08;1,08;1,14;1,02;1,08;1,08;1,08;1,02;1,14;1,2;1,14;1,32;1,62;1,56;1,8;2,28;2,76;2,88;2,52;2,52;2,7;2,46;2,4;2,46;2,7;2,64;2,58;2,46;2,4;2,58;2,58;2,4;2,76;2,64;2,22;1,86;2,16;2,16;2,52;3,0;2,58;2,52;2,58;2,16;2,28;1,92;1,8;1,68;2,16;2,16;2,22;2,04;1,92;2,04;2,16;2,16;2,1;1,86;2,04;1,98;2,04;1,98;1,92;2,1;2,1;1,92;1,56;1,74;1,56;1,2;1,32;1,14;1,14;1,14;1,14;1,08;1,08;1,08;1,02;1,08;5,1;;;;
27/09/2024;1,08;1,02;1,14;1,02;1,02;1,14;1,02;1,08;1,14;1,02;1,08;1,08;1,08;1,02;1,02;1,08;1,02;1,02;1,14;1,02;1,02;1,14;1,08;1,08;1,2;1,08;1,32;1,44;1,92;2,4;2,64;2,52;2,58;2,34;3,36;3,0;2,4;2,76;2,64;2,28;2,76;2,46;2,34;2,28;2,58;3,0;2,7;2,16;2,52;2,4;2,82;2,46;2,16;2,64;2,4;2,16;2,52;2,64;2,34;2,58;2,16;2,46;2,34;2,28;1,98;2,22;1,98;2,04;1,98;2,1;2,46;2,16;2,64;2,34;2,1;2,04;2,04;2,28;1,92;1,92;2,16;1,92;1,8;1,62;1,26;1,14;1,26;1,14;1,14;1,14;1,08;1,02;1,14;1,08;1,02;6,0;;;;
28/09/2024;1,08;1,08;1,08;1,14;1,08;1,08;1,14;1,08;1,08;1,02;1,08;1,02;1,14;1,02;1,02;1,08;1,02;1,02;1,08;1,14;0,96;1,02;1,08;1,14;1,08;1,2;1,32;1,5;1,86;2,34;2,4;2,34;2,52;2,76;2,34;2,4;2,22;2,76;2,52;2,46;2,64;2,58;2,76;2,94;2,46;2,1;2,7;2,46;3,36;2,34;2,16;2,22;2,04;2,04;2,76;1,92;1,68;1,92;1,86;2,46;2,04;2,52;2,22;1,86;2,04;2,1;1,8;1,8;2,34;2,58;2,52;2,16;2,4;1,98;2,34;2,16;2,1;2,22;2,64;2,4;2,04;1,8;1,8;1,5;1,26;1,2;1,26;1,14;1,14;1,2;1,14;1,08;1,14;1,14;1,08;6,0;;;;
29/09/2024;1,08;1,14;1,2;1,14;1,14;1,2;1,14;1,08;1,14;1,08;1,08;1,2;1,08;1,08;1,14;1,08;1,14;1,2;1,02;1,08;1,2;1,08;1,14;1,14;1,26;1,26;1,38;1,44;1,56;1,92;2,4;2,58;2,64;2,76;2,88;2,88;2,76;2,52;2,76;2,28;2,16;2,4;2,52;2,46;2,22;2,52;2,64;2,64;2,64;2,1;2,34;2,16;2,88;2,28;2,34;2,16;2,52;1,98;2,04;2,4;2,76;2,16;1,86;1,98;1,8;1,98;2,04;2,1;1,92;2,52;2,82;2,46;2,46;2,1;1,92;2,34;2,1;2,1;2,04;2,04;2,16;1,62;1,44;1,68;1,32;1,26;1,26;1,26;1,14;1,14;1,08;1,14;1,2;1,08;1,14;5,7;;;;
30/09/2024;1,08;1,14;1,02;1,08;1,08;1,02;1,08;1,14;1,02;1,02;1,08;1,02;0,96;1,14;1,02;1,02;1,08;1,08;1,02;1,08;1,08;1,08;1,08;1,26;1,08;1,2;1,44;1,92;2,04;2,4;2,58;2,64;3,0;2,64;2,16;2,34;2,28;2,28;2,28;2,28;2,28;2,64;2,22;2,1;2,46;2,7;2,94;2,82;2,4;2,58;2,46;2,46;2,88;2,28;2,4;2,22;2,04;2,52;2,4;1,92;1,98;1,98;1,98;2,16;2,16;2,04;1,86;2,04;1,92;2,1;2,22;2,34;2,16;1,86;1,8;1,98;2,16;2,1;2,1;1,98;1,98;2,1;1,68;1,56;1,38;1,5;1,26;1,2;1,08;1,14;1,08;1,02;1,08;1,02;1,02;5,4;;;;
01/10/2024;1,02;1,02;1,08;1,14;1,08;1,02;1,08;1,02;1,08;1,08;0,96;1,08;1,02;1,14;0,96;1,02;1,08;1,02;0,96;0,96;1,02;1,02;0,96;1,08;1,08;1,14;1,32;1,32;1,86;2,34;2,34;2,4;2,58;2,22;2,22;2,64;2,28;2,64;2,64;2,16;2,46;2,52;2,04;2,1;2,46;2,88;2,76;2,58;2,46;2,16;2,46;2,7;3,12;2,82;2,34;2,4;2,28;2,1;2,04;2,52;2,4;1,98;1,92;1,98;2,82;2,4;1,86;2,28;1,86;1,8;2,22;2,1;2,28;1,86;1,86;1,92;1,92;1,92;1,98;1,98;2,04;1,92;1,62;1,62;1,56;1,32;1,08;1,2;1,08;1,08;1,08;1,02;1,02;1,08;1,02;5,1;;;;
02/10/2024;1,02;1,08;1,02;1,02;1,08;1,02;0,96;1,02;1,08;0,96;0,96;1,14;0,96;0,96;1,08;1,02;1,02;0,96;1,08;1,02;1,02;1,14;1,02;1,2;1,2;1,2;1,26;1,32;1,62;2,04;2,4;2,4;2,28;2,28;2,28;2,22;2,04;2,1;2,76;2,4;2,22;2,04;2,16;2,34;2,46;2,52;2,7;2,64;2,58;1,98;2,16;2,22;2,82;2,28;2,16;2,4;2,52;2,22;2,46;2,16;2,16;2,4;1,92;1,74;1,74;1,74;1,74;1,68;1,68;1,56;1,8;1,98;2,28;1,86;1,86;2,1;1,92;2,1;1,98;1,98;2,1;2,04;1,56;1,62;1,38;1,56;1,2;1,2;1,2;1,08;1,14;1,14;1,02;1,08;1,08;5,4;;;;
03/10/2024;1,02;1,08;1,2;1,02;1,02;1,2;1,02;1,02;1,02;1,14;0,96;1,08;1,08;1,08;0,96;1,08;1,14;1,08;0,96;1,08;1,08;1,14;1,08;1,14;1,08;1,08;1,2;1,32;1,8;2,22;2,34;2,22;2,52;2,4;2,28;2,28;2,16;2,4;2,64;3,0;2,4;2,28;2,4;2,64;2,88;2,34;2,46;2,64;2,34;2,22;1,86;1,98;2,28;2,4;2,46;2,82;2,7;2,52;2,28;2,58;2,34;1,98;1,68;2,28;2,4;1,74;1,86;1,8;1,86;1,8;2,16;2,22;2,28;1,86;2,1;2,1;2,04;1,86;2,04;1,92;2,04;1,56;1,68;1,5;1,32;1,2;1,14;1,08;0,96;1,02;1,02;1,02;1,02;1,08;0,96;4,8;;;;
04/10/2024;1,02;0,96;1,02;0,96;0,96;0,96;0,9;1,02;0,9;0,96;0,96;0,96;0,96;0,96;1,02;0,9;0,9;1,08;0,9;0,9;1,02;0,96;1,02;1,02;1,08;1,2;1,2;1,38;1,5;2,1;2,52;2,64;2,76;2,76;2,94;2,4;2,58;2,58;2,76;2,46;2,28;2,4;2,82;3,0;2,94;2,76;2,82;2,82;2,82;2,46;2,88;2,64;3,18;2,52;2,64;2,04;2,52;2,28;2,34;2,04;2,28;2,04;2,1;2,52;2,1;2,16;2,22;2,22;2,22;2,58;2,4;2,28;2,64;2,22;2,28;2,22;2,22;2,16;2,1;2,16;1,86;1,74;1,62;1,38;1,5;1,32;1,14;1,08;1,08;1,14;1,02;1,08;1,08;1,08;1,02;5,1;;;;
05/10/2024;1,02;1,02;1,02;1,02;0,96;1,02;1,08;1,02;1,02;1,02;1,08;1,02;1,02;1,14;1,02;1,02;1,08;1,08;1,02;1,02;1,02;1,02;0,96;1,14;1,08;1,14;1,32;1,86;2,58;2,76;2,52;2,58;2,76;2,52;2,76;2,7;2,94;2,7;2,7;2,52;2,64;2,88;2,58;2,64;2,58;3,24;3,18;2,64;2,76;2,7;2,46;2,88;3,06;2,64;2,52;2,04;2,64;2,52;2,52;2,64;2,4;2,16;2,16;2,4;2,22;2,22;2,34;2,1;2,22;2,64;2,46;2,4;3,06;2,58;2,16;2,82;2,94;2,46;2,34;2,34;2,1;2,16;2,04;1,38;1,68;1,62;1,2;1,32;1,32;1,2;1,2;1,2;1,2;1,08;1,2;6,0;;;;
06/10/2024;1,14;1,08;1,2;1,14;1,14;1,14;1,14;1,14;1,2;1,08;1,14;1,08;1,14;1,14;1,08;1,2;1,08;1,14;1,2;1,08;1,08;1,2;1,08;1,14;1,26;1,32;1,44;1,38;1,74;2,16;2,94;2,82;2,64;2,58;2,7;2,52;2,88;2,76;2,64;2,52;2,88;3,36;2,88;2,52;2,64;3,12;2,64;2,46;2,58;2,7;2,94;2,28;2,82;2,28;2,34;2,4;2,64;2,88;2,52;2,28;2,04;2,04;2,04;2,7;2,58;2,22;1,98;2,1;2,1;2,34;2,34;2,22;2,46;2,28;2,16;2,16;2,16;2,1;2,04;2,04;1,92;1,98;2,1;1,62;1,62;1,5;1,2;1,2;1,26;1,14;1,14;1,14;1,26;1,14;1,08;6,0;;;;
07/10/2024;1,08;1,08;1,08;1,14;1,08;1,08;1,14;1,08;1,08;1,08;1,14;1,08;1,08;1,14;1,2;1,14;1,14;1,2;1,08;1,08;1,02;1,2;1,08;1,08;1,2;1,44;1,26;1,38;1,8;2,16;2,58;2,76;2,88;2,64;2,7;3,06;3,18;2,82;2,46;2,64;2,88;2,34;2,76;2,88;3,0;2,76;2,46;2,34;2,76;2,7;2,64;2,7;3,12;2,52;2,7;2,58;2,7;2,58;2,64;2,52;2,94;2,52;2,64;2,4;2,46;2,46;2,34;2,52;2,46;2,82;2,7;2,58;2,64;2,46;2,34;2,28;2,28;2,28;2,22;2,22;2,28;1,92;1,68;1,68;2,16;1,68;1,32;1,44;1,2;1,2;1,26;1,32;1,14;1,14;1,32;5,7;;;;
08/10/2024;1,2;1,14;1,26;1,14;1,14;1,2;1,2;1,2;1,2;1,2;1,14;1,14;1,2;1,2;1,08;1,14;1,2;1,14;1,2;1,2;1,26;1,26;1,2;1,44;1,56;1,44;1,5;1,86;1,68;2,46;3,12;2,82;2,64;2,52;2,64;2,7;2,58;2,76;2,82;2,46;2,58;2,46;2,58;2,94;3,06;2,7;2,94;2,34;2,7;3,12;2,94;2,82;3,06;2,4;2,22;2,16;2,82;2,76;2,64;3,0;2,52;2,22;2,28;1,98;2,16;2,22;2,4;2,22;2,1;2,46;2,16;2,28;2,46;2,22;1,86;1,92;2,22;2,22;2,1;2,04;2,16;2,4;2,16;1,86;1,98;1,56;1,5;1,38;1,26;1,32;1,32;1,26;1,2;1,32;1,2;6,0;;;;
09/10/2024;1,2;1,32;1,26;1,2;1,26;1,26;1,2;1,26;1,26;1,2;1,2;1,26;1,2;1,26;1,32;1,38;1,2;1,38;1,38;1,32;1,26;1,26;1,44;1,32;1,32;1,44;1,62;1,68;2,22;3,0;3,06;2,76;2,64;2,58;2,76;2,7;2,58;2,46;2,46;2,76;2,7;2,34;2,58;2,58;2,7;3,06;2,4;2,64;2,46;2,46;2,58;2,22;2,88;3,0;2,4;2,82;2,76;2,34;2,04;2,04;2,04;1,92;1,92;2,04;1,8;1,74;1,98;1,8;1,86;1,86;2,16;2,16;2,16;2,04;2,04;2,22;2,22;2,1;1,98;2,1;1,98;1,74;1,92;2,1;2,1;1,32;1,32;1,32;1,14;1,2;1,2;1,2;1,08;1,14;1,2;5,7;;;;
10/10/2024;1,08;1,08;1,26;1,14;1,08;1,14;1,14;1,08;1,08;1,2;1,14;1,14;1,08;1,2;1,08;1,08;1,08;1,2;1,14;1,08;1,14;1,2;1,26;1,26;1,32;1,32;1,32;1,56;1,56;2,1;2,64;2,58;2,52;2,28;2,64;2,46;2,52;2,82;2,82;2,52;2,34;2,46;2,76;2,82;2,46;2,7;2,58;2,7;3,0;2,1;2,22;2,76;2,88;2,7;2,82;2,16;2,22;2,04;2,04;2,16;1,86;1,8;1,8;1,8;1,86;1,8;1,98;1,86;1,98;2,22;1,98;2,1;1,98;2,46;2,1;2,28;1,92;2,1;1,98;1,86;2,04;1,86;1,74;2,04;2,4;1,62;1,38;1,38;1,26;1,26;1,2;1,5;1,44;1,26;1,26;6,3;;;;
11/10/2024;1,26;1,2;1,26;1,2;1,2;1,32;1,26;1,26;1,2;1,32;1,2;1,14;1,26;1,2;1,2;1,2;1,32;1,38;1,2;1,26;1,26;1,2;1,26;1,32;1,26;1,38;1,32;1,5;1,92;2,22;2,4;2,64;2,64;2,58;2,58;2,52;2,4;2,34;2,76;2,52;2,76;2,64;2,58;2,52;2,88;2,64;2,22;2,28;3,0;2,58;2,52;2,94;2,58;2,88;2,76;2,28;1,8;2,22;2,76;2,94;2,58;2,22;2,1;2,7;3,06;2,46;2,4;2,28;2,28;2,46;2,34;2,4;2,4;2,4;2,34;2,34;2,4;2,22;2,52;2,28;2,28;2,1;1,98;2,46;2,1;2,1;1,56;1,44;1,5;1,38;1,38;1,38;1,44;1,38;1,32;7,5;;;;
12/10/2024;1,44;1,38;1,38;1,44;1,32;1,32;1,5;1,38;1,44;1,44;1,44;1,5;1,38;1,44;1,32;1,44;1,38;1,32;1,32;1,38;1,32;1,32;1,32;1,26;1,44;1,38;1,38;2,04;2,1;2,52;2,52;2,64;2,64;2,7;2,88;2,58;2,58;2,76;2,7;2,76;2,28;2,34;2,94;3,06;2,94;2,52;2,4;2,52;2,88;2,76;2,76;2,64;2,52;2,64;2,7;2,52;2,34;2,34;1,98;1,98;2,04;2,1;2,04;2,1;2,34;2,04;2,04;2,16;2,1;2,46;2,4;2,28;2,4;2,22;2,1;2,4;2,22;2,16;2,34;2,28;1,92;1,56;1,8;2,22;2,1;1,62;1,38;1,5;1,5;1,32;1,2;1,32;1,2;1,2;1,26;6,0;;;;
13/10/2024;1,14;1,2;1,32;1,26;1,14;1,26;1,14;1,2;1,2;1,2;1,14;1,14;1,2;1,2;1,14;1,26;1,2;1,14;1,26;1,26;1,14;1,2;1,44;1,32;1,44;1,44;1,5;1,56;1,68;2,22;2,4;2,22;2,4;2,4;2,22;2,34;2,88;2,52;2,64;2,88;2,7;2,58;2,94;3,06;2,88;3,06;2,64;2,64;2,58;2,76;2,88;2,4;2,88;2,22;2,34;2,4;2,64;2,76;2,94;2,28;2,64;2,64;2,16;2,52;2,34;2,28;2,34;2,22;2,1;2,4;2,58;2,46;2,64;2,28;2,04;2,04;2,52;2,4;2,4;2,52;2,4;2,64;2,22;1,98;1,8;1,56;1,5;1,38;1,32;1,38;1,38;1,38;1,32;1,44;1,26;6,3;;;;
14/10/2024;1,5;1,2;1,26;1,26;1,38;1,2;1,26;1,32;1,26;1,26;1,32;1,32;1,2;1,26;1,26;1,2;1,2;1,32;1,2;1,26;1,26;1,38;1,32;1,32;1,5;1,44;1,38;1,62;1,74;2,4;2,82;3,12;3,06;2,88;2,94;2,46;2,46;2,88;2,52;2,76;2,52;2,7;2,7;2,52;2,94;2,82;2,82;3,12;2,46;2,82;3,0;2,4;2,16;2,22;2,1;2,16;2,52;2,58;2,4;2,52;2,82;2,46;2,22;2,22;2,4;2,16;2,16;2,52;2,4;2,52;2,64;2,52;2,52;2,4;2,1;2,28;2,28;2,28;2,16;2,04;2,04;2,28;1,98;1,86;1,56;1,38;1,38;1,44;1,32;1,26;1,32;1,26;1,32;1,26;1,2;6,6;;;;
15/10/2024;1,2;1,26;1,26;1,2;1,32;1,2;1,2;1,32;1,2;1,26;1,26;1,14;1,32;1,26;1,2;1,32;1,26;1,26;1,32;1,2;1,32;1,26;1,26;1,32;1,2;1,44;1,44;1,56;1,74;1,86;2,88;2,88;3,18;3,0;2,94;2,7;2,52;2,58;2,52;2,7;2,58;2,28;2,46;2,82;2,88;2,82;2,7;2,7;2,88;2,64;3,12;2,82;2,64;2,34;2,64;2,82;2,28;2,82;2,16;2,16;2,22;2,16;2,28;2,46;2,64;2,34;2,28;2,4;2,28;2,46;2,58;2,88;3,06;2,76;2,22;2,64;2,28;2,34;2,28;2,16;2,16;1,86;1,86;1,98;1,56;1,32;1,32;1,32;1,26;1,2;1,2;1,2;1,2;1,14;1,32;5,4;;;;
16/10/2024;1,2;1,2;1,2;1,14;1,14;1,2;1,14;1,2;1,2;1,2;1,14;1,14;1,32;1,26;1,32;1,38;1,14;1,14;1,2;1,26;1,26;1,2;1,38;1,32;1,32;1,44;1,5;1,62;2,28;2,34;2,52;2,76;3,0;3,24;3,36;2,94;2,58;2,58;2,28;2,7;2,52;2,34;2,16;2,82;2,7;2,76;2,64;2,82;2,94;2,7;2,52;2,76;2,7;2,58;2,46;2,64;3,0;2,64;2,64;2,46;2,16;1,92;1,86;2,04;1,92;1,98;1,98;1,92;1,86;2,28;2,22;2,16;2,28;2,1;1,98;2,46;2,22;2,1;2,22;2,16;2,16;1,92;1,86;1,86;1,56;1,5;1,38;1,38;1,38;1,32;1,2;1,44;1,26;1,38;1,32;6,3;;;;
17/10/2024;1,32;1,26;1,32;1,32;1,2;1,32;1,2;1,32;1,26;1,26;1,5;1,38;1,32;1,2;1,32;1,32;1,26;1,32;1,26;1,32;1,32;1,32;1,38;1,32;1,44;1,38;1,44;1,56;1,68;2,1;2,4;3,12;3,3;3,12;3,12;3,0;2,52;2,4;2,58;2,34;2,28;2,52;2,52;2,52;3,12;2,82;2,58;2,88;2,88;2,7;2,58;2,4;2,76;2,1;1,98;2,88;2,88;2,46;2,4;2,22;2,16;2,04;2,28;2,04;1,92;2,22;1,8;1,86;2,04;2,04;1,92;2,1;2,1;1,86;2,1;2,1;1,98;1,92;2,04;2,1;2,22;2,16;1,98;1,98;1,92;1,44;1,44;1,44;1,38;1,26;1,32;1,44;1,26;1,26;1,32;6,6;;;;
18/10/2024;1,26;1,32;1,26;1,32;1,38;1,44;1,38;1,38;1,44;1,38;1,32;1,38;1,44;1,38;1,32;1,44;1,32;1,26;1,26;1,32;1,26;1,2;1,26;1,32;1,32;1,5;1,5;1,92;2,16;2,52;2,7;2,76;2,88;3,12;3,0;3,0;2,58;2,58;2,76;2,7;2,76;2,52;2,28;2,52;2,82;3,0;2,46;2,76;2,64;3,0;2,88;3,12;3,0;2,34;1,98;2,7;3,12;2,64;2,76;2,58;2,16;2,22;2,4;2,22;2,04;2,16;2,16;2,22;2,1;2,4;2,28;2,4;2,52;2,34;2,1;2,46;2,34;2,16;2,28;2,04;2,22;2,16;1,86;1,8;1,74;1,38;1,26;1,38;1,32;1,2;1,2;1,32;1,2;1,14;1,32;6,3;;;;
19/10/2024;1,2;1,26;1,26;1,2;1,2;1,32;1,14;1,14;1,26;1,14;1,2;1,2;1,32;1,2;1,2;1,32;1,2;1,2;1,14;1,32;1,2;1,2;1,26;1,2;1,44;1,44;1,44;1,56;1,56;2,04;2,88;2,76;2,88;2,88;2,76;2,76;2,88;3,0;3,06;2,64;2,82;2,7;2,76;3,36;3,24;3,0;2,7;3,24;2,88;2,82;3,0;3,18;3,12;2,52;2,52;3,12;3,0;2,52;2,34;2,4;2,28;2,34;2,16;2,28;2,34;2,58;2,16;2,16;2,28;2,46;2,34;2,52;2,46;2,28;2,1;2,46;2,22;2,22;2,22;2,16;2,04;2,28;2,04;1,92;2,04;1,56;1,32;1,38;1,26;1,32;1,32;1,32;1,32;1,2;1,2;6,6;;;;
20/10/2024;1,26;1,26;1,2;1,32;1,26;1,32;1,26;1,26;1,2;1,26;1,26;1,2;1,26;1,2;1,26;1,2;1,26;1,26;1,2;1,2;1,2;1,38;1,2;1,44;1,32;1,38;1,44;1,5;1,68;1,92;2,28;2,88;2,64;2,4;2,52;2,94;3,18;3,12;3,18;3,24;2,58;3,0;3,18;3,18;3,12;2,88;3,18;2,82;3,24;3,0;3,06;2,94;2,76;2,52;2,34;2,94;3,0;2,4;2,4;2,58;2,52;2,7;3,0;2,82;2,52;2,52;2,46;2,46;2,46;2,76;2,58;2,64;2,76;2,28;2,1;2,52;2,28;2,28;2,16;2,28;2,16;2,22;2,22;2,1;1,92;1,5;1,5;1,38;1,32;1,44;1,32;1,26;1,26;1,32;1,26;6,3;;;;
21/10/2024;1,32;1,2;1,32;1,32;1,32;1,2;1,2;1,32;1,26;1,26;1,26;1,26;1,2;1,2;1,32;1,26;1,2;1,32;1,32;1,26;1,32;1,44;1,26;1,38;1,38;1,44;1,38;1,62;1,74;2,4;2,76;2,76;2,76;2,64;2,52;2,88;2,82;2,82;3,06;2,76;2,82;3,0;3,3;2,82;2,7;3,3;2,94;2,94;2,94;2,88;3,12;2,58;2,46;2,1;2,28;2,7;2,7;2,16;2,28;2,4;2,22;2,28;2,34;2,52;2,34;2,52;2,88;2,7;2,64;2,64;2,28;2,58;2,64;2,4;2,16;2,22;2,4;2,28;2,16;2,04;2,34;2,16;2,1;2,04;1,8;1,44;1,32;1,38;1,26;1,38;1,26;1,26;1,26;1,2;1,32;6,0;;;;
22/10/2024;1,2;1,38;1,14;1,2;1,26;1,32;1,2;1,26;1,26;1,26;1,14;1,14;1,32;1,2;1,2;1,26;1,2;1,2;1,14;1,32;1,2;1,2;1,26;1,44;1,26;1,38;1,5;1,56;2,1;2,16;2,88;2,94;3,18;2,94;3,3;2,82;2,82;2,76;3,18;2,4;2,4;2,88;2,94;2,94;2,76;2,64;2,76;2,64;3,3;2,76;2,58;2,64;2,76;2,76;2,82;2,88;2,7;2,28;2,58;2,4;2,28;2,1;2,1;2,34;2,34;2,22;2,52;2,22;1,92;2,16;2,34;2,4;2,46;2,28;2,34;2,28;2,28;2,28;2,28;2,04;2,22;1,92;1,74;1,74;1,56;1,38;1,38;1,38;1,32;1,26;1,32;1,26;1,2;1,26;1,26;6,3;;;;
23/10/2024;1,2;1,2;1,32;1,2;1,26;1,26;1,26;1,26;1,26;1,38;1,26;1,2;1,26;1,38;1,2;1,2;1,26;1,26;1,32;1,38;1,32;1,38;1,32;1,5;1,5;1,56;1,56;1,8;1,92;2,16;2,88;2,88;2,7;3,0;3,24;2,94;2,52;2,7;2,7;2,16;2,4;2,1;2,58;2,64;2,82;2,58;2,58;3,0;2,82;2,52;2,22;2,64;2,82;2,76;2,16;2,16;2,52;2,7;2,76;2,34;2,16;2,46;2,46;2,46;2,16;1,92;2,22;1,92;2,22;2,22;2,04;2,34;2,34;2,1;2,22;2,22;2,46;2,04;2,1;2,04;2,04;1,92;1,62;1,8;1,68;1,38;1,38;1,38;1,32;1,38;1,32;1,32;1,38;1,26;1,44;6,0;;;;
24/10/2024;1,32;1,32;1,38;1,32;1,26;1,44;1,2;1,2;1,2;1,32;1,14;1,2;1,14;1,32;1,2;1,2;1,26;1,14;1,26;1,26;1,32;1,2;1,32;1,32;1,38;1,38;1,44;1,68;2,22;2,58;2,76;2,76;2,64;2,46;2,7;3,06;2,94;3,18;2,7;2,52;2,28;2,4;2,76;2,52;2,76;2,76;2,16;2,1;2,46;2,58;2,52;2,1;2,28;2,4;2,4;2,52;2,4;2,04;1,8;2,28;2,4;1,98;1,8;2,04;1,92;1,92;2,16;2,16;1,98;2,22;2,04;2,34;2,4;2,28;2,22;2,22;1,98;2,1;2,16;2,04;2,04;1,98;1,8;1,98;2,16;1,86;1,62;1,38;1,26;1,32;1,26;1,38;1,44;1,26;1,2;6,0;;;;
25/10/2024;1,32;1,2;1,26;1,2;1,38;1,26;1,2;1,32;1,26;1,26;1,26;1,32;1,2;1,26;1,26;1,26;1,2;1,32;1,26;1,26;1,2;1,26;1,26;1,2;1,38;1,32;1,38;1,68;1,8;2,52;2,46;2,7;3,0;3,12;3,18;3,18;3,12;2,76;3,0;2,46;2,7;2,52;2,64;3,06;3,12;2,76;2,34;2,34;2,94;2,76;2,4;2,34;2,46;2,4;2,04;1,92;2,04;2,4;2,28;2,34;2,4;2,22;2,16;2,28;2,4;2,16;2,58;2,58;2,46;2,34;2,16;2,4;2,58;2,4;2,1;2,28;2,4;2,22;2,22;2,04;2,04;1,86;2,1;2,16;1,62;1,38;1,38;1,38;1,44;1,26;1,26;1,44;1,32;1,2;1,32;6,9;;;;
26/10/2024;1,26;1,2;1,26;1,32;1,26;1,26;1,26;1,38;1,26;1,26;1,26;1,32;1,2;1,2;1,2;1,38;1,2;1,2;1,2;1,32;1,14;1,2;1,2;1,38;1,5;1,44;1,56;1,92;2,22;2,58;2,76;2,76;3,24;3,18;3,06;2,82;2,64;2,64;2,7;2,88;2,88;2,88;2,88;2,88;3,06;3,18;2,76;2,4;2,82;2,94;2,28;2,82;3,3;3,06;2,76;2,46;3,06;2,94;2,46;2,52;2,22;2,22;2,1;2,16;2,1;2,04;1,98;2,28;2,46;2,4;1,98;2,28;2,16;2,1;2,46;2,16;1,98;1,98;1,98;1,86;2,04;1,98;1,98;1,92;2,04;1,8;1,68;1,8;1,68;1,62;1,38;1,38;1,26;1,38;1,26;6,6;;;;
27/10/2024;1,38;1,26;1,26;1,26;1,38;1,32;1,26;1,2;1,44;1,26;1,26;1,32;1,44;1,32;1,26;1,38;1,32;1,26;1,26;1,44;1,26;1,32;1,32;1,5;1,32;1,32;1,38;1,62;1,68;2,28;2,82;2,82;3,12;3,06;3,12;3,06;2,76;2,52;2,7;2,58;2,76;2,94;2,76;2,46;2,4;3,0;2,52;2,64;3,0;2,88;3,06;2,7;3,0;2,7;2,58;2,94;3,0;2,46;2,4;2,76;2,22;2,04;2,28;2,1;2,28;2,22;2,28;2,22;2,22;2,52;2,52;2,4;2,64;2,34;2,4;2,46;2,58;2,4;2,4;2,16;2,22;1,86;2,1;1,98;1,68;1,5;1,5;1,38;1,32;1,5;1,32;1,32;1,32;1,38;1,26;6,6;;;;
28/10/2024;1,44;1,26;1,26;1,32;1,32;1,32;1,32;1,44;1,32;1,32;1,38;1,32;1,38;1,32;1,32;1,32;1,32;1,44;1,32;1,32;1,5;1,44;1,38;1,44;1,5;1,56;1,38;1,68;1,8;2,4;2,58;2,88;3,18;3,12;2,88;3,24;2,64;2,64;2,58;2,46;2,64;2,4;2,64;2,82;3,06;2,88;3,06;2,94;2,52;2,46;3,0;2,88;3,06;3,12;3,18;3,12;3,12;2,58;2,4;2,34;2,28;2,16;2,4;2,34;2,16;2,04;2,22;2,28;2,34;2,28;2,28;2,28;2,58;2,1;2,16;2,28;2,16;1,98;2,16;1,92;1,98;1,86;1,68;1,74;1,44;1,2;1,2;1,2;1,2;1,14;1,14;1,26;1,32;1,32;1,32;5,7;;;;
29/10/2024;1,14;1,14;1,2;1,08;1,14;1,08;1,08;1,14;1,14;1,14;1,08;1,2;1,26;1,14;1,08;1,08;1,08;1,08;1,14;1,14;1,32;1,32;1,32;1,32;1,44;1,44;1,44;1,74;1,92;2,64;2,76;3,24;3,42;3,42;3,18;3,0;3,06;2,76;2,58;2,34;2,4;2,94;2,46;2,46;2,52;2,58;2,58;2,64;2,58;2,34;2,4;2,7;2,76;2,64;2,22;2,34;2,88;2,7;2,4;2,46;2,16;2,22;2,04;2,16;2,04;1,98;2,46;2,28;2,1;2,16;2,16;2,1;2,22;2,16;2,58;2,22;2,04;2,22;2,16;1,98;1,92;1,62;1,56;1,86;1,56;1,44;1,38;1,38;1,32;1,32;1,26;1,32;1,32;1,32;1,32;6,3;;;;
30/10/2024;1,32;1,26;1,38;1,26;1,26;1,14;1,2;1,08;1,14;1,14;1,14;1,14;1,08;1,08;1,14;1,14;1,08;1,08;1,14;1,14;1,08;1,2;1,14;1,2;1,32;1,32;1,32;1,56;2,04;2,22;2,64;2,88;3,24;3,24;3,0;3,24;2,58;2,76;2,52;2,64;2,94;2,46;2,46;2,82;3,0;3,0;2,94;2,76;2,82;2,58;2,64;2,52;2,76;2,28;2,1;2,28;2,82;2,4;2,16;2,1;2,1;2,46;2,16;2,1;2,1;2,1;2,04;2,1;2,16;2,1;2,34;2,52;2,46;2,46;2,34;2,16;2,16;2,04;1,92;2,1;1,98;2,04;1,8;2,16;2,04;1,8;1,86;1,74;1,62;1,56;1,44;1,38;1,32;1,32;1,14;6,0;;;;
31/10/2024;1,26;1,26;1,26;1,2;1,2;1,2;1,2;1,26;1,2;1,2;1,26;1,2;1,26;1,26;1,14;1,2;1,2;1,2;1,14;1,26;1,2;1,2;1,2;1,26;1,32;1,26;1,26;1,38;1,38;1,44;1,68;1,68;2,04;2,52;2,7;2,7;2,76;2,76;2,64;3,06;3,0;3,06;2,94;2,7;2,76;2,82;2,58;3,0;3,0;3,0;2,94;2,82;2,28;2,58;2,82;2,4;2,28;2,28;2,88;2,88;2,52;2,1;2,34;2,46;2,34;1,92;1,98;1,98;1,98;1,92;1,98;1,92;2,22;2,4;2,22;2,16;2,4;2,04;1,92;2,04;1,8;2,1;1,92;2,04;2,04;1,92;2,04;1,98;1,86;1,86;1,8;1,56;1,56;1,38;1,32;6,9;6,9;6,3;6,0;6,6
01/11/2024;1,2;1,2;1,2;1,2;1,2;1,2;1,2;1,26;1,26;1,2;1,26;1,26;1,2;1,26;1,26;1,2;1,2;1,2;1,2;1,26;1,32;1,32;1,38;1,38;1,38;1,38;1,62;1,62;1,74;2,1;2,46;2,64;3,0;3,24;3,06;3,18;2,94;3,0;2,82;2,64;2,64;2,64;2,22;2,46;3,12;2,82;3,18;2,64;2,28;2,82;2,52;3,3;3,0;2,52;2,4;2,88;2,88;2,28;2,52;2,46;2,1;2,22;2,16;2,4;2,52;2,58;2,64;2,52;2,46;2,46;2,34;2,22;2,4;2,16;2,16;2,4;2,16;2,22;2,04;1,98;1,98;2,16;2,04;1,86;1,44;1,26;1,2;1,26;1,2;1,14;1,14;1,2;1,2;1,2;1,14;6,0;;;;
02/11/2024;1,14;1,08;1,2;1,14;1,14;1,08;1,14;1,14;1,08;1,14;1,14;1,14;1,14;1,14;1,08;1,14;1,08;1,08;1,14;1,14;1,26;1,26;1,32;1,32;1,2;1,44;1,56;1,62;2,4;2,4;2,58;3,0;3,12;3,12;2,88;3,24;3,24;2,76;2,52;2,7;2,7;2,94;2,7;2,76;2,82;3,06;3,06;3,0;2,94;2,64;2,82;3,06;3,12;2,52;2,4;2,52;2,22;2,64;3,12;3,06;2,94;2,76;2,58;2,82;2,52;2,7;3,0;3,12;3,0;2,88;2,4;2,58;2,34;2,34;2,58;2,58;2,22;2,1;2,04;1,98;2,22;1,56;1,62;1,68;1,32;1,32;1,32;1,2;1,26;1,2;1,2;1,26;1,2;1,08;1,08;5,4;;;;
03/11/2024;0,96;1,02;1,02;1,08;1,02;1,08;1,02;0,96;1,08;1,08;1,02;1,02;1,02;1,08;1,08;1,14;1,02;1,02;1,08;1,14;1,26;1,2;1,26;1,38;1,26;1,32;1,44;1,62;1,74;2,58;2,64;2,64;3,12;3,12;3,18;3,12;2,7;2,88;2,94;3,06;3,18;2,46;2,64;3,06;3,3;3,0;3,0;2,94;2,76;2,94;2,64;3,0;3,06;2,82;3,3;3,18;3,0;2,34;2,4;2,58;2,58;2,76;2,64;2,7;2,46;2,58;2,7;2,58;2,64;2,46;2,94;2,52;2,94;2,4;2,52;2,52;2,34;2,34;2,22;2,4;2,1;1,8;2,04;2,04;1,74;1,5;1,32;1,32;1,26;1,32;1,26;1,2;1,26;1,26;1,26;6,3;;;;
04/11/2024;1,2;1,26;1,2;1,2;1,2;1,26;1,2;1,26;1,26;1,2;1,26;1,2;1,14;1,2;1,2;1,2;1,2;1,26;1,2;1,26;1,38;1,32;1,32;1,44;1,56;1,5;1,62;1,68;1,8;2,52;2,34;2,94;3,12;3,0;2,82;3,06;2,52;3,12;2,64;2,76;3,0;2,94;2,58;2,28;3,0;3,12;2,76;2,76;3,12;3,12;2,82;3,36;3,3;3,0;3,18;2,7;2,52;2,46;2,4;2,34;2,22;2,22;2,16;2,16;2,28;2,4;2,64;2,76;2,46;2,52;2,58;2,34;2,4;2,46;2,52;2,34;2,28;2,28;2,1;2,1;2,04;2,1;1,68;1,92;1,62;1,38;1,32;1,38;1,38;1,38;1,32;1,32;1,38;1,32;1,26;6,6;;;;
05/11/2024;1,32;1,26;1,26;1,26;1,26;1,32;1,26;1,26;1,26;1,26;1,2;1,26;1,2;1,32;1,26;1,26;1,2;1,26;1,26;1,32;1,26;1,38;1,2;1,32;1,44;1,44;1,5;1,68;2,16;2,46;2,52;2,76;2,76;2,64;2,88;3,12;3,24;3,24;3,24;2,64;2,76;2,64;2,58;2,58;2,52;2,76;3,06;3,0;2,82;2,64;3,0;3,36;2,88;2,46;2,52;2,52;2,88;2,82;2,76;2,7;2,7;2,88;2,94;2,7;2,1;2,4;3,06;3,12;2,52;2,58;2,46;2,82;2,52;2,34;2,52;2,28;2,4;2,28;2,16;2,16;2,04;2,04;1,62;1,38;1,26;1,14;1,2;1,2;1,08;1,08;1,2;1,08;1,14;1,2;1,2;5,7;;;;
06/11/2024;1,2;1,2;1,26;1,2;1,14;1,2;1,2;1,2;1,2;1,2;1,08;1,08;1,08;1,02;1,14;1,02;1,02;1,08;1,14;1,08;1,02;1,14;1,14;1,08;1,2;1,5;1,56;1,56;2,04;2,64;2,52;2,58;2,82;2,88;3,18;2,88;3,3;3,6;3,06;3,24;2,46;2,58;2,28;3,0;2,82;2,46;2,52;2,76;2,64;2,88;2,64;2,64;2,64;2,82;2,76;2,64;2,82;2,4;1,8;2,04;2,16;2,04;1,92;1,8;1,56;1,68;2,46;2,22;2,16;2,28;2,16;2,28;2,22;2,04;2,28;2,1;2,1;2,28;1,98;1,92;1,86;1,98;1,8;1,74;1,38;1,26;1,2;1,14;1,2;1,2;1,2;1,08;1,26;1,2;1,26;6,0;;;;
07/11/2024;1,14;1,2;1,26;1,2;1,2;1,2;1,2;1,2;1,2;1,2;1,08;1,14;1,08;1,02;1,08;1,02;1,08;1,02;1,08;1,14;1,14;1,08;1,08;1,14;1,32;1,32;1,38;1,5;1,86;2,46;2,46;2,52;2,58;2,88;2,52;2,94;3,3;3,0;2,82;2,64;2,28;2,58;2,28;2,34;2,88;2,76;2,94;2,7;2,82;2,76;2,46;3,18;3,36;2,76;2,4;2,94;2,88;2,46;2,46;2,04;2,22;2,22;1,8;1,98;2,46;2,52;3,0;2,58;2,82;2,52;2,52;2,22;2,1;2,1;2,34;2,22;2,22;2,28;2,16;2,16;2,1;1,86;1,62;1,62;1,38;1,2;1,26;1,2;1,2;1,14;1,14;1,2;1,32;1,32;1,26;6,3;;;;
08/11/2024;1,32;1,2;1,32;1,26;1,2;1,26;1,26;1,2;1,26;1,26;1,08;1,08;1,08;1,08;1,08;1,08;1,02;1,14;1,14;1,08;1,08;1,08;1,08;1,2;1,38;1,44;1,56;1,74;1,74;2,16;2,76;3,0;3,06;3,24;2,64;2,82;2,64;3,06;2,64;2,46;2,4;2,58;2,58;2,34;2,88;3,12;3,12;3,24;3,12;2,7;3,12;3,18;3,18;2,28;2,46;2,76;3,24;2,88;2,4;3,18;3,24;3,06;2,94;2,52;2,34;2,64;3,0;2,82;3,06;2,58;2,7;2,88;2,46;2,34;2,64;2,52;2,4;2,16;2,22;2,22;1,68;1,56;1,5;1,5;1,38;1,08;1,08;1,02;1,08;1,02;0,96;1,02;1,2;1,2;1,2;6,0;;;;
09/11/2024;1,14;1,2;1,14;1,14;1,14;1,08;1,14;1,14;1,2;1,2;0,96;0,96;0,96;0,9;0,96;0,96;0,96;1,02;1,02;1,08;1,08;1,14;1,26;1,38;1,44;1,44;1,56;1,86;1,68;2,1;2,64;3,36;3,0;2,94;3,06;2,64;2,76;3,0;3,06;3,06;2,76;2,7;2,64;2,94;3,24;3,12;3,0;3,18;2,82;3,0;3,18;3,06;3,3;2,88;2,7;2,64;2,76;2,4;2,16;2,34;2,34;2,34;2,46;2,46;2,46;2,4;3,06;3,0;2,94;2,64;2,58;2,88;2,4;2,4;2,52;2,34;2,52;2,58;2,4;2,34;2,34;2,1;1,74;1,56;1,68;1,56;1,14;1,08;1,14;1,14;1,02;1,02;1,02;1,02;1,02;5,1;;;;
10/11/2024;1,2;1,2;1,2;1,2;1,2;1,14;1,26;1,14;1,26;1,2;1,2;1,26;1,2;1,2;1,2;1,2;1,02;1,02;1,02;1,02;1,02;0,96;1,02;1,08;1,5;1,32;1,32;1,38;1,68;2,4;2,7;2,76;3,06;2,94;2,94;3,18;3,0;3,24;2,94;3,0;3,18;2,76;2,52;2,88;3,24;3,36;3,24;2,64;3,0;3,24;2,82;3,0;3,0;2,4;2,34;2,7;2,82;2,58;2,82;2,76;2,46;2,46;2,52;2,58;2,46;2,22;2,7;2,82;3,06;2,64;2,82;2,58;2,4;2,34;2,16;2,46;2,46;2,28;2,22;2,28;2,22;2,16;1,86;1,68;1,38;1,26;1,14;1,2;1,2;1,14;1,08;1,14;1,14;1,08;1,08;5,4;;;;
11/11/2024;1,32;1,2;1,26;1,32;1,26;1,2;1,2;1,26;1,2;1,2;1,2;1,2;1,26;1,2;1,2;1,2;1,08;1,02;1,08;1,14;1,02;1,08;1,14;1,26;1,44;1,5;1,44;1,56;1,98;2,58;2,7;2,7;3,12;3,06;3,24;3,18;2,76;2,7;2,58;3,0;2,82;2,76;2,34;2,34;3,06;3,06;3,12;2,76;2,94;2,82;3,06;3,36;3,24;2,7;2,7;3,0;3,18;2,4;2,22;2,46;2,64;2,34;2,22;2,28;2,22;2,22;2,7;2,76;2,7;2,7;2,46;2,64;2,58;2,34;2,22;2,4;2,4;2,34;2,4;2,28;1,92;2,22;2,16;1,74;1,5;1,44;1,14;1,14;1,2;1,14;1,2;1,14;1,2;1,08;1,14;5,7;;;;
12/11/2024;1,2;1,32;1,2;1,32;1,26;1,26;1,2;1,26;1,2;1,26;1,2;1,2;1,2;1,14;1,26;1,2;1,08;1,08;1,08;1,08;1,08;0,96;1,14;1,2;1,38;1,32;1,5;1,62;1,56;2,04;2,7;3,18;3,0;2,94;3,0;3,12;2,82;2,82;2,94;2,58;2,58;2,7;2,52;2,58;3,06;3,12;2,76;2,76;2,64;2,94;2,64;2,88;2,88;2,76;2,34;2,58;2,76;2,52;2,22;2,64;2,46;2,4;2,28;2,22;2,22;2,16;2,58;2,46;2,82;2,58;2,58;2,64;2,76;2,58;2,34;2,34;2,46;2,4;2,46;2,1;2,28;2,22;1,92;1,86;1,86;1,56;1,32;1,26;1,2;1,2;1,14;1,2;1,14;1,14;1,08;6,0;;;;
13/11/2024;1,32;1,32;1,32;1,32;1,32;1,26;1,32;1,32;1,26;1,26;1,32;1,32;1,32;1,26;1,26;1,32;1,14;1,08;1,14;1,14;1,2;1,14;1,26;1,32;1,44;1,44;1,62;2,1;2,1;2,22;2,82;3,06;3,3;3,0;2,88;2,82;3,18;2,82;2,58;2,76;2,28;2,22;2,4;2,58;3,06;2,88;2,34;2,88;2,7;2,76;2,4;2,58;3,36;2,28;2,22;2,94;2,7;2,34;2,16;2,34;2,28;2,16;2,58;2,16;2,1;1,98;2,52;2,34;2,64;2,34;2,22;2,28;2,28;2,22;2,58;2,52;2,4;2,34;2,34;2,4;1,98;1,62;1,68;1,74;1,56;1,38;1,2;1,2;1,08;1,14;1,2;1,14;1,08;1,2;1,14;5,4;;;;
14/11/2024;1,26;1,26;1,26;1,26;1,26;1,26;1,26;1,32;1,26;1,26;1,26;1,26;1,2;1,26;1,26;1,26;1,14;1,02;1,14;1,2;1,14;1,14;1,14;1,2;1,5;1,56;1,5;1,8;2,1;2,52;2,82;3,18;3,24;3,0;3,0;2,64;2,64;2,52;2,64;2,82;2,22;2,4;2,7;3,06;3,12;2,82;2,76;2,64;2,64;2,76;2,52;3,0;3,24;2,76;2,82;2,88;2,52;2,7;2,46;2,52;2,34;2,34;2,04;2,04;2,46;2,52;2,34;2,46;2,58;2,4;2,52;2,4;2,46;2,16;2,34;2,4;2,16;2,22;2,22;2,16;1,98;2,34;2,1;1,62;1,38;1,38;1,08;1,08;1,02;1,02;1,02;1,02;0,96;0,96;0,96;4,8;;;;
15/11/2024;1,14;1,2;1,2;1,2;1,14;1,2;1,14;1,14;1,2;1,14;1,14;1,14;1,14;1,14;1,14;1,26;0,96;0,96;1,02;0,96;0,96;1,02;1,14;1,08;1,38;1,5;1,32;1,5;1,5;2,28;3,0;2,88;2,76;3,3;3,18;3,18;2,82;2,76;3,24;3,06;2,76;2,88;3,42;3,18;2,82;2,7;2,64;3,18;3,3;2,4;2,76;3,3;3,12;2,46;2,4;2,7;3,24;2,7;2,34;2,4;2,94;2,82;2,4;2,52;2,46;2,46;2,7;3,0;2,64;2,64;2,46;2,4;2,28;2,22;2,4;2,52;2,22;2,4;2,58;2,34;1,92;1,86;1,8;1,8;1,5;1,44;1,2;1,2;1,2;1,08;1,2;1,14;1,14;1,14;1,08;5,7;;;;
16/11/2024;1,2;1,2;1,32;1,2;1,2;1,2;1,26;1,26;1,14;1,26;1,2;1,2;1,2;1,26;1,26;1,2;1,02;1,14;1,08;1,08;1,2;1,08;1,14;1,08;1,38;1,26;1,38;1,74;1,74;1,98;2,52;3,0;3,24;2,88;3,24;3,3;2,52;2,88;3,0;3,18;2,64;3,0;2,82;2,76;3,36;3,3;2,7;2,82;2,94;2,82;2,94;3,18;3,18;2,64;3,24;2,94;2,7;2,52;2,88;2,76;2,88;2,88;2,58;2,64;2,46;2,58;2,76;2,58;2,4;2,7;2,58;2,64;2,52;2,28;2,22;2,34;2,34;2,4;2,28;2,22;2,28;2,1;1,86;1,92;1,68;1,56;1,38;1,38;1,2;1,26;1,2;1,2;1,14;1,26;1,14;6,0;;;;
17/11/2024;1,32;1,38;1,32;1,32;1,38;1,32;1,32;1,2;1,32;1,26;1,26;1,32;1,26;1,32;1,26;1,26;1,14;1,14;1,14;1,08;1,08;1,2;1,14;1,2;1,44;1,56;1,56;1,8;2,28;2,4;2,88;3,06;3,42;3,6;3,66;3,48;3,0;3,6;2,94;2,76;3,3;3,24;3,0;3,0;3,12;3,48;3,12;3,06;2,88;2,82;2,82;2,94;3,24;2,88;2,64;2,82;2,7;2,88;2,34;2,7;2,7;2,58;2,52;2,4;2,28;2,16;2,64;2,7;2,64;2,7;2,52;2,46;2,4;2,4;2,34;2,52;2,46;2,34;2,28;2,04;1,98;2,34;1,98;1,74;1,44;1,32;1,14;1,14;1,08;1,14;1,02;1,08;1,08;1,08;1,08;5,1;;;;
18/11/2024;1,2;1,2;1,2;1,14;1,26;1,2;1,14;1,2;1,2;1,2;1,2;1,2;1,2;1,2;1,2;1,2;1,08;1,14;1,02;1,08;1,08;1,2;1,08;1,2;1,44;1,44;1,44;1,8;1,86;2,34;2,34;3,18;3,3;3,18;2,64;3,24;2,94;2,64;3,18;2,7;2,64;2,52;2,46;2,76;3,0;3,06;2,64;2,94;2,94;2,88;2,82;3,12;3,24;2,52;2,64;2,76;3,0;3,0;2,64;2,76;2,34;2,04;1,98;2,22;2,34;2,16;2,52;2,7;2,76;2,76;2,34;2,82;2,64;2,4;2,28;2,52;2,46;2,4;2,4;2,34;2,22;1,68;1,8;1,86;1,5;1,32;1,14;1,2;1,2;1,14;1,14;1,14;1,08;1,08;1,08;5,4;;;;
19/11/2024;1,26;1,26;1,2;1,2;1,32;1,2;1,2;1,2;1,2;1,2;1,2;1,26;1,2;1,2;1,26;1,2;1,14;1,08;1,08;1,08;1,02;1,14;1,02;1,2;1,26;1,5;1,32;1,56;1,98;2,52;2,82;3,0;3,36;2,94;3,06;2,94;2,82;3,06;3,24;2,58;2,88;2,64;2,52;2,82;3,06;2,94;2,76;2,58;2,94;2,88;2,7;3,18;3,0;2,4;2,34;2,88;3,18;2,76;2,4;2,64;2,94;2,7;2,82;2,46;2,4;2,34;2,88;3,12;2,76;3,0;2,52;2,76;2,7;2,58;2,64;2,52;2,4;2,4;2,4;2,34;1,98;2,1;2,04;1,74;1,44;1,32;1,2;1,2;1,08;1,08;1,08;1,08;1,08;1,08;1,02;5,4;;;;
20/11/2024;1,2;1,26;1,32;1,26;1,26;1,26;1,2;1,26;1,2;1,2;1,2;1,2;1,2;1,2;1,2;1,2;1,08;1,08;1,08;1,02;1,08;1,02;1,14;1,2;1,38;1,32;1,32;1,56;1,98;2,46;2,4;3,0;3,12;2,94;3,24;3,3;3,0;2,76;3,12;2,88;3,12;2,64;2,4;2,64;3,42;3,06;2,94;2,76;2,58;2,64;2,82;2,94;2,76;3,0;3,0;2,94;2,82;2,64;2,52;2,58;2,82;2,34;1,86;1,98;2,16;2,1;2,88;2,4;2,58;2,76;2,28;2,58;2,28;2,16;2,4;2,4;2,28;2,34;2,28;2,04;2,1;1,8;1,62;1,68;1,62;1,32;1,08;1,08;1,08;0,96;0,9;0,96;0,96;0,9;0,96;4,8;;;;
21/11/2024;1,14;1,02;1,14;1,08;1,08;1,02;1,14;1,08;1,08;1,08;1,08;1,02;1,08;1,02;1,08;1,08;0,96;0,96;0,9;0,96;1,02;0,9;1,08;1,08;1,38;1,38;1,38;1,62;1,8;2,64;2,58;2,94;3,12;2,82;2,52;2,58;2,82;2,4;2,46;2,7;2,7;2,16;2,52;2,7;2,58;2,52;2,22;2,4;2,7;2,7;2,4;2,94;3,6;3,06;2,94;3,06;2,94;2,88;2,76;2,58;2,7;2,82;2,82;2,52;2,46;2,34;2,4;2,52;2,52;2,76;2,7;2,64;2,64;2,22;2,28;2,28;2,4;2,28;2,28;2,4;2,16;2,16;2,04;1,62;1,56;1,38;1,26;1,26;1,2;1,2;1,2;1,2;1,14;1,2;1,2;6,0;;;;
22/11/2024;1,32;1,26;1,32;1,32;1,32;1,32;1,32;1,32;1,32;1,26;1,26;1,26;1,32;1,32;1,26;1,32;1,08;1,26;1,26;1,2;1,2;1,2;1,32;1,26;1,62;1,68;1,44;1,68;1,68;2,28;3,0;2,88;3,0;2,94;3,12;2,7;2,82;2,94;2,88;2,7;2,58;2,64;2,76;2,76;3,3;3,24;3,18;3,0;3,06;2,64;2,4;3,18;3,06;2,88;2,52;2,58;2,52;2,7;2,58;2,88;3,0;2,88;3,12;2,94;2,46;2,76;3,36;3,0;2,76;2,76;2,94;3,3;2,88;2,76;2,52;2,52;2,46;2,34;2,1;2,28;2,22;2,22;2,28;1,74;1,5;1,38;1,26;1,2;1,14;1,2;1,14;1,26;1,14;1,14;1,08;5,7;;;;
23/11/2024;1,38;1,32;1,32;1,32;1,44;1,32;1,38;1,26;1,38;1,44;1,32;1,38;1,26;1,32;1,26;1,32;1,2;1,14;1,2;1,2;1,14;1,08;1,08;1,2;1,38;1,56;1,38;1,74;1,92;2,16;2,4;3,06;3,12;3,24;2,82;2,94;2,88;2,88;2,88;3,0;3,12;2,94;2,7;2,64;3,54;3,6;2,76;3,0;2,94;2,94;2,94;2,94;3,42;3,12;2,94;2,94;3,12;2,7;1,98;2,28;2,58;2,82;2,76;2,82;2,88;2,88;2,94;2,76;2,52;2,64;2,64;3,06;2,94;2,28;2,58;2,46;2,4;2,16;2,22;2,22;1,68;1,62;1,74;1,62;1,44;1,38;1,2;1,14;1,2;1,14;1,08;1,08;1,08;1,08;1,08;5,4;;;;
24/11/2024;1,2;1,26;1,26;1,14;1,14;1,2;1,2;1,14;1,2;1,2;1,2;1,14;1,2;1,14;1,14;1,2;0,96;1,08;1,02;1,02;1,08;0,96;1,14;1,08;1,38;1,5;1,5;1,74;2,22;2,7;2,82;3,06;3,36;3,12;3,06;3,36;3,3;3,18;3,06;2,94;3,18;2,82;2,7;2,7;3,54;3,12;3,12;2,94;3,18;2,52;3,06;3,12;2,82;2,16;2,28;2,34;2,82;2,16;2,34;2,76;2,64;2,58;2,7;2,34;2,1;2,28;2,64;3,0;2,88;2,76;2,88;2,58;2,4;2,46;2,46;2,46;2,52;2,28;2,28;2,34;2,04;1,68;1,8;1,62;1,44;1,32;1,14;1,14;1,14;1,08;1,02;1,08;1,08;1,08;1,08;5,4;;;;
25/11/2024;1,26;1,2;1,2;1,26;1,26;1,2;1,2;1,26;1,26;1,14;1,2;1,14;1,14;1,2;1,2;1,2;1,02;1,02;1,02;1,02;1,08;1,02;1,02;1,38;1,44;1,38;1,56;1,8;2,28;2,76;2,94;3,24;3,18;3,18;3,06;3,54;3,12;3,12;3,24;2,94;3,0;2,76;2,76;2,7;3,18;3,48;3,42;3,54;3,24;3,0;3,42;3,48;3,18;2,7;2,46;3,06;3,24;3,0;2,76;2,58;2,88;2,88;2,4;2,88;2,52;2,52;2,88;3,12;2,88;3,12;2,88;2,52;2,58;2,46;2,52;2,76;2,46;2,7;2,4;2,28;2,28;1,98;1,86;1,56;1,5;1,44;1,14;1,2;1,14;1,14;1,08;1,02;1,14;1,08;1,08;5,4;;;;
26/11/2024;1,26;1,26;1,26;1,26;1,2;1,26;1,26;1,2;1,2;1,26;1,26;1,14;1,26;1,2;1,2;1,14;1,08;1,08;1,08;1,08;1,14;1,08;1,08;1,2;1,32;1,56;1,5;1,8;1,74;2,22;2,58;3,0;3,24;3,0;2,88;2,94;3,54;3,54;3,0;3,18;3,36;2,76;2,46;2,34;3,48;3,72;2,94;3,0;2,82;2,88;3,36;3,66;3,24;2,82;2,94;2,7;3,0;2,64;1,92;2,4;2,4;2,16;2,16;2,28;2,16;2,28;2,64;2,94;2,58;2,64;2,64;2,7;2,52;2,4;2,7;2,58;2,46;2,52;2,34;2,16;2,1;1,68;1,56;1,74;1,5;1,26;1,08;1,14;1,02;1,02;0,96;1,08;1,02;1,02;0,96;5,4;;;;
27/11/2024;1,2;1,2;1,2;1,2;1,14;1,2;1,2;1,2;1,14;1,14;1,2;1,08;1,14;1,14;1,14;1,14;1,02;0,9;0,96;1,02;1,02;0,24;1,14;1,14;1,56;1,38;1,62;2,1;2,04;2,58;3,18;3,24;3,24;2,88;3,36;3,24;2,88;2,76;3,0;2,88;2,88;2,64;2,58;3,12;3,3;3,24;3,0;3,0;2,58;2,58;2,64;2,76;2,16;2,22;2,7;3,0;2,46;2,88;2,76;2,28;2,52;2,1;1,92;2,04;2,04;2,52;2,34;2,34;2,52;2,76;2,46;2,28;2,46;2,16;2,16;1,98;2,16;2,4;2,34;2,28;1,98;1,98;2,22;2,22;1,8;1,8;1,44;1,38;1,2;1,2;1,14;1,14;1,14;1,08;1,08;5,7;;;;
28/11/2024;1,26;1,32;1,32;1,26;1,26;1,32;1,32;1,32;1,26;1,38;1,32;1,2;1,2;1,32;1,2;1,2;1,08;1,2;1,08;1,14;1,08;1,14;1,2;1,2;1,32;1,38;1,56;2,16;2,46;2,34;2,4;2,4;2,88;2,88;2,88;3,36;3,3;3,6;3,18;2,88;3,06;2,88;2,28;2,76;3,18;3,18;3,12;2,76;2,76;2,76;2,76;2,94;3,06;2,28;2,16;2,28;2,34;2,52;2,46;1,68;1,98;2,4;2,58;2,34;2,58;2,52;3,24;2,88;2,82;2,28;2,16;2,16;2,1;1,92;2,16;2,34;2,22;2,16;2,34;2,28;2,16;2,22;1,86;1,62;1,56;1,26;1,14;1,14;1,14;1,14;1,14;1,2;1,08;1,14;1,2;5,7;;;;
29/11/2024;1,44;1,32;1,14;1,26;1,32;1,26;1,32;1,32;1,38;1,26;1,26;1,32;1,26;1,32;1,26;1,32;1,2;1,14;1,08;1,14;1,08;1,14;1,2;1,26;1,38;1,38;1,56;1,68;1,8;2,46;3,0;3,06;3,42;3,36;3,54;3,0;3,18;2,88;3,0;3,06;2,76;2,88;2,76;3,42;3,48;3,3;3,18;3,24;3,06;3,18;3,3;3,48;3,06;2,94;2,4;2,7;2,64;3,3;2,76;2,82;2,58;2,76;3,12;2,88;3,12;3,0;3,24;2,76;3,06;2,64;2,64;2,94;2,88;2,4;2,58;2,22;2,46;2,4;2,22;2,22;2,1;1,92;2,16;2,22;1,98;1,68;1,56;1,26;1,14;1,08;1,2;1,08;1,08;1,2;1,08;5,7;;;;
30/11/2024;1,32;1,32;1,32;1,38;1,38;1,38;1,32;1,44;1,32;1,32;1,38;1,38;1,2;1,26;1,2;1,14;1,26;1,2;1,26;1,2;1,26;1,26;1,08;1,38;1,56;1,38;1,74;1,74;2,1;2,88;2,76;3,0;3,12;3,48;3,54;3,36;4,02;4,02;3,3;3,3;3,36;3,18;3,0;3,06;3,54;3,54;3,9;3,24;3,54;3,48;3,24;3,48;3,72;3,36;2,94;3,12;3,54;3,18;2,7;2,94;2,94;3,0;3,3;3,3;2,76;2,64;2,7;3,06;2,7;2,88;2,7;2,76;2,64;2,52;2,64;2,58;2,58;2,46;2,22;2,28;2,28;2,4;1,98;1,86;1,68;1,38;1,26;1,32;1,32;1,26;1,14;1,2;1,44;1,26;1,26;6,9;;;;
01/12/2024;1,26;1,32;1,32;1,26;1,26;1,32;1,26;1,32;1,32;1,32;1,32;1,2;1,14;1,08;1,14;1,14;1,08;1,2;1,08;1,14;1,08;1,14;1,14;1,2;1,38;1,56;1,56;1,74;2,34;2,82;3,06;3,6;3,84;3,9;3,6;3,42;3,36;3,24;3,36;3,12;3,36;3,18;2,82;3,36;3,78;3,42;3,48;3,36;3,48;3,3;3,36;3,54;3,54;3,3;3,48;3,42;3,3;2,58;2,76;3,24;3,12;3,06;3,24;2,58;2,58;2,58;2,64;2,58;2,82;3,0;2,64;2,82;2,82;2,58;2,46;2,22;2,34;2,1;2,4;2,22;2,1;2,1;2,22;2,4;2,04;1,74;1,44;1,32;1,26;1,14;1,14;1,2;1,56;1,32;1,32;6,9;;;;
02/12/2024;1,38;1,38;1,32;1,44;1,32;1,38;1,32;1,32;1,32;1,38;1,32;1,32;1,26;1,2;1,14;1,2;1,2;1,14;1,14;1,26;1,2;1,2;1,14;1,5;1,56;1,5;1,62;1,98;1,98;2,52;3,06;3,6;4,08;3,84;3,42;3,42;3,18;3,24;3,12;3,24;3,3;2,82;2,76;3,18;3,6;3,66;3,36;3,24;3,24;3,24;3,54;3,48;3,42;3,0;3,06;2,94;2,94;2,7;2,1;2,4;2,22;2,28;2,28;2,52;2,46;2,4;2,46;2,4;2,76;2,64;2,46;2,76;2,58;2,4;2,52;2,28;2,46;2,34;2,22;2,1;2,04;1,98;2,1;2,1;1,86;1,68;1,56;1,32;1,2;1,14;1,14;1,08;1,32;1,32;1,32;6,0;;;;
03/12/2024;1,32;1,2;1,32;1,26;1,26;1,26;1,32;1,26;1,32;1,32;1,2;1,2;0,96;1,14;1,08;1,08;1,08;1,14;1,08;1,08;1,08;1,08;1,2;1,2;1,44;1,44;1,56;1,86;1,8;2,7;3,0;3,48;3,66;3,6;3,54;3,48;3,24;3,9;3,18;3,12;3,24;2,82;2,94;3,24;3,48;3,54;3,54;3,24;3,24;3,24;3,12;3,24;3,0;2,76;2,76;2,7;2,82;2,76;2,46;2,7;2,64;2,64;3,12;2,64;2,4;2,16;2,16;2,34;2,34;2,4;2,4;2,4;2,34;2,22;2,22;1,98;2,04;1,98;1,92;1,92;1,62;1,68;1,68;1,68;1,8;1,38;1,26;1,2;1,2;1,14;1,14;1,08;1,32;1,2;1,32;6,3;;;;
04/12/2024;1,26;1,2;1,32;1,26;1,2;1,26;1,26;1,2;1,26;1,2;1,32;1,2;1,08;1,08;1,08;1,08;1,08;1,14;1,14;1,08;1,08;1,02;1,14;1,2;1,44;1,68;1,56;1,8;2,1;2,22;2,28;3,0;3,0;3,18;3,0;3,18;3,36;3,48;3,12;3,06;3,06;2,94;3,06;2,64;2,88;2,94;3,06;2,82;3,12;2,94;3,06;2,94;2,64;2,58;2,7;2,82;2,28;2,28;1,92;2,04;2,46;2,04;2,04;2,04;2,04;2,16;2,04;2,34;2,52;2,46;2,16;2,34;2,22;2,1;2,28;2,1;2,1;2,1;2,04;2,04;1,92;2,04;1,98;1,98;1,86;1,68;1,44;1,38;1,26;1,14;1,08;1,14;1,38;1,26;1,26;6,3;;;;
05/12/2024;1,38;1,32;1,32;1,38;1,32;1,38;1,26;1,26;1,32;1,26;1,26;1,2;1,14;1,08;1,08;1,14;1,02;1,08;1,08;1,08;1,08;1,08;1,14;1,2;1,56;1,56;1,56;1,68;1,8;2,52;2,7;3,06;3,0;3,06;3,24;3,18;2,88;3,18;2,76;2,88;2,76;2,64;2,46;2,64;2,94;2,82;2,82;2,82;2,82;2,64;2,7;2,64;2,4;2,64;3,06;2,88;2,64;2,7;2,16;2,28;2,16;2,16;2,46;2,04;1,92;2,04;2,1;2,16;2,04;2,4;2,04;2,28;2,28;2,16;2,16;2,16;2,1;2,1;2,1;1,86;1,86;1,98;2,1;1,98;1,8;1,5;1,32;1,14;1,08;1,08;1,08;1,08;1,38;1,38;1,32;6,9;;;;
06/12/2024;1,32;1,26;1,32;1,32;1,32;1,38;1,38;1,32;1,38;1,38;1,26;1,32;1,26;1,32;1,2;1,32;1,32;1,32;1,32;1,32;1,2;1,2;1,2;1,44;1,44;1,44;1,56;1,5;2,1;2,4;2,52;2,88;3,12;3,24;3,18;3,66;3,42;3,3;3,24;3,48;3,6;3,6;3,36;3,3;3,18;3,0;2,88;3,12;3,3;3,42;3,6;3,3;3,12;3,18;3,06;2,94;2,7;2,76;2,64;2,76;2,7;2,64;2,94;2,82;2,64;2,52;2,46;2,52;2,76;2,64;2,52;2,7;2,58;2,52;2,46;2,4;2,34;2,52;2,34;2,16;1,92;1,92;2,16;2,22;2,04;1,74;1,44;1,32;1,2;1,26;1,2;1,14;1,38;1,38;1,38;6,6;;;;
07/12/2024;1,32;1,38;1,32;1,32;1,38;1,32;1,38;1,32;1,32;1,32;1,32;1,32;1,32;1,32;1,38;1,32;1,32;1,32;1,38;1,38;1,32;1,5;1,44;1,38;1,56;1,56;1,62;1,74;1,74;1,98;2,34;2,76;2,76;3,18;3,24;3,42;2,82;2,94;2,76;2,7;2,88;2,94;2,82;2,94;3,3;3,36;3,06;2,88;2,88;3,06;3,0;3,18;3,72;2,88;2,76;2,76;3,0;2,94;2,58;2,82;2,64;2,64;2,58;2,52;2,28;2,28;2,52;2,52;2,64;2,58;2,58;2,7;2,7;2,28;2,52;2,4;2,4;2,4;2,04;2,04;1,92;2,04;2,04;2,04;1,8;1,62;1,26;1,2;1,2;1,14;1,14;1,14;1,32;1,26;1,2;6,3;;;;
08/12/2024;1,26;1,26;1,26;1,26;1,2;1,26;1,32;1,2;1,26;1,26;1,2;1,2;1,02;1,08;1,08;1,02;1,08;1,14;1,02;1,14;1,14;1,14;1,26;1,38;1,44;1,5;1,44;1,62;1,68;2,04;2,64;3,0;2,88;2,76;2,7;3,0;3,24;2,88;3,0;3,42;3,6;2,76;2,94;3,24;3,42;2,82;2,88;2,82;3,12;3,36;2,64;2,94;2,94;2,64;3,12;3,06;2,34;2,46;2,58;2,46;2,34;2,52;2,22;2,34;2,46;2,4;2,52;2,52;2,4;2,4;2,52;2,28;2,28;2,28;2,28;2,22;2,22;2,16;2,04;1,92;1,98;2,22;1,68;1,68;1,56;1,44;1,44;1,32;1,2;1,26;1,2;1,2;1,32;1,26;1,32;6,0;;;;
09/12/2024;1,2;1,2;1,2;1,2;1,2;1,26;1,26;1,2;1,2;1,2;1,14;1,14;1,2;1,2;1,14;1,14;1,26;1,2;1,14;1,2;1,2;1,2;1,26;1,32;1,44;1,56;1,62;1,8;2,04;2,46;3,06;3,18;3,66;3,42;3,54;3,3;3,12;3,18;3,42;3,18;3,12;3,48;3,36;3,48;3,36;3,48;3,48;3,3;3,3;2,94;3,3;3,3;2,64;2,46;2,82;3,42;3,24;3,06;2,94;2,82;2,94;2,88;3,12;2,82;2,82;2,64;2,82;3,0;2,88;2,82;2,94;2,82;2,52;2,4;2,52;2,46;2,46;2,34;2,1;2,04;1,92;1,92;2,28;2,1;1,74;1,68;1,5;1,5;1,5;1,5;1,38;1,44;1,56;1,62;1,62;7,5;;;;
10/12/2024;1,5;1,56;1,5;1,56;1,5;1,5;1,5;1,44;1,5;1,56;1,44;1,44;1,26;1,32;1,26;1,32;1,32;1,32;1,32;1,32;1,26;1,32;1,38;1,56;1,62;1,86;1,68;1,92;1,8;2,46;3,18;3,48;3,48;3,78;3,78;3,24;3,24;3,36;3,36;3,12;3,36;3,6;3,12;3,24;3,72;3,72;3,48;3,36;3,48;3,3;3,3;3,24;2,58;2,64;3,18;3,3;3,3;3,0;3,06;2,88;2,94;2,88;2,76;2,76;2,82;2,82;2,82;2,88;2,94;2,82;2,82;2,58;2,52;2,22;2,4;2,4;2,4;2,34;2,22;1,92;1,92;1,8;2,04;1,92;1,68;1,38;1,2;1,26;1,2;1,14;1,2;1,14;1,32;1,26;1,26;6,9;;;;
11/12/2024;1,32;1,38;1,44;1,38;1,32;1,32;1,26;1,38;1,38;1,44;1,38;1,32;1,26;1,26;1,32;1,38;1,32;1,38;1,32;1,38;1,26;1,26;1,38;1,38;1,38;1,5;1,56;1,62;1,86;1,98;2,46;2,94;3,12;2,82;3,0;2,82;2,52;2,58;2,64;3,0;3,36;2,88;2,64;2,52;3,06;3,06;2,88;3,0;2,94;2,52;2,7;3,06;3,0;2,94;3,3;2,7;2,76;2,52;2,16;2,46;2,28;2,16;2,4;2,28;2,34;2,28;1,98;2,16;2,22;2,28;2,04;2,28;2,22;2,1;2,28;2,16;1,98;2,1;2,1;1,98;1,98;1,98;2,04;2,04;1,86;1,74;1,32;1,38;1,26;1,32;1,32;1,32;1,56;1,5;1,5;7,2;;;;
12/12/2024;1,5;1,44;1,44;1,5;1,44;1,5;1,5;1,5;1,44;1,5;1,44;1,38;1,44;1,5;1,5;1,38;1,44;1,38;1,44;1,38;1,44;1,44;1,38;1,44;1,5;1,62;1,56;1,86;1,92;2,04;2,4;3,12;3,0;3,0;3,12;2,46;2,82;3,0;2,76;2,64;2,64;2,52;2,88;2,7;2,58;2,4;2,82;2,82;2,88;2,58;2,46;2,34;2,52;2,52;2,58;2,22;2,04;1,86;2,28;2,46;2,1;1,92;2,1;2,34;2,34;2,28;2,22;2,46;2,28;2,28;2,28;2,1;2,46;2,4;2,34;2,34;2,1;2,22;2,1;2,22;2,1;1,92;1,98;1,86;1,74;1,56;1,38;1,26;1,2;1,14;1,2;1,14;1,32;1,38;1,26;6,6;;;;
13/12/2024;1,32;1,26;1,32;1,32;1,26;1,32;1,32;1,32;1,32;1,26;1,32;1,2;1,08;1,2;1,14;1,2;1,32;1,38;1,38;1,38;1,38;1,38;1,5;1,5;1,44;1,5;1,62;1,56;1,62;2,28;2,4;2,88;3,3;3,54;3,66;3,18;3,6;3,42;3,12;3,24;2,94;2,82;3,48;3,06;2,82;2,88;3,3;3,42;2,88;2,82;2,76;2,7;2,64;3,0;3,66;3,18;2,76;2,76;3,12;2,88;2,76;2,58;2,52;2,4;2,22;2,22;2,34;2,28;2,4;2,34;2,04;2,04;1,98;1,92;1,98;1,86;1,8;1,8;1,68;1,68;1,56;1,68;1,86;1,74;1,44;1,32;1,26;1,2;1,14;1,08;1,14;1,14;1,26;1,26;1,26;6,3;;;;
14/12/2024;1,26;1,2;1,26;1,26;1,2;1,26;1,26;1,26;1,2;1,26;1,26;1,2;1,08;1,02;1,02;1,08;1,02;1,02;1,08;0,96;1,14;1,2;1,26;1,44;1,62;1,5;1,74;1,8;1,86;2,52;3,3;3,78;3,96;3,96;4,08;3,72;3,24;3,36;3,24;3,12;3,48;3,06;3,42;3,42;3,54;3,48;3,48;3,0;3,12;3,18;3,06;3,3;2,82;2,88;3,36;3,3;2,94;3,0;2,76;2,52;2,58;2,58;2,7;2,52;2,34;2,34;2,4;2,46;2,64;2,64;2,58;2,64;2,76;2,46;2,34;2,46;2,28;2,28;1,98;1,98;1,92;1,8;1,92;1,74;1,68;1,56;1,26;1,2;1,2;1,08;1,08;1,14;1,32;1,26;1,26;6,0;;;;
15/12/2024;1,26;1,2;1,14;1,2;1,26;1,26;1,2;1,2;1,14;1,2;1,2;1,2;1,02;1,02;1,08;1,02;1,02;1,02;1,02;1,02;1,08;1,02;1,08;1,14;1,62;1,44;1,44;1,8;1,68;2,4;2,82;3,42;3,66;3,66;3,6;3,48;3,6;3,54;3,24;3,3;3,12;3,0;3,12;3,0;2,76;3,24;3,24;3,24;3,12;3,18;3,0;3,18;3,42;2,82;2,52;2,7;3,36;2,94;2,76;3,06;2,7;2,7;3,06;3,12;3,06;2,94;2,64;2,76;2,88;2,88;2,7;2,76;2,52;2,34;2,34;2,28;2,52;2,34;2,1;2,1;1,98;1,98;2,16;2,04;1,8;1,62;1,38;1,32;1,26;1,26;1,32;1,32;1,38;1,44;1,38;7,2;;;;
16/12/2024;1,38;1,38;1,38;1,32;1,32;1,38;1,32;1,32;1,38;1,32;1,32;1,32;1,14;1,2;1,2;1,2;1,14;1,26;1,2;1,2;1,14;1,2;1,2;1,26;1,5;1,5;1,56;1,56;1,68;2,34;2,64;2,7;3,12;3,12;2,94;3,24;3,12;3,3;3,0;3,3;3,42;3,3;3,42;3,24;3,36;3,42;3,06;3,0;2,82;3,3;3,3;3,24;2,64;2,7;3,3;3,54;3,0;2,76;2,58;2,34;2,7;2,58;2,76;2,4;2,46;2,34;2,46;2,46;2,52;2,52;2,34;2,4;2,34;2,1;2,22;2,16;2,22;2,22;2,04;2,1;1,86;2,1;2,04;2,16;1,98;1,62;1,38;1,32;1,32;1,26;1,26;1,26;1,38;1,44;1,5;6,9;;;;
17/12/2024;1,32;1,44;1,38;1,38;1,38;1,38;1,38;1,38;1,32;1,38;1,32;1,38;1,2;1,2;1,26;1,38;1,32;1,44;1,32;1,32;1,32;1,38;1,44;1,44;1,62;1,5;1,5;1,74;1,68;2,16;2,7;2,82;3,12;3,18;3,66;3,48;3,24;3,06;3,0;3,12;3,12;2,94;2,88;3,3;3,66;3,42;2,88;2,64;2,88;3,18;2,94;3,36;3,0;3,06;3,42;3,3;2,76;2,52;2,52;2,64;2,52;2,58;2,52;2,52;2,22;2,22;2,4;2,46;2,64;2,58;2,46;2,46;2,64;2,4;2,34;2,22;2,34;2,34;2,16;2,04;1,98;2,04;2,1;2,22;1,74;1,56;1,2;1,32;1,2;1,08;1,14;1,26;1,44;1,38;1,44;6,9;;;;
18/12/2024;1,44;1,44;1,44;1,44;1,44;1,38;1,38;1,38;1,26;1,32;1,44;1,32;1,32;1,44;1,32;1,38;1,32;1,38;1,32;1,26;1,32;1,32;1,38;1,38;1,5;1,62;1,56;1,62;1,92;2,34;2,28;2,7;3,12;3,06;3,3;2,88;3,0;3,42;3,3;3,18;2,88;2,76;2,58;2,82;2,7;2,82;2,94;2,82;2,82;2,52;2,4;2,64;2,58;2,52;2,94;2,76;2,4;2,34;2,88;2,4;2,58;2,34;2,4;2,52;2,46;2,28;2,34;2,64;2,46;2,34;2,52;2,34;2,28;2,4;2,46;2,46;2,4;2,28;2,16;2,16;2,16;2,1;2,34;1,92;1,5;1,44;1,38;1,44;1,32;1,38;1,32;1,38;1,32;1,38;1,38;6,6;;;;
19/12/2024;1,38;1,38;1,44;1,38;1,38;1,32;1,38;1,38;1,44;1,38;1,32;1,32;1,32;1,32;1,38;1,38;1,32;1,38;1,38;1,32;1,38;1,38;1,38;1,44;1,56;1,44;1,5;1,98;2,1;2,58;2,46;2,76;2,7;3,06;3,0;3,18;3,0;2,88;3,12;2,76;2,82;2,94;3,3;3,42;3,12;3,18;3,0;3,0;2,46;2,34;2,94;3,06;3,06;2,88;2,88;2,94;2,52;1,98;1,8;2,16;1,86;1,74;1,8;2,1;2,1;2,1;2,34;2,52;2,28;2,16;2,28;2,28;2,28;2,4;2,16;2,22;2,16;2,22;2,04;1,92;1,74;1,56;1,56;1,68;1,44;1,26;1,26;1,2;1,26;1,26;1,26;1,2;1,2;1,26;1,2;5,7;;;;
20/12/2024;1,2;1,2;1,2;1,26;1,2;1,14;1,2;1,14;1,14;1,2;1,14;1,14;1,2;1,14;1,14;1,08;1,14;1,14;1,08;1,2;1,2;1,2;1,2;1,32;1,44;1,32;1,32;1,56;1,62;2,4;2,58;2,64;2,7;3,24;3,6;3,66;3,72;3,24;3,24;2,94;3,0;3,12;3,72;3,96;3,72;2,94;3,24;3,3;3,36;3,3;3,0;3,06;3,12;3,18;3,36;3,12;2,76;2,88;2,58;2,58;2,58;2,1;2,16;2,16;2,16;2,1;2,52;2,7;2,58;2,64;2,64;2,46;2,16;2,46;2,52;2,28;2,16;2,16;1,98;2,04;1,86;1,8;1,74;1,68;1,62;1,5;1,32;1,32;1,26;1,2;1,14;1,26;1,38;1,44;1,32;6,6;;;;
21/12/2024;1,26;1,26;1,32;1,32;1,32;1,26;1,26;1,26;1,26;1,2;1,32;1,26;1,26;1,26;1,26;1,2;1,08;1,08;1,14;1,14;1,08;1,2;1,2;1,2;1,44;1,38;1,62;1,62;1,98;2,28;2,52;2,76;3,12;3,18;3,72;3,84;3,66;3,6;3,6;3,42;2,94;3,0;2,94;3,6;3,54;3,96;3,42;3,36;3,42;3,24;2,94;3,24;2,88;2,7;2,76;3,0;3,24;3,06;2,58;2,64;2,64;2,76;2,88;2,82;2,7;2,88;3,06;2,94;2,88;2,82;2,88;2,82;2,7;2,7;2,64;2,58;2,58;2,64;2,4;2,4;2,28;1,86;2,04;1,86;1,86;1,56;1,5;1,44;1,44;1,32;1,26;1,32;1,5;1,44;1,32;7,2;;;;
22/12/2024;1,38;1,38;1,44;1,44;1,44;1,38;1,38;1,38;1,44;1,38;1,38;1,44;1,44;1,38;1,32;1,38;1,2;1,26;1,26;1,26;1,32;1,26;1,32;1,38;1,68;1,62;1,68;2,1;2,22;2,34;2,58;3,3;3,84;3,48;3,72;3,72;3,24;3,18;3,3;3,42;3,3;3,06;3,12;3,24;3,48;3,42;3,48;3,3;3,3;3,36;3,06;3,3;3,24;3,36;3,48;2,64;2,82;2,58;2,52;2,58;3,0;2,82;2,88;2,7;2,64;2,58;3,0;2,94;2,88;2,58;2,76;2,7;2,76;2,58;2,34;2,58;2,4;2,28;2,28;2,22;2,28;1,98;1,8;1,56;1,56;1,38;1,2;1,26;1,2;1,2;1,14;1,08;1,38;1,32;1,26;6,3;;;;
23/12/2024;1,38;1,38;1,32;1,38;1,44;1,38;1,44;1,32;1,44;1,56;1,44;1,44;1,5;1,44;1,44;1,38;1,5;1,44;1,5;1,44;1,56;1,38;1,38;1,5;1,5;1,74;1,5;1,8;2,34;2,28;2,64;3,12;3,78;3,48;3,42;3,36;3,3;3,0;3,36;3,06;3,18;2,88;3,06;3,48;3,48;2,94;3,18;3,3;3,42;3,3;3,24;3,24;2,88;3,12;4,02;3,18;2,82;2,82;2,88;3,18;2,82;3,12;3,3;3,36;2,94;3,12;2,88;2,76;2,94;3,06;2,94;3,06;2,94;2,82;2,64;2,58;2,7;2,58;2,34;2,22;2,22;2,04;2,16;1,92;1,74;1,5;1,44;1,38;1,26;1,26;1,26;1,2;1,44;1,38;1,38;6,6;;;;
24/12/2024;1,32;1,44;1,44;1,38;1,44;1,38;1,44;1,38;1,44;1,38;1,38;1,44;1,38;1,44;1,32;1,38;1,26;1,2;1,26;1,26;1,2;1,32;1,26;1,26;1,56;1,5;1,44;1,62;2,04;2,1;2,46;2,94;3,3;3,06;2,94;3,3;3,3;3,42;3,24;3,72;3,54;3,36;3,78;3,72;3,48;3,66;3,54;3,24;2,82;2,88;2,52;2,64;2,64;2,76;2,94;2,76;2,94;2,94;2,64;2,52;2,58;2,4;2,4;2,4;2,34;2,4;2,46;2,58;2,7;2,7;2,46;2,64;2,52;2,34;2,4;2,34;2,22;2,16;2,1;2,16;1,92;1,8;1,8;1,8;1,56;1,38;1,26;1,32;1,2;1,26;1,26;1,2;1,32;1,32;1,26;6,3;;;;
25/12/2024;1,26;1,26;1,26;1,26;1,32;1,32;1,2;1,2;1,2;1,26;1,26;1,2;1,2;1,14;1,14;1,2;1,02;1,02;1,08;0,96;1,02;1,02;0,96;1,26;1,5;1,68;1,56;1,68;1,92;2,46;2,58;2,7;2,46;2,7;3,0;3,0;2,76;2,76;2,76;2,46;2,7;2,7;2,4;2,58;3,12;3,18;3,0;2,7;3,0;2,7;2,58;2,82;2,4;2,46;2,58;2,46;2,52;2,4;2,46;2,22;2,04;1,98;2,22;2,46;2,58;2,58;2,88;2,82;2,58;2,88;2,64;2,7;2,76;2,94;2,82;2,82;2,34;2,28;2,22;2,1;2,04;1,86;1,86;1,74;1,5;1,38;1,32;1,2;1,2;1,26;1,2;1,26;1,44;1,44;1,32;6,9;;;;
26/12/2024;1,2;1,26;1,26;1,26;1,32;1,26;1,32;1,26;1,2;1,26;1,26;1,26;1,26;1,26;1,26;1,2;1,08;1,08;1,08;1,2;1,26;1,2;1,38;1,26;1,5;1,62;1,56;1,68;2,04;2,46;2,58;2,94;3,36;3,18;3,18;2,88;2,82;2,46;2,94;2,94;2,46;2,58;3,0;3,3;2,88;3,06;3,0;2,94;2,82;2,94;2,7;3,06;2,7;2,46;2,58;2,4;2,82;2,76;2,22;2,1;2,16;2,22;2,64;2,82;2,64;2,94;3,0;2,94;2,52;2,58;2,7;2,4;2,34;2,34;2,22;2,28;2,22;2,16;2,1;2,04;2,1;1,92;2,04;1,98;1,68;1,44;1,38;1,38;1,26;1,14;1,2;1,2;1,44;1,38;1,38;6,9;;;;
27/12/2024;1,38;1,32;1,32;1,38;1,38;1,26;1,26;1,26;1,26;1,26;1,26;1,26;1,26;1,32;1,2;1,14;1,14;1,08;1,08;1,08;1,08;1,14;1,2;1,26;1,5;1,5;1,38;1,86;2,04;2,52;2,7;3,24;3,48;3,42;3,24;2,94;2,82;3,12;2,7;2,88;3,0;2,82;3,06;3,6;3,3;3,42;2,94;2,88;3,18;3,06;3,36;3,42;3,18;3,0;3,36;3,42;3,12;2,58;2,34;2,16;2,28;2,28;2,46;2,58;2,64;2,88;2,88;2,82;2,58;2,52;2,52;2,34;2,34;2,28;2,34;2,4;2,16;2,16;1,98;2,04;1,92;1,62;1,68;1,8;1,56;1,32;1,26;1,26;1,26;1,26;1,2;1,08;1,38;1,32;1,32;6,6;;;;
28/12/2024;1,32;1,32;1,26;1,32;1,38;1,32;1,38;1,32;1,32;1,38;1,26;1,32;1,32;1,32;1,32;1,32;1,2;1,08;1,2;1,08;1,2;1,14;1,2;1,26;1,62;1,5;1,68;1,8;2,28;2,76;2,88;3,0;3,12;3,6;3,54;3,78;3,6;2,94;2,82;3,54;3,54;3,0;3,3;2,94;3,42;3,24;3,0;3,12;2,94;2,76;3,0;3,3;2,7;2,82;2,88;3,06;2,88;2,52;2,28;2,34;2,82;2,58;2,58;2,52;2,58;2,64;2,52;2,7;2,58;2,76;2,64;2,82;2,64;2,52;2,64;2,46;2,34;2,34;2,22;2,1;1,98;2,04;1,86;2,1;1,68;1,32;1,26;1,26;1,32;1,2;1,14;1,26;1,32;1,32;1,38;6,899;;;;
29/12/2024;1,32;1,38;1,38;1,32;1,38;1,32;1,32;1,32;1,32;1,38;1,32;1,32;1,26;1,26;1,32;1,32;1,2;1,2;1,2;1,14;1,14;1,14;1,2;1,26;1,5;1,5;1,5;1,62;2,04;2,52;2,94;2,88;3,18;3,12;3,6;3,84;3,6;3,48;3,0;3,0;3,6;3,48;3,36;3,48;3,18;2,94;3,12;3,54;3,24;2,7;2,58;2,64;2,7;3,12;3,18;2,82;2,22;2,34;2,34;2,34;2,64;2,4;2,34;2,22;2,64;2,52;2,7;2,64;2,52;2,52;2,52;2,34;2,4;2,4;2,4;2,4;2,28;2,16;2,22;2,22;1,92;1,74;1,8;1,86;1,44;1,38;1,26;1,26;1,26;1,2;1,2;1,26;1,38;1,38;1,38;6,301;;;;
30/12/2024;1,32;1,26;1,32;1,26;1,26;1,32;1,26;1,26;1,32;1,26;1,26;1,32;1,2;1,32;1,26;1,26;1,14;1,14;1,08;1,08;1,08;1,08;1,26;1,26;1,44;1,56;1,44;1,8;2,1;2,46;2,7;2,88;3,18;3,36;3,3;3,36;3,42;3,48;2,94;2,94;3,12;2,7;2,82;2,94;3,24;3,6;3,36;3,18;3,24;2,82;2,76;2,82;2,52;2,76;2,64;2,7;2,88;2,64;2,4;2,4;2,46;2,52;2,82;2,76;2,7;2,76;3,0;2,82;2,76;2,88;2,94;3,0;2,64;2,58;2,64;2,52;2,46;2,28;2,22;2,1;1,98;2,1;2,16;1,92;1,74;1,44;1,32;1,38;1,26;1,26;1,26;1,32;1,44;1,5;1,38;6,9;;;;
31/12/2024;1,44;1,38;1,38;1,38;1,32;1,38;1,38;1,38;1,38;1,38;1,32;1,38;1,38;1,32;1,38;1,32;1,2;1,14;1,14;1,2;1,14;1,2;1,26;1,26;1,5;1,62;1,5;1,74;1,92;2,4;3,06;3,3;3,48;3,54;3,3;3,0;3,0;3,18;2,88;2,88;2,82;2,76;2,76;3,18;3,24;3,48;3,12;3,0;3,0;3,24;3,36;2,82;2,82;3,0;2,94;2,88;2,7;2,46;2,28;2,16;2,34;2,46;2,4;2,22;2,22;2,58;2,88;2,82;2,7;2,7;2,4;2,64;2,76;2,7;2,34;2,4;2,28;2,16;2,04;2,04;1,92;1,98;2,1;1,74;1,62;1,44;1,26;1,26;1,26;1,26;1,26;1,2;1,5;1,44;1,44;6,9;;;;
